접수일자,제작사,차명,모델년도
2024-01-02,기아 주식회사,카니발 리무진,2018
2024-01-02,한국지엠주식회사,올란도 2.0 LPG,2013
2024-01-02,현대자동차(주),아이오닉5(IONIQ5),2022
2024-01-02,현대자동차(주),아이오닉5 (IONIQ5),2024
2024-01-02,현대자동차(주),아반떼(AVANTE),2016
2024-01-02,기아 주식회사,쏘렌토 하이브리드,2024
2024-01-02,기아 주식회사,쏘렌토 하이브리드,2024
2024-01-02,현대자동차(주),쏘나타 하이브리드 (SONATA Hybrid),2024
2024-01-02,현대자동차(주),싼타페 하이브리드(SANTAFE HYBRID),2024
2024-01-02,현대자동차(주),싼타페 하이브리드(SANTAFE HYBRID),2024
2024-01-02,메리트특장차주식회사,메리트8.5톤트럭,2024
2024-01-02,(주)재규어랜드로버코리아,디스커버리 TD6,2018
2024-01-02,(주)재규어랜드로버코리아,디스커버리 TD6,2018
2024-01-02,(주)재규어랜드로버코리아,디스커버리 TD6,2018
2024-01-02,현대자동차(주),그랜저(GRANDEUR),2017
2024-01-02,현대자동차(주),그랜저(GRANDEUR),2013
2024-01-02,현대자동차(주),그랜저 하이브리드(GRANDEUR HYBRID),2023
2024-01-02,폭스바겐그룹코리아 주식회사,Tiguan 2.0 TDI 4Motion,2018
2024-01-02,르노코리아(주),SM6,2016
2024-01-02,폭스바겐그룹코리아 주식회사,Q4 Sportback 40 e-tron,2023
2024-01-02,테슬라코리아 유한회사,Model 3 Performance,2020
2024-01-02,메르세데스벤츠코리아(주),Mercedes-Benz EQE500 4MATIC SUV,2023
2024-01-02,메르세데스벤츠코리아(주),Mercedes-Benz EQE350 4MATIC SUV,2023
2024-01-02,기아 주식회사,K7,2015
2024-01-02,기아 주식회사,K5,2021
2024-01-02,현대자동차(주),GV80 쿠페(GV80 Coupe),2024
2024-01-02,한불모터스(주),Citroen Grand C4 Picasso 1.6 BlueHDi,2019
2024-01-02,메르세데스벤츠코리아(주),C220 d,2019
2024-01-02,비엠더블유코리아(주),BMW iX3 M Sport,2023
2024-01-02,비엠더블유코리아(주),BMW iX3 M Sport,2023
2024-01-02,폭스바겐그룹코리아 주식회사,Arteon 2.0 TDI,2019
2024-01-02,한국닛산(주),ALTIMA 2.5,2017
2024-01-02,폭스바겐그룹코리아 주식회사,A7 55 TFSI quattro,2020
2024-01-03,현대자동차(주),투싼 하이브리드(TUCSON HYBRID),2022
2024-01-03,케이지모빌리티 주식회사(KG Mobility Corp.),토레스,2023
2024-01-03,케이지모빌리티 주식회사(KG Mobility Corp.),토레스,2023
2024-01-03,한국지엠주식회사,올란도 2.0 LPG,2012
2024-01-03,현대자동차(주),아이오닉6 (IONIQ6),2023
2024-01-03,현대자동차(주),벨로스터(VELOSTER),2016
2024-01-03,현대자동차(주),벨로스터(VELOSTER),2012
2024-01-03,(주)재규어랜드로버코리아,디스커버리 TD6,2018
2024-01-03,현대자동차(주),넥쏘 (NEXO) 수소전기차,2021
2024-01-03,현대자동차(주),그랜저(GRANDEUR),2018
2024-01-03,폭스바겐그룹코리아 주식회사,Tiguan 2.0 TDI,2018
2024-01-03,한불모터스(주),Peugeot e-2008 SUV,2021
2024-01-03,한불모터스(주),Peugeot 508 1.6 Blue-HDi,2016
2024-01-03,한불모터스(주),Peugeot 3008 1.6 Blue-HDi,2016
2024-01-03,한불모터스(주),Peugeot 2008 1.6 BlueHDi,2017
2024-01-03,한불모터스(주),Peugeot 2008 1.6 BlueHDi,2016
2024-01-03,메르세데스벤츠코리아(주),Mercedes-Benz E300 e 4MATIC,2023
2024-01-03,기아 주식회사,K5 하이브리드,2023
2024-01-03,기아 주식회사,K3,2013
2024-01-03,현대자동차(주),GV70,2024
2024-01-03,비엠더블유코리아(주),BMW iX3 M Sport,2023
2024-01-03,비엠더블유코리아(주),BMW M340i,2021
2024-01-03,비엠더블유코리아(주),BMW 520d,2018
2024-01-03,폭스바겐그룹코리아 주식회사,Arteon 2.0TDI 4Motion,2022
2024-01-04,현대자동차(주),팰리세이드(PALISADE),2020
2024-01-04,케이지모빌리티 주식회사(KG Mobility Corp.),토레스 EVX,2024
2024-01-04,한국지엠주식회사,올란도 2.0 LPG,2013
2024-01-04,현대자동차(주),쏘나타(SONATA),2024
2024-01-04,현대자동차(주),쏘나타(SONATA),2024
2024-01-04,현대자동차(주),쏘나타 (SONATA),2010
2024-01-04,현대자동차(주),싼타페(SANTAFE),2023
2024-01-04,현대자동차(주),싼타페(SANTAFE),2019
2024-01-04,현대자동차(주),싼타페 하이브리드(SANTAFE HYBRID),2024
2024-01-04,기아 주식회사,스포티지 하이브리드,2023
2024-01-04,현대자동차(주),벨로스터(VELOSTER),2014
2024-01-04,(주)재규어랜드로버코리아,레인지로버 이보크 2.0D,2016
2024-01-04,(주)재규어랜드로버코리아,디스커버리 TD6,2018
2024-01-04,(주)재규어랜드로버코리아,디스커버리 TD6,2019
2024-01-04,(주)재규어랜드로버코리아,디스커버리 TD6,2019
2024-01-04,(주)재규어랜드로버코리아,디스커버리 TD6,2018
2024-01-04,(주)재규어랜드로버코리아,디스커버리 SD6,2020
2024-01-04,현대자동차(주),넥쏘 (NEXO) 수소전기차,2023
2024-01-04,현대자동차(주),넥쏘 (NEXO) 수소전기차,2019
2024-01-04,현대자동차(주),그랜저(GRANDEUR),2018
2024-01-04,폭스바겐그룹코리아 주식회사,Tiguan Allspace 2.0 TDI,2020
2024-01-04,한불모터스(주),Peugeot 3008 GT 2.0 BlueHDi,2020
2024-01-04,포드세일즈서비스코리아(유),Lincoln MKZ 2.0,2017
2024-01-04,포드세일즈서비스코리아(유),Lincoln MKZ 2.0,2017
2024-01-04,기아 주식회사,K5 하이브리드,2020
2024-01-04,기아 주식회사,K3,2013
2024-01-04,폭스바겐그룹코리아 주식회사,Jetta 1.4 TSI,2021
2024-01-04,현대자동차(주),G70,2020
2024-01-04,폭스바겐그룹코리아 주식회사,A4 35 TDI quattro,2015
2024-01-05,현대자동차(주),포터Ⅱ 일렉트릭 (PORTERⅡ ELECTRIC),2021
2024-01-05,현대자동차(주),투싼(TUCSON),2016
2024-01-05,현대자동차(주),아이오닉6 (IONIQ6),2023
2024-01-05,현대자동차(주),싼타페 하이브리드(SANTAFE HYBRID),2024
2024-01-05,한국지엠주식회사,말리부 2.0 TURBO,2017
2024-01-05,(주)재규어랜드로버코리아,디스커버리 TD6,2018
2024-01-05,(주)재규어랜드로버코리아,디스커버리 TD6,2017
2024-01-05,(주)재규어랜드로버코리아,디스커버리 TD6,2019
2024-01-05,(주)재규어랜드로버코리아,디스커버리 TD6,2017
2024-01-05,현대자동차(주),넥쏘 (NEXO) 수소전기차,2023
2024-01-05,현대자동차(주),그랜저(GRANDEUR),2018
2024-01-05,현대자동차(주),그랜저 하이브리드(GRANDEUR HYBRID),2023
2024-01-05,현대자동차(주),그랜저 하이브리드(GRANDEUR HYBRID),2023
2024-01-05,르노코리아(주),XM3,2020
2024-01-05,폭스바겐그룹코리아 주식회사,Tiguan 2.0 TDI,2018
2024-01-05,메르세데스벤츠코리아(주),SL400,2018
2024-01-05,메르세데스벤츠코리아(주),Mercedes-Benz S400 d 4MATIC,2022
2024-01-05,메르세데스벤츠코리아(주),Mercedes-Benz EQE500 4MATIC SUV,2023
2024-01-05,메르세데스벤츠코리아(주),Mercedes-Benz EQE500 4MATIC SUV,2023
2024-01-05,메르세데스벤츠코리아(주),Mercedes-Benz EQE500 4MATIC SUV,2023
2024-01-05,메르세데스벤츠코리아(주),Mercedes-Benz EQE500 4MATIC SUV,2023
2024-01-05,메르세데스벤츠코리아(주),Mercedes-Benz EQE350 4MATIC SUV,2023
2024-01-05,메르세데스벤츠코리아(주),Mercedes-Benz EQA250,2022
2024-01-05,기아 주식회사,K8 하이브리드,2022
2024-01-05,폭스바겐그룹코리아 주식회사,Jetta 2.0 TDI BMT,2015
2024-01-05,폭스바겐그룹코리아 주식회사,ID.4 Pro,2022
2024-01-05,폭스바겐그룹코리아 주식회사,ID.4 Pro,2022
2024-01-05,현대자동차(주),G70,2019
2024-01-05,기아 주식회사,EV9,2024
2024-01-05,포르쉐코리아 주식회사,911 카레라 4S,2021
2024-01-08,케이지모빌리티 주식회사(KG Mobility Corp.),토레스,2023
2024-01-08,케이지모빌리티 주식회사(KG Mobility Corp.),토레스,2023
2024-01-08,케이지모빌리티 주식회사(KG Mobility Corp.),토레스,2023
2024-01-08,케이지모빌리티 주식회사(KG Mobility Corp.),토레스,2023
2024-01-08,케이지모빌리티 주식회사(KG Mobility Corp.),토레스,2024
2024-01-08,기아 주식회사,카니발,2019
2024-01-08,한국지엠주식회사,올란도 2.0 LPG,2015
2024-01-08,한국지엠주식회사,올란도 2.0 LPG,2016
2024-01-08,현대자동차(주),아이오닉6 (IONIQ6),2023
2024-01-08,현대자동차(주),아이오닉5 (IONIQ5),2022
2024-01-08,현대자동차(주),아반떼(AVANTE),2024
2024-01-08,현대자동차(주),아반떼(AVANTE),2017
2024-01-08,현대자동차(주),아반떼(AVANTE),2016
2024-01-08,현대자동차(주),싼타페 하이브리드(SANTAFE HYBRID),2024
2024-01-08,현대자동차(주),싼타페 하이브리드(SANTAFE HYBRID),2024
2024-01-08,기아 주식회사,스포티지,2016
2024-01-08,(주)재규어랜드로버코리아,디스커버리 TD6,2018
2024-01-08,폭스바겐그룹코리아 주식회사,Tiguan 2.0 TDI,2018
2024-01-08,메르세데스벤츠코리아(주),Mercedes-Benz EQE500 4MATIC SUV,2023
2024-01-08,메르세데스벤츠코리아(주),Mercedes-Benz EQE500 4MATIC SUV,2023
2024-01-08,메르세데스벤츠코리아(주),Mercedes-Benz EQE500 4MATIC SUV,2023
2024-01-08,메르세데스벤츠코리아(주),Mercedes-Benz EQE500 4MATIC SUV,2023
2024-01-08,메르세데스벤츠코리아(주),Mercedes-Benz EQB300 4MATIC,2023
2024-01-08,메르세데스벤츠코리아(주),Mercedes-Benz E220 d 4MATIC,2023
2024-01-08,기아 주식회사,K9,2014
2024-01-08,기아 주식회사,K8 하이브리드,2023
2024-01-08,기아 주식회사,K8 하이브리드,2023
2024-01-08,폭스바겐그룹코리아 주식회사,Golf 2.0 TDI BMT,2015
2024-01-08,현대자동차(주),GV70,2023
2024-01-08,메르세데스벤츠코리아(주),GLC300 4Matic Coupe,2019
2024-01-08,포드세일즈서비스코리아(유),Explorer 2.3 AWD,2016
2024-01-08,비엠더블유코리아(주),BMW 530i xDrive,2023
2024-01-08,폭스바겐그룹코리아 주식회사,Arteon 2.0 TDI,2019
2024-01-08,포르쉐코리아 주식회사,911 카레라 S 카브리올레,2020
2024-01-09,케이지모빌리티 주식회사(KG Mobility Corp.),티볼리,2019
2024-01-09,케이지모빌리티 주식회사(KG Mobility Corp.),토레스,2023
2024-01-09,기아 주식회사,쏘렌토 하이브리드,2023
2024-01-09,현대자동차(주),쏘나타(SONATA),2022
2024-01-09,현대자동차(주),쏘나타(SONATA),2024
2024-01-09,현대자동차(주),쏘나타 하이브리드 (SONATA Hybrid),2024
2024-01-09,현대자동차(주),싼타페 하이브리드(SANTAFE HYBRID),2024
2024-01-09,현대자동차(주),싼타페 하이브리드(SANTAFE HYBRID),2024
2024-01-09,(주)재규어랜드로버코리아,디스커버리 TD6,2018
2024-01-09,(주)재규어랜드로버코리아,디스커버리 TD6,2018
2024-01-09,(주)재규어랜드로버코리아,디스커버리 TD6,2018
2024-01-09,이베코그룹코리아 유한회사,뉴 데일리,2021
2024-01-09,현대자동차(주),그랜저(GRANDEUR),2014
2024-01-09,현대자동차(주),그랜저(GRANDEUR),2023
2024-01-09,현대자동차(주),그랜저(GRANDEUR),2017
2024-01-09,폭스바겐그룹코리아 주식회사,Tiguan 2.0 TDI,2018
2024-01-09,르노코리아(주),SM5,2014
2024-01-09,르노코리아(주),QM3,2014
2024-01-09,메르세데스벤츠코리아(주),Mercedes-Benz EQE500 4MATIC SUV,2023
2024-01-09,메르세데스벤츠코리아(주),Mercedes-Benz E250,2023
2024-01-09,기아 주식회사,K5,2013
2024-01-09,현대자동차(주),GV60,2022
2024-01-10,현대자동차(주),투싼(TUCSON),2016
2024-01-10,케이지모빌리티 주식회사(KG Mobility Corp.),토레스,2023
2024-01-10,현대자동차(주),코나 일렉트릭 (KONA ELECTRIC),2020
2024-01-10,기아 주식회사,카니발 리무진,2021
2024-01-10,기아 주식회사,카니발 리무진,2021
2024-01-10,기아 주식회사,쏘렌토,2021
2024-01-10,현대자동차(주),쏘나타(SONATA),2017
2024-01-10,기아 주식회사,스포티지 하이브리드,2024
2024-01-10,(주)재규어랜드로버코리아,디스커버리 TD6,2017
2024-01-10,(주)재규어랜드로버코리아,디스커버리 TD6,2017
2024-01-10,(주)재규어랜드로버코리아,디스커버리 TD6,2018
2024-01-10,(주)재규어랜드로버코리아,디스커버리 TD6,2018
2024-01-10,(주)재규어랜드로버코리아,디스커버리 TD6,2018
2024-01-10,(주)재규어랜드로버코리아,디스커버리 TD6,2018
2024-01-10,(주)재규어랜드로버코리아,디스커버리 TD6,2019
2024-01-10,기아 주식회사,K7,2016
2024-01-10,폭스바겐그룹코리아 주식회사,Arteon 2.0 TDI,2019
2024-01-11,현대자동차(주),투싼(TUCSON),2019
2024-01-11,현대자동차(주),투싼(TUCSON),2019
2024-01-11,현대자동차(주),투싼 하이브리드(TUCSON HYBRID),2023
2024-01-11,케이지모빌리티 주식회사(KG Mobility Corp.),토레스,2024
2024-01-11,기아 주식회사,카니발,2019
2024-01-11,현대자동차(주),쏘나타(SONATA),2020
2024-01-11,(주)재규어랜드로버코리아,디스커버리 TD6,2019
2024-01-11,(주)재규어랜드로버코리아,디스커버리 TD6,2018
2024-01-11,(주)재규어랜드로버코리아,디스커버리 TD6,2017
2024-01-11,나르미모터스(주),나르미봉고3롱바디카고4륜,2022
2024-01-11,폭스바겐그룹코리아 주식회사,Tiguan 2.0 TDI,2018
2024-01-11,한불모터스(주),Peugeot 508 GT 2.0 BlueHDi,2019
2024-01-11,한불모터스(주),Peugeot 5008 GT 2.0 BlueHDi,2021
2024-01-11,테슬라코리아 유한회사,Model 3 Performance,2020
2024-01-11,메르세데스벤츠코리아(주),Mercedes-Benz EQE500 4MATIC SUV,2023
2024-01-11,포드세일즈서비스코리아(유),Explorer 2.3,2020
2024-01-12,한국상용트럭(주),한국상용5.5톤카고트럭,2024
2024-01-12,케이지모빌리티 주식회사(KG Mobility Corp.),토레스,2023
2024-01-12,한국지엠주식회사,올란도 2.0 LPG,2015
2024-01-12,현대자동차(주),아반떼(AVANTE),2017
2024-01-12,기아 주식회사,쏘렌토,2021
2024-01-12,한국지엠주식회사,말리부 1.6 DIESEL,2019
2024-01-12,케이지모빌리티 주식회사(KG Mobility Corp.),렉스턴스포츠,2018
2024-01-12,(주)재규어랜드로버코리아,레인지로버 이보크 2.0D,2018
2024-01-12,기아 주식회사,레이,2023
2024-01-12,(주)재규어랜드로버코리아,디스커버리 TD6,2018
2024-01-12,(주)재규어랜드로버코리아,디스커버리 SD4,2017
2024-01-12,90020025,V1,2023
2024-01-12,폭스바겐그룹코리아 주식회사,Tiguan 2.0 TDI,2018
2024-01-12,메르세데스벤츠코리아(주),Mercedes-Benz GLE450 4MATIC,2023
2024-01-12,메르세데스벤츠코리아(주),Mercedes-Benz EQS580 4MATIC SUV,2023
2024-01-12,메르세데스벤츠코리아(주),GLK220 CDI 4Matic,2010
2024-01-12,현대자동차(주),G90,2022
2024-01-12,비엠더블유코리아(주),BMW 520d xDrive,2016
2024-01-12,포르쉐코리아 주식회사,911 타르가 4S,2022
2024-01-15,기아 주식회사,포르테쿱,2011
2024-01-15,현대자동차(주),투싼(TUCSON),2020
2024-01-15,현대자동차(주),투싼(TUCSON),2016
2024-01-15,현대자동차(주),코나(KONA),2020
2024-01-15,현대자동차(주),아반떼(AVANTE),2018
2024-01-15,현대자동차(주),아반떼(AVANTE),2018
2024-01-15,현대자동차(주),아반떼(AVANTE),2017
2024-01-15,기아 주식회사,쏘렌토 하이브리드,2022
2024-01-15,기아 주식회사,쏘렌토,2021
2024-01-15,기아 주식회사,쏘렌토,2019
2024-01-15,기아 주식회사,쏘렌토,2019
2024-01-15,현대자동차(주),싼타페 하이브리드(SANTAFE HYBRID),2024
2024-01-15,기아 주식회사,봉고Ⅲ 1톤,2022
2024-01-15,기아 주식회사,모닝,2017
2024-01-15,(주)재규어랜드로버코리아,디스커버리 TD6,2019
2024-01-15,(주)재규어랜드로버코리아,디스커버리 TD6,2017
2024-01-15,(주)재규어랜드로버코리아,디스커버리 TD6,2018
2024-01-15,현대자동차(주),넥쏘 (NEXO) 수소전기차,2021
2024-01-15,현대자동차(주),넥쏘 (NEXO) 수소전기차,2020
2024-01-15,현대자동차(주),i40,2012
2024-01-15,폭스바겐그룹코리아 주식회사,Tiguan 2.0 TDI,2020
2024-01-15,메르세데스벤츠코리아(주),Mercedes-Benz EQS580 4MATIC SUV,2023
2024-01-15,메르세데스벤츠코리아(주),Mercedes-Benz EQE500 4MATIC SUV,2023
2024-01-15,기아 주식회사,K7,2017
2024-01-15,현대자동차(주),GV80,2024
2024-01-15,현대자동차(주),G80,2024
2024-01-15,포르쉐코리아 주식회사,911 카레라 4S,2021
2024-01-16,현대자동차(주),투싼(TUCSON),2016
2024-01-16,기아 주식회사,카니발,2021
2024-01-16,기아 주식회사,쏘렌토 하이브리드,2022
2024-01-16,기아 주식회사,쏘렌토,2018
2024-01-16,현대자동차(주),쏘나타(SONATA),2020
2024-01-16,기아 주식회사,니로 하이브리드,2017
2024-01-16,기아 주식회사,니로 하이브리드,2022
2024-01-16,현대자동차(주),그랜저(GRANDEUR),2019
2024-01-16,현대자동차(주),그랜저(GRANDEUR),2019
2024-01-16,폭스바겐그룹코리아 주식회사,Tiguan Allspace 2.0 TDI,2018
2024-01-16,르노코리아(주),SM5,2018
2024-01-16,메르세데스벤츠코리아(주),Mercedes-Benz S500 4MATIC,2023
2024-01-16,메르세데스벤츠코리아(주),Mercedes-Benz EQB300 4MATIC,2024
2024-01-16,포드세일즈서비스코리아(유),Lincoln MKX 2.7 AWD,2018
2024-01-16,기아 주식회사,K8 하이브리드,2022
2024-01-16,포드세일즈서비스코리아(유),Explorer 2.3 AWD,2018
2024-01-16,기아 주식회사,EV6,2022
2024-01-16,메르세데스벤츠코리아(주),E200 Coupe,2014
2024-01-16,비엠더블유코리아(주),BMW 530i xDrive,2018
2024-01-17,현대자동차(주),투싼(TUCSON),2024
2024-01-17,기아 주식회사,카니발,2020
2024-01-17,기아 주식회사,카니발,2020
2024-01-17,한국지엠주식회사,올란도 2.0 LPG,2014
2024-01-17,현대자동차(주),아반떼(AVANTE),2016
2024-01-17,기아 주식회사,쏘렌토 하이브리드,2021
2024-01-17,기아 주식회사,봉고Ⅲ 1톤,2024
2024-01-17,기아 주식회사,모하비,2022
2024-01-17,한국지엠주식회사,말리부 1.5 TURBO,2017
2024-01-17,케이지모빌리티 주식회사(KG Mobility Corp.),렉스턴스포츠,2023
2024-01-17,만트럭버스코리아(주),TGX,2023
2024-01-17,르노코리아(주),QM6,2021
2024-01-17,한불모터스(주),Peugeot 3008 1.5 BlueHDi,2019
2024-01-17,메르세데스벤츠코리아(주),Mercedes-Benz EQE500 4MATIC SUV,2023
2024-01-17,메르세데스벤츠코리아(주),Mercedes-Benz EQE500 4MATIC SUV,2023
2024-01-17,(유)기흥모터스,HARLEY-DAVIDSON FLHC,2018
2024-01-17,메르세데스벤츠코리아(주),E200 Coupe,2014
2024-01-17,메르세데스벤츠코리아(주),E200 Coupe,2014
2024-01-17,메르세데스벤츠코리아(주),CLS350,2012
2024-01-18,현대자동차(주),투싼(TUCSON),2016
2024-01-18,기아 주식회사,카니발,2021
2024-01-18,기아 주식회사,쏘렌토 하이브리드,2024
2024-01-18,현대자동차(주),쏘나타(SONATA) 하이브리드,2014
2024-01-18,현대자동차(주),쏘나타(SONATA) 하이브리드,2014
2024-01-18,현대자동차(주),싼타페 하이브리드(SANTAFE HYBRID),2024
2024-01-18,현대자동차(주),싼타페 하이브리드(SANTAFE HYBRID),2024
2024-01-18,기아 주식회사,스포티지,2018
2024-01-18,케이지모빌리티 주식회사(KG Mobility Corp.),렉스턴스포츠 쿨멘,2024
2024-01-18,(주)재규어랜드로버코리아,디스커버리 TD6,2017
2024-01-18,폭스바겐그룹코리아 주식회사,Tiguan Allspace 2.0 TDI,2018
2024-01-18,폭스바겐그룹코리아 주식회사,Tiguan 2.0 TDI,2018
2024-01-18,만트럭버스코리아(주),TGX,2023
2024-01-18,메르세데스벤츠코리아(주),Mercedes-Benz GLC300 4MATIC,2020
2024-01-18,메르세데스벤츠코리아(주),Mercedes-Benz EQS450 4MATIC SUV,2023
2024-01-18,메르세데스벤츠코리아(주),Mercedes-Benz EQE350 4MATIC SUV,2023
2024-01-18,한국닛산(주),LEAF,2019
2024-01-18,메르세데스벤츠코리아(주),GLC350 e 4Matic,2019
2024-01-18,메르세데스벤츠코리아(주),GLA220,2019
2024-01-18,비엠더블유코리아(주),BMW 530i xDrive,2018
2024-01-19,기아 주식회사,카니발,2023
2024-01-19,현대자동차(주),싼타페(SANTAFE),2014
2024-01-19,기아 주식회사,봉고Ⅲ EV 플러스내장차,2021
2024-01-19,폭스바겐그룹코리아 주식회사,Tiguan 2.0 TDI,2020
2024-01-19,만트럭버스코리아(주),TGX,2016
2024-01-19,르노코리아(주),SM5,2010
2024-01-19,한불모터스(주),Peugeot 308 2.0 Blue-HDi,2016
2024-01-19,메르세데스벤츠코리아(주),Mercedes-Benz S500 4MATIC,2021
2024-01-19,메르세데스벤츠코리아(주),Mercedes-Benz GLC300 4MATIC,2020
2024-01-19,메르세데스벤츠코리아(주),Mercedes-Benz EQE500 4MATIC SUV,2023
2024-01-19,메르세데스벤츠코리아(주),Mercedes-Benz EQE350 4MATIC,2023
2024-01-19,기아 주식회사,K9,2022
2024-01-19,기아 주식회사,K7,2017
2024-01-19,한국지엠(주),CHEVROLET EQUINOX FWD,2018
2024-01-19,메르세데스벤츠코리아(주),C200,2016
2024-01-19,폭스바겐그룹코리아 주식회사,Arteon 2.0 TDI,2019
2024-01-19,폭스바겐그룹코리아 주식회사,Arteon 2.0 TDI,2019
2024-01-22,현대자동차(주),포터Ⅱ (PORTERⅡ),2023
2024-01-22,현대자동차(주),포터Ⅱ (PORTERⅡ),2015
2024-01-22,현대자동차(주),팰리세이드(PALISADE),2020
2024-01-22,현대자동차(주),투싼(TUCSON),2017
2024-01-22,현대자동차(주),아이오닉6 (IONIQ6),2023
2024-01-22,기아 주식회사,쏘렌토,2018
2024-01-22,현대자동차(주),쏘나타 하이브리드 (SONATA Hybrid),2024
2024-01-22,현대자동차(주),쏘나타 하이브리드 (SONATA Hybrid),2024
2024-01-22,현대자동차(주),싼타페 하이브리드(SANTAFE HYBRID),2024
2024-01-22,현대자동차(주),싼타페 하이브리드(SANTAFE HYBRID),2024
2024-01-22,현대자동차(주),싼타페 하이브리드(SANTAFE HYBRID),2024
2024-01-22,현대자동차(주),싼타페 하이브리드(SANTAFE HYBRID),2024
2024-01-22,현대자동차(주),싼타페 하이브리드(SANTAFE HYBRID),2024
2024-01-22,현대자동차(주),싼타페 하이브리드(SANTAFE HYBRID),2024
2024-01-22,현대자동차(주),싼타페 하이브리드(SANTAFE HYBRID),2024
2024-01-22,(주)볼보자동차코리아,볼보 XC40 Recharge Twin,2023
2024-01-22,현대자동차(주),벨로스터(VELOSTER),2012
2024-01-22,폭스바겐그룹코리아 주식회사,Tiguan 2.0 TDI,2020
2024-01-22,만트럭버스코리아(주),TGX,2023
2024-01-22,르노코리아(주),QM3,2014
2024-01-22,메르세데스벤츠코리아(주),Mercedes-Benz GLC300 4MATIC,2023
2024-01-22,메르세데스벤츠코리아(주),Mercedes-Benz EQE500 4MATIC SUV,2023
2024-01-22,메르세데스벤츠코리아(주),Mercedes-Benz EQE350 4MATIC SUV,2023
2024-01-22,메르세데스벤츠코리아(주),Mercedes-Benz EQB300 4MATIC,2023
2024-01-22,기아 주식회사,K3,2013
2024-01-22,폭스바겐그룹코리아 주식회사,Arteon 2.0 TDI,2019
2024-01-23,한국토요타자동차(주),토요타 RAV4 Hybrid AWD,2020
2024-01-23,한국지엠주식회사,토스카 2.0 DOHC,2010
2024-01-23,케이지모빌리티 주식회사(KG Mobility Corp.),토레스 EVX,2024
2024-01-23,케이지모빌리티 주식회사(KG Mobility Corp.),토레스,2023
2024-01-23,기아 주식회사,카니발,2021
2024-01-23,기아 주식회사,쏘렌토 하이브리드,2024
2024-01-23,현대자동차(주),쏘나타(SONATA),2024
2024-01-23,현대자동차(주),싼타페(SANTAFE),2014
2024-01-23,현대자동차(주),싼타페 하이브리드(SANTAFE HYBRID),2024
2024-01-23,현대자동차(주),싼타페 하이브리드(SANTAFE HYBRID),2024
2024-01-23,기아 주식회사,스포티지 하이브리드,2022
2024-01-23,기아 주식회사,스포티지 하이브리드,2023
2024-01-23,한국지엠주식회사,말리부 1.5 TURBO,2018
2024-01-23,현대자동차(주),넥쏘 (NEXO) 수소전기차,2023
2024-01-23,현대자동차(주),그랜드스타렉스어린이버스(GRAND STAREX),2021
2024-01-23,90020025,V1,2023
2024-01-23,폭스바겐그룹코리아 주식회사,Touareg 3.0 TDI Blue Motion,2015
2024-01-23,폭스바겐그룹코리아 주식회사,Tiguan Allspace 2.0 TDI,2018
2024-01-23,르노코리아(주),SM5 LPLi,2013
2024-01-23,르노코리아(주),SM3,2016
2024-01-23,혼다코리아(주),PILOT,2019
2024-01-23,혼다코리아(주),PILOT,2019
2024-01-23,혼다코리아(주),PILOT,2019
2024-01-23,혼다코리아(주),PILOT,2016
2024-01-23,혼다코리아(주),PILOT,2019
2024-01-23,혼다코리아(주),PILOT,2019
2024-01-23,혼다코리아(주),PILOT,2019
2024-01-23,혼다코리아(주),PILOT,2019
2024-01-23,메르세데스벤츠코리아(주),Mercedes-Benz EQE500 4MATIC SUV,2023
2024-01-23,메르세데스벤츠코리아(주),Mercedes-Benz EQE350 4MATIC SUV,2023
2024-01-23,자기인증면제차량,KIA SEDONA(그랜드카니발),2020
2024-01-23,현대자동차(주),GV60,2022
2024-01-24,한국지엠주식회사,트랙스 1.2 터보,2024
2024-01-24,현대자동차(주),투싼(TUCSON),2019
2024-01-24,한국토요타자동차(주),토요타 Avalon Hybrid,2022
2024-01-24,케이지모빌리티 주식회사(KG Mobility Corp.),코란도,2019
2024-01-24,현대자동차(주),아이오닉5(IONIQ5),2023
2024-01-24,현대자동차(주),아이오닉5(IONIQ5),2022
2024-01-24,기아 주식회사,쏘렌토,2018
2024-01-24,현대자동차(주),쏘나타 하이브리드 (SONATA Hybrid),2024
2024-01-24,현대자동차(주),싼타페(SANTAFE),2024
2024-01-24,현대자동차(주),싼타페 하이브리드(SANTAFE HYBRID),2024
2024-01-24,현대자동차(주),싼타페 하이브리드(SANTAFE HYBRID),2024
2024-01-24,기아 주식회사,셀토스,2024
2024-01-24,기아 주식회사,봉고Ⅲ 워크스루밴,2022
2024-01-24,현대자동차(주),벨로스터(VELOSTER),2013
2024-01-24,주식회사 마이브,마이브 M1,2022
2024-01-24,폭스바겐그룹코리아 주식회사,Tiguan 2.0 TDI Blue Motion,2015
2024-01-24,폭스바겐그룹코리아 주식회사,Tiguan 2.0 TDI 4Motion,2018
2024-01-24,폭스바겐그룹코리아 주식회사,Tiguan 2.0 TDI,2020
2024-01-24,폭스바겐그룹코리아 주식회사,Tiguan 2.0 TDI,2018
2024-01-24,르노코리아(주),SM6,2016
2024-01-24,주식회사 모빌리티네트웍스,SE-A2밴,2023
2024-01-24,혼다코리아(주),PILOT,2019
2024-01-24,혼다코리아(주),PILOT,2019
2024-01-24,혼다코리아(주),PILOT,2019
2024-01-24,혼다코리아(주),PILOT,2019
2024-01-24,메르세데스벤츠코리아(주),Mercedes-Benz GLE400 d 4MATIC Coupe,2023
2024-01-24,메르세데스벤츠코리아(주),Mercedes-Benz EQS580 4MATIC SUV,2023
2024-01-24,포드세일즈서비스코리아(유),Lincoln Town-Continental 3.0 AWD,2017
2024-01-24,기아 주식회사,K9,2019
2024-01-24,현대자동차(주),GV70,2021
2024-01-24,현대자동차(주),G80,2023
2024-01-24,비엠더블유코리아(주),BMW iX3 M Sport,2023
2024-01-24,비엠더블유코리아(주),BMW 520d xDrive,2016
2024-01-24,다임러트럭코리아(주),Actros,2022
2024-01-25,현대자동차(주),포터Ⅱ (PORTERⅡ),2024
2024-01-25,현대자동차(주),포터Ⅱ (PORTERⅡ),2024
2024-01-25,현대자동차(주),팰리세이드,2019
2024-01-25,현대자동차(주),캐스퍼(CASPER),2024
2024-01-25,현대자동차(주),아이오닉5 (IONIQ5),2023
2024-01-25,현대자동차(주),아반떼(AVANTE),2016
2024-01-25,기아 주식회사,쏘렌토 하이브리드,2021
2024-01-25,현대자동차(주),쏘나타(SONATA),2020
2024-01-25,현대자동차(주),쏘나타 (SONATA),2009
2024-01-25,현대자동차(주),싼타페 하이브리드(SANTAFE HYBRID),2024
2024-01-25,현대자동차(주),싼타페 하이브리드(SANTAFE HYBRID),2024
2024-01-25,(주)재규어랜드로버코리아,디스커버리 TD6,2018
2024-01-25,(주)루트17,다니고밴,2021
2024-01-25,기아 주식회사,니로 EV,2023
2024-01-25,현대자동차(주),그랜저(GRANDEUR),2019
2024-01-25,폭스바겐그룹코리아 주식회사,Tiguan Allspace 2.0 TDI,2018
2024-01-25,르노코리아(주),SM6,2016
2024-01-25,르노코리아(주),SM3,2018
2024-01-25,르노코리아(주),SM3,2014
2024-01-25,한불모터스(주),Peugeot 3008 1.6 BlueHDi,2018
2024-01-25,메르세데스벤츠코리아(주),Mercedes-Benz EQE500 4MATIC SUV,2023
2024-01-25,메르세데스벤츠코리아(주),Mercedes-Benz EQB300 4MATIC,2023
2024-01-25,메르세데스벤츠코리아(주),Mercedes-Benz C300 4MATIC,2023
2024-01-25,현대자동차(주),EQ900,2018
2024-01-25,현대자동차(주),EQ900,2018
2024-01-25,비엠더블유코리아(주),BMW X3 xDrive20i,2023
2024-01-25,비엠더블유코리아(주),BMW 520d xDrive,2017
2024-01-26,기아 주식회사,카니발 하이리무진,2015
2024-01-26,현대자동차(주),아이오닉5 (IONIQ5),2024
2024-01-26,기아 주식회사,쏘렌토 하이브리드,2024
2024-01-26,현대자동차(주),쏘나타(SONATA) 하이브리드,2015
2024-01-26,현대자동차(주),쏘나타(SONATA),2006
2024-01-26,기아 주식회사,모하비,2017
2024-01-26,현대자동차(주),그랜드스타렉스어린이보호차(GRAND STAREX),2020
2024-01-26,폭스바겐그룹코리아 주식회사,Tiguan 2.0TDI 4Motion,2022
2024-01-26,르노코리아(주),SM3,2017
2024-01-26,르노코리아(주),SM3,2016
2024-01-26,혼다코리아(주),PILOT,2019
2024-01-26,포드세일즈서비스코리아(유),Lincoln Nautilus 2.0L,2024
2024-01-26,기아 주식회사,K7,2016
2024-01-26,현대자동차(주),G80,2022
2024-01-26,현대자동차(주),G80,2023
2024-01-26,현대자동차(주),G80,2022
2024-01-26,현대자동차(주),G80,2021
2024-01-26,현대자동차(주),G80,2021
2024-01-26,현대자동차(주),G70,2019
2024-01-26,현대자동차(주),G70,2018
2024-01-26,한불모터스(주),Citroen C4 Cactus 1.6 BlueHDi,2018
2024-01-29,현대자동차(주),팰리세이드(PALISADE),2020
2024-01-29,케이지모빌리티 주식회사(KG Mobility Corp.),토레스,2023
2024-01-29,케이지모빌리티 주식회사(KG Mobility Corp.),토레스,2023
2024-01-29,케이지모빌리티 주식회사(KG Mobility Corp.),코란도,2019
2024-01-29,한국지엠주식회사,캡티바 2.0D 디젤,2015
2024-01-29,기아 주식회사,카렌스,2014
2024-01-29,한국지엠주식회사,올란도 2.0 LPG,2014
2024-01-29,현대자동차(주),아반떼(AVANTE),2018
2024-01-29,기아 주식회사,쏘렌토 하이브리드,2023
2024-01-29,기아 주식회사,쏘렌토,2019
2024-01-29,현대자동차(주),쏘나타(SONATA),2022
2024-01-29,현대자동차(주),싼타페(SANTAFE),2024
2024-01-29,한국지엠주식회사,말리부 1.8 HYBRID,2017
2024-01-29,현대자동차(주),그랜저(GRANDEUR),2014
2024-01-29,현대자동차(주),그랜저(GRANDEUR),2020
2024-01-29,현대자동차(주),그랜저 하이브리드,2019
2024-01-29,현대자동차(주),그랜저 하이브리드,2019
2024-01-29,폭스바겐그룹코리아 주식회사,Touareg 3.0 TDI,2021
2024-01-29,폭스바겐그룹코리아 주식회사,Tiguan 2.0 TDI,2018
2024-01-29,르노코리아(주),SM3,2010
2024-01-29,르노코리아(주),SM3,2010
2024-01-29,한불모터스(주),Peugeot 2008 1.6 BlueHDi,2018
2024-01-29,메르세데스벤츠코리아(주),Mercedes-Benz EQE350 4MATIC SUV,2023
2024-01-29,메르세데스벤츠코리아(주),Mercedes-Benz EQE350 4MATIC SUV,2023
2024-01-29,기아 주식회사,K7,2010
2024-01-29,기아 주식회사,K5,2011
2024-01-29,현대자동차(주),G80,2022
2024-01-29,현대자동차(주),G80,2021
2024-01-29,현대자동차(주),G80,2021
2024-01-29,현대자동차(주),G80,2023
2024-01-29,현대자동차(주),G80,2022
2024-01-29,현대자동차(주),G80,2024
2024-01-29,현대자동차(주),G80,2021
2024-01-29,현대자동차(주),G80,2022
2024-01-29,현대자동차(주),G80,2021
2024-01-29,현대자동차(주),G80,2021
2024-01-29,현대자동차(주),G80,2021
2024-01-29,현대자동차(주),G80,2022
2024-01-29,현대자동차(주),G70,2018
2024-01-29,현대자동차(주),G70,2018
2024-01-29,메르세데스벤츠코리아(주),E350 Cabriolet,2012
2024-01-29,한국지엠(주),CHEVROLET TAHOE AWD,2022
2024-01-29,비엠더블유코리아(주),BMW 528i xDrive,2014
2024-01-30,주식회사 한중특장,한중9.5톤카고,2020
2024-01-30,현대자동차(주),팰리세이드(PALISADE),2020
2024-01-30,현대자동차(주),팰리세이드(PALISADE),2023
2024-01-30,스텔란티스코리아 주식회사,짚 랭글러 루비콘,2018
2024-01-30,현대자동차(주),아이오닉6 (IONIQ6),2023
2024-01-30,현대자동차(주),아이오닉5 (IONIQ5),2023
2024-01-30,기아 주식회사,쏘렌토 하이브리드,2022
2024-01-30,현대자동차(주),싼타페 하이브리드(SANTAFE HYBRID),2024
2024-01-30,(주)루트17,다니고밴,2021
2024-01-30,(주)루트17,다니고밴,2021
2024-01-30,(주)루트17,다니고밴,2021
2024-01-30,현대자동차(주),그랜저 하이브리드(GRANDEUR HYBRID),2021
2024-01-30,현대자동차(주),그랜저 하이브리드,2018
2024-01-30,메르세데스벤츠코리아(주),Mercedes-Benz EQE500 4MATIC SUV,2023
2024-01-30,메르세데스벤츠코리아(주),Mercedes-Benz EQE350 4MATIC SUV,2023
2024-01-30,메르세데스벤츠코리아(주),Mercedes-Benz EQE350 4MATIC SUV,2023
2024-01-30,기아 주식회사,K5 하이브리드,2020
2024-01-30,현대자동차(주),G80,2021
2024-01-30,현대자동차(주),G80,2023
2024-01-30,기아 주식회사,EV9,2024
2024-01-30,기아 주식회사,EV6,2023
2024-01-30,메르세데스벤츠코리아(주),E220 CDI,2014
2024-01-30,비엠더블유코리아(주),BMW X5 xDrive40e iPerformance,2018
2024-01-30,비엠더블유코리아(주),BMW 630d xDrive,2018
2024-01-30,혼다코리아(주),ACCORD HYBRID,2023
2024-01-30,폭스바겐그룹코리아 주식회사,A6 40 TDI,2022
2024-01-31,현대자동차(주),팰리세이드(PALISADE),2021
2024-01-31,한국토요타자동차(주),토요타 RAV4 Hybrid AWD,2023
2024-01-31,케이지모빌리티 주식회사(KG Mobility Corp.),코란도,2020
2024-01-31,케이지모빌리티 주식회사(KG Mobility Corp.),코란도,2020
2024-01-31,CSA,카이로스4톤카고,2023
2024-01-31,기아 주식회사,카니발,2019
2024-01-31,한국지엠주식회사,올란도 2.0 LPG,2016
2024-01-31,현대자동차(주),아이오닉6 (IONIQ6),2023
2024-01-31,현대자동차(주),아이오닉5(IONIQ5),2023
2024-01-31,현대자동차(주),아이오닉5 (IONIQ5),2023
2024-01-31,현대자동차(주),아반떼(AVANTE),2017
2024-01-31,기아 주식회사,쏘렌토 하이브리드,2024
2024-01-31,현대자동차(주),싼타페(SANTAFE),2024
2024-01-31,현대자동차(주),싼타페 하이브리드(SANTAFE HYBRID),2024
2024-01-31,현대자동차(주),싼타페 하이브리드(SANTAFE HYBRID),2024
2024-01-31,현대자동차(주),싼타페 하이브리드(SANTAFE HYBRID),2024
2024-01-31,현대자동차(주),싼타페 하이브리드(SANTAFE HYBRID),2024
2024-01-31,기아 주식회사,니로 EV,2023
2024-01-31,현대자동차(주),그랜저 하이브리드(GRANDEUR HYBRID),2020
2024-01-31,르노코리아(주),XM3 하이브리드,2023
2024-01-31,폭스바겐그룹코리아 주식회사,Tiguan 2.0 TDI 4Motion,2018
2024-01-31,폭스바겐그룹코리아 주식회사,Tiguan 2.0 TDI,2018
2024-01-31,메르세데스벤츠코리아(주),Mercedes-Benz EQE350 4MATIC,2023
2024-01-31,기아 주식회사,K7,2018
2024-01-31,기아 주식회사,K5 하이브리드,2024
2024-01-31,기아 주식회사,K3,2019
2024-01-31,현대자동차(주),G70,2019
2024-01-31,현대자동차(주),G70,2019
2024-01-31,현대자동차(주),G70,2018
2024-01-31,현대자동차(주),G70,2018
2024-01-31,현대자동차(주),G70,2021
2024-01-31,현대자동차(주),G70,2021
2024-01-31,현대자동차(주),G70,2019
2024-01-31,현대자동차(주),G70,2021
2024-01-31,현대자동차(주),G70,2019
2024-01-31,현대자동차(주),G70,2018
2024-01-31,현대자동차(주),G70,2018
2024-01-31,기아 주식회사,EV6,2023
2024-01-31,비엠더블유코리아(주),BMW 320i Touring,2024
2024-01-31,비엠더블유코리아(주),BMW 320i,2023
2024-01-31,비엠더블유코리아(주),BMW 320i,2024
2024-02-01,현대자동차(주),투싼(TUCSON),2016
2024-02-01,케이지모빌리티 주식회사(KG Mobility Corp.),토레스,2023
2024-02-01,기아 주식회사,카니발,2018
2024-02-01,현대자동차(주),쏘나타 (SONATA),2011
2024-02-01,현대자동차(주),싼타페 하이브리드(SANTAFE HYBRID),2024
2024-02-01,현대자동차(주),싼타페 하이브리드(SANTAFE HYBRID),2024
2024-02-01,한국지엠주식회사,말리부 2.0 TURBO,2017
2024-02-01,한국지엠주식회사,말리부 1.35 TURBO,2019
2024-02-01,(주)재규어랜드로버코리아,레인지로버 스포츠,2014
2024-02-01,(주)재규어랜드로버코리아,디스커버리 TD6,2018
2024-02-01,현대자동차(주),그랜저(GRANDEUR),2012
2024-02-01,한불모터스(주),Peugeot 2008 1.6 BlueHDi,2017
2024-02-01,혼다코리아(주),PILOT,2019
2024-02-01,폭스바겐그룹코리아 주식회사,Jetta 1.4 TSI,2021
2024-02-01,현대자동차(주),G70,2020
2024-02-01,현대자동차(주),G70,2018
2024-02-01,현대자동차(주),G70,2019
2024-02-01,현대자동차(주),G70,2020
2024-02-01,현대자동차(주),G70,2019
2024-02-01,현대자동차(주),G70,2020
2024-02-01,현대자동차(주),G70,2023
2024-02-01,현대자동차(주),G70,2021
2024-02-01,현대자동차(주),G70,2019
2024-02-01,현대자동차(주),G70,2018
2024-02-01,현대자동차(주),G70,2020
2024-02-01,현대자동차(주),G70,2020
2024-02-01,비엠더블유코리아(주),BMW 320i,2024
2024-02-02,(주)한국쓰리축,한국쓰리축8.5톤트럭,2023
2024-02-02,케이지모빌리티 주식회사(KG Mobility Corp.),코란도,2019
2024-02-02,케이지모빌리티 주식회사(KG Mobility Corp.),코란도,2019
2024-02-02,케이지모빌리티 주식회사(KG Mobility Corp.),코란도,2021
2024-02-02,기아 주식회사,카니발 하이브리드,2024
2024-02-02,한국지엠주식회사,올란도 2.0 LPG,2012
2024-02-02,현대자동차(주),아이오닉5(IONIQ5),2023
2024-02-02,현대자동차(주),아이오닉5 (IONIQ5),2022
2024-02-02,현대자동차(주),아반떼(AVANTE),2010
2024-02-02,현대자동차(주),쏘나타(SONATA),2021
2024-02-02,현대자동차(주),싼타페(SANTAFE),2024
2024-02-02,현대자동차(주),싼타페 하이브리드(SANTAFE HYBRID),2024
2024-02-02,현대자동차(주),싼타페 하이브리드(SANTAFE HYBRID),2024
2024-02-02,기아 주식회사,스팅어,2019
2024-02-02,기아 주식회사,스팅어,2021
2024-02-02,기아 주식회사,스팅어,2019
2024-02-02,기아 주식회사,스팅어,2019
2024-02-02,기아 주식회사,스팅어,2021
2024-02-02,기아 주식회사,스팅어,2020
2024-02-02,기아 주식회사,스팅어,2020
2024-02-02,기아 주식회사,스팅어,2020
2024-02-02,기아 주식회사,스팅어,2023
2024-02-02,기아 주식회사,스팅어,2019
2024-02-02,기아 주식회사,스팅어,2019
2024-02-02,기아 주식회사,스팅어,2021
2024-02-02,기아 주식회사,스팅어,2018
2024-02-02,기아 주식회사,스팅어,2019
2024-02-02,기아 주식회사,스팅어,2019
2024-02-02,기아 주식회사,스팅어,2020
2024-02-02,기아 주식회사,스팅어,2019
2024-02-02,기아 주식회사,스팅어,2020
2024-02-02,기아 주식회사,스팅어,2019
2024-02-02,기아 주식회사,니로 하이브리드,2017
2024-02-02,현대자동차(주),그랜저(GRANDEUR),2014
2024-02-02,(주) 골드밴,골드밴3.8톤냉동탑차,2023
2024-02-02,르노코리아(주),XM3 하이브리드,2023
2024-02-02,메르세데스벤츠코리아(주),GLC350 e 4Matic,2019
2024-02-02,현대자동차(주),G80,2024
2024-02-02,현대자동차(주),G70,2019
2024-02-02,현대자동차(주),G70,2019
2024-02-02,현대자동차(주),G70,2021
2024-02-02,현대자동차(주),G70,2018
2024-02-02,현대자동차(주),G70,2019
2024-02-02,현대자동차(주),G70,2019
2024-02-02,현대자동차(주),G70,2019
2024-02-02,현대자동차(주),G70,2019
2024-02-02,현대자동차(주),G70,2019
2024-02-02,현대자동차(주),G70,2020
2024-02-02,현대자동차(주),G70,2018
2024-02-02,현대자동차(주),G70,2020
2024-02-02,현대자동차(주),G70,2019
2024-02-02,현대자동차(주),G70,2019
2024-02-02,현대자동차(주),G70,2019
2024-02-02,현대자동차(주),G70,2021
2024-02-02,현대자동차(주),G70,2019
2024-02-02,현대자동차(주),G70,2019
2024-02-02,현대자동차(주),G70,2021
2024-02-02,현대자동차(주),G70,2021
2024-02-02,현대자동차(주),G70,2018
2024-02-02,현대자동차(주),G70,2020
2024-02-02,현대자동차(주),G70,2020
2024-02-02,현대자동차(주),G70,2018
2024-02-02,현대자동차(주),G70,2018
2024-02-02,현대자동차(주),G70,2019
2024-02-02,현대자동차(주),G70,2019
2024-02-02,폭스바겐그룹코리아 주식회사,Arteon 2.0 TDI,2019
2024-02-05,케이지모빌리티 주식회사(KG Mobility Corp.),코란도,2020
2024-02-05,케이지모빌리티 주식회사(KG Mobility Corp.),코란도,2019
2024-02-05,기아 주식회사,카니발 리무진,2019
2024-02-05,기아 주식회사,카니발,2019
2024-02-05,스텔란티스코리아 주식회사,짚 그랜드 체로키 L,2023
2024-02-05,현대자동차(주),아이오닉6 (IONIQ6),2023
2024-02-05,현대자동차(주),아이오닉5 (IONIQ5),2023
2024-02-05,현대자동차(주),아반떼(AVANTE),2016
2024-02-05,현대자동차(주),아반떼(AVANTE),2017
2024-02-05,기아 주식회사,쏘렌토,2015
2024-02-05,기아 주식회사,쏘렌토,2018
2024-02-05,현대자동차(주),싼타페 하이브리드(SANTAFE HYBRID),2024
2024-02-05,현대자동차(주),싼타페 하이브리드(SANTAFE HYBRID),2024
2024-02-05,현대자동차(주),싼타페 하이브리드(SANTAFE HYBRID),2024
2024-02-05,현대자동차(주),싼타페 하이브리드(SANTAFE HYBRID),2024
2024-02-05,기아 주식회사,스팅어,2018
2024-02-05,기아 주식회사,스팅어,2018
2024-02-05,기아 주식회사,스팅어,2020
2024-02-05,기아 주식회사,스팅어,2019
2024-02-05,기아 주식회사,스팅어,2019
2024-02-05,기아 주식회사,스팅어,2019
2024-02-05,기아 주식회사,스팅어,2020
2024-02-05,기아 주식회사,스팅어,2019
2024-02-05,기아 주식회사,스팅어,2021
2024-02-05,기아 주식회사,스팅어,2018
2024-02-05,기아 주식회사,스팅어,2019
2024-02-05,기아 주식회사,스팅어,2021
2024-02-05,기아 주식회사,스팅어,2020
2024-02-05,기아 주식회사,스팅어,2019
2024-02-05,기아 주식회사,스팅어,2020
2024-02-05,기아 주식회사,스팅어,2021
2024-02-05,기아 주식회사,스팅어,2020
2024-02-05,기아 주식회사,스팅어,2021
2024-02-05,기아 주식회사,스팅어,2020
2024-02-05,기아 주식회사,스팅어,2018
2024-02-05,기아 주식회사,스팅어,2020
2024-02-05,기아 주식회사,스팅어,2018
2024-02-05,현대자동차(주),스타리아 라운지 (STARIA LOUNGE),2024
2024-02-05,기아 주식회사,셀토스,2023
2024-02-05,한국토요타자동차(주),렉서스 RX450h,2019
2024-02-05,기아 주식회사,니로 하이브리드,2017
2024-02-05,폭스바겐그룹코리아 주식회사,Tiguan 2.0TDI,2021
2024-02-05,폭스바겐그룹코리아 주식회사,Tiguan 2.0 TDI Blue Motion,2015
2024-02-05,폭스바겐그룹코리아 주식회사,Passat 1.8 TSI,2016
2024-02-05,포드세일즈서비스코리아(유),Lincoln Nautilus 2.0L,2024
2024-02-05,포드세일즈서비스코리아(유),Lincoln MKZ 2.0,2017
2024-02-05,기아 주식회사,K7,2017
2024-02-05,폭스바겐그룹코리아 주식회사,Jetta 2.0 TDI BMT,2015
2024-02-05,현대자동차(주),G70,2018
2024-02-05,현대자동차(주),G70,2020
2024-02-05,현대자동차(주),G70,2019
2024-02-05,현대자동차(주),G70,2019
2024-02-05,현대자동차(주),G70,2019
2024-02-05,현대자동차(주),G70,2019
2024-02-05,현대자동차(주),G70,2019
2024-02-05,현대자동차(주),G70,2018
2024-02-05,현대자동차(주),G70,2019
2024-02-05,현대자동차(주),G70,2018
2024-02-05,현대자동차(주),G70,2019
2024-02-05,현대자동차(주),G70,2018
2024-02-05,현대자동차(주),G70,2018
2024-02-05,현대자동차(주),G70,2020
2024-02-05,현대자동차(주),G70,2020
2024-02-05,현대자동차(주),G70,2018
2024-02-05,현대자동차(주),G70,2020
2024-02-05,현대자동차(주),G70,2018
2024-02-05,현대자동차(주),G70,2019
2024-02-05,현대자동차(주),G70,2022
2024-02-05,비엠더블유코리아(주),BMW 530i xDrive,2018
2024-02-05,비엠더블유코리아(주),BMW 520d xDrive,2017
2024-02-05,비엠더블유코리아(주),BMW 520d,2018
2024-02-06,한국지엠주식회사,트레일블레이저 1.35 TURBO FWD,2021
2024-02-06,현대자동차(주),투싼(TUCSON),2017
2024-02-06,케이지모빌리티 주식회사(KG Mobility Corp.),코란도,2022
2024-02-06,케이지모빌리티 주식회사(KG Mobility Corp.),코란도,2021
2024-02-06,케이지모빌리티 주식회사(KG Mobility Corp.),코란도,2021
2024-02-06,기아 주식회사,카니발,2023
2024-02-06,현대자동차(주),아이오닉6 (IONIQ6),2023
2024-02-06,현대자동차(주),아이오닉5(IONIQ5),2022
2024-02-06,현대자동차(주),아이오닉5 (IONIQ5),2023
2024-02-06,기아 주식회사,쏘울 EV,2015
2024-02-06,기아 주식회사,쏘렌토,2019
2024-02-06,현대자동차(주),쏘나타(SONATA),2016
2024-02-06,현대자동차(주),싼타페(SANTAFE),2019
2024-02-06,현대자동차(주),싼타페(SANTAFE),2024
2024-02-06,현대자동차(주),싼타페(SANTAFE),2024
2024-02-06,현대자동차(주),싼타페 하이브리드(SANTAFE HYBRID),2024
2024-02-06,현대자동차(주),싼타페 하이브리드(SANTAFE HYBRID),2023
2024-02-06,현대자동차(주),싼타페 하이브리드(SANTAFE HYBRID),2024
2024-02-06,기아 주식회사,스팅어,2021
2024-02-06,기아 주식회사,스팅어,2019
2024-02-06,기아 주식회사,스팅어,2019
2024-02-06,기아 주식회사,스팅어,2020
2024-02-06,기아 주식회사,스팅어,2019
2024-02-06,기아 주식회사,스팅어,2019
2024-02-06,기아 주식회사,스팅어,2019
2024-02-06,(주)볼보자동차코리아,볼보 V60CCB5 AWD,2024
2024-02-06,한국지엠주식회사,말리부 1.8 HYBRID,2017
2024-02-06,기아 주식회사,니로 하이브리드,2017
2024-02-06,기아 주식회사,그랜드 카니발,2011
2024-02-06,자기인증면제차량,LAND ROVER DISCOVERY SPORT,2017
2024-02-06,기아 주식회사,K5,2013
2024-02-06,폭스바겐그룹코리아 주식회사,Jetta 1.4 TSI,2021
2024-02-06,폭스바겐그룹코리아 주식회사,Golf 1.4 TSI,2016
2024-02-06,현대자동차(주),G70,2023
2024-02-06,현대자동차(주),G70,2018
2024-02-06,현대자동차(주),G70,2018
2024-02-06,한불모터스(주),DS7 Crossback 2.0 BlueHDi,2019
2024-02-06,한국지엠(주),CHEVROLET EQUINOX FWD,2018
2024-02-06,비엠더블유코리아(주),BMW 218d Active Tourer,2023
2024-02-07,기아 주식회사,카니발,2019
2024-02-07,스텔란티스코리아 주식회사,짚그랜드체로키,2015
2024-02-07,한국지엠주식회사,올란도 2.0 LPG,2014
2024-02-07,한국지엠주식회사,올란도 2.0 LPG,2012
2024-02-07,현대자동차(주),쏘나타(SONATA),2015
2024-02-07,현대자동차(주),싼타페(SANTAFE),2015
2024-02-07,현대자동차(주),싼타페(SANTAFE),2019
2024-02-07,현대자동차(주),싼타페 하이브리드(SANTAFE HYBRID),2024
2024-02-07,기아 주식회사,스팅어,2021
2024-02-07,기아 주식회사,스팅어,2019
2024-02-07,기아 주식회사,스팅어,2019
2024-02-07,기아 주식회사,스팅어,2020
2024-02-07,기아 주식회사,스팅어,2019
2024-02-07,한국지엠주식회사,말리부 1.5 TURBO,2017
2024-02-07,케이지모빌리티 주식회사(KG Mobility Corp.),렉스턴스포츠,2020
2024-02-07,현대자동차(주),넥쏘 (NEXO) 수소전기차,2019
2024-02-07,폭스바겐그룹코리아 주식회사,e-tron 55 quattro,2020
2024-02-07,르노코리아(주),XM3,2020
2024-02-07,르노코리아(주),SM3,2011
2024-02-07,현대자동차(주),G70,2021
2024-02-07,현대자동차(주),G70,2019
2024-02-07,케이지모빌리티 주식회사(KG Mobility Corp.),G4 렉스턴,2020
2024-02-08,포드세일즈서비스코리아(유),이스케이프,2015
2024-02-08,현대자동차(주),아이오닉6 (IONIQ6),2023
2024-02-08,현대자동차(주),아이오닉5(IONIQ5),2022
2024-02-08,기아 주식회사,쏘렌토,2019
2024-02-08,현대자동차(주),싼타페 하이브리드(SANTAFE HYBRID),2024
2024-02-08,현대자동차(주),싼타페 하이브리드(SANTAFE HYBRID),2024
2024-02-08,기아 주식회사,스포티지,2024
2024-02-08,기아 주식회사,스팅어,2021
2024-02-08,기아 주식회사,스팅어,2019
2024-02-08,기아 주식회사,스팅어,2018
2024-02-08,한국지엠주식회사,말리부 2.0 DOHC,2016
2024-02-08,기아 주식회사,레이,2016
2024-02-08,기아 주식회사,레이,2012
2024-02-08,현대자동차(주),넥쏘 (NEXO) 수소전기차,2019
2024-02-08,현대자동차(주),그랜저(GRANDEUR),2013
2024-02-08,현대자동차(주),그랜저(GRANDEUR),2011
2024-02-08,현대자동차(주),그랜저(GRANDEUR),2017
2024-02-08,현대자동차(주),그랜저(GRANDEUR),2017
2024-02-08,현대자동차(주),G80,2018
2024-02-08,현대자동차(주),G80,2021
2024-02-08,현대자동차(주),G80,2021
2024-02-08,현대자동차(주),G70,2019
2024-02-08,현대자동차(주),G70,2019
2024-02-08,현대자동차(주),G70,2019
2024-02-08,현대자동차(주),G70,2020
2024-02-08,현대자동차(주),G70,2020
2024-02-08,현대자동차(주),G70,2019
2024-02-08,한국지엠(주),CHEVROLET EQUINOX AWD,2020
2024-02-08,르노코리아(주),CAPTUR,2020
2024-02-08,비엠더블유코리아(주),BMW 530i xDrive,2018
2024-02-08,비엠더블유코리아(주),BMW 530i xDrive,2018
2024-02-08,폭스바겐그룹코리아 주식회사,A6 45 TFSI quattro,2020
2024-02-13,현대자동차(주),포터Ⅱ 일렉트릭 (PORTERⅡ ELECTRIC),2022
2024-02-13,현대자동차(주),투싼(TUCSON),2016
2024-02-13,케이지모빌리티 주식회사(KG Mobility Corp.),코란도,2020
2024-02-13,현대자동차(주),제네시스(GENESIS),2016
2024-02-13,현대자동차(주),제네시스(GENESIS),2016
2024-02-13,(주)재규어랜드로버코리아,재규어 XF 20d,2017
2024-02-13,현대자동차(주),아이오닉6 (IONIQ6),2023
2024-02-13,현대자동차(주),아슬란(ASLAN),2016
2024-02-13,현대자동차(주),아반떼(AVANTE),2016
2024-02-13,기아 주식회사,쏘렌토 하이브리드,2022
2024-02-13,기아 주식회사,쏘렌토 하이브리드,2024
2024-02-13,기아 주식회사,스팅어,2018
2024-02-13,기아 주식회사,스팅어,2019
2024-02-13,기아 주식회사,스팅어,2020
2024-02-13,기아 주식회사,스팅어,2018
2024-02-13,기아 주식회사,스팅어,2020
2024-02-13,(주)재규어랜드로버코리아,디스커버리 스포츠 2.0D,2017
2024-02-13,(주)재규어랜드로버코리아,디스커버리 TD6,2019
2024-02-13,(주)재규어랜드로버코리아,디스커버리 TD6,2017
2024-02-13,(주)루트17,다니고밴,2021
2024-02-13,현대자동차(주),그랜저(GRANDEUR),2017
2024-02-13,현대자동차(주),그랜저(GRANDEUR),2018
2024-02-13,폭스바겐그룹코리아 주식회사,Tiguan Allspace 2.0 TDI,2018
2024-02-13,폭스바겐그룹코리아 주식회사,Tiguan Allspace 2.0 TDI,2018
2024-02-13,기아 주식회사,K8 하이브리드,2023
2024-02-13,폭스바겐그룹코리아 주식회사,Golf 2.0 TDI BMT,2016
2024-02-13,현대자동차(주),G80,2018
2024-02-13,현대자동차(주),G70,2018
2024-02-13,현대자동차(주),G70,2018
2024-02-13,현대자동차(주),G70,2018
2024-02-13,현대자동차(주),G70,2020
2024-02-13,현대자동차(주),G70,2019
2024-02-13,현대자동차(주),G70,2019
2024-02-13,현대자동차(주),EQ900,2018
2024-02-13,메르세데스벤츠코리아(주),E300 4Matic,2019
2024-02-13,한국지엠(주),CHEVROLET EQUINOX FWD,2018
2024-02-13,비엠더블유코리아(주),BMW 530i xDrive,2017
2024-02-13,비엠더블유코리아(주),BMW 530i,2018
2024-02-13,비엠더블유코리아(주),BMW 523d,2023
2024-02-13,메르세데스벤츠코리아(주),B220,2018
2024-02-14,(주)한국쓰리축,한국쓰리축27톤트럭,2018
2024-02-14,현대자동차(주),포터Ⅱ (PORTERⅡ),2024
2024-02-14,한국지엠주식회사,트랙스 1.2 터보,2024
2024-02-14,케이지모빌리티 주식회사(KG Mobility Corp.),코란도,2021
2024-02-14,케이지모빌리티 주식회사(KG Mobility Corp.),코란도,2019
2024-02-14,현대자동차(주),캐스퍼(CASPER),2023
2024-02-14,기아 주식회사,카니발 하이리무진,2019
2024-02-14,스텔란티스코리아 주식회사,짚 랭글러 사하라,2018
2024-02-14,현대자동차(주),아이오닉6 (IONIQ6),2023
2024-02-14,현대자동차(주),아이오닉5(IONIQ5),2022
2024-02-14,현대자동차(주),아이오닉5 (IONIQ5),2022
2024-02-14,현대자동차(주),아이오닉5 (IONIQ5),2023
2024-02-14,현대자동차(주),아이오닉5 (IONIQ5),2022
2024-02-14,기아 주식회사,쏘렌토 하이브리드,2024
2024-02-14,현대자동차(주),쏘나타(SONATA),2016
2024-02-14,현대자동차(주),쏘나타(SONATA),2024
2024-02-14,현대자동차(주),싼타페(SANTAFE),2024
2024-02-14,기아 주식회사,스팅어,2020
2024-02-14,현대자동차(주),스타리아 (STARIA),2024
2024-02-14,기아 주식회사,봉고Ⅲ 4륜구동,2024
2024-02-14,현대자동차(주),벨로스터(VELOSTER),2013
2024-02-14,(주)재규어랜드로버코리아,디스커버리 TD6,2018
2024-02-14,현대자동차(주),그랜저(GRANDEUR),2012
2024-02-14,현대자동차(주),그랜저(GRANDEUR),2019
2024-02-14,현대자동차(주),그랜저(GRANDEUR),2017
2024-02-14,현대자동차(주),그랜저(GRANDEUR),2019
2024-02-14,현대자동차(주),그랜저 하이브리드,2019
2024-02-14,현대자동차(주),그랜저 하이브리드,2019
2024-02-14,르노코리아(주),XM3,2020
2024-02-14,폭스바겐그룹코리아 주식회사,Tiguan Allspace 2.0 TDI,2018
2024-02-14,폭스바겐그룹코리아 주식회사,Tiguan 2.0 TDI BMT,2016
2024-02-14,르노코리아(주),SM5,2010
2024-02-14,포드세일즈서비스코리아(유),Ranger Wildtrak,2023
2024-02-14,포드세일즈서비스코리아(유),Ranger Wildtrak,2023
2024-02-14,포드세일즈서비스코리아(유),Ranger Wildtrak,2023
2024-02-14,포드세일즈서비스코리아(유),Ranger Raptor,2023
2024-02-14,메르세데스벤츠코리아(주),Mercedes-Benz GLE 450 d 4MATIC Coupe,2023
2024-02-14,메르세데스벤츠코리아(주),Mercedes-Benz EQE500 4MATIC SUV,2023
2024-02-14,메르세데스벤츠코리아(주),Mercedes-Benz EQE500 4MATIC SUV,2023
2024-02-14,메르세데스벤츠코리아(주),Mercedes-Benz EQE500 4MATIC SUV,2023
2024-02-14,메르세데스벤츠코리아(주),Mercedes-Benz EQB300 4MATIC,2023
2024-02-14,메르세데스벤츠코리아(주),Mercedes-Benz A220 Sedan,2021
2024-02-14,기아 주식회사,K8,2023
2024-02-14,기아 주식회사,K5 하이브리드,2018
2024-02-14,현대자동차(주),G80,2018
2024-02-14,현대자동차(주),G80,2023
2024-02-14,현대자동차(주),G70,2021
2024-02-14,비엠더블유코리아(주),BMW Gran Turismo 30d xDrive,2015
2024-02-14,비엠더블유코리아(주),BMW 530i,2018
2024-02-14,폭스바겐그룹코리아 주식회사,Arteon 2.0 TDI,2018
2024-02-15,케이지모빌리티 주식회사(KG Mobility Corp.),토레스,2023
2024-02-15,한국지엠주식회사,크루즈 2.0 디젤,2014
2024-02-15,한국지엠주식회사,크루즈 1.6 디젤,2018
2024-02-15,현대자동차(주),아이오닉6 (IONIQ6),2023
2024-02-15,기아 주식회사,쏘렌토 하이브리드,2022
2024-02-15,기아 주식회사,쏘렌토 하이브리드,2021
2024-02-15,기아 주식회사,쏘렌토,2017
2024-02-15,현대자동차(주),쏘나타(SONATA),2015
2024-02-15,현대자동차(주),싼타페 하이브리드(SANTAFE HYBRID),2024
2024-02-15,기아 주식회사,스팅어,2021
2024-02-15,현대자동차(주),넥쏘 (NEXO) 수소전기차,2021
2024-02-15,현대자동차(주),그랜저(GRANDEUR),2019
2024-02-15,현대자동차(주),그랜저 하이브리드,2018
2024-02-15,현대자동차(주),i 30,2008
2024-02-15,한불모터스(주),Peugeot e-208,2021
2024-02-15,한불모터스(주),Peugeot e-208,2021
2024-02-15,테슬라코리아 유한회사,Model 3 Long Range,2022
2024-02-15,메르세데스벤츠코리아(주),Mercedes-Benz EQS450 4MATIC SUV,2023
2024-02-15,메르세데스벤츠코리아(주),Mercedes-Benz EQS450 4MATIC SUV,2023
2024-02-15,메르세데스벤츠코리아(주),Mercedes-Benz EQS450 4MATIC SUV,2023
2024-02-15,메르세데스벤츠코리아(주),Mercedes-Benz EQS450 +,2022
2024-02-15,메르세데스벤츠코리아(주),Mercedes-Benz EQE500 4MATIC SUV,2023
2024-02-15,메르세데스벤츠코리아(주),Mercedes-Benz EQE500 4MATIC SUV,2023
2024-02-15,메르세데스벤츠코리아(주),Mercedes-Benz EQE500 4MATIC SUV,2023
2024-02-15,메르세데스벤츠코리아(주),Mercedes-Benz EQE500 4MATIC SUV,2023
2024-02-15,메르세데스벤츠코리아(주),Mercedes-Benz EQE500 4MATIC SUV,2023
2024-02-15,메르세데스벤츠코리아(주),Mercedes-Benz EQE350 4MATIC SUV,2023
2024-02-15,기아 주식회사,K5 하이브리드,2021
2024-02-15,현대자동차(주),G70,2019
2024-02-15,현대자동차(주),G70,2019
2024-02-15,비엠더블유코리아(주),BMW X3 xDrive20d,2014
2024-02-15,폭스바겐그룹코리아 주식회사,Arteon 2.0 TDI,2019
2024-02-15,폭스바겐그룹코리아 주식회사,A3 40 TFSI,2018
2024-02-15,폭스바겐그룹코리아 주식회사,A3 2.0 TDI,2014
2024-02-16,현대자동차(주),포터Ⅱ (PORTERⅡ),2024
2024-02-16,기아 주식회사,포르테,2011
2024-02-16,현대자동차(주),투싼(TUCSON),2016
2024-02-16,케이지모빌리티 주식회사(KG Mobility Corp.),토레스,2023
2024-02-16,케이지모빌리티 주식회사(KG Mobility Corp.),코란도,2021
2024-02-16,기아 주식회사,카니발 리무진,2019
2024-02-16,현대자동차(주),아반떼 스포츠(AVANTE SPORT),2017
2024-02-16,기아 주식회사,쏘렌토 하이브리드,2024
2024-02-16,기아 주식회사,쏘렌토,2021
2024-02-16,현대자동차(주),싼타페 하이브리드(SANTAFE HYBRID),2024
2024-02-16,현대자동차(주),싼타페 하이브리드(SANTAFE HYBRID),2024
2024-02-16,기아 주식회사,스팅어,2019
2024-02-16,기아 주식회사,스팅어,2019
2024-02-16,기아 주식회사,스팅어,2019
2024-02-16,기아 주식회사,레이,2023
2024-02-16,기아 주식회사,니로 하이브리드,2017
2024-02-16,현대자동차(주),넥쏘 (NEXO) 수소전기차,2021
2024-02-16,르노코리아(주),QM6,2018
2024-02-16,혼다코리아(주),PILOT,2019
2024-02-16,메르세데스벤츠코리아(주),Mercedes-Benz EQS450 4MATIC SUV,2023
2024-02-16,메르세데스벤츠코리아(주),Mercedes-Benz EQE500 4MATIC SUV,2023
2024-02-16,메르세데스벤츠코리아(주),Mercedes-Benz EQE500 4MATIC SUV,2023
2024-02-16,메르세데스벤츠코리아(주),Mercedes-Benz EQE350 4MATIC,2023
2024-02-16,메르세데스벤츠코리아(주),Mercedes-Benz EQB300 4MATIC,2023
2024-02-16,기아 주식회사,K5,2021
2024-02-16,현대자동차(주),G70,2019
2024-02-16,기아 주식회사,EV6,2023
2024-02-16,폭스바겐그룹코리아 주식회사,A7 55 TFSI quattro,2021
2024-02-16,폭스바겐그룹코리아 주식회사,A3 40 TFSI,2018
2024-02-16,폭스바겐그룹코리아 주식회사,A3 40 TFSI,2018
2024-02-16,폭스바겐그룹코리아 주식회사,A3 40 TFSI,2018
2024-02-16,폭스바겐그룹코리아 주식회사,A3 40 TFSI,2018
2024-02-19,현대자동차(주),포터Ⅱ (PORTERⅡ),2023
2024-02-19,현대자동차(주),포터Ⅱ (PORTERⅡ),2024
2024-02-19,기아 주식회사,포르테,2013
2024-02-19,기아 주식회사,카니발,2019
2024-02-19,기아 주식회사,카니발,2019
2024-02-19,기아 주식회사,카니발,2021
2024-02-19,한국지엠주식회사,올란도 2.0 LPG,2015
2024-02-19,현대자동차(주),아이오닉6 (IONIQ6),2023
2024-02-19,현대자동차(주),아이오닉5(IONIQ5),2022
2024-02-19,현대자동차(주),아이오닉5(IONIQ5),2023
2024-02-19,현대자동차(주),아이오닉5 (IONIQ5),2022
2024-02-19,현대자동차(주),아이오닉5 (IONIQ5),2022
2024-02-19,현대자동차(주),아이오닉5 (IONIQ5),2022
2024-02-19,현대자동차(주),아이오닉5 (IONIQ5),2023
2024-02-19,현대자동차(주),아반떼(AVANTE),2017
2024-02-19,기아 주식회사,쏘렌토,2019
2024-02-19,현대자동차(주),싼타페(SANTAFE),2024
2024-02-19,현대자동차(주),싼타페(SANTAFE),2015
2024-02-19,현대자동차(주),싼타페 하이브리드(SANTAFE HYBRID),2024
2024-02-19,현대자동차(주),싼타페 하이브리드(SANTAFE HYBRID),2024
2024-02-19,현대자동차(주),싼타페 하이브리드(SANTAFE HYBRID),2023
2024-02-19,현대자동차(주),싼타페 하이브리드(SANTAFE HYBRID),2024
2024-02-19,현대자동차(주),싼타페 하이브리드(SANTAFE HYBRID),2024
2024-02-19,기아 주식회사,봉고Ⅲ 1톤,2024
2024-02-19,(주)재규어랜드로버코리아,디스커버리 TD6,2018
2024-02-19,(주)재규어랜드로버코리아,디스커버리 TD6,2018
2024-02-19,(주)재규어랜드로버코리아,디스커버리 TD6,2018
2024-02-19,기아 주식회사,니로 하이브리드,2017
2024-02-19,기아 주식회사,니로 하이브리드,2017
2024-02-19,폭스바겐그룹코리아 주식회사,e-tron 55 quattro,2022
2024-02-19,메르세데스벤츠코리아(주),Mercedes-Benz EQE500 4MATIC SUV,2023
2024-02-19,메르세데스벤츠코리아(주),Mercedes-Benz EQE500 4MATIC SUV,2023
2024-02-19,메르세데스벤츠코리아(주),Mercedes-Benz EQB300 4MATIC,2023
2024-02-19,메르세데스벤츠코리아(주),Mercedes-Benz E250,2021
2024-02-19,현대자동차(주),G70,2021
2024-02-19,현대자동차(주),G70,2019
2024-02-19,현대자동차(주),G70,2018
2024-02-19,기아 주식회사,EV6,2022
2024-02-19,메르세데스벤츠코리아(주),E220 CDI,2014
2024-02-19,한국지엠(주),CHEVROLET TAHOE AWD,2022
2024-02-19,르노코리아(주),CAPTUR,2020
2024-02-19,비엠더블유코리아(주),BMW 640d xDrive Gran Coupe,2014
2024-02-19,비엠더블유코리아(주),BMW 530i M Sport Package Plus,2019
2024-02-20,현대자동차(주),포터Ⅱ (PORTERⅡ),2024
2024-02-20,현대자동차(주),포터Ⅱ (PORTERⅡ),2024
2024-02-20,기아 주식회사,카니발 하이리무진,2019
2024-02-20,(주)재규어랜드로버코리아,재규어 XE 20d,2018
2024-02-20,현대자동차(주),아이오닉6 (IONIQ6),2023
2024-02-20,현대자동차(주),아이오닉6 (IONIQ6),2023
2024-02-20,현대자동차(주),아이오닉5 (IONIQ5),2023
2024-02-20,현대자동차(주),아이오닉5 (IONIQ5),2022
2024-02-20,현대자동차(주),싼타페(SANTAFE),2013
2024-02-20,현대자동차(주),싼타페 하이브리드(SANTAFE HYBRID),2024
2024-02-20,현대자동차(주),싼타페 하이브리드(SANTAFE HYBRID),2024
2024-02-20,기아 주식회사,스포티지,2019
2024-02-20,기아 주식회사,니로 하이브리드,2018
2024-02-20,현대자동차(주),넥쏘 (NEXO) 수소전기차,2019
2024-02-20,현대자동차(주),그랜저 하이브리드,2018
2024-02-20,폭스바겐그룹코리아 주식회사,Tiguan 2.0 TDI 4Motion,2018
2024-02-20,메르세데스벤츠코리아(주),Mercedes-Maybach S580 4MATIC,2023
2024-02-20,메르세데스벤츠코리아(주),Mercedes-Benz EQE500 4MATIC SUV,2023
2024-02-20,메르세데스벤츠코리아(주),Mercedes-Benz EQE350 4MATIC,2023
2024-02-20,기아 주식회사,K5,2021
2024-02-20,현대자동차(주),G70,2018
2024-02-20,주식회사 쎄보모빌리티,CEVO-C SE,2023
2024-02-20,메르세데스벤츠코리아(주),C200 Coupe,2016
2024-02-20,비엠더블유코리아(주),BMW 530i xDrive,2018
2024-02-20,비엠더블유코리아(주),BMW 520d,2018
2024-02-20,폭스바겐그룹코리아 주식회사,A3 40 TFSI,2018
2024-02-20,폭스바겐그룹코리아 주식회사,A3 40 TFSI,2018
2024-02-21,현대자동차(주),투싼(TUCSON),2017
2024-02-21,케이지모빌리티 주식회사(KG Mobility Corp.),코란도,2020
2024-02-21,지엠아시아퍼시픽지역본부 주식회사,캐딜락 CT6 3.6,2018
2024-02-21,현대자동차(주),아이오닉6 (IONIQ6),2023
2024-02-21,현대자동차(주),아이오닉6 (IONIQ6),2023
2024-02-21,현대자동차(주),아이오닉6 (IONIQ6),2023
2024-02-21,현대자동차(주),아이오닉5 (IONIQ5),2023
2024-02-21,현대자동차(주),아이오닉5 (IONIQ5),2023
2024-02-21,현대자동차(주),아이오닉5 (IONIQ5),2023
2024-02-21,기아 주식회사,쏘울 전기차,2019
2024-02-21,현대자동차(주),쏘나타(SONATA),2020
2024-02-21,현대자동차(주),싼타페 하이브리드(SANTAFE HYBRID),2024
2024-02-21,현대자동차(주),싼타페 하이브리드(SANTAFE HYBRID),2024
2024-02-21,기아 주식회사,스팅어,2018
2024-02-21,기아 주식회사,스팅어,2019
2024-02-21,(주)볼보자동차코리아,볼보 V90CCD5 AWD,2017
2024-02-21,메르세데스벤츠코리아(주),벤츠 EQC 400 4MATIC,2020
2024-02-21,한국토요타자동차(주),렉서스 IS250,2007
2024-02-21,현대자동차(주),그랜저(GRANDEUR),2013
2024-02-21,폭스바겐그룹코리아 주식회사,Tiguan 2.0 TDI,2018
2024-02-21,혼다코리아(주),SCR1105WH,2016
2024-02-21,한불모터스(주),Peugeot e-208,2021
2024-02-21,한불모터스(주),Peugeot 2008 1.6 Blue-HDi,2016
2024-02-21,메르세데스벤츠코리아(주),Mercedes-Benz EQE500 4MATIC SUV,2023
2024-02-21,메르세데스벤츠코리아(주),Mercedes-Benz EQE500 4MATIC SUV,2023
2024-02-21,메르세데스벤츠코리아(주),Mercedes-Benz EQE350 +,2023
2024-02-21,메르세데스벤츠코리아(주),Mercedes-Benz EQB300 4MATIC,2023
2024-02-21,기아 주식회사,K8,2024
2024-02-21,기아 주식회사,EV6,2022
2024-02-21,메르세데스벤츠코리아(주),E200,2017
2024-02-21,메르세데스벤츠코리아(주),CLS250 d 4Matic,2017
2024-02-22,현대자동차(주),아이오닉6 (IONIQ6),2023
2024-02-22,현대자동차(주),아이오닉5(IONIQ5),2022
2024-02-22,현대자동차(주),아이오닉5 (IONIQ5),2022
2024-02-22,현대자동차(주),아이오닉5 (IONIQ5),2023
2024-02-22,현대자동차(주),아이오닉5 (IONIQ5),2023
2024-02-22,현대자동차(주),아이오닉5 (IONIQ5),2023
2024-02-22,현대자동차(주),싼타페(SANTAFE),2019
2024-02-22,현대자동차(주),싼타페 하이브리드(SANTAFE HYBRID),2024
2024-02-22,기아 주식회사,스팅어,2020
2024-02-22,기아 주식회사,봉고Ⅲ 1톤,2024
2024-02-22,기아 주식회사,니로 하이브리드,2017
2024-02-22,기아 주식회사,니로 하이브리드,2017
2024-02-22,현대자동차(주),넥쏘 (NEXO) 수소전기차,2023
2024-02-22,폭스바겐그룹코리아 주식회사,Tiguan Allspace 2.0 TDI,2018
2024-02-22,메르세데스벤츠코리아(주),Mercedes-Benz EQE350 4MATIC SUV,2023
2024-02-22,메르세데스벤츠코리아(주),Mercedes-Benz EQE350 4MATIC SUV,2023
2024-02-22,메르세데스벤츠코리아(주),Mercedes-Benz EQE350 4MATIC SUV,2023
2024-02-22,메르세데스벤츠코리아(주),Mercedes-AMG GT S,2018
2024-02-22,기아 주식회사,K3,2018
2024-02-22,현대자동차(주),G70,2019
2024-02-22,현대자동차(주),G70,2018
2024-02-22,기아 주식회사,EV6,2022
2024-02-22,기아 주식회사,EV6,2023
2024-02-22,기아 주식회사,EV6,2023
2024-02-22,기아 주식회사,EV6,2023
2024-02-22,기아 주식회사,EV6,2022
2024-02-22,기아 주식회사,EV6,2022
2024-02-22,기아 주식회사,EV6,2022
2024-02-22,기아 주식회사,EV6,2023
2024-02-22,비엠더블유코리아(주),BMW 528i,2016
2024-02-22,폭스바겐그룹코리아 주식회사,Arteon 2.0 TDI,2019
2024-02-22,폭스바겐그룹코리아 주식회사,A3 40 TFSI,2018
2024-02-23,현대자동차(주),포터Ⅱ (PORTERⅡ),2024
2024-02-23,한국지엠주식회사,트랙스 1.6 디젤,2016
2024-02-23,한국지엠주식회사,트랙스 1.4,2022
2024-02-23,포드세일즈서비스코리아(유),익스플로러,2012
2024-02-23,현대자동차(주),아이오닉6 (IONIQ6),2023
2024-02-23,현대자동차(주),아이오닉5(IONIQ5),2022
2024-02-23,기아 주식회사,쏘렌토,2018
2024-02-23,현대자동차(주),쏘나타(SONATA),2024
2024-02-23,,쏘나타,2024
2024-02-23,현대자동차(주),싼타페 하이브리드(SANTAFE HYBRID),2024
2024-02-23,기아 주식회사,스팅어,2021
2024-02-23,기아 주식회사,스팅어,2019
2024-02-23,메리트특장차주식회사,메리트8.5톤트럭,2024
2024-02-23,기아 주식회사,니로 EV,2020
2024-02-23,현대자동차(주),그랜저 하이브리드,2019
2024-02-23,현대자동차(주),그랜드 스타렉스(GRAND STAREX),2017
2024-02-23,르노코리아(주),SM6,2016
2024-02-23,르노코리아(주),QM3,2016
2024-02-23,테슬라코리아 유한회사,Model Y Long Range,2022
2024-02-23,메르세데스벤츠코리아(주),Mercedes-Benz EQS350,2022
2024-02-23,메르세데스벤츠코리아(주),Mercedes-Benz EQE500 4MATIC SUV,2023
2024-02-23,기아 주식회사,K5 하이브리드,2015
2024-02-23,기아 주식회사,K5 하이브리드,2023
2024-02-23,현대자동차(주),GV70,2022
2024-02-23,현대자동차(주),G70,2019
2024-02-23,기아 주식회사,EV9,2024
2024-02-23,기아 주식회사,EV6,2023
2024-02-23,기아 주식회사,EV6,2022
2024-02-23,기아 주식회사,EV6,2022
2024-02-23,기아 주식회사,EV6,2022
2024-02-23,기아 주식회사,EV6,2022
2024-02-23,기아 주식회사,EV6,2022
2024-02-23,기아 주식회사,EV6,2022
2024-02-23,기아 주식회사,EV6,2022
2024-02-23,기아 주식회사,EV6,2023
2024-02-23,메르세데스벤츠코리아(주),E200,2015
2024-02-23,비엠더블유코리아(주),BMW X3 xDrive20d,2016
2024-02-23,비엠더블유코리아(주),BMW 530i,2018
2024-02-26,케이지모빌리티 주식회사(KG Mobility Corp.),토레스,2024
2024-02-26,기아 주식회사,카니발 하이브리드,2024
2024-02-26,현대자동차(주),아이오닉6 (IONIQ6),2023
2024-02-26,현대자동차(주),아이오닉5(IONIQ5),2022
2024-02-26,현대자동차(주),아이오닉5(IONIQ5),2023
2024-02-26,현대자동차(주),아이오닉5(IONIQ5),2023
2024-02-26,현대자동차(주),아이오닉5(IONIQ5),2023
2024-02-26,현대자동차(주),아이오닉5(IONIQ5),2023
2024-02-26,현대자동차(주),아이오닉5 (IONIQ5),2022
2024-02-26,기아 주식회사,쏘울 EV,2015
2024-02-26,기아 주식회사,스포티지,2022
2024-02-26,기아 주식회사,스포티지,2022
2024-02-26,기아 주식회사,스팅어,2021
2024-02-26,한국지엠주식회사,말리부 1.8 HYBRID,2017
2024-02-26,(주)재규어랜드로버코리아,디스커버리 SD4,2019
2024-02-26,(주)루트17,다니고밴,2021
2024-02-26,현대자동차(주),그랜저 하이브리드(GRANDEUR HYBRID),2020
2024-02-26,폭스바겐그룹코리아 주식회사,Tiguan Allspace 2.0 TDI,2020
2024-02-26,폭스바겐그룹코리아 주식회사,Tiguan 2.0 TDI,2020
2024-02-26,르노코리아(주),SM3 Z.E.,2015
2024-02-26,한불모터스(주),Peugeot e-208,2021
2024-02-26,메르세데스벤츠코리아(주),Mercedes-Benz EQE350 4MATIC SUV,2023
2024-02-26,메르세데스벤츠코리아(주),Mercedes-Benz EQB300 4MATIC,2023
2024-02-26,기아 주식회사,K5,2020
2024-02-26,현대자동차(주),G80,2022
2024-02-26,현대자동차(주),G80,2017
2024-02-26,현대자동차(주),G70,2018
2024-02-26,현대자동차(주),G70,2020
2024-02-26,기아 주식회사,EV6,2023
2024-02-26,기아 주식회사,EV6,2023
2024-02-26,기아 주식회사,EV6,2022
2024-02-26,기아 주식회사,EV6,2023
2024-02-26,기아 주식회사,EV6,2022
2024-02-26,기아 주식회사,EV6,2023
2024-02-26,한국지엠(주),CHEVROLET EQUINOX FWD,2019
2024-02-26,비엠더블유코리아(주),BMW 530i Luxury,2020
2024-02-26,비엠더블유코리아(주),BMW 520d xDrive,2017
2024-02-27,현대자동차(주),포터Ⅱ (PORTERⅡ),2024
2024-02-27,현대자동차(주),팰리세이드(PALISADE),2022
2024-02-27,현대자동차(주),투싼(TUCSON),2016
2024-02-27,케이지모빌리티 주식회사(KG Mobility Corp.),토레스,2023
2024-02-27,현대자동차(주),캐스퍼(CASPER),2022
2024-02-27,기아 주식회사,카니발 하이브리드,2024
2024-02-27,기아 주식회사,카니발 리무진,2019
2024-02-27,(주)재규어랜드로버코리아,재규어 F-PACE 20d,2017
2024-02-27,현대자동차(주),아이오닉6 (IONIQ6),2023
2024-02-27,현대자동차(주),아이오닉6 (IONIQ6),2023
2024-02-27,현대자동차(주),아이오닉5(IONIQ5),2022
2024-02-27,현대자동차(주),아이오닉5 (IONIQ5),2023
2024-02-27,현대자동차(주),아이오닉5 (IONIQ5),2022
2024-02-27,현대자동차(주),아반떼(AVANTE),2018
2024-02-27,현대자동차(주),싼타페 하이브리드(SANTAFE HYBRID),2024
2024-02-27,현대자동차(주),싼타페 하이브리드(SANTAFE HYBRID),2024
2024-02-27,기아 주식회사,K5,2023
2024-02-27,현대자동차(주),GV70,2022
2024-02-27,현대자동차(주),GV60,2022
2024-02-27,현대자동차(주),G70,2018
2024-02-27,현대자동차(주),G70,2019
2024-02-27,기아 주식회사,EV6,2023
2024-02-27,기아 주식회사,EV6,2022
2024-02-27,기아 주식회사,EV6,2022
2024-02-27,기아 주식회사,EV6,2023
2024-02-27,메르세데스벤츠코리아(주),E220 d,2017
2024-02-27,혼다코리아(주),ACCORD HYBRID,2021
2024-02-27,폭스바겐그룹코리아 주식회사,A6 45 TFSI,2021
2024-02-28,케이지모빌리티 주식회사(KG Mobility Corp.),토레스,2024
2024-02-28,케이지모빌리티 주식회사(KG Mobility Corp.),코란도,2020
2024-02-28,기아 주식회사,카니발,2017
2024-02-28,현대자동차(주),아이오닉5(IONIQ5),2022
2024-02-28,현대자동차(주),쏘나타(SONATA),2016
2024-02-28,현대자동차(주),쏘나타(SONATA),2016
2024-02-28,현대자동차(주),싼타페(SANTAFE),2024
2024-02-28,현대자동차(주),싼타페 하이브리드(SANTAFE HYBRID),2024
2024-02-28,현대자동차(주),싼타페 하이브리드(SANTAFE HYBRID),2024
2024-02-28,현대자동차(주),싼타페 하이브리드(SANTAFE HYBRID),2024
2024-02-28,현대자동차(주),싼타페 하이브리드(SANTAFE HYBRID),2024
2024-02-28,기아 주식회사,스팅어,2020
2024-02-28,기아 주식회사,스팅어,2018
2024-02-28,(주)볼보자동차코리아,볼보 V60CCB5 AWD,2024
2024-02-28,폭스바겐그룹코리아 주식회사,e-tron Sportback 55 quattro,2021
2024-02-28,폭스바겐그룹코리아 주식회사,Tiguan 2.0TDI,2022
2024-02-28,폭스바겐그룹코리아 주식회사,Tiguan 2.0 TDI,2018
2024-02-28,메르세데스벤츠코리아(주),Mercedes-Benz EQE500 4MATIC SUV,2023
2024-02-28,메르세데스벤츠코리아(주),Mercedes-Benz EQE500 4MATIC SUV,2023
2024-02-28,메르세데스벤츠코리아(주),Mercedes-Benz EQE500 4MATIC SUV,2023
2024-02-28,메르세데스벤츠코리아(주),Mercedes-Benz EQE 350 4MATIC,2024
2024-02-28,기아 주식회사,K3,2013
2024-02-28,현대자동차(주),GV60,2023
2024-02-28,현대자동차(주),GV60,2023
2024-02-28,현대자동차(주),GV60,2023
2024-02-28,현대자동차(주),GV60,2023
2024-02-28,현대자동차(주),GV60,2023
2024-02-28,현대자동차(주),GV60,2022
2024-02-28,현대자동차(주),GV60,2022
2024-02-28,현대자동차(주),GV60,2023
2024-02-28,현대자동차(주),GV60,2022
2024-02-28,현대자동차(주),GV60,2022
2024-02-28,현대자동차(주),GV60,2023
2024-02-28,현대자동차(주),G70,2019
2024-02-28,기아 주식회사,EV6,2023
2024-02-28,기아 주식회사,EV6,2022
2024-02-28,기아 주식회사,EV6,2022
2024-02-28,기아 주식회사,EV6,2022
2024-02-28,기아 주식회사,EV6,2023
2024-02-29,케이지모빌리티 주식회사(KG Mobility Corp.),토레스,2023
2024-02-29,케이지모빌리티 주식회사(KG Mobility Corp.),토레스,2024
2024-02-29,기아 주식회사,카니발 하이브리드,2024
2024-02-29,기아 주식회사,카니발 리무진,2019
2024-02-29,현대자동차(주),제네시스(GENESIS),2014
2024-02-29,한국지엠주식회사,올란도 2.0 LPG,2012
2024-02-29,현대자동차(주),아이오닉6 (IONIQ6),2023
2024-02-29,현대자동차(주),아이오닉5(IONIQ5),2023
2024-02-29,현대자동차(주),아이오닉5(IONIQ5),2023
2024-02-29,현대자동차(주),아이오닉5 (IONIQ5),2023
2024-02-29,현대자동차(주),아이오닉5 (IONIQ5),2022
2024-02-29,현대자동차(주),아반떼(AVANTE),2019
2024-02-29,기아 주식회사,쏘렌토 하이브리드,2024
2024-02-29,현대자동차(주),쏘나타 하이브리드 (SONATA HYBRID),2020
2024-02-29,현대자동차(주),싼타페(SANTAFE),2024
2024-02-29,현대자동차(주),싼타페 하이브리드(SANTAFE HYBRID),2024
2024-02-29,현대자동차(주),싼타페 하이브리드(SANTAFE HYBRID),2024
2024-02-29,기아 주식회사,스포티지 하이브리드,2023
2024-02-29,(주)재규어랜드로버코리아,디스커버리 TD6,2017
2024-02-29,(주)재규어랜드로버코리아,디스커버리 TD6,2018
2024-02-29,(주)재규어랜드로버코리아,디스커버리 TD6,2019
2024-02-29,기아 주식회사,니로 하이브리드,2020
2024-02-29,현대자동차(주),그랜저 하이브리드,2019
2024-02-29,메르세데스벤츠코리아(주),Mercedes-Benz A220 Sedan,2022
2024-02-29,메르세데스벤츠코리아(주),Mercedes-Benz A220 Sedan,2022
2024-02-29,현대자동차(주),G80,2018
2024-02-29,현대자동차(주),G70,2021
2024-02-29,기아 주식회사,EV6,2023
2024-02-29,기아 주식회사,EV6,2022
2024-02-29,기아 주식회사,EV6,2023
2024-02-29,메르세데스벤츠코리아(주),E220 CDI,2013
2024-02-29,비엠더블유코리아(주),BMW iX3 M Sport,2023
2024-02-29,비엠더블유코리아(주),BMW iX xDrive50,2023
2024-02-29,비엠더블유코리아(주),BMW X5 xDrive30d,2021
2024-02-29,비엠더블유코리아(주),BMW X3 xDrive20d xLine,2019
2024-02-29,폭스바겐그룹코리아 주식회사,A6 40 TDI quattro,2016
2024-03-04,현대자동차(주),투싼(TUCSON),2018
2024-03-04,아트원 주식회사,아트원글로밴하이리무진,2023
2024-03-04,현대자동차(주),아이오닉5(IONIQ5),2023
2024-03-04,현대자동차(주),아이오닉5(IONIQ5),2023
2024-03-04,현대자동차(주),아이오닉5 (IONIQ5),2022
2024-03-04,현대자동차(주),싼타페(SANTAFE),2024
2024-03-04,현대자동차(주),싼타페 하이브리드(SANTAFE HYBRID),2024
2024-03-04,현대자동차(주),싼타페 하이브리드(SANTAFE HYBRID),2024
2024-03-04,현대자동차(주),싼타페 하이브리드(SANTAFE HYBRID),2024
2024-03-04,현대자동차(주),싼타페 하이브리드(SANTAFE HYBRID),2024
2024-03-04,현대자동차(주),싼타페 하이브리드(SANTAFE HYBRID),2024
2024-03-04,현대자동차(주),싼타페 하이브리드(SANTAFE HYBRID),2024
2024-03-04,기아 주식회사,스팅어,2021
2024-03-04,기아 주식회사,스팅어,2018
2024-03-04,기아 주식회사,셀토스,2020
2024-03-04,DUJ,그린1톤내장탑차,2024
2024-03-04,현대자동차(주),그랜저(GRANDEUR),2020
2024-03-04,현대자동차(주),그랜저(GRANDEUR),2019
2024-03-04,르노코리아(주),SM5,2011
2024-03-04,르노코리아(주),SM3,2011
2024-03-04,메르세데스벤츠코리아(주),S400 L,2015
2024-03-04,한불모터스(주),Peugeot 3008 1.5 BlueHDi,2019
2024-03-04,메르세데스벤츠코리아(주),Mercedes-Benz E350 4MATIC,2021
2024-03-04,기아 주식회사,K9,2020
2024-03-04,기아 주식회사,K7,2018
2024-03-04,현대자동차(주),GV70,2022
2024-03-04,현대자동차(주),GV60,2023
2024-03-04,메르세데스벤츠코리아(주),GLE250 d 4Matic,2016
2024-03-04,현대자동차(주),G80,2021
2024-03-04,현대자동차(주),G70,2019
2024-03-04,현대자동차(주),G70,2019
2024-03-04,기아 주식회사,EV6,2022
2024-03-04,기아 주식회사,EV6,2022
2024-03-04,기아 주식회사,EV6,2022
2024-03-04,기아 주식회사,EV6,2023
2024-03-04,비엠더블유코리아(주),BMW 520i,2018
2024-03-04,비엠더블유코리아(주),BMW 320d,2017
2024-03-04,폭스바겐그룹코리아 주식회사,Arteon 2.0 TDI,2019
2024-03-04,포르쉐코리아 주식회사,911 카레라 4 카브리올레,2021
2024-03-05,현대자동차(주),포터Ⅱ (PORTERⅡ),2024
2024-03-05,케이지모빌리티 주식회사(KG Mobility Corp.),코란도,2019
2024-03-05,현대자동차(주),캐스퍼(CASPER),2023
2024-03-05,기아 주식회사,카렌스,2017
2024-03-05,현대자동차(주),아이오닉5(IONIQ5),2022
2024-03-05,현대자동차(주),아이오닉5 N(IONIQ5 N),2024
2024-03-05,현대자동차(주),아이오닉5 (IONIQ5),2022
2024-03-05,현대자동차(주),아반떼(AVANTE),2016
2024-03-05,현대자동차(주),쏘나타 하이브리드 (SONATA Hybrid),2024
2024-03-05,현대자동차(주),쏘나타 하이브리드 (SONATA HYBRID),2020
2024-03-05,현대자동차(주),싼타페 하이브리드(SANTAFE HYBRID),2024
2024-03-05,기아 주식회사,스포티지,2019
2024-03-05,(주)볼보자동차코리아,볼보 XC40T4 AWD,2019
2024-03-05,현대자동차(주),그랜저(GRANDEUR),2018
2024-03-05,현대자동차(주),그랜저(GRANDEUR),2015
2024-03-05,현대자동차(주),그랜저(GRANDEUR),2018
2024-03-05,폭스바겐그룹코리아 주식회사,Tiguan Allspace 2.0 TDI,2018
2024-03-05,폭스바겐그룹코리아 주식회사,Tiguan 2.0 TDI,2020
2024-03-05,테슬라코리아 유한회사,Model Y Long Range,2022
2024-03-05,메르세데스벤츠코리아(주),Mercedes-Benz EQS580 4MATIC SUV,2023
2024-03-05,메르세데스벤츠코리아(주),Mercedes-Benz EQS450 4MATIC SUV,2023
2024-03-05,비엠더블유코리아(주),MINI Cooper SD Countryman ALL4,2018
2024-03-05,포드세일즈서비스코리아(유),Lincoln MKZ 2.0,2017
2024-03-05,기아 주식회사,K9,2019
2024-03-05,기아 주식회사,K7,2020
2024-03-05,현대자동차(주),GV60,2023
2024-03-05,메르세데스벤츠코리아(주),GLA200 d 4Matic,2016
2024-03-05,메르세데스벤츠코리아(주),GLA200 d 4Matic,2016
2024-03-05,현대자동차(주),G70,2019
2024-03-05,기아 주식회사,EV6,2022
2024-03-05,기아 주식회사,EV6,2022
2024-03-05,기아 주식회사,EV6,2023
2024-03-05,기아 주식회사,EV6,2022
2024-03-05,비엠더블유코리아(주),BMW iX3 M Sport,2022
2024-03-05,비엠더블유코리아(주),BMW 530i Luxury,2020
2024-03-06,한국지엠주식회사,트레일블레이저 1.35 TURBO AWD,2022
2024-03-06,한국지엠주식회사,트랙스 1.2 터보,2024
2024-03-06,한국토요타자동차(주),토요타 Alphard Hybrid,2024
2024-03-06,케이지모빌리티 주식회사(KG Mobility Corp.),토레스,2023
2024-03-06,현대자동차(주),코나(KONA),2018
2024-03-06,현대자동차(주),아이오닉6 (IONIQ6),2023
2024-03-06,현대자동차(주),아이오닉6 (IONIQ6),2023
2024-03-06,현대자동차(주),아이오닉6 (IONIQ6),2023
2024-03-06,현대자동차(주),아이오닉5 (IONIQ5),2022
2024-03-06,현대자동차(주),아이오닉5 (IONIQ5),2023
2024-03-06,현대자동차(주),아반떼(AVANTE),2016
2024-03-06,현대자동차(주),아반떼(AVANTE),2017
2024-03-06,현대자동차(주),쏘나타 하이브리드(SONATA HYBRID),2015
2024-03-06,현대자동차(주),싼타페(SANTAFE),2024
2024-03-06,현대자동차(주),싼타페 하이브리드(SANTAFE HYBRID),2024
2024-03-06,현대자동차(주),싼타페 하이브리드(SANTAFE HYBRID),2024
2024-03-06,현대자동차(주),싼타페 하이브리드(SANTAFE HYBRID),2024
2024-03-06,현대자동차(주),싼타페 하이브리드(SANTAFE HYBRID),2024
2024-03-06,현대자동차(주),싼타페 하이브리드(SANTAFE HYBRID),2024
2024-03-06,현대자동차(주),싼타페 하이브리드(SANTAFE HYBRID),2024
2024-03-06,현대자동차(주),싼타페 하이브리드(SANTAFE HYBRID),2024
2024-03-06,현대자동차(주),싼타페 하이브리드(SANTAFE HYBRID),2024
2024-03-06,현대자동차(주),싼타페 하이브리드(SANTAFE HYBRID),2024
2024-03-06,현대자동차(주),싼타페 하이브리드(SANTAFE HYBRID),2024
2024-03-06,현대자동차(주),싼타페 하이브리드(SANTAFE HYBRID),2024
2024-03-06,현대자동차(주),싼타페 하이브리드(SANTAFE HYBRID),2024
2024-03-06,현대자동차(주),싼타페 하이브리드(SANTAFE HYBRID),2024
2024-03-06,현대자동차(주),싼타페 하이브리드(SANTAFE HYBRID),2024
2024-03-06,현대자동차(주),싼타페 하이브리드(SANTAFE HYBRID),2024
2024-03-06,현대자동차(주),싼타페 하이브리드(SANTAFE HYBRID),2024
2024-03-06,현대자동차(주),싼타페 하이브리드(SANTAFE HYBRID),2024
2024-03-06,현대자동차(주),싼타페 하이브리드(SANTAFE HYBRID),2024
2024-03-06,현대자동차(주),싼타페 하이브리드(SANTAFE HYBRID),2024
2024-03-06,현대자동차(주),싼타페 하이브리드(SANTAFE HYBRID),2024
2024-03-06,현대자동차(주),싼타페 하이브리드(SANTAFE HYBRID),2024
2024-03-06,현대자동차(주),싼타페 하이브리드(SANTAFE HYBRID),2024
2024-03-06,현대자동차(주),싼타페 하이브리드(SANTAFE HYBRID),2024
2024-03-06,현대자동차(주),싼타페 하이브리드(SANTAFE HYBRID),2024
2024-03-06,현대자동차(주),싼타페 하이브리드(SANTAFE HYBRID),2024
2024-03-06,현대자동차(주),싼타페 하이브리드(SANTAFE HYBRID),2024
2024-03-06,현대자동차(주),싼타페 하이브리드(SANTAFE HYBRID),2024
2024-03-06,현대자동차(주),싼타페 하이브리드(SANTAFE HYBRID),2024
2024-03-06,현대자동차(주),싼타페 하이브리드(SANTAFE HYBRID),2024
2024-03-06,현대자동차(주),싼타페 하이브리드(SANTAFE HYBRID),2024
2024-03-06,기아 주식회사,모닝,2016
2024-03-06,(주)재규어랜드로버코리아,디스커버리 TD6,2018
2024-03-06,기아 주식회사,니로 하이브리드,2017
2024-03-06,현대자동차(주),그랜저 하이브리드,2018
2024-03-06,폭스바겐그룹코리아 주식회사,Tiguan Allspace,2023
2024-03-06,만트럭버스코리아(주),TGX,2017
2024-03-06,한불모터스(주),Peugeot 5008 GT 2.0 BlueHDi,2020
2024-03-06,메르세데스벤츠코리아(주),Mercedes-Benz GLC 300 4MATIC Coupe,2024
2024-03-06,포드세일즈서비스코리아(유),Lincoln MKZ 2.0,2017
2024-03-06,현대자동차(주),GV70,2022
2024-03-06,현대자동차(주),GV60,2022
2024-03-06,현대자동차(주),G70,2018
2024-03-06,기아 주식회사,EV6,2023
2024-03-06,기아 주식회사,EV6,2023
2024-03-06,기아 주식회사,EV6,2023
2024-03-07,현대자동차(주),투싼(TUCSON),2019
2024-03-07,현대자동차(주),투싼(TUCSON),2016
2024-03-07,케이지모빌리티 주식회사(KG Mobility Corp.),코란도,2019
2024-03-07,기아 주식회사,카니발 리무진,2021
2024-03-07,기아 주식회사,카니발 리무진,2016
2024-03-07,기아 주식회사,카니발 리무진,2021
2024-03-07,기아 주식회사,카니발,2019
2024-03-07,스텔란티스코리아 주식회사,짚 체로키 2.4,2019
2024-03-07,현대자동차(주),아이오닉5(IONIQ5),2022
2024-03-07,현대자동차(주),아이오닉5(IONIQ5),2023
2024-03-07,현대자동차(주),아이오닉5(IONIQ5),2023
2024-03-07,현대자동차(주),아반떼 하이브리드(AVANTE HYBRID),2010
2024-03-07,현대자동차(주),쏘나타(SONATA),2021
2024-03-07,현대자동차(주),싼타페 하이브리드(SANTAFE HYBRID),2024
2024-03-07,현대자동차(주),싼타페 하이브리드(SANTAFE HYBRID),2024
2024-03-07,현대자동차(주),싼타페 하이브리드(SANTAFE HYBRID),2024
2024-03-07,현대자동차(주),싼타페 하이브리드(SANTAFE HYBRID),2024
2024-03-07,현대자동차(주),싼타페 하이브리드(SANTAFE HYBRID),2024
2024-03-07,현대자동차(주),싼타페 하이브리드(SANTAFE HYBRID),2024
2024-03-07,현대자동차(주),싼타페 하이브리드(SANTAFE HYBRID),2024
2024-03-07,현대자동차(주),싼타페 하이브리드(SANTAFE HYBRID),2024
2024-03-07,현대자동차(주),싼타페 하이브리드(SANTAFE HYBRID),2024
2024-03-07,현대자동차(주),싼타페 하이브리드(SANTAFE HYBRID),2024
2024-03-07,현대자동차(주),싼타페 하이브리드(SANTAFE HYBRID),2024
2024-03-07,현대자동차(주),싼타페 하이브리드(SANTAFE HYBRID),2024
2024-03-07,기아 주식회사,모하비,2017
2024-03-07,현대자동차(주),그랜저(GRANDEUR),2023
2024-03-07,르노코리아(주),XM3,2020
2024-03-07,폭스바겐그룹코리아 주식회사,Tiguan 2.0 TDI 4Motion,2018
2024-03-07,폭스바겐그룹코리아 주식회사,Tiguan 2.0 TDI,2020
2024-03-07,메르세데스벤츠코리아(주),Mercedes-Benz S500 4MATIC,2023
2024-03-07,메르세데스벤츠코리아(주),Mercedes-Benz EQE350 4MATIC SUV,2023
2024-03-07,비엠더블유코리아(주),MINI Cooper S Countryman ALL4,2022
2024-03-07,포드세일즈서비스코리아(유),Lincoln MKZ Hybrid,2019
2024-03-07,현대자동차(주),GV60,2022
2024-03-07,현대자동차(주),GV60,2022
2024-03-07,현대자동차(주),G80,2017
2024-03-07,현대자동차(주),G80,2017
2024-03-07,현대자동차(주),G70,2018
2024-03-07,기아 주식회사,EV9,2024
2024-03-07,기아 주식회사,EV6 GT,2023
2024-03-07,기아 주식회사,EV6,2022
2024-03-07,기아 주식회사,EV6,2023
2024-03-07,기아 주식회사,EV6,2022
2024-03-07,기아 주식회사,EV6,2023
2024-03-07,기아 주식회사,EV6,2022
2024-03-07,기아 주식회사,EV6,2023
2024-03-07,기아 주식회사,EV6,2022
2024-03-07,기아 주식회사,EV6,2022
2024-03-07,한국지엠(주),CHEVROLET BOLT EV,2017
2024-03-07,비엠더블유코리아(주),BMW X1 xDrive20i,2024
2024-03-07,비엠더블유코리아(주),BMW 530i xDrive,2018
2024-03-07,비엠더블유코리아(주),BMW 530i,2023
2024-03-07,비엠더블유코리아(주),BMW 530i,2023
2024-03-07,비엠더블유코리아(주),BMW 530i,2023
2024-03-07,비엠더블유코리아(주),BMW 530i,2022
2024-03-08,한국지엠주식회사,크루즈 1.4,2014
2024-03-08,케이지모빌리티 주식회사(KG Mobility Corp.),코란도,2020
2024-03-08,기아 주식회사,카니발,2021
2024-03-08,현대자동차(주),제네시스(GENESIS),2015
2024-03-08,현대자동차(주),아이오닉6 (IONIQ6),2023
2024-03-08,현대자동차(주),아이오닉6 (IONIQ6),2023
2024-03-08,현대자동차(주),아이오닉6 (IONIQ6),2023
2024-03-08,현대자동차(주),아이오닉5(IONIQ5),2023
2024-03-08,현대자동차(주),아이오닉5 (IONIQ5),2024
2024-03-08,현대자동차(주),아반떼 N(AVANTE N),2022
2024-03-08,기아 주식회사,쏘렌토 하이브리드,2024
2024-03-08,현대자동차(주),쏘나타(SONATA),2021
2024-03-08,현대자동차(주),싼타페(SANTAFE),2021
2024-03-08,현대자동차(주),싼타페 하이브리드(SANTAFE HYBRID),2024
2024-03-08,현대자동차(주),싼타페 하이브리드(SANTAFE HYBRID),2024
2024-03-08,현대자동차(주),싼타페 하이브리드(SANTAFE HYBRID),2024
2024-03-08,현대자동차(주),싼타페 하이브리드(SANTAFE HYBRID),2024
2024-03-08,현대자동차(주),싼타페 하이브리드(SANTAFE HYBRID),2024
2024-03-08,현대자동차(주),싼타페 하이브리드(SANTAFE HYBRID),2024
2024-03-08,현대자동차(주),싼타페 하이브리드(SANTAFE HYBRID),2024
2024-03-08,현대자동차(주),싼타페 하이브리드(SANTAFE HYBRID),2024
2024-03-08,현대자동차(주),싼타페 하이브리드(SANTAFE HYBRID),2024
2024-03-08,현대자동차(주),싼타페 하이브리드(SANTAFE HYBRID),2024
2024-03-08,현대자동차(주),싼타페 하이브리드(SANTAFE HYBRID),2024
2024-03-08,현대자동차(주),싼타페 하이브리드(SANTAFE HYBRID),2024
2024-03-08,현대자동차(주),싼타페 하이브리드(SANTAFE HYBRID),2024
2024-03-08,현대자동차(주),싼타페 하이브리드(SANTAFE HYBRID),2024
2024-03-08,현대자동차(주),싼타페 하이브리드(SANTAFE HYBRID),2024
2024-03-08,현대자동차(주),싼타페 하이브리드(SANTAFE HYBRID),2024
2024-03-08,현대자동차(주),싼타페 하이브리드(SANTAFE HYBRID),2024
2024-03-08,현대자동차(주),싼타페 하이브리드(SANTAFE HYBRID),2024
2024-03-08,현대자동차(주),싼타페 하이브리드(SANTAFE HYBRID),2024
2024-03-08,현대자동차(주),싼타페 하이브리드(SANTAFE HYBRID),2024
2024-03-08,현대자동차(주),싼타페 하이브리드(SANTAFE HYBRID),2024
2024-03-08,기아 주식회사,스팅어,2021
2024-03-08,기아 주식회사,스팅어,2018
2024-03-08,스카니아코리아그룹(주),스카니아트랙터,2024
2024-03-08,현대자동차(주),맥스크루즈 (MAXCRUZ),2017
2024-03-08,케이지모빌리티 주식회사(KG Mobility Corp.),렉스턴,2021
2024-03-08,기아 주식회사,니로 하이브리드,2017
2024-03-08,(주)뉴원이앤씨,뉴원카니발장애인차,2018
2024-03-08,현대자동차(주),넥쏘 (NEXO) 수소전기차,2019
2024-03-08,현대자동차(주),그랜저(GRANDEUR),2021
2024-03-08,현대자동차(주),그랜저(GRANDEUR),2018
2024-03-08,현대자동차(주),그랜저(GRANDEUR),2015
2024-03-08,현대자동차(주),그랜저(GRANDEUR),2017
2024-03-08,현대자동차(주),그랜저 하이브리드,2019
2024-03-08,폭스바겐그룹코리아 주식회사,Tiguan 2.0 TDI,2020
2024-03-08,폭스바겐그룹코리아 주식회사,Tiguan 2.0 TDI,2018
2024-03-08,폭스바겐그룹코리아 주식회사,Tiguan 2.0 TDI,2018
2024-03-08,포드세일즈서비스코리아(유),Ranger Wildtrak,2023
2024-03-08,르노코리아(주),QM6,2019
2024-03-08,기아 주식회사,K7 하이브리드,2018
2024-03-08,폭스바겐그룹코리아 주식회사,Golf 2.0 TDI BMT,2016
2024-03-08,현대자동차(주),GV60,2023
2024-03-08,현대자동차(주),G70,2019
2024-03-08,현대자동차(주),G70,2024
2024-03-08,현대자동차(주),G70,2019
2024-03-08,현대자동차(주),G70,2024
2024-03-08,기아 주식회사,EV9,2024
2024-03-08,기아 주식회사,EV6,2023
2024-03-08,기아 주식회사,EV6,2022
2024-03-08,메르세데스벤츠코리아(주),E300 4Matic,2019
2024-03-08,메르세데스벤츠코리아(주),E200,2017
2024-03-08,한국지엠(주),CHEVROLET CAMARO,2017
2024-03-08,폭스바겐그룹코리아 주식회사,A6 45 TFSI quattro,2020
2024-03-08,폭스바겐그룹코리아 주식회사,A3 40 TFSI,2018
2024-03-11,현대자동차(주),팰리세이드(PALISADE),2023
2024-03-11,한국토요타자동차(주),토요타 Camry,2019
2024-03-11,한국지엠주식회사,크루즈 1.8 DOHC,2012
2024-03-11,스텔란티스코리아 주식회사,짚 랭글러 사하라,2022
2024-03-11,한국지엠주식회사,올란도 2.0 LPG,2016
2024-03-11,현대자동차(주),아이오닉6 (IONIQ6),2023
2024-03-11,현대자동차(주),아이오닉5 (IONIQ5),2023
2024-03-11,현대자동차(주),아이오닉5 (IONIQ5),2023
2024-03-11,현대자동차(주),아반떼(AVANTE),2018
2024-03-11,현대자동차(주),아반떼 (AVANTE),2014
2024-03-11,기아 주식회사,쏘렌토,2021
2024-03-11,현대자동차(주),싼타페 하이브리드(SANTAFE HYBRID),2024
2024-03-11,현대자동차(주),싼타페 하이브리드(SANTAFE HYBRID),2024
2024-03-11,현대자동차(주),싼타페 하이브리드(SANTAFE HYBRID),2024
2024-03-11,현대자동차(주),싼타페 하이브리드(SANTAFE HYBRID),2024
2024-03-11,현대자동차(주),싼타페 하이브리드(SANTAFE HYBRID),2024
2024-03-11,현대자동차(주),싼타페 하이브리드(SANTAFE HYBRID),2024
2024-03-11,현대자동차(주),싼타페 하이브리드(SANTAFE HYBRID),2024
2024-03-11,현대자동차(주),싼타페 하이브리드(SANTAFE HYBRID),2024
2024-03-11,현대자동차(주),싼타페 하이브리드(SANTAFE HYBRID),2024
2024-03-11,현대자동차(주),싼타페 하이브리드(SANTAFE HYBRID),2024
2024-03-11,현대자동차(주),싼타페 하이브리드(SANTAFE HYBRID),2024
2024-03-11,현대자동차(주),싼타페 하이브리드(SANTAFE HYBRID),2024
2024-03-11,현대자동차(주),싼타페 하이브리드(SANTAFE HYBRID),2024
2024-03-11,현대자동차(주),싼타페 하이브리드(SANTAFE HYBRID),2024
2024-03-11,현대자동차(주),싼타페 하이브리드(SANTAFE HYBRID),2024
2024-03-11,현대자동차(주),싼타페 하이브리드(SANTAFE HYBRID),2024
2024-03-11,기아 주식회사,스팅어,2018
2024-03-11,기아 주식회사,스팅어,2021
2024-03-11,기아 주식회사,스팅어,2021
2024-03-11,기아 주식회사,스팅어,2018
2024-03-11,기아 주식회사,봉고Ⅲ 1.2톤,2024
2024-03-11,케이지모빌리티 주식회사(KG Mobility Corp.),렉스턴스포츠,2024
2024-03-11,케이지모빌리티 주식회사(KG Mobility Corp.),렉스턴,2021
2024-03-11,케이지모빌리티 주식회사(KG Mobility Corp.),렉스턴,2021
2024-03-11,(주)재규어랜드로버코리아,디스커버리 TD6,2018
2024-03-11,(주)재규어랜드로버코리아,디스커버리 TD6,2017
2024-03-11,(주)재규어랜드로버코리아,디스커버리 TD6,2018
2024-03-11,기아 주식회사,니로 하이브리드,2017
2024-03-11,기아 주식회사,니로 EV,2023
2024-03-11,현대자동차(주),그랜저(GRANDEUR),2014
2024-03-11,현대자동차(주),그랜저 하이브리드,2019
2024-03-11,현대자동차(주),그랜저 하이브리드,2019
2024-03-11,폭스바겐그룹코리아 주식회사,Tiguan Allspace 2.0 TDI,2018
2024-03-11,폭스바겐그룹코리아 주식회사,Tiguan 2.0TDI 4Motion,2022
2024-03-11,폭스바겐그룹코리아 주식회사,SQ5 3.0 TDI quattro,2015
2024-03-11,폭스바겐그룹코리아 주식회사,Q3 35 TDI,2020
2024-03-11,메르세데스벤츠코리아(주),Mercedes-Benz EQS450 4MATIC,2023
2024-03-11,기아 주식회사,K7,2016
2024-03-11,폭스바겐그룹코리아 주식회사,Golf 1.4 TSI,2016
2024-03-11,현대자동차(주),G70,2018
2024-03-11,기아 주식회사,EV6,2022
2024-03-11,기아 주식회사,EV6,2022
2024-03-11,기아 주식회사,EV6,2022
2024-03-11,기아 주식회사,EV6,2022
2024-03-11,기아 주식회사,EV6,2023
2024-03-11,비엠더블유코리아(주),BMW 530i,2018
2024-03-12,한국지엠주식회사,올란도 2.0 LPG,2014
2024-03-12,현대자동차(주),아이오닉5(IONIQ5),2022
2024-03-12,기아 주식회사,쏘렌토 하이브리드,2023
2024-03-12,기아 주식회사,쏘렌토 하이브리드,2024
2024-03-12,기아 주식회사,쏘렌토 하이브리드,2024
2024-03-12,현대자동차(주),싼타페 하이브리드(SANTAFE HYBRID),2024
2024-03-12,현대자동차(주),싼타페 하이브리드(SANTAFE HYBRID),2024
2024-03-12,현대자동차(주),싼타페 하이브리드(SANTAFE HYBRID),2024
2024-03-12,현대자동차(주),싼타페 하이브리드(SANTAFE HYBRID),2024
2024-03-12,현대자동차(주),싼타페 하이브리드(SANTAFE HYBRID),2024
2024-03-12,현대자동차(주),싼타페 하이브리드(SANTAFE HYBRID),2024
2024-03-12,기아 주식회사,봉고Ⅲ 1톤,2024
2024-03-12,(주)재규어랜드로버코리아,디스커버리 TD6,2017
2024-03-12,(주)재규어랜드로버코리아,디스커버리 TD6,2019
2024-03-12,(주)재규어랜드로버코리아,디스커버리 TD6,2018
2024-03-12,현대자동차(주),그랜저(GRANDEUR),2018
2024-03-12,폭스바겐그룹코리아 주식회사,The Passat GT 2.0 TDI,2021
2024-03-12,폭스바겐그룹코리아 주식회사,SQ5 3.0 TDI quattro,2014
2024-03-12,폭스바겐그룹코리아 주식회사,SQ5 3.0 TDI quattro,2014
2024-03-12,한불모터스(주),Peugeot 3008 1.6 BlueHDi,2018
2024-03-12,메르세데스벤츠코리아(주),Mercedes-Benz EQB300 4MATIC,2024
2024-03-12,한국지엠(주),GMC Sierra,2024
2024-03-12,현대자동차(주),G70,2019
2024-03-12,기아 주식회사,EV6,2022
2024-03-12,기아 주식회사,EV6,2022
2024-03-12,비엠더블유코리아(주),BMW M2,2016
2024-03-12,비엠더블유코리아(주),BMW 530i,2017
2024-03-13,기아 주식회사,카니발,2019
2024-03-13,D91,영도7.8톤음식물수거차,2020
2024-03-13,현대자동차(주),에쿠스(EQUUS),2010
2024-03-13,현대자동차(주),아이오닉5(IONIQ5),2022
2024-03-13,기아 주식회사,쏘렌토 하이브리드,2024
2024-03-13,기아 주식회사,쏘렌토 하이브리드,2024
2024-03-13,기아 주식회사,쏘렌토 하이브리드,2024
2024-03-13,기아 주식회사,쏘렌토 하이브리드,2024
2024-03-13,기아 주식회사,쏘렌토 하이브리드,2024
2024-03-13,기아 주식회사,쏘렌토,2024
2024-03-13,현대자동차(주),싼타페 하이브리드(SANTAFE HYBRID),2022
2024-03-13,현대자동차(주),싼타페 하이브리드(SANTAFE HYBRID),2024
2024-03-13,현대자동차(주),싼타페 하이브리드(SANTAFE HYBRID),2024
2024-03-13,기아 주식회사,봉고Ⅲ 플러스냉동차,2023
2024-03-13,한국토요타자동차(주),렉서스 ES300h,2021
2024-03-13,기아 주식회사,니로 하이브리드,2018
2024-03-13,폭스바겐그룹코리아 주식회사,Tiguan 2.0 TDI,2020
2024-03-13,폭스바겐그룹코리아 주식회사,Tiguan 2.0 TDI,2018
2024-03-13,폭스바겐그룹코리아 주식회사,Tiguan 2.0 TDI,2018
2024-03-13,폭스바겐그룹코리아 주식회사,Tiguan 2.0 TDI,2018
2024-03-13,폭스바겐그룹코리아 주식회사,Tiguan 2.0 TDI,2020
2024-03-13,폭스바겐그룹코리아 주식회사,SQ5 3.0 TDI quattro,2014
2024-03-13,폭스바겐그룹코리아 주식회사,SQ5 3.0 TDI quattro,2014
2024-03-13,폭스바겐그룹코리아 주식회사,SQ5,2016
2024-03-13,폭스바겐그룹코리아 주식회사,SQ5,2016
2024-03-13,기아 주식회사,K5,2024
2024-03-13,기아 주식회사,K3,2019
2024-03-13,현대자동차(주),GV80,2024
2024-03-13,현대자동차(주),GV70,2022
2024-03-13,현대자동차(주),G80,2021
2024-03-13,비엠더블유코리아(주),BMW 420i Gran Coupe,2020
2024-03-13,비엠더블유코리아(주),BMW 325d,2014
2024-03-14,스텔란티스코리아 주식회사,짚 랭글러 사하라,2018
2024-03-14,현대자동차(주),아이오닉6 (IONIQ6),2023
2024-03-14,현대자동차(주),아이오닉5(IONIQ5),2022
2024-03-14,현대자동차(주),아이오닉5 (IONIQ5),2023
2024-03-14,기아 주식회사,쏘렌토 하이브리드,2024
2024-03-14,기아 주식회사,쏘렌토 하이브리드,2024
2024-03-14,현대자동차(주),싼타페 하이브리드(SANTAFE HYBRID),2024
2024-03-14,기아 주식회사,스포티지,2016
2024-03-14,기아 주식회사,스팅어,2019
2024-03-14,기아 주식회사,스팅어,2020
2024-03-14,한국지엠주식회사,말리부 1.5 TURBO,2017
2024-03-14,케이지모빌리티 주식회사(KG Mobility Corp.),렉스턴,2021
2024-03-14,(주)재규어랜드로버코리아,디스커버리 TD6,2018
2024-03-14,기아 주식회사,니로 하이브리드,2024
2024-03-14,기아 주식회사,니로 하이브리드,2017
2024-03-14,현대자동차(주),넥쏘 (NEXO) 수소전기차,2020
2024-03-14,현대자동차(주),그랜저(GRANDEUR),2012
2024-03-14,현대자동차(주),그랜저 하이브리드(GRANDEUR HYBRID),2023
2024-03-14,현대자동차(주),그랜저 하이브리드(GRANDEUR HYBRID),2023
2024-03-14,폭스바겐그룹코리아 주식회사,Tiguan 2.0 TDI 4Motion,2020
2024-03-14,메르세데스벤츠코리아(주),S500 CGI L,2011
2024-03-14,포드세일즈서비스코리아(유),Ranger Wildtrak,2023
2024-03-14,폭스바겐그룹코리아 주식회사,Q5 35 TDI quattro,2015
2024-03-14,폭스바겐그룹코리아 주식회사,Q5 2.0 TDI quattro,2014
2024-03-14,현대자동차(주),G70,2020
2024-03-14,현대자동차(주),G70,2019
2024-03-14,현대자동차(주),G70,2019
2024-03-15,한국지엠주식회사,트랙스 1.2 터보,2024
2024-03-15,케이지모빌리티 주식회사(KG Mobility Corp.),토레스,2023
2024-03-15,현대자동차(주),아이오닉5 (IONIQ5),2023
2024-03-15,기아 주식회사,쏘렌토 하이브리드,2024
2024-03-15,기아 주식회사,쏘렌토 하이브리드,2024
2024-03-15,현대자동차(주),싼타페 하이브리드(SANTAFE HYBRID),2024
2024-03-15,한국지엠주식회사,스파크 1.0 DOHC LPG,2012
2024-03-15,기아 주식회사,스팅어,2019
2024-03-15,현대자동차(주),뉴-카운티 어린이운송차,2022
2024-03-15,현대자동차(주),넥쏘 (NEXO) 수소전기차,2019
2024-03-15,현대자동차(주),그랜저(GRANDEUR),2018
2024-03-15,현대자동차(주),그랜저 하이브리드(GRANDEUR HYBRID),2023
2024-03-15,르노코리아(주),XM3,2020
2024-03-15,폭스바겐그룹코리아 주식회사,SQ5 3.0 TDI quattro,2014
2024-03-15,기아 주식회사,K8 하이브리드,2022
2024-03-15,현대자동차(주),G70,2019
2024-03-15,현대자동차(주),G70,2020
2024-03-15,기아 주식회사,EV6,2023
2024-03-15,현대자동차(주),EQ900,2018
2024-03-15,비엠더블유코리아(주),BMW S1000R,2020
2024-03-15,폭스바겐그룹코리아 주식회사,A6 40 TDI quattro,2023
2024-03-18,현대자동차(주),투싼(TUCSON),2018
2024-03-18,케이지모빌리티 주식회사(KG Mobility Corp.),토레스 EVX,2024
2024-03-18,케이지모빌리티 주식회사(KG Mobility Corp.),코란도,2022
2024-03-18,기아 주식회사,카니발,2019
2024-03-18,기아 주식회사,카니발,2021
2024-03-18,기아 주식회사,카니발,2019
2024-03-18,한국지엠주식회사,올란도 2.0 LPG,2012
2024-03-18,한국지엠주식회사,올란도 2.0 LPG,2016
2024-03-18,현대자동차(주),아이오닉6 (IONIQ6),2023
2024-03-18,현대자동차(주),아이오닉5 (IONIQ5),2022
2024-03-18,현대자동차(주),아이오닉5 (IONIQ5),2023
2024-03-18,기아 주식회사,쏘렌토 하이브리드,2024
2024-03-18,기아 주식회사,쏘렌토 하이브리드,2024
2024-03-18,기아 주식회사,쏘렌토 하이브리드,2023
2024-03-18,현대자동차(주),싼타페 하이브리드(SANTAFE HYBRID),2024
2024-03-18,현대자동차(주),싼타페 하이브리드(SANTAFE HYBRID),2024
2024-03-18,현대자동차(주),싼타페 하이브리드(SANTAFE HYBRID),2024
2024-03-18,기아 주식회사,스팅어,2020
2024-03-18,기아 주식회사,스팅어,2022
2024-03-18,현대자동차(주),스타리아 (STARIA),2024
2024-03-18,(주)재규어랜드로버코리아,디스커버리 TD6,2018
2024-03-18,기아 주식회사,니로 하이브리드,2017
2024-03-18,기아 주식회사,니로 EV,2019
2024-03-18,현대자동차(주),뉴-카운티 어린이운송차,2022
2024-03-18,현대자동차(주),넥쏘 (NEXO) 수소전기차,2023
2024-03-18,현대자동차(주),그랜저(GRANDEUR),2018
2024-03-18,현대자동차(주),그랜저(GRANDEUR),2011
2024-03-18,현대자동차(주),i40 Saloon,2012
2024-03-18,폭스바겐그룹코리아 주식회사,Tiguan 2.0 TDI 4Motion,2018
2024-03-18,폭스바겐그룹코리아 주식회사,Tiguan 2.0 TDI,2018
2024-03-18,폭스바겐그룹코리아 주식회사,Tiguan 2.0 TDI,2018
2024-03-18,폭스바겐그룹코리아 주식회사,Q5 40 TDI quattro,2020
2024-03-18,메르세데스벤츠코리아(주),Mercedes-Benz GLC220 d 4MATIC,2023
2024-03-18,포드세일즈서비스코리아(유),Lincoln MKC 2.0 AWD,2017
2024-03-18,기아 주식회사,K8 하이브리드,2024
2024-03-18,기아 주식회사,K7,2020
2024-03-18,메르세데스벤츠코리아(주),GLC350 e 4Matic,2019
2024-03-18,현대자동차(주),G70,2018
2024-03-18,기아 주식회사,EV6,2024
2024-03-18,기아 주식회사,EV6,2024
2024-03-18,기아 주식회사,EV6,2022
2024-03-18,한불모터스(주),DS3 CROSSBACK E-TENSE,2021
2024-03-18,비엠더블유코리아(주),BMW 530i xDrive,2018
2024-03-18,비엠더블유코리아(주),BMW 530i M Sport Package Plus,2019
2024-03-18,비엠더블유코리아(주),BMW 530i M Sport Package Plus,2019
2024-03-18,한국닛산(주),ALTIMA 2.5,2013
2024-03-19,(주)한국쓰리축,한국쓰리축9.5톤트럭,2022
2024-03-19,현대자동차(주),투싼(TUCSON),2019
2024-03-19,현대자동차(주),코나 일렉트릭 (KONA ELECTRIC),2019
2024-03-19,기아 주식회사,카니발 리무진,2019
2024-03-19,기아 주식회사,카니발,2021
2024-03-19,기아 주식회사,카니발,2024
2024-03-19,현대자동차(주),싼타페 하이브리드(SANTAFE HYBRID),2024
2024-03-19,기아 주식회사,스팅어,2019
2024-03-19,(주)재규어랜드로버코리아,디스커버리 TD6,2017
2024-03-19,(주)재규어랜드로버코리아,디스커버리 SD6,2020
2024-03-19,르노코리아(주),QM6,2024
2024-03-19,한불모터스(주),Peugeot 3008 1.5 BlueHDi,2019
2024-03-19,비엠더블유코리아(주),MINI Cooper D Countryman,2014
2024-03-19,기아 주식회사,K7,2013
2024-03-19,현대자동차(주),GV60,2023
2024-03-19,현대자동차(주),G70,2019
2024-03-19,비엠더블유코리아(주),BMW 530i M Sport Package,2020
2024-03-19,비엠더블유코리아(주),BMW 530i,2018
2024-03-19,비엠더블유코리아(주),BMW 530i,2018
2024-03-20,한국지엠주식회사,올란도 2.0 LPG,2017
2024-03-20,현대자동차(주),아반떼(AVANTE),2020
2024-03-20,현대자동차(주),싼타페 하이브리드(SANTAFE HYBRID),2024
2024-03-20,현대자동차(주),싼타페 하이브리드(SANTAFE HYBRID),2024
2024-03-20,기아 주식회사,스팅어,2018
2024-03-20,기아 주식회사,스팅어,2019
2024-03-20,기아 주식회사,스팅어,2019
2024-03-20,기아 주식회사,봉고Ⅲ 1톤,2024
2024-03-20,(주)재규어랜드로버코리아,디스커버리 스포츠 2.0D,2018
2024-03-20,(주)재규어랜드로버코리아,디스커버리 TD6,2019
2024-03-20,포드세일즈서비스코리아(유),Ranger Wildtrak,2023
2024-03-20,혼다코리아(주),ODYSSEY,2020
2024-03-20,포드세일즈서비스코리아(유),Lincoln Nautilus 2.0L,2024
2024-03-20,기아 주식회사,K7,2017
2024-03-20,기아 주식회사,K5 하이브리드,2015
2024-03-20,비엠더블유코리아(주),BMW C 400 X,2019
2024-03-21,기아 주식회사,카니발 하이브리드,2024
2024-03-21,한국지엠주식회사,올란도 2.0 LPG,2012
2024-03-21,현대자동차(주),아반떼 (AVANTE),2014
2024-03-21,기아 주식회사,쏘렌토,2019
2024-03-21,기아 주식회사,쏘렌토,2019
2024-03-21,기아 주식회사,쏘렌토,2016
2024-03-21,현대자동차(주),쏘나타(SONATA),2024
2024-03-21,현대자동차(주),싼타페 하이브리드(SANTAFE HYBRID),2024
2024-03-21,기아 주식회사,스팅어,2018
2024-03-21,기아 주식회사,스팅어,2019
2024-03-21,기아 주식회사,스팅어,2018
2024-03-21,(주)재규어랜드로버코리아,디스커버리 TD6,2019
2024-03-21,(주)재규어랜드로버코리아,디스커버리 SD4,2019
2024-03-21,현대자동차(주),그랜저(GRANDEUR),2014
2024-03-21,현대자동차(주),그랜저(GRANDEUR),2014
2024-03-21,폭스바겐그룹코리아 주식회사,Tiguan 2.0 TDI,2018
2024-03-21,폭스바겐그룹코리아 주식회사,Tiguan 2.0 TDI,2018
2024-03-21,만트럭버스코리아(주),TGX,2021
2024-03-21,테슬라코리아 유한회사,Model Y Long Range,2021
2024-03-21,포드세일즈서비스코리아(유),Lincoln Nautilus 2.0L,2024
2024-03-21,포드세일즈서비스코리아(유),Lincoln Aviator 3.0,2023
2024-03-21,기아 주식회사,K3,2019
2024-03-21,기아 주식회사,EV9,2024
2024-03-21,비엠더블유코리아(주),BMW 320d,2015
2024-03-21,비엠더블유코리아(주),BMW 118d,2021
2024-03-21,포르쉐코리아 주식회사,911 카레라 4,2020
2024-03-22,주식회사 한중특장,한중10.1톤카고,2022
2024-03-22,한국토요타자동차(주),토요타 Prius,2017
2024-03-22,한국지엠주식회사,아베오 1.4 RS,2014
2024-03-22,현대자동차(주),쏘나타 하이브리드 (SONATA Hybrid),2024
2024-03-22,현대자동차(주),싼타페 하이브리드(SANTAFE HYBRID),2024
2024-03-22,현대자동차(주),싼타페 하이브리드(SANTAFE HYBRID),2024
2024-03-22,현대자동차(주),싼타페 하이브리드(SANTAFE HYBRID),2024
2024-03-22,현대자동차(주),그랜저 하이브리드(GRANDEUR HYBRID),2020
2024-03-22,메르세데스벤츠코리아(주),Mercedes-Benz EQE500 4MATIC SUV,2023
2024-03-22,메르세데스벤츠코리아(주),Mercedes-Benz EQE500 4MATIC SUV,2023
2024-03-22,메르세데스벤츠코리아(주),Mercedes-Benz E300 e 4MATIC,2020
2024-03-22,비엠더블유코리아(주),MINI Cooper Clubman,2021
2024-03-22,기아 주식회사,K3,2019
2024-03-22,기아 주식회사,K3,2019
2024-03-22,폭스바겐그룹코리아 주식회사,Golf GTI,2015
2024-03-22,비엠더블유코리아(주),BMW 530i xDrive Luxury,2019
2024-03-22,비엠더블유코리아(주),BMW 530i,2018
2024-03-22,폭스바겐그룹코리아 주식회사,A7 55 TFSI quattro,2020
2024-03-25,케이지모빌리티 주식회사(KG Mobility Corp.),코란도스포츠,2012
2024-03-25,케이지모빌리티 주식회사(KG Mobility Corp.),코란도,2020
2024-03-25,기아 주식회사,카니발,2019
2024-03-25,현대자동차(주),아이오닉6 (IONIQ6),2023
2024-03-25,현대자동차(주),아이오닉6 (IONIQ6),2023
2024-03-25,현대자동차(주),아이오닉5(IONIQ5),2022
2024-03-25,현대자동차(주),아이오닉5(IONIQ5),2023
2024-03-25,현대자동차(주),아반떼(AVANTE),2016
2024-03-25,현대자동차(주),아반떼 (AVANTE),2014
2024-03-25,기아 주식회사,쏘울 EV,2017
2024-03-25,기아 주식회사,쏘렌토 하이브리드,2024
2024-03-25,기아 주식회사,쏘렌토,2024
2024-03-25,기아 주식회사,쏘렌토,2018
2024-03-25,현대자동차(주),쏘나타(SONATA),2024
2024-03-25,현대자동차(주),싼타페(SANTAFE),2019
2024-03-25,현대자동차(주),싼타페 하이브리드(SANTAFE HYBRID),2024
2024-03-25,현대자동차(주),스타렉스(STAREX),2006
2024-03-25,메르세데스벤츠코리아(주),벤츠 A220,2019
2024-03-25,한국지엠주식회사,말리부 1.35 TURBO,2020
2024-03-25,기아 주식회사,니로 EV,2019
2024-03-25,기아 주식회사,니로 EV,2019
2024-03-25,현대자동차(주),넥쏘 (NEXO) 수소전기차,2020
2024-03-25,현대자동차(주),넥쏘 (NEXO) 수소전기차,2021
2024-03-25,현대자동차(주),그랜저(GRANDEUR),2013
2024-03-25,현대자동차(주),그랜저(GRANDEUR),2019
2024-03-25,폭스바겐그룹코리아 주식회사,Tiguan 2.0 TDI 4Motion,2018
2024-03-25,폭스바겐그룹코리아 주식회사,Tiguan 2.0 TDI 4Motion,2018
2024-03-25,만트럭버스코리아(주),TGS,2018
2024-03-25,메르세데스벤츠코리아(주),S350 d 4Matic,2016
2024-03-25,메르세데스벤츠코리아(주),Mercedes-Benz EQE350 4MATIC SUV,2023
2024-03-25,포드세일즈서비스코리아(유),Lincoln Aviator 3.0,2023
2024-03-25,포드세일즈서비스코리아(유),Lincoln Aviator 3.0,2020
2024-03-25,기아 주식회사,K8 하이브리드,2024
2024-03-25,기아 주식회사,K3,2019
2024-03-25,기아 주식회사,K3,2019
2024-03-25,기아 주식회사,EV9,2024
2024-03-25,기아 주식회사,EV6,2023
2024-03-25,비엠더블유코리아(주),BMW i4 eDrive40,2023
2024-03-25,비엠더블유코리아(주),BMW 530i,2021
2024-03-25,포르쉐코리아 주식회사,911 카레라,2020
2024-03-26,현대자동차(주),포터Ⅱ윙바디 (PORTER Ⅱ),2022
2024-03-26,현대자동차(주),코나 일렉트릭 (KONA ELECTRIC),2019
2024-03-26,기아 주식회사,카니발,2024
2024-03-26,현대자동차(주),아이오닉5 (IONIQ5),2023
2024-03-26,기아 주식회사,쏘렌토 하이브리드,2024
2024-03-26,기아 주식회사,쏘렌토 하이브리드,2022
2024-03-26,현대자동차(주),싼타페(SANTAFE),2024
2024-03-26,한국지엠주식회사,스파크 1.0 DOHC,2014
2024-03-26,(주)재규어랜드로버코리아,디스커버리 TD6,2018
2024-03-26,현대자동차(주),넥쏘 (NEXO) 수소전기차,2019
2024-03-26,현대자동차(주),넥쏘 (NEXO) 수소전기차,2019
2024-03-26,현대자동차(주),그랜저(GRANDEUR),2022
2024-03-26,현대자동차(주),그랜저 하이브리드(GRANDEUR HYBRID),2023
2024-03-26,현대자동차(주),그랜드 스타렉스(GRAND STAREX),2019
2024-03-26,폭스바겐그룹코리아 주식회사,Tiguan 2.0 TDI,2018
2024-03-26,주식회사 모빌리티네트웍스,SE-A2밴,2023
2024-03-26,메르세데스벤츠코리아(주),Mercedes-Benz A220 Sedan,2021
2024-03-26,비엠더블유코리아(주),MINI Cooper D Countryman ALL4,2015
2024-03-26,기아 주식회사,K7,2017
2024-03-26,기아 주식회사,K5,2024
2024-03-26,기아 주식회사,K3,2019
2024-03-26,현대자동차(주),G70,2018
2024-03-26,한국지엠(주),CHEVROLET EQUINOX FWD,2018
2024-03-26,한국지엠(주),CHEVROLET EQUINOX FWD,2018
2024-03-26,르노코리아(주),CAPTUR,2020
2024-03-26,비엠더블유코리아(주),BMW 530i xDrive,2017
2024-03-26,비엠더블유코리아(주),BMW 530i,2018
2024-03-26,비엠더블유코리아(주),BMW 530i,2021
2024-03-27,현대자동차(주),투싼(TUCSON),2016
2024-03-27,기아 주식회사,카니발 리무진,2019
2024-03-27,기아 주식회사,카니발,2021
2024-03-27,기아 주식회사,카니발,2024
2024-03-27,스텔란티스코리아 주식회사,짚 체로키 2.2,2018
2024-03-27,현대자동차(주),아이오닉6 (IONIQ6),2023
2024-03-27,현대자동차(주),아이오닉5 (IONIQ5),2022
2024-03-27,현대자동차(주),싼타페(SANTAFE),2020
2024-03-27,현대자동차(주),싼타페(SANTAFE),2016
2024-03-27,기아 주식회사,스포티지,2022
2024-03-27,기아 주식회사,스팅어,2019
2024-03-27,(주)재규어랜드로버코리아,레인지로버 4.4D,2014
2024-03-27,폭스바겐그룹코리아 주식회사,Tiguan 2.0 TDI 4Motion,2018
2024-03-27,폭스바겐그룹코리아 주식회사,Tiguan 2.0 TDI 4Motion,2018
2024-03-27,폭스바겐그룹코리아 주식회사,Tiguan 2.0 TDI,2020
2024-03-27,메르세데스벤츠코리아(주),S350 d 4Matic L,2016
2024-03-27,르노코리아(주),QM6,2017
2024-03-27,한불모터스(주),Peugeot 208 1.6 BlueHDi,2017
2024-03-27,포드세일즈서비스코리아(유),Lincoln Nautilus 2.0L,2024
2024-03-27,기아 주식회사,K3,2019
2024-03-27,기아 주식회사,K3,2020
2024-03-27,메르세데스벤츠코리아(주),GLC350 e 4Matic,2019
2024-03-27,비엠더블유코리아(주),BMW 530i xDrive,2018
2024-03-27,비엠더블유코리아(주),BMW 530i,2018
2024-03-27,비엠더블유코리아(주),BMW 530i,2018
2024-03-27,비엠더블유코리아(주),BMW 320d Gran Turismo,2017
2024-03-27,비엠더블유코리아(주),BMW 320d,2019
2024-03-28,현대자동차(주),팰리세이드(PALISADE),2022
2024-03-28,케이지모빌리티 주식회사(KG Mobility Corp.),토레스,2023
2024-03-28,현대자동차(주),코나 일렉트릭 (KONA ELECTRIC),2019
2024-03-28,스텔란티스코리아 주식회사,짚 체로키 2.2,2019
2024-03-28,한국지엠주식회사,올란도 2.0 LPG,2012
2024-03-28,현대자동차(주),아이오닉5(IONIQ5),2022
2024-03-28,현대자동차(주),아반떼(AVANTE),2018
2024-03-28,기아 주식회사,쏘렌토,2016
2024-03-28,현대자동차(주),싼타페(SANTAFE),2013
2024-03-28,현대자동차(주),싼타페(SANTAFE),2019
2024-03-28,현대자동차(주),싼타페 하이브리드(SANTAFE HYBRID),2024
2024-03-28,현대자동차(주),싼타페 하이브리드(SANTAFE HYBRID),2024
2024-03-28,현대자동차(주),스타리아 어린이 통학차 (STARIA),2023
2024-03-28,케이지모빌리티 주식회사(KG Mobility Corp.),렉스턴스포츠,2018
2024-03-28,(주)재규어랜드로버코리아,디스커버리 TD6,2018
2024-03-28,(주)재규어랜드로버코리아,디스커버리 TD6,2017
2024-03-28,기아 주식회사,니로 하이브리드,2018
2024-03-28,르노코리아(주),TWIZY,2019
2024-03-28,르노코리아(주),SM5,2010
2024-03-28,폭스바겐그룹코리아 주식회사,Q4 40 e-tron,2023
2024-03-28,기아 주식회사,K3,2015
2024-03-28,기아 주식회사,K3,2019
2024-03-28,기아 주식회사,K3,2019
2024-03-28,기아 주식회사,K3,2020
2024-03-28,기아 주식회사,K3,2020
2024-03-28,폭스바겐그룹코리아 주식회사,Golf GTI,2016
2024-03-28,케이지모빌리티 주식회사(KG Mobility Corp.),G4 렉스턴,2019
2024-03-28,기아 주식회사,EV6,2022
2024-03-28,비엠더블유코리아(주),BMW 520i,2021
2024-03-28,비엠더블유코리아(주),BMW 330i,2017
2024-03-29,현대자동차(주),팰리세이드(PALISADE),2020
2024-03-29,현대자동차(주),아이오닉5 (IONIQ5),2022
2024-03-29,현대자동차(주),아반떼(AVANTE),2011
2024-03-29,기아 주식회사,쏘울 전기차,2019
2024-03-29,기아 주식회사,쏘렌토 하이브리드,2023
2024-03-29,기아 주식회사,쏘렌토 하이브리드,2024
2024-03-29,현대자동차(주),싼타페 하이브리드(SANTAFE HYBRID),2024
2024-03-29,현대자동차(주),스타리아 어린이 통학차 (STARIA),2023
2024-03-29,현대자동차(주),마이티광폭알루미늄데크카고,2019
2024-03-29,기아 주식회사,레이,2023
2024-03-29,르노코리아(주),SM6,2016
2024-03-29,기아 주식회사,K7 하이브리드,2015
2024-03-29,기아 주식회사,K7,2017
2024-03-29,기아 주식회사,K3,2019
2024-03-29,기아 주식회사,K3,2024
2024-03-29,현대자동차(주),G80,2021
2024-03-29,메르세데스벤츠코리아(주),E300,2017
2024-03-29,비엠더블유코리아(주),BMW X1 sDrive18d,2024
2024-03-29,비엠더블유코리아(주),BMW 520i,2018
2024-03-29,폭스바겐그룹코리아 주식회사,A7 55 TFSI quattro,2021
2024-03-29,포르쉐코리아 주식회사,911 카레라 4S 카브리올레,2021
2024-04-01,한국상용트럭(주),한국상용16.5톤카고트럭,2022
2024-04-01,한국상용트럭(주),한국상용16.5톤카고트럭,2022
2024-04-01,현대자동차(주),코나 일렉트릭 (KONA ELECTRIC),2019
2024-04-01,(주)재규어랜드로버코리아,재규어 F-PACE 35t,2017
2024-04-01,현대자동차(주),아이오닉6 (IONIQ6),2023
2024-04-01,현대자동차(주),아이오닉6 (IONIQ6),2023
2024-04-01,현대자동차(주),아이오닉5 (IONIQ5),2022
2024-04-01,현대자동차(주),아반떼(AVANTE),2021
2024-04-01,기아 주식회사,쏘렌토 하이브리드,2024
2024-04-01,기아 주식회사,쏘렌토 하이브리드,2024
2024-04-01,현대자동차(주),싼타페 하이브리드(SANTAFE HYBRID),2024
2024-04-01,현대자동차(주),싼타페 하이브리드(SANTAFE HYBRID),2024
2024-04-01,기아 주식회사,스팅어,2018
2024-04-01,(주)재규어랜드로버코리아,디스커버리 TD6,2018
2024-04-01,현대자동차(주),넥쏘 (NEXO) 수소전기차,2022
2024-04-01,현대자동차(주),그랜저(GRANDEUR),2018
2024-04-01,현대자동차(주),i40,2012
2024-04-01,현대자동차(주),i30,2018
2024-04-01,기아 주식회사,K7 하이브리드,2018
2024-04-01,기아 주식회사,K7,2020
2024-04-01,기아 주식회사,K7,2013
2024-04-01,기아 주식회사,K5,2021
2024-04-01,기아 주식회사,K3,2019
2024-04-01,현대자동차(주),G80,2022
2024-04-01,현대자동차(주),G70,2019
2024-04-01,기아 주식회사,EV6,2022
2024-04-01,비엠더블유코리아(주),BMW iX3 M Sport,2022
2024-04-01,비엠더블유코리아(주),BMW 520d xDrive,2017
2024-04-01,비엠더블유코리아(주),BMW 520d,2017
2024-04-02,현대자동차(주),투싼(TUCSON),2019
2024-04-02,현대자동차(주),아이오닉5(IONIQ5),2022
2024-04-02,기아 주식회사,쏘렌토 하이브리드,2024
2024-04-02,기아 주식회사,쏘렌토 하이브리드,2024
2024-04-02,현대자동차(주),싼타페 하이브리드(SANTAFE HYBRID),2024
2024-04-02,,싼타페,2024
2024-04-02,기아 주식회사,스포티지,2019
2024-04-02,기아 주식회사,셀토스,2023
2024-04-02,기아 주식회사,봉고Ⅲ 워크스루밴,2022
2024-04-02,기아 주식회사,봉고Ⅲ 1톤,2024
2024-04-02,기아 주식회사,니로 플러스,2023
2024-04-02,현대자동차(주),그랜저(GRANDEUR),2018
2024-04-02,현대자동차(주),그랜저(GRANDEUR),2014
2024-04-02,현대자동차(주),그랜저(GRANDEUR),2017
2024-04-02,현대자동차(주),그랜저 하이브리드(GRANDEUR HYBRID),2023
2024-04-02,현대자동차(주),그랜저 하이브리드(GRANDEUR HYBRID),2023
2024-04-02,테슬라코리아 유한회사,Model S 100D,2019
2024-04-02,테슬라코리아 유한회사,Model 3 Long Range,2020
2024-04-02,기아 주식회사,K5,2020
2024-04-02,현대자동차(주),GV70,2022
2024-04-02,현대자동차(주),G70,2020
2024-04-02,포드세일즈서비스코리아(유),Explorer 2.3 AWD,2016
2024-04-02,포드세일즈서비스코리아(유),Explorer 2.3 AWD,2016
2024-04-02,메르세데스벤츠코리아(주),E220 d,2017
2024-04-02,포르쉐코리아 주식회사,911 카레라 4S 카브리올레,2021
2024-04-03,한국상용트럭(주),한국상용17톤윙바디트럭,2022
2024-04-03,한국상용트럭(주),한국상용14톤윙바디트럭,2022
2024-04-03,현대자동차(주),포터Ⅱ내장탑차 (PORTER Ⅱ),2022
2024-04-03,케이지모빌리티 주식회사(KG Mobility Corp.),토레스 EVX,2024
2024-04-03,케이지모빌리티 주식회사(KG Mobility Corp.),코란도,2022
2024-04-03,기아 주식회사,카니발 리무진,2019
2024-04-03,현대자동차(주),아이오닉5 (IONIQ5),2022
2024-04-03,현대자동차(주),아이오닉5 (IONIQ5),2023
2024-04-03,기아 주식회사,쏘렌토 하이브리드,2024
2024-04-03,기아 주식회사,쏘렌토 하이브리드,2024
2024-04-03,기아 주식회사,쏘렌토 하이브리드,2024
2024-04-03,현대자동차(주),쏘나타(SONATA),2018
2024-04-03,현대자동차(주),싼타페 하이브리드(SANTAFE HYBRID),2024
2024-04-03,기아 주식회사,스팅어,2020
2024-04-03,케이지모빌리티 주식회사(KG Mobility Corp.),렉스턴스포츠 칸,2019
2024-04-03,(주)재규어랜드로버코리아,디스커버리 TD6,2018
2024-04-03,메르세데스벤츠코리아(주),Mercedes-AMG A35 4MATIC,2020
2024-04-03,현대자동차(주),GV70,2024
2024-04-03,현대자동차(주),G90,2022
2024-04-03,포드세일즈서비스코리아(유),Explorer 3.0,2022
2024-04-03,비엠더블유코리아(주),BMW i4 eDrive40,2022
2024-04-03,비엠더블유코리아(주),BMW 520d xDrive,2017
2024-04-03,폭스바겐그룹코리아 주식회사,A6 35 TDI,2018
2024-04-03,폭스바겐그룹코리아 주식회사,A6 2.0 TDI,2014
2024-04-04,현대자동차(주),투싼(TUCSON),2018
2024-04-04,테라팩토리 주식회사,테라밴,2023
2024-04-04,기아 주식회사,카니발,2019
2024-04-04,현대자동차(주),아이오닉6 (IONIQ6),2023
2024-04-04,기아 주식회사,쏘렌토,2024
2024-04-04,현대자동차(주),쏘나타(SONATA),2024
2024-04-04,현대자동차(주),쏘나타 (SONATA) 하이브리드,2012
2024-04-04,현대자동차(주),싼타페 하이브리드(SANTAFE HYBRID),2024
2024-04-04,현대자동차(주),넥쏘 (NEXO) 수소전기차,2019
2024-04-04,현대자동차(주),그랜저(GRANDEUR),2018
2024-04-04,폭스바겐그룹코리아 주식회사,Q7 45 TDI quattro,2022
2024-04-04,포드세일즈서비스코리아(유),Lincoln Nautilus 2.0L,2024
2024-04-04,기아 주식회사,K9,2014
2024-04-04,메르세데스벤츠코리아(주),GLC350 e 4Matic,2018
2024-04-04,비엠더블유코리아(주),BMW 520d,2013
2024-04-04,비엠더블유코리아(주),BMW 520d,2018
2024-04-04,자기인증면제차량,A3,2015
2024-04-05,(주)함코,함코파비스1.3톤히아브크레인집게차,2024
2024-04-05,현대자동차(주),투싼(TUCSON),2019
2024-04-05,기아 주식회사,카니발 리무진,2019
2024-04-05,현대자동차(주),아반떼(AVANTE),2018
2024-04-05,기아 주식회사,쏘렌토 하이브리드,2024
2024-04-05,현대자동차(주),싼타페 하이브리드(SANTAFE HYBRID),2024
2024-04-05,현대자동차(주),싼타페 하이브리드(SANTAFE HYBRID),2024
2024-04-05,현대자동차(주),싼타페 하이브리드(SANTAFE HYBRID),2024
2024-04-05,현대자동차(주),싼타페 하이브리드(SANTAFE HYBRID),2024
2024-04-05,현대자동차(주),싼타페 하이브리드(SANTAFE HYBRID),2024
2024-04-05,메르세데스벤츠코리아(주),벤츠 A220 Sedan,2020
2024-04-05,기아 주식회사,니로 하이브리드,2017
2024-04-05,현대자동차(주),그랜저(GRANDEUR),2023
2024-04-05,현대자동차(주),그랜드 스타렉스(GRAND STAREX),2015
2024-04-05,폭스바겐그룹코리아 주식회사,Tiguan 2.0 TDI 4Motion,2018
2024-04-05,르노코리아(주),SM3,2011
2024-04-05,르노코리아(주),QM6,2018
2024-04-05,메르세데스벤츠코리아(주),Mercedes-Benz EQB300 4MATIC,2023
2024-04-05,기아 주식회사,K5,2011
2024-04-05,기아 주식회사,K5,2024
2024-04-05,기아 주식회사,K3,2019
2024-04-05,비엠더블유코리아(주),BMW i5 eDrive40,2024
2024-04-05,비엠더블유코리아(주),BMW 540i xDrive,2018
2024-04-08,(주)한성특장,한성4.5톤카고,2019
2024-04-08,(주)한국쓰리축,한국쓰리축9.5톤트럭,2022
2024-04-08,현대자동차(주),투싼(TUCSON),2016
2024-04-08,케이지모빌리티 주식회사(KG Mobility Corp.),토레스 EVX,2024
2024-04-08,케이지모빌리티 주식회사(KG Mobility Corp.),토레스 EVX,2024
2024-04-08,현대자동차(주),코나 일렉트릭 (KONA ELECTRIC),2019
2024-04-08,기아 주식회사,카니발,2023
2024-04-08,기아 주식회사,카니발,2016
2024-04-08,한국지엠주식회사,올란도 2.0 LPG,2015
2024-04-08,기아 주식회사,쏘렌토 하이브리드,2024
2024-04-08,기아 주식회사,쏘렌토,2023
2024-04-08,현대자동차(주),싼타페 하이브리드(SANTAFE HYBRID),2024
2024-04-08,현대자동차(주),싼타페 하이브리드(SANTAFE HYBRID),2024
2024-04-08,현대자동차(주),싼타페 하이브리드(SANTAFE HYBRID),2024
2024-04-08,현대자동차(주),싼타페 하이브리드(SANTAFE HYBRID),2024
2024-04-08,기아 주식회사,스포티지 하이브리드,2022
2024-04-08,한국지엠주식회사,말리부 2.0 DOHC,2012
2024-04-08,현대자동차(주),그랜저(GRANDEUR),2013
2024-04-08,폭스바겐그룹코리아 주식회사,SQ5 3.0 TDI quattro,2014
2024-04-08,기아 주식회사,K3,2019
2024-04-08,기아 주식회사,K3,2018
2024-04-08,폭스바겐그룹코리아 주식회사,ID.4 Pro,2023
2024-04-08,한국지엠(주),CHEVROLET EQUINOX FWD,2018
2024-04-08,비엠더블유코리아(주),BMW 530i xDrive,2017
2024-04-08,비엠더블유코리아(주),BMW 530i,2018
2024-04-08,비엠더블유코리아(주),BMW 520i,2018
2024-04-08,비엠더블유코리아(주),BMW 520d,2018
2024-04-08,한국닛산(주),ALTIMA 2.5,2017
2024-04-09,현대자동차(주),포터Ⅱ 일렉트릭 (PORTERⅡ ELECTRIC),2021
2024-04-09,현대자동차(주),팰리세이드(PALISADE),2019
2024-04-09,현대자동차(주),팰리세이드(PALISADE),2021
2024-04-09,현대자동차(주),투싼(TUCSON),2018
2024-04-09,한국지엠주식회사,캡티바 2.0 디젤,2016
2024-04-09,현대자동차(주),아이오닉6 (IONIQ6),2023
2024-04-09,기아 주식회사,쏘렌토 하이브리드,2024
2024-04-09,현대자동차(주),싼타페 하이브리드(SANTAFE HYBRID),2024
2024-04-09,기아 주식회사,스포티지,2016
2024-04-09,(주)재규어랜드로버코리아,디스커버리4 3.0D,2016
2024-04-09,현대자동차(주),그랜저(GRANDEUR),2020
2024-04-09,현대자동차(주),그랜저(GRANDEUR),2017
2024-04-09,폭스바겐그룹코리아 주식회사,e-tron Sportback 55 quattro,2021
2024-04-09,폭스바겐그룹코리아 주식회사,Tiguan 2.0 TDI,2018
2024-04-09,기아 주식회사,K3,2019
2024-04-09,기아 주식회사,K3,2019
2024-04-09,폭스바겐그룹코리아 주식회사,A6 40 TFSI quattro,2017
2024-04-11,현대자동차(주),투싼(TUCSON),2016
2024-04-11,현대자동차(주),테라칸(TERRACAN),2005
2024-04-11,지엠아시아퍼시픽지역본부 주식회사,캐딜락 XT5,2019
2024-04-11,스텔란티스코리아 주식회사,짚 랭글러 사하라,2020
2024-04-11,현대자동차(주),아이오닉6 (IONIQ6),2023
2024-04-11,현대자동차(주),아이오닉6 (IONIQ6),2023
2024-04-11,기아 주식회사,쏘렌토 하이브리드,2024
2024-04-11,기아 주식회사,쏘렌토 하이브리드,2024
2024-04-11,기아 주식회사,쏘렌토 하이브리드,2024
2024-04-11,기아 주식회사,쏘렌토 하이브리드,2024
2024-04-11,기아 주식회사,쏘렌토 하이브리드,2024
2024-04-11,기아 주식회사,쏘렌토,2016
2024-04-11,현대자동차(주),쏘나타 하이브리드(SONATA HYBRID),2015
2024-04-11,현대자동차(주),싼타페 하이브리드(SANTAFE HYBRID),2024
2024-04-11,현대자동차(주),싼타페 하이브리드(SANTAFE HYBRID),2024
2024-04-11,기아 주식회사,봉고Ⅲ 1톤 EV,2022
2024-04-11,포드세일즈서비스코리아(유),링컨 MKZ,2014
2024-04-11,(주)재규어랜드로버코리아,레인지로버 5.0SC LWB,2019
2024-04-11,현대자동차(주),그랜저 하이브리드(GRANDEUR HYBRID),2020
2024-04-11,현대자동차(주),그랜저 하이브리드(GRANDEUR HYBRID),2023
2024-04-11,폭스바겐그룹코리아 주식회사,Tiguan 2.0 TDI,2018
2024-04-11,폭스바겐그룹코리아 주식회사,Q4 e-tron 40,2022
2024-04-11,기아 주식회사,K7,2019
2024-04-11,기아 주식회사,K5,2024
2024-04-11,기아 주식회사,K3,2019
2024-04-11,폭스바겐그룹코리아 주식회사,Jetta,2023
2024-04-11,주식회사 쎄보모빌리티,CEVO-C SE,2021
2024-04-11,비엠더블유코리아(주),BMW 530i Luxury,2019
2024-04-11,비엠더블유코리아(주),BMW 520d,2018
2024-04-12,(주)한성특장,한성8.5톤카고,2022
2024-04-12,(주)한국쓰리축,한국쓰리축9.5톤트럭,2022
2024-04-12,(주)한국쓰리축,한국쓰리축10.5톤트럭,2022
2024-04-12,현대자동차(주),투싼(TUCSON),2016
2024-04-12,케이지모빌리티 주식회사(KG Mobility Corp.),토레스 EVX,2024
2024-04-12,현대자동차(주),아이오닉5 (IONIQ5),2022
2024-04-12,현대자동차(주),아이오닉5 (IONIQ5),2022
2024-04-12,현대자동차(주),아이오닉5 (IONIQ5),2022
2024-04-12,기아 주식회사,쏘렌토 하이브리드,2024
2024-04-12,현대자동차(주),스타리아 라운지 (STARIA LOUNGE),2023
2024-04-12,기아 주식회사,셀토스,2024
2024-04-12,기아 주식회사,니로 하이브리드,2017
2024-04-12,르노코리아(주),XM3 하이브리드,2024
2024-04-12,폭스바겐그룹코리아 주식회사,Tiguan 2.0 TDI,2018
2024-04-12,기아 주식회사,K7,2020
2024-04-12,현대자동차(주),G70,2018
2024-04-12,폭스바겐그룹코리아 주식회사,A6 40 TDI,2022
2024-04-15,현대자동차(주),코나 일렉트릭 (KONA ELECTRIC),2020
2024-04-15,현대자동차(주),에쿠스(EQUUS),2010
2024-04-15,현대자동차(주),아이오닉6 (IONIQ6),2023
2024-04-15,현대자동차(주),아이오닉5(IONIQ5),2023
2024-04-15,현대자동차(주),아이오닉5 (IONIQ5),2023
2024-04-15,현대자동차(주),아이오닉5 (IONIQ5),2024
2024-04-15,기아 주식회사,쏘렌토 하이브리드,2024
2024-04-15,기아 주식회사,쏘렌토 하이브리드,2024
2024-04-15,기아 주식회사,쏘렌토,2018
2024-04-15,현대자동차(주),쏘나타(SONATA),2020
2024-04-15,현대자동차(주),쏘나타 (SONATA) 하이브리드,2012
2024-04-15,현대자동차(주),싼타페(SANTAFE),2015
2024-04-15,현대자동차(주),싼타페 하이브리드(SANTAFE HYBRID),2024
2024-04-15,기아 주식회사,스포티지,2018
2024-04-15,기아 주식회사,스팅어,2021
2024-04-15,현대자동차(주),그랜저(GRANDEUR),2018
2024-04-15,폭스바겐그룹코리아 주식회사,Tiguan Allspace 2.0 TDI,2018
2024-04-15,테슬라코리아 유한회사,Model Y RWD,2024
2024-04-15,메르세데스벤츠코리아(주),Mercedes-Benz GLC300 4MATIC Coupe,2020
2024-04-15,비엠더블유코리아(주),MINI Cooper(15),2020
2024-04-15,기아 주식회사,K5,2016
2024-04-15,기아 주식회사,K3,2019
2024-04-15,기아 주식회사,K3,2019
2024-04-15,기아 주식회사,K3,2019
2024-04-15,비엠더블유코리아(주),BMW i8,2015
2024-04-15,비엠더블유코리아(주),BMW i3,2015
2024-04-15,비엠더블유코리아(주),BMW i3,2016
2024-04-15,비엠더블유코리아(주),BMW i3,2015
2024-04-15,비엠더블유코리아(주),BMW 530i xDrive,2018
2024-04-15,비엠더블유코리아(주),BMW 530i,2017
2024-04-15,비엠더블유코리아(주),BMW 520d,2018
2024-04-16,현대자동차(주),투싼(TUCSON),2016
2024-04-16,현대자동차(주),투싼(TUCSON),2016
2024-04-16,현대자동차(주),투싼(TUCSON),2017
2024-04-16,케이지모빌리티 주식회사(KG Mobility Corp.),토레스 EVX,2024
2024-04-16,한국지엠주식회사,올란도 2.0 LPG,2015
2024-04-16,현대자동차(주),아이오닉6 (IONIQ6),2023
2024-04-16,현대자동차(주),아이오닉5(IONIQ5),2023
2024-04-16,기아 주식회사,쏘렌토 하이브리드,2024
2024-04-16,기아 주식회사,쏘렌토 하이브리드,2024
2024-04-16,현대자동차(주),쏘나타(SONATA),2015
2024-04-16,현대자동차(주),쏘나타(SONATA),2022
2024-04-16,현대자동차(주),쏘나타 (SONATA) 하이브리드,2012
2024-04-16,현대자동차(주),싼타페 하이브리드(SANTAFE HYBRID),2024
2024-04-16,현대자동차(주),싼타페 하이브리드(SANTAFE HYBRID),2024
2024-04-16,한국지엠주식회사,스파크 1.0 DOHC,2014
2024-04-16,메르세데스벤츠코리아(주),벤츠 C 200,2019
2024-04-16,(주)재규어랜드로버코리아,디스커버리4 3.0D,2016
2024-04-16,현대자동차(주),넥쏘 (NEXO) 수소전기차,2022
2024-04-16,현대자동차(주),그랜저 하이브리드,2018
2024-04-16,폭스바겐그룹코리아 주식회사,Tiguan 2.0 TDI 4Motion,2018
2024-04-16,폭스바겐그룹코리아 주식회사,Tiguan 2.0 TDI,2018
2024-04-16,메르세데스벤츠코리아(주),Mercedes-Benz GLC300 4MATIC Coupe,2020
2024-04-16,포드세일즈서비스코리아(유),Lincoln MKX 2.7 AWD,2017
2024-04-16,기아 주식회사,K5 하이브리드,2020
2024-04-16,기아 주식회사,K3,2018
2024-04-16,기아 주식회사,K3,2019
2024-04-16,기아 주식회사,EV6,2024
2024-04-16,현대자동차(주),EQ900,2016
2024-04-16,비엠더블유코리아(주),BMW i3,2015
2024-04-16,비엠더블유코리아(주),BMW 530i xDrive,2024
2024-04-16,다임러트럭코리아(주),Actros,2022
2024-04-16,폭스바겐그룹코리아 주식회사,A6 40 TDI quattro,2023
2024-04-17,(주)한성특장차,한성20.3톤우드칩운반트럭,2020
2024-04-17,현대자동차(주),팰리세이드(PALISADE),2021
2024-04-17,현대자동차(주),투싼(TUCSON),2016
2024-04-17,기아 주식회사,카니발,2018
2024-04-17,현대자동차(주),아반떼 Hybrid(AVANTE Hybrid),2024
2024-04-17,기아 주식회사,쏘렌토 하이브리드,2021
2024-04-17,기아 주식회사,쏘렌토 하이브리드,2023
2024-04-17,한국지엠주식회사,스파크 1.0,2019
2024-04-17,메르세데스벤츠코리아(주),벤츠 A220,2019
2024-04-17,한국토요타자동차(주),렉서스 RX500h,2023
2024-04-17,한국토요타자동차(주),렉서스 RX450h+,2023
2024-04-17,한국토요타자동차(주),렉서스 RX350h,2023
2024-04-17,한국토요타자동차(주),렉서스 RX350h,2023
2024-04-17,기아 주식회사,니로 하이브리드,2020
2024-04-17,폭스바겐그룹코리아 주식회사,Tiguan Allspace 2.0 TDI,2020
2024-04-17,르노코리아(주),SM3,2006
2024-04-17,메르세데스벤츠코리아(주),Mercedes-Benz GLC300 4MATIC Coupe,2020
2024-04-17,메르세데스벤츠코리아(주),Mercedes-AMG C63 S Coupe,2017
2024-04-17,기아 주식회사,K7,2021
2024-04-17,기아 주식회사,K3,2020
2024-04-17,폭스바겐그룹코리아 주식회사,Golf 2.0 TDI BMT,2016
2024-04-17,기아 주식회사,EV6,2023
2024-04-17,기아 주식회사,EV6,2022
2024-04-17,현대자동차(주),EQ900,2016
2024-04-17,비엠더블유코리아(주),BMW 530i Luxury,2020
2024-04-17,비엠더블유코리아(주),BMW 520d,2017
2024-04-18,현대자동차(주),투싼(TUCSON),2016
2024-04-18,기아 주식회사,카니발 하이브리드,2024
2024-04-18,기아 주식회사,카니발,2021
2024-04-18,한국지엠주식회사,올란도 2.0 LPG,2014
2024-04-18,현대자동차(주),아이오닉5 (IONIQ5),2022
2024-04-18,기아 주식회사,쏘렌토 하이브리드,2024
2024-04-18,현대자동차(주),쏘나타(SONATA) 하이브리드,2015
2024-04-18,현대자동차(주),싼타페 하이브리드(SANTAFE HYBRID),2024
2024-04-18,기아 주식회사,스포티지,2023
2024-04-18,현대자동차(주),스타리아 (STARIA),2022
2024-04-18,한국지엠주식회사,말리부 1.5 TURBO,2018
2024-04-18,폭스바겐그룹코리아 주식회사,Tiguan 2.0 TDI,2020
2024-04-18,기아 주식회사,K7 하이브리드,2016
2024-04-18,기아 주식회사,K7,2018
2024-04-18,기아 주식회사,K7,2020
2024-04-18,기아 주식회사,K7,2020
2024-04-18,기아 주식회사,K3,2019
2024-04-18,(주)스즈키씨엠씨,GSX-S1000TRQ,2022
2024-04-18,메르세데스벤츠코리아(주),E220 d,2017
2024-04-18,한국지엠(주),CHEVROLET BOLT EUV,2023
2024-04-18,비엠더블유코리아(주),BMW R 18,2023
2024-04-18,포르쉐코리아 주식회사,718 카이맨,2018
2024-04-19,현대자동차(주),코나 일렉트릭 (KONA ELECTRIC),2020
2024-04-19,기아 주식회사,카니발,2019
2024-04-19,현대자동차(주),엑시언트(XCIENT)트랙터,2022
2024-04-19,현대자동차(주),쏘나타 (SONATA) 하이브리드,2012
2024-04-19,현대자동차(주),싼타페(SANTAFE),2024
2024-04-19,현대자동차(주),벨로스터(VELOSTER),2017
2024-04-19,메르세데스벤츠코리아(주),Mercedes-Benz GLE 450 d 4MATIC Coupe,2023
2024-04-19,메르세데스벤츠코리아(주),Mercedes-AMG E53 4Matic +,2022
2024-04-19,주식회사 이브이케이엠씨,MASADA 픽업,2022
2024-04-19,기아 주식회사,K7,2019
2024-04-19,기아 주식회사,K7,2020
2024-04-19,기아 주식회사,K7,2020
2024-04-19,기아 주식회사,K7,2020
2024-04-19,기아 주식회사,K7,2020
2024-04-19,기아 주식회사,K3,2015
2024-04-19,기아 주식회사,K3,2019
2024-04-19,기아 주식회사,K3,2019
2024-04-19,기아 주식회사,K3,2019
2024-04-19,현대자동차(주),GV60,2023
2024-04-19,현대자동차(주),G80,2018
2024-04-19,현대자동차(주),G70,2018
2024-04-19,메르세데스벤츠코리아(주),E220 d 4Matic,2019
2024-04-19,비엠더블유코리아(주),BMW i4 eDrive40,2023
2024-04-19,비엠더블유코리아(주),BMW 730Ld xDrive,2017
2024-04-22,현대자동차(주),투싼(TUCSON),2016
2024-04-22,현대자동차(주),투싼(TUCSON),2016
2024-04-22,기아 주식회사,카니발,2018
2024-04-22,기아 주식회사,카니발,2019
2024-04-22,현대자동차(주),제네시스(GENESIS),2016
2024-04-22,현대자동차(주),아이오닉6 (IONIQ6),2023
2024-04-22,기아 주식회사,쏘렌토 하이브리드,2022
2024-04-22,기아 주식회사,쏘렌토,2024
2024-04-22,현대자동차(주),싼타페(SANTAFE),2024
2024-04-22,기아 주식회사,스포티지,2024
2024-04-22,한국토요타자동차(주),렉서스 RX350h,2023
2024-04-22,기아 주식회사,니로 EV,2023
2024-04-22,메르세데스벤츠코리아(주),Mercedes-Benz GLB220,2021
2024-04-22,메르세데스벤츠코리아(주),Mercedes-Benz CLA250 4MATIC,2020
2024-04-22,기아 주식회사,K7,2020
2024-04-22,기아 주식회사,K7,2020
2024-04-22,기아 주식회사,K7,2016
2024-04-22,기아 주식회사,K7,2020
2024-04-22,기아 주식회사,K7,2020
2024-04-22,메르세데스벤츠코리아(주),GLC350 e 4Matic,2019
2024-04-22,기아 주식회사,EV6,2023
2024-04-22,한국지엠(주),CHEVROLET EQUINOX FWD,2018
2024-04-22,한국지엠(주),CHEVROLET COLORADO AWD,2022
2024-04-22,르노코리아(주),CAPTUR,2020
2024-04-22,비엠더블유코리아(주),BMW iX1 xDrive30,2023
2024-04-22,비엠더블유코리아(주),BMW X4 xDrive20d,2016
2024-04-22,비엠더블유코리아(주),BMW 530i Luxury,2019
2024-04-22,비엠더블유코리아(주),BMW 520i,2024
2024-04-22,폭스바겐그룹코리아 주식회사,A6 45 TFSI quattro,2020
2024-04-23,현대자동차(주),투싼(TUCSON),2021
2024-04-23,한국지엠주식회사,캡티바 2.2D 디젤,2013
2024-04-23,현대자동차(주),아이오닉5 (IONIQ5),2022
2024-04-23,현대자동차(주),아반떼(AVANTE),2016
2024-04-23,현대자동차(주),아반떼(AVANTE),2016
2024-04-23,현대자동차(주),쏘나타(SONATA),2021
2024-04-23,현대자동차(주),쏘나타(SONATA),2015
2024-04-23,현대자동차(주),싼타페 하이브리드(SANTAFE HYBRID),2024
2024-04-23,현대자동차(주),싼타페 하이브리드(SANTAFE HYBRID),2024
2024-04-23,폭스바겐그룹코리아 주식회사,e-tron GT quattro,2022
2024-04-23,폭스바겐그룹코리아 주식회사,Tiguan 2.0 TDI 4Motion,2018
2024-04-23,한불모터스(주),Peugeot 508 1.6 Blue-HDi,2016
2024-04-23,기아 주식회사,K8 하이브리드,2023
2024-04-23,기아 주식회사,K7,2020
2024-04-23,기아 주식회사,K7,2017
2024-04-23,기아 주식회사,K3,2019
2024-04-23,폭스바겐그룹코리아 주식회사,Golf 2.0 TDI BMT,2015
2024-04-23,폭스바겐그룹코리아 주식회사,Golf 1.6 TDI Blue Motion,2012
2024-04-23,비엠더블유코리아(주),BMW 530i xDrive,2018
2024-04-23,폭스바겐그룹코리아 주식회사,Arteon 2.0 TDI,2019
2024-04-24,현대자동차(주),투싼(TUCSON),2016
2024-04-24,스텔란티스코리아 주식회사,짚 그랜드 체로키,2023
2024-04-24,현대자동차(주),아반떼(AVANTE),2020
2024-04-24,기아 주식회사,쏘렌토 하이브리드,2024
2024-04-24,기아 주식회사,쏘렌토 하이브리드,2024
2024-04-24,르노코리아(주),XM3 하이브리드,2023
2024-04-24,폭스바겐그룹코리아 주식회사,S5 Sportback TFSI,2021
2024-04-24,르노코리아(주),QM3,2015
2024-04-24,한불모터스(주),Peugeot 3008 1.6 Blue-HDi,2016
2024-04-24,테슬라코리아 유한회사,Model Y Performance,2021
2024-04-24,메르세데스벤츠코리아(주),Mercedes-Benz GLE 450 d 4MATIC Coupe,2023
2024-04-24,메르세데스벤츠코리아(주),Mercedes-Benz E350 4MATIC,2021
2024-04-24,현대자동차(주),G80,2022
2024-04-24,현대자동차(주),G70,2018
2024-04-24,비엠더블유코리아(주),BMW iX3 M Sport,2023
2024-04-24,비엠더블유코리아(주),BMW 530i,2017
2024-04-24,폭스바겐그룹코리아 주식회사,A6 40 TDI,2020
2024-04-25,기아 주식회사,프라이드,2014
2024-04-25,현대자동차(주),투싼(TUCSON),2019
2024-04-25,케이지모빌리티 주식회사(KG Mobility Corp.),코란도,2021
2024-04-25,기아 주식회사,카니발,2021
2024-04-25,현대자동차(주),아이오닉5 (IONIQ5),2022
2024-04-25,기아 주식회사,쏘렌토 하이브리드,2024
2024-04-25,기아 주식회사,스팅어,2019
2024-04-25,르노코리아(주),SM6,2016
2024-04-25,한불모터스(주),Peugeot 3008 1.5 BlueHDi,2019
2024-04-25,메르세데스벤츠코리아(주),Mercedes-Benz GLC300 4MATIC,2020
2024-04-25,메르세데스벤츠코리아(주),Mercedes-Benz EQE500 4MATIC SUV,2023
2024-04-25,포드세일즈서비스코리아(유),Lincoln Town-Continental 3.0 AWD,2017
2024-04-25,기아 주식회사,K7,2020
2024-04-25,기아 주식회사,K7,2020
2024-04-25,기아 주식회사,K3,2013
2024-04-25,기아 주식회사,K3,2019
2024-04-25,폭스바겐그룹코리아 주식회사,Golf 2.0 TDI BMT,2016
2024-04-25,폭스바겐그룹코리아 주식회사,Arteon 2.0 TDI,2018
2024-04-25,폭스바겐그룹코리아 주식회사,A6 40 TDI,2020
2024-04-26,한국지엠주식회사,트랙스 1.6 디젤,2016
2024-04-26,현대자동차(주),아이오닉6 (IONIQ6),2023
2024-04-26,현대자동차(주),아이오닉 일렉트릭(IONIQ ELECTRIC),2017
2024-04-26,현대자동차(주),아반떼(AVANTE),2018
2024-04-26,현대자동차(주),아반떼(AVANTE),2018
2024-04-26,현대자동차(주),쏘나타(SONATA),2015
2024-04-26,현대자동차(주),쏘나타 (SONATA),2008
2024-04-26,(주)재규어랜드로버코리아,디스커버리 TD6,2019
2024-04-26,현대자동차(주),그랜저(GRANDEUR),2014
2024-04-26,르노코리아(주),SM6,2016
2024-04-26,메르세데스벤츠코리아(주),Mercedes-Benz EQS580 4MATIC SUV,2023
2024-04-26,기아 주식회사,K5,2022
2024-04-26,기아 주식회사,K3,2019
2024-04-26,기아 주식회사,K3,2019
2024-04-26,기아 주식회사,K3,2019
2024-04-26,현대자동차(주),EQ900,2016
2024-04-26,메르세데스벤츠코리아(주),C250 d 4Matic,2016
2024-04-26,비엠더블유코리아(주),BMW M4 Coupe Competition Package LEVIII,2020
2024-04-26,비엠더블유코리아(주),BMW 730d xDrive,2016
2024-04-26,비엠더블유코리아(주),BMW 730d,2012
2024-04-26,비엠더블유코리아(주),BMW 523d,2023
2024-04-26,포르쉐코리아 주식회사,911 터보 S,2023
2024-04-26,포르쉐코리아 주식회사,911 카레라 4S 카브리올레,2021
2024-04-26,포르쉐코리아 주식회사,911 카레라 4S 카브리올레,2021
2024-04-26,포르쉐코리아 주식회사,911 카레라,2021
2024-04-29,한신특장,한신울트라고소작업차,2022
2024-04-29,현대자동차(주),포터Ⅱ (PORTERⅡ),2024
2024-04-29,현대자동차(주),팰리세이드(PALISADE),2020
2024-04-29,한국지엠주식회사,트랙스 1.2 터보,2024
2024-04-29,현대자동차(주),투싼(TUCSON),2016
2024-04-29,한국토요타자동차(주),토요타 Prius,2018
2024-04-29,케이지모빌리티 주식회사(KG Mobility Corp.),토레스 EVX,2024
2024-04-29,케이지모빌리티 주식회사(KG Mobility Corp.),코란도,2021
2024-04-29,기아 주식회사,카니발 하이리무진,2018
2024-04-29,스텔란티스코리아 주식회사,짚 체로키 2.4,2019
2024-04-29,현대자동차(주),아반떼(AVANTE),2018
2024-04-29,현대자동차(주),쏘나타(SONATA) 하이브리드,2013
2024-04-29,현대자동차(주),싼타페 하이브리드(SANTAFE HYBRID),2024
2024-04-29,현대자동차(주),싼타페 하이브리드(SANTAFE HYBRID),2024
2024-04-29,한국지엠주식회사,말리부 1.35 TURBO,2019
2024-04-29,기아 주식회사,니로 하이브리드,2018
2024-04-29,폭스바겐그룹코리아 주식회사,Tiguan 2.0 TDI,2020
2024-04-29,메르세데스벤츠코리아(주),Mercedes-Benz EQE500 4MATIC SUV,2023
2024-04-29,메르세데스벤츠코리아(주),Mercedes-Benz E 300 4MATIC,2020
2024-04-29,기아 주식회사,K7,2020
2024-04-29,기아 주식회사,K5,2018
2024-04-29,현대자동차(주),GV70,2023
2024-04-29,기아 주식회사,EV6,2022
2024-04-29,메르세데스벤츠코리아(주),E300,2019
2024-04-29,포르쉐코리아 주식회사,911 카레라 S 카브리올레,2021
2024-04-30,한국지엠주식회사,트랙스 1.2 터보,2024
2024-04-30,한국지엠주식회사,트랙스 1.2 터보,2024
2024-04-30,현대자동차(주),투싼(TUCSON),2016
2024-04-30,현대자동차(주),투싼(TUCSON),2019
2024-04-30,한국토요타자동차(주),토요타 Prius,2018
2024-04-30,한국토요타자동차(주),토요타 Prius,2017
2024-04-30,한국토요타자동차(주),토요타 Prius,2017
2024-04-30,한국토요타자동차(주),토요타 Prius,2018
2024-04-30,한국토요타자동차(주),토요타 Prius,2016
2024-04-30,한국토요타자동차(주),토요타 Prius,2017
2024-04-30,한국토요타자동차(주),토요타 Prius,2018
2024-04-30,한국지엠주식회사,캡티바 2.0 디젤,2017
2024-04-30,기아 주식회사,카니발,2019
2024-04-30,기아 주식회사,쏘렌토,2018
2024-04-30,기아 주식회사,쏘렌토,2020
2024-04-30,한국토요타자동차(주),렉서스 RX350h,2024
2024-04-30,(주)재규어랜드로버코리아,디스커버리 TD6,2018
2024-04-30,(주)재규어랜드로버코리아,디스커버리 TD6,2017
2024-04-30,기아 주식회사,니로 플러스,2023
2024-04-30,현대자동차(주),넥쏘 (NEXO) 수소전기차,2022
2024-04-30,현대자동차(주),넥쏘 (NEXO) 수소전기차,2024
2024-04-30,르노코리아(주),XM3 하이브리드,2024
2024-04-30,폭스바겐그룹코리아 주식회사,Tiguan 2.0 TDI,2018
2024-04-30,테슬라코리아 유한회사,Model Y Long Range,2021
2024-04-30,메르세데스벤츠코리아(주),Mercedes-Benz EQE500 4MATIC SUV,2023
2024-04-30,메르세데스벤츠코리아(주),Mercedes-Benz C200,2020
2024-04-30,메르세데스벤츠코리아(주),Mercedes-AMG A35 4MATIC,2021
2024-04-30,포드세일즈서비스코리아(유),Lincoln MKX 2.7 AWD,2018
2024-04-30,기아 주식회사,K7,2020
2024-04-30,기아 주식회사,K7,2020
2024-04-30,기아 주식회사,K7,2020
2024-04-30,기아 주식회사,K3,2020
2024-04-30,현대자동차(주),G70,2019
2024-04-30,현대자동차(주),G70,2019
2024-04-30,기아 주식회사,EV6 GT,2023
2024-04-30,메르세데스벤츠코리아(주),CLS250 CDI,2014
2024-04-30,한국지엠(주),CHEVROLET BOLT EV,2018
2024-04-30,비엠더블유코리아(주),BMW 750Li xDrive,2018
2024-04-30,폭스바겐그룹코리아 주식회사,Arteon 2.0 TDI,2019
2024-05-02,한국지엠주식회사,트레일블레이저 1.35 TURBO FWD,2021
2024-05-02,현대자동차(주),투싼(TUCSON),2016
2024-05-02,현대자동차(주),투싼(TUCSON),2016
2024-05-02,현대자동차(주),투싼(TUCSON),2016
2024-05-02,현대자동차(주),투싼 하이브리드(TUCSON HYBRID),2023
2024-05-02,한국토요타자동차(주),토요타 Prius,2017
2024-05-02,한국토요타자동차(주),토요타 Prius,2017
2024-05-02,한국토요타자동차(주),토요타 Prius,2017
2024-05-02,케이지모빌리티 주식회사(KG Mobility Corp.),코란도,2021
2024-05-02,케이지모빌리티 주식회사(KG Mobility Corp.),코란도,2022
2024-05-02,케이지모빌리티 주식회사(KG Mobility Corp.),코란도,2021
2024-05-02,현대자동차(주),코나 일렉트릭 (KONA ELECTRIC),2019
2024-05-02,한국지엠주식회사,캡티바 2.0D 디젤,2013
2024-05-02,현대자동차(주),캐스퍼(CASPER),2024
2024-05-02,현대자동차(주),아이오닉6 (IONIQ6),2023
2024-05-02,현대자동차(주),아이오닉5 (IONIQ5),2023
2024-05-02,기아 주식회사,쏘렌토 하이브리드,2021
2024-05-02,기아 주식회사,쏘렌토 하이브리드,2022
2024-05-02,기아 주식회사,쏘렌토 하이브리드,2023
2024-05-02,기아 주식회사,쏘렌토 하이브리드,2024
2024-05-02,기아 주식회사,쏘렌토,2024
2024-05-02,기아 주식회사,쏘렌토,2021
2024-05-02,기아 주식회사,쏘렌토,2015
2024-05-02,현대자동차(주),쏘나타(SONATA),2018
2024-05-02,기아 주식회사,니로 EV,2020
2024-05-02,기아 주식회사,K7 하이브리드,2014
2024-05-02,기아 주식회사,K3,2018
2024-05-02,기아 주식회사,K3,2019
2024-05-02,메르세데스벤츠코리아(주),E300 4Matic,2019
2024-05-02,비엠더블유코리아(주),BMW i3,2015
2024-05-02,비엠더블유코리아(주),BMW 530i xDrive Luxury,2019
2024-05-02,폭스바겐그룹코리아 주식회사,A6 40 TDI,2020
2024-05-03,포르쉐코리아 주식회사,파나메라 4S,2018
2024-05-03,현대자동차(주),투싼(TUCSON),2016
2024-05-03,현대자동차(주),투싼(TUCSON),2016
2024-05-03,현대자동차(주),코나 하이브리드(KONA HYBRID),2020
2024-05-03,한국지엠주식회사,캡티바 2.2D 디젤,2015
2024-05-03,기아 주식회사,카니발 하이브리드,2024
2024-05-03,기아 주식회사,카니발 하이리무진,2019
2024-05-03,현대자동차(주),아이오닉6 (IONIQ6),2023
2024-05-03,현대자동차(주),아이오닉6 (IONIQ6),2023
2024-05-03,현대자동차(주),아이오닉5 (IONIQ5),2022
2024-05-03,기아 주식회사,쏘렌토 하이브리드,2024
2024-05-03,현대자동차(주),싼타페(SANTAFE),2024
2024-05-03,현대자동차(주),싼타페 하이브리드(SANTAFE HYBRID),2024
2024-05-03,기아 주식회사,스포티지,2020
2024-05-03,기아 주식회사,셀토스,2023
2024-05-03,한국토요타자동차(주),렉서스 NX350h,2024
2024-05-03,현대자동차(주),넥쏘 (NEXO) 수소전기차,2019
2024-05-03,현대자동차(주),그랜저 하이브리드,2019
2024-05-03,현대자동차(주),그랜저 하이브리드,2018
2024-05-03,폭스바겐그룹코리아 주식회사,Tiguan 2.0 TDI,2018
2024-05-03,폭스바겐그룹코리아 주식회사,Tiguan 2.0 TDI,2018
2024-05-03,혼다코리아(주),ODYSSEY,2019
2024-05-03,메르세데스벤츠코리아(주),Mercedes-Benz S 450 d 4MATIC,2024
2024-05-03,메르세데스벤츠코리아(주),Mercedes-Benz EQA250,2024
2024-05-03,메르세데스벤츠코리아(주),Mercedes-Benz A220 Sedan,2021
2024-05-03,포드세일즈서비스코리아(유),Lincoln MKX 2.7 AWD,2016
2024-05-03,기아 주식회사,K7 하이브리드,2015
2024-05-03,기아 주식회사,K7,2020
2024-05-07,포르쉐코리아 주식회사,파나메라 4S,2018
2024-05-07,포르쉐코리아 주식회사,파나메라 4S,2018
2024-05-07,한국지엠주식회사,트랙스 1.2 터보,2024
2024-05-07,한국지엠주식회사,트랙스 1.2 터보,2024
2024-05-07,현대자동차(주),투싼(TUCSON),2016
2024-05-07,한국토요타자동차(주),토요타 Prius,2016
2024-05-07,케이지모빌리티 주식회사(KG Mobility Corp.),코란도,2022
2024-05-07,기아 주식회사,카니발,2024
2024-05-07,한국지엠주식회사,올란도 2.0 LPG,2012
2024-05-07,현대자동차(주),아반떼(AVANTE),2018
2024-05-07,현대자동차(주),아반떼 (AVANTE),2012
2024-05-07,기아 주식회사,쏘렌토 하이브리드,2024
2024-05-07,현대자동차(주),싼타페 하이브리드(SANTAFE HYBRID),2024
2024-05-07,현대자동차(주),싼타페 하이브리드(SANTAFE HYBRID),2024
2024-05-07,현대자동차(주),싼타페 하이브리드(SANTAFE HYBRID),2024
2024-05-07,기아 주식회사,스팅어,2019
2024-05-07,기아 주식회사,셀토스,2020
2024-05-07,현대자동차(주),베뉴(VENUE),2020
2024-05-07,현대자동차(주),그랜저(GRANDEUR),2012
2024-05-07,현대자동차(주),그랜저 하이브리드,2019
2024-05-07,폭스바겐그룹코리아 주식회사,Tiguan 2.0 TDI,2018
2024-05-07,혼다코리아(주),PILOT,2021
2024-05-07,혼다코리아(주),ODYSSEY,2019
2024-05-07,기아 주식회사,K7 하이브리드,2018
2024-05-07,기아 주식회사,K7,2020
2024-05-07,기아 주식회사,K7,2020
2024-05-07,기아 주식회사,K7,2020
2024-05-07,기아 주식회사,K7,2020
2024-05-07,폭스바겐그룹코리아 주식회사,Golf 2.0 TDI BMT,2015
2024-05-07,기아 주식회사,EV6,2023
2024-05-07,메르세데스벤츠코리아(주),E300,2017
2024-05-07,비엠더블유코리아(주),BMW 520d,2018
2024-05-08,포드세일즈서비스코리아(유),토러스,2015
2024-05-08,현대자동차(주),아이오닉6 (IONIQ6),2023
2024-05-08,현대자동차(주),아이오닉6 (IONIQ6),2023
2024-05-08,현대자동차(주),아이오닉5(IONIQ5),2023
2024-05-08,현대자동차(주),아반떼(AVANTE),2024
2024-05-08,기아 주식회사,쏘렌토 하이브리드,2021
2024-05-08,기아 주식회사,쏘렌토 하이브리드,2024
2024-05-08,기아 주식회사,쏘렌토 하이브리드,2024
2024-05-08,기아 주식회사,쏘렌토,2019
2024-05-08,현대자동차(주),쏘나타(SONATA),2020
2024-05-08,현대자동차(주),쏘나타(SONATA),2020
2024-05-08,현대자동차(주),쏘나타 하이브리드 (SONATA Hybrid),2024
2024-05-08,현대자동차(주),싼타페 하이브리드(SANTAFE HYBRID),2024
2024-05-08,현대자동차(주),싼타페 하이브리드(SANTAFE HYBRID),2024
2024-05-08,현대자동차(주),싼타페 하이브리드(SANTAFE HYBRID),2024
2024-05-08,기아 주식회사,스포티지,2024
2024-05-08,현대자동차(주),스타리아 (STARIA),2023
2024-05-08,주식회사 나인인디에어,나인인디에어캠핑카,2020
2024-05-08,폭스바겐그룹코리아 주식회사,Tiguan 2.0 TDI 4Motion,2018
2024-05-08,르노코리아(주),QM3,2014
2024-05-08,르노코리아(주),QM3,2014
2024-05-08,르노코리아(주),MASTER,2022
2024-05-08,포드세일즈서비스코리아(유),Lincoln Navigator 3.5,2021
2024-05-08,기아 주식회사,K9,2013
2024-05-08,기아 주식회사,K7,2021
2024-05-08,기아 주식회사,K5,2015
2024-05-08,기아 주식회사,K3,2019
2024-05-08,기아 주식회사,K3,2020
2024-05-08,기아 주식회사,K3,2019
2024-05-08,기아 주식회사,K3,2020
2024-05-08,폭스바겐그룹코리아 주식회사,Jetta 2.0 TDI BMT Premium,2015
2024-05-08,현대자동차(주),GV80,2024
2024-05-08,기아 주식회사,EV6,2023
2024-05-08,메르세데스벤츠코리아(주),E220 d,2017
2024-05-08,비엠더블유코리아(주),BMW iX3 M Sport,2023
2024-05-08,비엠더블유코리아(주),BMW iX3 M Sport,2023
2024-05-08,비엠더블유코리아(주),BMW i4 eDrive40,2022
2024-05-08,비엠더블유코리아(주),BMW 218d Active Tourer,2022
2024-05-09,현대자동차(주),투싼(TUCSON),2016
2024-05-09,현대자동차(주),코나 일렉트릭 (KONA ELECTRIC),2019
2024-05-09,지엠아시아퍼시픽지역본부 주식회사,캐딜락 XT5,2019
2024-05-09,기아 주식회사,카니발 리무진,2019
2024-05-09,기아 주식회사,카니발,2019
2024-05-09,기아 주식회사,카니발,2021
2024-05-09,스텔란티스코리아 주식회사,짚 체로키 2.4,2019
2024-05-09,현대자동차(주),아이오닉6 (IONIQ6),2023
2024-05-09,현대자동차(주),아이오닉6 (IONIQ6),2023
2024-05-09,현대자동차(주),아반떼(AVANTE),2019
2024-05-09,기아 주식회사,쏘렌토 하이브리드,2024
2024-05-09,기아 주식회사,봉고Ⅲ 일반덤프,2022
2024-05-09,기아 주식회사,모하비,2018
2024-05-09,한국토요타자동차(주),렉서스 NX350h,2024
2024-05-09,한국토요타자동차(주),렉서스 ES300h,2023
2024-05-09,기아 주식회사,니로 하이브리드,2020
2024-05-09,현대자동차(주),그랜저(GRANDEUR),2019
2024-05-09,현대자동차(주),그랜저(GRANDEUR),2019
2024-05-09,현대자동차(주),그랜저(GRANDEUR),2020
2024-05-09,현대자동차(주),그랜저(GRANDEUR),2018
2024-05-09,폭스바겐그룹코리아 주식회사,Tiguan 2.0 TDI,2018
2024-05-09,르노코리아(주),QM6,2021
2024-05-09,르노코리아(주),QM6,2017
2024-05-09,한불모터스(주),Peugeot 508 2.0 BlueHDi,2020
2024-05-09,메르세데스벤츠코리아(주),Mercedes-Benz GLC300 4MATIC Coupe,2020
2024-05-09,메르세데스벤츠코리아(주),Mercedes-Benz GLB220,2020
2024-05-09,메르세데스벤츠코리아(주),Mercedes-Benz EQE350 4MATIC SUV,2023
2024-05-09,기아 주식회사,K7 하이브리드,2021
2024-05-09,기아 주식회사,K7,2015
2024-05-09,기아 주식회사,K7,2020
2024-05-09,기아 주식회사,K3,2019
2024-05-09,기아 주식회사,K3,2019
2024-05-09,비엠더블유코리아(주),BMW 520d,2017
2024-05-09,폭스바겐그룹코리아 주식회사,Arteon 2.0 TDI,2018
2024-05-10,한국지엠주식회사,트랙스 1.2 터보,2024
2024-05-10,현대자동차(주),투싼 하이브리드(TUCSON HYBRID),2023
2024-05-10,현대자동차(주),코나 일렉트릭 (KONA ELECTRIC),2019
2024-05-10,기아 주식회사,카니발 리무진,2021
2024-05-10,기아 주식회사,카니발,2019
2024-05-10,현대자동차(주),아이오닉 일렉트릭(IONIQ ELECTRIC),2020
2024-05-10,현대자동차(주),쏘나타(SONATA),2024
2024-05-10,현대자동차(주),쏘나타(SONATA),2015
2024-05-10,케이지모빌리티 주식회사(KG Mobility Corp.),렉스턴스포츠 칸 쿨멘,2024
2024-05-10,(주)재규어랜드로버코리아,디펜더 110 D240,2020
2024-05-10,(주)재규어랜드로버코리아,디펜더 110 D240,2020
2024-05-10,,니로 하이브리드,2024
2024-05-10,현대자동차(주),그랜저(GRANDEUR),2013
2024-05-10,르노코리아(주),QM6,2019
2024-05-10,폭스바겐그룹코리아 주식회사,Q4 Sportback e-tron 40,2022
2024-05-10,메르세데스벤츠코리아(주),Mercedes-Benz S500 4MATIC,2023
2024-05-10,르노코리아(주),MASTER,2020
2024-05-10,포드세일즈서비스코리아(유),Lincoln Navigator 3.5,2021
2024-05-10,기아 주식회사,K7 하이브리드,2020
2024-05-10,기아 주식회사,K7 하이브리드,2021
2024-05-10,기아 주식회사,K7 하이브리드,2020
2024-05-10,기아 주식회사,K7 하이브리드,2020
2024-05-10,기아 주식회사,K7,2020
2024-05-10,기아 주식회사,K7,2020
2024-05-10,기아 주식회사,K7,2020
2024-05-10,기아 주식회사,K7,2020
2024-05-10,기아 주식회사,K7,2020
2024-05-10,기아 주식회사,K7,2018
2024-05-10,기아 주식회사,K7,2016
2024-05-10,기아 주식회사,K7,2020
2024-05-10,기아 주식회사,K7,2020
2024-05-10,기아 주식회사,K7,2020
2024-05-10,기아 주식회사,K7,2020
2024-05-10,기아 주식회사,K7,2020
2024-05-10,기아 주식회사,K7,2020
2024-05-10,기아 주식회사,K7,2021
2024-05-10,기아 주식회사,K7,2020
2024-05-10,기아 주식회사,K7,2020
2024-05-10,기아 주식회사,K7,2020
2024-05-10,기아 주식회사,K5,2024
2024-05-10,기아 주식회사,K3,2019
2024-05-10,폭스바겐그룹코리아 주식회사,Golf 1.4 TSI,2015
2024-05-10,포드세일즈서비스코리아(유),Explorer 2.3 AWD,2017
2024-05-10,기아 주식회사,EV6,2022
2024-05-10,비엠더블유코리아(주),BMW 520d xDrive,2018
2024-05-10,비엠더블유코리아(주),BMW 330i,2018
2024-05-13,현대자동차(주),투싼(TUCSON),2017
2024-05-13,기아 주식회사,카니발 하이브리드,2024
2024-05-13,기아 주식회사,카니발,2020
2024-05-13,한국지엠주식회사,올란도 2.0 LPG,2012
2024-05-13,현대자동차(주),아반떼(AVANTE),2017
2024-05-13,현대자동차(주),아반떼(AVANTE),2024
2024-05-13,현대자동차(주),쏘나타(SONATA),2024
2024-05-13,케이지모빌리티 주식회사(KG Mobility Corp.),렉스턴스포츠 칸,2020
2024-05-13,현대자동차(주),그랜저 하이브리드 (GRANDEUR HYBRID),2016
2024-05-13,폭스바겐그룹코리아 주식회사,Tiguan 2.0 TDI,2018
2024-05-13,테슬라코리아 유한회사,Model 3 Long Range,2020
2024-05-13,포드세일즈서비스코리아(유),Lincoln Nautilus 2.0L,2024
2024-05-13,포드세일즈서비스코리아(유),Lincoln Nautilus 2.0L,2024
2024-05-13,기아 주식회사,K7 하이브리드,2014
2024-05-13,기아 주식회사,K7 하이브리드,2020
2024-05-13,기아 주식회사,K7,2020
2024-05-13,기아 주식회사,K7,2020
2024-05-13,기아 주식회사,K7,2020
2024-05-13,기아 주식회사,K7,2020
2024-05-13,기아 주식회사,K7,2020
2024-05-13,기아 주식회사,K7,2020
2024-05-13,기아 주식회사,K7,2020
2024-05-13,포드세일즈서비스코리아(유),Explorer 2.3,2020
2024-05-13,한국지엠(주),CHEVROLET EQUINOX FWD,2020
2024-05-13,비엠더블유코리아(주),BMW iX3 M Sport,2023
2024-05-13,비엠더블유코리아(주),BMW iX xDrive50,2023
2024-05-13,비엠더블유코리아(주),BMW 640i xDrive,2018
2024-05-13,비엠더블유코리아(주),BMW 520d,2014
2024-05-13,르노코리아(주),ARKANA,2025
2024-05-13,폭스바겐그룹코리아 주식회사,A7 55 TFSI quattro,2020
2024-05-14,현대자동차(주),팰리세이드(PALISADE),2020
2024-05-14,현대자동차(주),팰리세이드(PALISADE),2021
2024-05-14,케이지모빌리티 주식회사(KG Mobility Corp.),토레스 EVX,2024
2024-05-14,케이지모빌리티 주식회사(KG Mobility Corp.),토레스 EVX,2024
2024-05-14,한국지엠주식회사,캡티바 2.0 디젤,2017
2024-05-14,기아 주식회사,카니발,2024
2024-05-14,현대자동차(주),아이오닉6 (IONIQ6),2023
2024-05-14,현대자동차(주),아이오닉6 (IONIQ6),2023
2024-05-14,현대자동차(주),아이오닉6 (IONIQ6),2023
2024-05-14,현대자동차(주),아이오닉 일렉트릭(IONIQ ELECTRIC),2020
2024-05-14,현대자동차(주),아반떼(AVANTE),2024
2024-05-14,기아 주식회사,쏘렌토 하이브리드,2024
2024-05-14,현대자동차(주),쏘나타(SONATA),2021
2024-05-14,현대자동차(주),싼타페 하이브리드(SANTAFE HYBRID),2024
2024-05-14,기아 주식회사,셀토스,2023
2024-05-14,(주)재규어랜드로버코리아,디스커버리 TD6,2018
2024-05-14,기아 주식회사,니로 하이브리드,2017
2024-05-14,기아 주식회사,니로 EV,2020
2024-05-14,현대자동차(주),그랜저(GRANDEUR),2020
2024-05-14,현대자동차(주),그랜저(GRANDEUR),2019
2024-05-14,현대자동차(주),그랜저(GRANDEUR),2023
2024-05-14,현대자동차(주),그랜저(GRANDEUR),2019
2024-05-14,현대자동차(주),그랜저(GRANDEUR),2023
2024-05-14,폭스바겐그룹코리아 주식회사,Tiguan 2.0 TDI,2020
2024-05-14,기아 주식회사,K7,2020
2024-05-14,기아 주식회사,K7,2020
2024-05-14,기아 주식회사,K7,2020
2024-05-14,기아 주식회사,K3,2019
2024-05-14,주식회사 이비온,E6,2022
2024-05-14,비엠더블유코리아(주),BMW iX3 M Sport,2023
2024-05-14,비엠더블유코리아(주),BMW iX3 M Sport,2022
2024-05-14,비엠더블유코리아(주),BMW iX xDrive40,2022
2024-05-14,비엠더블유코리아(주),BMW i4 eDrive40,2024
2024-05-14,비엠더블유코리아(주),BMW 530i,2018
2024-05-16,(주)한성특장,한성8.5톤카고,2022
2024-05-16,한국지엠주식회사,트랙스 1.2 터보,2024
2024-05-16,케이지모빌리티 주식회사(KG Mobility Corp.),토레스 EVX,2024
2024-05-16,케이지모빌리티 주식회사(KG Mobility Corp.),토레스 EVX,2024
2024-05-16,케이지모빌리티 주식회사(KG Mobility Corp.),토레스 EVX,2024
2024-05-16,케이지모빌리티 주식회사(KG Mobility Corp.),토레스 EVX,2024
2024-05-16,케이지모빌리티 주식회사(KG Mobility Corp.),토레스 EVX,2024
2024-05-16,케이지모빌리티 주식회사(KG Mobility Corp.),토레스 EVX,2024
2024-05-16,케이지모빌리티 주식회사(KG Mobility Corp.),토레스 EVX,2024
2024-05-16,케이지모빌리티 주식회사(KG Mobility Corp.),토레스 EVX,2024
2024-05-16,케이지모빌리티 주식회사(KG Mobility Corp.),토레스 EVX,2024
2024-05-16,케이지모빌리티 주식회사(KG Mobility Corp.),토레스 EVX,2024
2024-05-16,케이지모빌리티 주식회사(KG Mobility Corp.),토레스 EVX,2024
2024-05-16,케이지모빌리티 주식회사(KG Mobility Corp.),토레스 EVX,2024
2024-05-16,케이지모빌리티 주식회사(KG Mobility Corp.),토레스 EVX,2024
2024-05-16,케이지모빌리티 주식회사(KG Mobility Corp.),토레스 EVX,2024
2024-05-16,케이지모빌리티 주식회사(KG Mobility Corp.),토레스 EVX,2024
2024-05-16,주식회사 제이엠특장자동차,제이엠3.1톤차량운반트럭,2023
2024-05-16,기아 주식회사,쏘렌토 하이브리드,2024
2024-05-16,현대자동차(주),싼타페 하이브리드(SANTAFE HYBRID),2024
2024-05-16,케이지모빌리티 주식회사(KG Mobility Corp.),렉스턴스포츠,2022
2024-05-16,(주)재규어랜드로버코리아,디펜더 110 D240,2020
2024-05-16,(주)재규어랜드로버코리아,디스커버리 TD6,2019
2024-05-16,(주)재규어랜드로버코리아,디스커버리 TD6,2017
2024-05-16,(주)재규어랜드로버코리아,디스커버리 TD6,2017
2024-05-16,(주)재규어랜드로버코리아,디스커버리 TD6,2017
2024-05-16,(주)재규어랜드로버코리아,디스커버리 TD6,2019
2024-05-16,(주)재규어랜드로버코리아,디스커버리 TD6,2019
2024-05-16,(주)재규어랜드로버코리아,디스커버리 TD6,2017
2024-05-16,(주)재규어랜드로버코리아,디스커버리 TD6,2017
2024-05-16,(주)재규어랜드로버코리아,디스커버리 TD6,2017
2024-05-16,(주)재규어랜드로버코리아,디스커버리 TD6,2018
2024-05-16,폭스바겐그룹코리아 주식회사,R8 Coupe V10 Plus,2017
2024-05-16,메르세데스벤츠코리아(주),Mercedes-Benz S580 4MATIC,2022
2024-05-16,기아 주식회사,K7 하이브리드,2020
2024-05-16,기아 주식회사,K7 하이브리드,2020
2024-05-16,기아 주식회사,K7,2020
2024-05-16,기아 주식회사,K7,2020
2024-05-16,기아 주식회사,K7,2020
2024-05-16,기아 주식회사,K7,2020
2024-05-16,기아 주식회사,K3,2019
2024-05-16,기아 주식회사,K3,2019
2024-05-16,기아 주식회사,K3,2019
2024-05-16,한국지엠(주),CHEVROLET BOLT EV,2018
2024-05-16,비엠더블유코리아(주),BMW 640i xDrive,2018
2024-05-16,비엠더블유코리아(주),BMW 520i Luxury,2019
2024-05-16,포르쉐코리아 주식회사,911 카레라 4 GTS 카브리올레,2022
2024-05-17,한국지엠주식회사,트랙스 1.2 터보,2024
2024-05-17,한국지엠주식회사,트랙스 1.2 터보,2024
2024-05-17,한국지엠주식회사,트랙스 1.2 터보,2024
2024-05-17,현대자동차(주),투싼(TUCSON),2016
2024-05-17,현대자동차(주),투싼(TUCSON),2016
2024-05-17,케이지모빌리티 주식회사(KG Mobility Corp.),토레스 EVX,2024
2024-05-17,케이지모빌리티 주식회사(KG Mobility Corp.),토레스 EVX,2024
2024-05-17,케이지모빌리티 주식회사(KG Mobility Corp.),토레스 EVX,2024
2024-05-17,케이지모빌리티 주식회사(KG Mobility Corp.),토레스 EVX,2024
2024-05-17,케이지모빌리티 주식회사(KG Mobility Corp.),토레스 EVX,2024
2024-05-17,케이지모빌리티 주식회사(KG Mobility Corp.),토레스 EVX,2024
2024-05-17,케이지모빌리티 주식회사(KG Mobility Corp.),토레스 EVX,2024
2024-05-17,케이지모빌리티 주식회사(KG Mobility Corp.),토레스 EVX,2024
2024-05-17,케이지모빌리티 주식회사(KG Mobility Corp.),토레스 EVX,2024
2024-05-17,케이지모빌리티 주식회사(KG Mobility Corp.),토레스 EVX,2024
2024-05-17,케이지모빌리티 주식회사(KG Mobility Corp.),토레스 EVX,2024
2024-05-17,케이지모빌리티 주식회사(KG Mobility Corp.),토레스 EVX,2024
2024-05-17,케이지모빌리티 주식회사(KG Mobility Corp.),토레스 EVX,2024
2024-05-17,케이지모빌리티 주식회사(KG Mobility Corp.),토레스 EVX,2024
2024-05-17,케이지모빌리티 주식회사(KG Mobility Corp.),토레스 EVX,2024
2024-05-17,기아 주식회사,카니발 리무진,2019
2024-05-17,기아 주식회사,카니발,2022
2024-05-17,기아 주식회사,카니발,2021
2024-05-17,기아 주식회사,카니발,2019
2024-05-17,현대자동차(주),아이오닉5(IONIQ5),2023
2024-05-17,현대자동차(주),아이오닉5(IONIQ5),2023
2024-05-17,(주)아이버스,아이버스스타리아어린이운송차,2022
2024-05-17,기아 주식회사,쏘렌토 하이브리드,2024
2024-05-17,기아 주식회사,쏘렌토,2022
2024-05-17,(주)재규어랜드로버코리아,레인지로버 이보크 2.0D,2017
2024-05-17,(주)재규어랜드로버코리아,디펜더 110 D240,2020
2024-05-17,(주)재규어랜드로버코리아,디스커버리 TD6,2017
2024-05-17,(주)재규어랜드로버코리아,디스커버리 TD6,2018
2024-05-17,(주)재규어랜드로버코리아,디스커버리 TD6,2018
2024-05-17,(주)재규어랜드로버코리아,디스커버리 TD6,2017
2024-05-17,(주)재규어랜드로버코리아,디스커버리 SD6,2020
2024-05-17,기아 주식회사,니로 하이브리드,2017
2024-05-17,기아 주식회사,니로 하이브리드,2022
2024-05-17,기아 주식회사,니로 EV,2022
2024-05-17,폭스바겐그룹코리아 주식회사,Tiguan Allspace,2023
2024-05-17,르노코리아(주),SM6,2024
2024-05-17,한불모터스(주),Peugeot 3008 1.5 BlueHDi,2019
2024-05-17,포드세일즈서비스코리아(유),Lincoln Nautilus 2.0L,2024
2024-05-17,기아 주식회사,K7 하이브리드,2020
2024-05-17,기아 주식회사,K7,2020
2024-05-17,기아 주식회사,K7,2020
2024-05-17,기아 주식회사,K7,2020
2024-05-17,기아 주식회사,K3,2019
2024-05-17,폭스바겐그룹코리아 주식회사,Golf 1.4 TSI,2016
2024-05-17,비엠더블유코리아(주),BMW X5 xDrive45e iPerformance,2022
2024-05-20,현대자동차(주),팰리세이드(PALISADE),2019
2024-05-20,한국지엠주식회사,트랙스 1.4,2021
2024-05-20,한국지엠주식회사,트랙스 1.2 터보,2024
2024-05-20,한국지엠주식회사,트랙스 1.2 터보,2024
2024-05-20,한국토요타자동차(주),토요타 Prius,2017
2024-05-20,한국토요타자동차(주),토요타 Prius,2018
2024-05-20,케이지모빌리티 주식회사(KG Mobility Corp.),토레스 EVX,2024
2024-05-20,한국지엠주식회사,캡티바 2.0 디젤,2016
2024-05-20,현대자동차(주),아반떼(AVANTE),2021
2024-05-20,기아 주식회사,쏘렌토 하이브리드,2024
2024-05-20,기아 주식회사,쏘렌토,2021
2024-05-20,현대자동차(주),쏘나타(SONATA),2024
2024-05-20,한국지엠주식회사,말리부 1.8 HYBRID,2017
2024-05-20,기아 주식회사,레이 전기차,2013
2024-05-20,(주)재규어랜드로버코리아,디스커버리 TD6,2018
2024-05-20,(주)재규어랜드로버코리아,디스커버리 TD6,2019
2024-05-20,현대자동차(주),그랜저(GRANDEUR),2019
2024-05-20,현대자동차(주),그랜저(GRANDEUR),2013
2024-05-20,르노코리아(주),XM3,2020
2024-05-20,폭스바겐그룹코리아 주식회사,Tiguan 2.0 TDI 4Motion,2018
2024-05-20,폭스바겐그룹코리아 주식회사,Tiguan 2.0 TDI,2020
2024-05-20,폭스바겐그룹코리아 주식회사,Q8 50 TDI quattro,2020
2024-05-20,메르세데스벤츠코리아(주),Mercedes-Benz GLE450 4MATIC,2023
2024-05-20,메르세데스벤츠코리아(주),Mercedes-Benz A 220,2024
2024-05-20,메르세데스벤츠코리아(주),ML350 BlueTEC 4Matic,2013
2024-05-20,포드세일즈서비스코리아(유),Lincoln MKX 2.7 AWD,2016
2024-05-20,기아 주식회사,K7 하이브리드,2018
2024-05-20,기아 주식회사,K7 하이브리드,2014
2024-05-20,기아 주식회사,K7,2020
2024-05-20,기아 주식회사,K7,2021
2024-05-20,기아 주식회사,K3,2013
2024-05-20,기아 주식회사,K3,2019
2024-05-20,폭스바겐그룹코리아 주식회사,ID.4 Pro,2022
2024-05-20,폭스바겐그룹코리아 주식회사,ID.4 Pro,2022
2024-05-20,메르세데스벤츠코리아(주),E220 d,2017
2024-05-20,비엠더블유코리아(주),BMW i5 eDrive40,2024
2024-05-20,비엠더블유코리아(주),BMW i4 eDrive40,2023
2024-05-20,비엠더블유코리아(주),BMW 530i,2023
2024-05-20,비엠더블유코리아(주),BMW 520d xDrive,2018
2024-05-20,폭스바겐그룹코리아 주식회사,A6 45 TFSI,2021
2024-05-21,,투싼,2023
2024-05-21,현대자동차(주),코나 일렉트릭 (KONA ELECTRIC),2020
2024-05-21,현대자동차(주),아반떼(AVANTE),2016
2024-05-21,현대자동차(주),아반떼(AVANTE),2016
2024-05-21,기아 주식회사,쏘렌토,2020
2024-05-21,현대자동차(주),쏘나타(SONATA),2020
2024-05-21,현대자동차(주),쏘나타 (SONATA),2010
2024-05-21,현대자동차(주),싼타페(SANTAFE),2013
2024-05-21,한국지엠주식회사,스파크 1.0,2018
2024-05-21,한국지엠주식회사,말리부 1.5 TURBO,2018
2024-05-21,(주)재규어랜드로버코리아,디펜더 110 D240,2020
2024-05-21,(주)재규어랜드로버코리아,디펜더 110 D240,2020
2024-05-21,기아 주식회사,니로 하이브리드,2017
2024-05-21,기아 주식회사,니로 하이브리드,2021
2024-05-21,기아 주식회사,니로 하이브리드,2017
2024-05-21,기아 주식회사,니로 하이브리드,2017
2024-05-21,기아 주식회사,니로 하이브리드,2017
2024-05-21,현대자동차(주),그랜저 하이브리드,2019
2024-05-21,폭스바겐그룹코리아 주식회사,Tiguan Allspace 2.0 TDI,2018
2024-05-21,르노코리아(주),SM6,2016
2024-05-21,르노코리아(주),SM5 LPLi,2009
2024-05-21,한불모터스(주),Peugeot e-2008 SUV,2021
2024-05-21,메르세데스벤츠코리아(주),Mercedes-Benz E250,2023
2024-05-21,기아 주식회사,K7,2020
2024-05-21,기아 주식회사,K7,2020
2024-05-21,기아 주식회사,K7,2020
2024-05-21,기아 주식회사,K5,2020
2024-05-21,기아 주식회사,K3,2020
2024-05-21,현대자동차(주),GV80,2020
2024-05-21,현대자동차(주),G70,2019
2024-05-21,현대자동차(주),G70,2018
2024-05-21,포드세일즈서비스코리아(유),Explorer 2.3 AWD,2018
2024-05-21,기아 주식회사,EV6,2023
2024-05-21,메르세데스벤츠코리아(주),E220 BlueTEC,2016
2024-05-21,비엠더블유코리아(주),BMW 528i,2009
2024-05-22,현대자동차(주),팰리세이드(PALISADE),2021
2024-05-22,한국지엠주식회사,트랙스 1.2 터보,2024
2024-05-22,한국지엠주식회사,트랙스 1.2 터보,2024
2024-05-22,한국지엠주식회사,트랙스 1.2 터보,2024
2024-05-22,기아 주식회사,카니발,2019
2024-05-22,스텔란티스코리아 주식회사,짚 랭글러 사하라,2023
2024-05-22,현대자동차(주),아이오닉6 (IONIQ6),2023
2024-05-22,기아 주식회사,쏘울 전기차,2020
2024-05-22,기아 주식회사,쏘렌토 하이브리드,2024
2024-05-22,기아 주식회사,쏘렌토 하이브리드,2024
2024-05-22,기아 주식회사,쏘렌토 하이브리드,2021
2024-05-22,기아 주식회사,쏘렌토,2018
2024-05-22,현대자동차(주),싼타페(SANTAFE),2024
2024-05-22,현대자동차(주),싼타페 하이브리드(SANTAFE HYBRID),2024
2024-05-22,기아 주식회사,스포티지,2016
2024-05-22,메르세데스벤츠코리아(주),벤츠 GLE300 d 4MATIC,2020
2024-05-22,기아 주식회사,니로 하이브리드,2017
2024-05-22,기아 주식회사,니로 하이브리드,2017
2024-05-22,기아 주식회사,니로 하이브리드,2017
2024-05-22,기아 주식회사,니로 하이브리드,2017
2024-05-22,르노코리아(주),QM6,2020
2024-05-22,메르세데스벤츠코리아(주),Mercedes-Benz E 300 4MATIC,2020
2024-05-22,기아 주식회사,K7,2020
2024-05-22,기아 주식회사,K3,2019
2024-05-22,기아 주식회사,K3,2019
2024-05-22,기아 주식회사,K3,2020
2024-05-22,기아 주식회사,EV6,2023
2024-05-22,비엠더블유코리아(주),BMW 530i xDrive,2018
2024-05-22,비엠더블유코리아(주),BMW 520d,2018
2024-05-22,폭스바겐그룹코리아 주식회사,A6 40 TDI,2020
2024-05-23,현대자동차(주),팰리세이드(PALISADE),2021
2024-05-23,한국지엠주식회사,트레일블레이저 1.35 TURBO FWD,2021
2024-05-23,한국지엠주식회사,트랙스 1.4,2018
2024-05-23,한국지엠주식회사,트랙스 1.2 터보,2024
2024-05-23,한국지엠주식회사,트랙스 1.2 터보,2024
2024-05-23,현대자동차(주),아이오닉6 (IONIQ6),2023
2024-05-23,현대자동차(주),아이오닉5 (IONIQ5),2023
2024-05-23,현대자동차(주),아이오닉5 (IONIQ5),2023
2024-05-23,기아 주식회사,쏘렌토 하이브리드,2024
2024-05-23,현대자동차(주),싼타페(SANTAFE),2024
2024-05-23,현대자동차(주),싼타페(SANTAFE),2024
2024-05-23,현대자동차(주),싼타페 하이브리드(SANTAFE HYBRID),2024
2024-05-23,현대자동차(주),싼타페 하이브리드(SANTAFE HYBRID),2024
2024-05-23,현대자동차(주),싼타페 하이브리드(SANTAFE HYBRID),2024
2024-05-23,기아 주식회사,스포티지 하이브리드,2022
2024-05-23,(주)재규어랜드로버코리아,디스커버리 TD6,2018
2024-05-23,드림캠핑카,드림이동업무차,2019
2024-05-23,현대자동차(주),그랜저(GRANDEUR),2016
2024-05-23,폭스바겐그룹코리아 주식회사,Q5 40 TDI quattro,2023
2024-05-23,테슬라코리아 유한회사,Model Y RWD,2024
2024-05-23,기아 주식회사,K7,2020
2024-05-23,기아 주식회사,K3,2016
2024-05-23,기아 주식회사,K3,2019
2024-05-23,기아 주식회사,K3,2019
2024-05-23,(유)기흥모터스,HARLEY-DAVIDSON FLHXS,2020
2024-05-23,현대자동차(주),GV70,2022
2024-05-23,메르세데스벤츠코리아(주),GLC350 e 4Matic,2019
2024-05-23,현대자동차(주),G80,2025
2024-05-23,포드세일즈서비스코리아(유),Explorer 2.3L,2022
2024-05-23,메르세데스벤츠코리아(주),E300,2017
2024-05-23,르노코리아(주),CAPTUR,2020
2024-05-23,비엠더블유코리아(주),BMW 530i xDrive,2024
2024-05-23,비엠더블유코리아(주),BMW 530i,2018
2024-05-23,비엠더블유코리아(주),BMW 320d Gran Turismo M Sport Package RDE2,2020
2024-05-23,폭스바겐그룹코리아 주식회사,Arteon 2.0 TDI,2019
2024-05-23,르노코리아(주),ARKANA,2025
2024-05-23,폭스바겐그룹코리아 주식회사,A6 35 TDI quattro,2018
2024-05-23,폭스바겐그룹코리아 주식회사,A6 35 TDI quattro,2018
2024-05-24,현대자동차(주),투싼(TUCSON),2016
2024-05-24,현대자동차(주),코나 일렉트릭 (KONA ELECTRIC),2019
2024-05-24,기아 주식회사,쏘렌토,2021
2024-05-24,현대자동차(주),싼타페 하이브리드(SANTAFE HYBRID),2024
2024-05-24,기아 주식회사,니로 하이브리드,2017
2024-05-24,현대자동차(주),그랜저(GRANDEUR),2019
2024-05-24,현대자동차(주),그랜저 하이브리드,2019
2024-05-24,폭스바겐그룹코리아 주식회사,Tiguan 2.0 TDI,2018
2024-05-24,르노코리아(주),SM5,2014
2024-05-24,폭스바겐그룹코리아 주식회사,Q5 45 TDI quattro,2015
2024-05-24,혼다코리아(주),ODYSSEY,2019
2024-05-24,메르세데스벤츠코리아(주),Mercedes-Benz EQE350 4MATIC SUV,2023
2024-05-24,기아 주식회사,K8 하이브리드,2024
2024-05-24,기아 주식회사,K8 하이브리드,2023
2024-05-24,기아 주식회사,K7,2019
2024-05-24,기아 주식회사,K7,2020
2024-05-24,기아 주식회사,K7,2020
2024-05-24,기아 주식회사,K7,2019
2024-05-24,기아 주식회사,K7,2020
2024-05-24,기아 주식회사,K3,2019
2024-05-24,기아 주식회사,EV6,2023
2024-05-24,비엠더블유코리아(주),BMW X3 xDrive20d M Sport Package,2020
2024-05-24,비엠더블유코리아(주),BMW 640i xDrive,2018
2024-05-24,비엠더블유코리아(주),BMW 520i,2024
2024-05-24,비엠더블유코리아(주),BMW 520i,2024
2024-05-24,비엠더블유코리아(주),BMW 520i,2024
2024-05-24,비엠더블유코리아(주),BMW 520i,2024
2024-05-27,한국지엠주식회사,트랙스 1.2 터보,2024
2024-05-27,현대자동차(주),투싼(TUCSON),2016
2024-05-27,현대자동차(주),투싼(TUCSON),2017
2024-05-27,기아 주식회사,카니발,2017
2024-05-27,한국지엠주식회사,올란도 1.6 디젤,2017
2024-05-27,한국지엠주식회사,올란도 1.6 디젤,2017
2024-05-27,현대자동차(주),아이오닉5 (IONIQ5),2023
2024-05-27,기아 주식회사,쏘렌토 하이브리드,2024
2024-05-27,기아 주식회사,쏘렌토,2019
2024-05-27,기아 주식회사,쏘렌토,2019
2024-05-27,기아 주식회사,쏘렌토,2017
2024-05-27,현대자동차(주),쏘나타 하이브리드(SONATA HYBRID),2016
2024-05-27,현대자동차(주),싼타페(SANTAFE),2024
2024-05-27,현대자동차(주),싼타페 하이브리드(SANTAFE HYBRID),2024
2024-05-27,현대자동차(주),싼타페 하이브리드(SANTAFE HYBRID),2024
2024-05-27,기아 주식회사,스팅어,2018
2024-05-27,기아 주식회사,스팅어,2019
2024-05-27,기아 주식회사,스팅어,2021
2024-05-27,기아 주식회사,봉고Ⅲ EV 플러스내장차,2023
2024-05-27,(주)볼보자동차코리아,볼보 XC90T8 AWD,2017
2024-05-27,한국지엠주식회사,말리부 1.8 HYBRID,2017
2024-05-27,(주)재규어랜드로버코리아,디스커버리 TD6,2019
2024-05-27,폭스바겐그룹코리아 주식회사,Tiguan 2.0 TDI,2020
2024-05-27,스텔란티스코리아 주식회사,Peugeot e-208,2023
2024-05-27,혼다코리아(주),PILOT,2024
2024-05-27,혼다코리아(주),ODYSSEY,2021
2024-05-27,메르세데스벤츠코리아(주),Mercedes-Benz GLB220,2021
2024-05-27,르노코리아(주),MASTER,2020
2024-05-27,기아 주식회사,K9,2013
2024-05-27,기아 주식회사,K7,2020
2024-05-27,기아 주식회사,K7,2020
2024-05-27,기아 주식회사,K7,2020
2024-05-27,기아 주식회사,K3,2019
2024-05-27,현대자동차(주),G70,2020
2024-05-27,비엠더블유코리아(주),BMW X5 xDrive30d,2021
2024-05-27,비엠더블유코리아(주),BMW M340i,2021
2024-05-27,비엠더블유코리아(주),BMW 530i xDrive,2024
2024-05-27,비엠더블유코리아(주),BMW 520i Luxury,2019
2024-05-27,비엠더블유코리아(주),BMW 520i,2024
2024-05-27,비엠더블유코리아(주),BMW 520d M Sport Package,2019
2024-05-27,비엠더블유코리아(주),BMW 320i,2023
2024-05-27,한국닛산(주),ALTIMA 2.5,2018
2024-05-27,포르쉐코리아 주식회사,911 카레라 4S,2021
2024-05-28,현대자동차(주),팰리세이드(PALISADE),2021
2024-05-28,현대자동차(주),투싼(TUCSON),2016
2024-05-28,현대자동차(주),아이오닉5 (IONIQ5),2022
2024-05-28,기아 주식회사,쏘렌토 하이브리드,2021
2024-05-28,기아 주식회사,쏘렌토 하이브리드,2022
2024-05-28,(주)재규어랜드로버코리아,디스커버리4 3.0D,2015
2024-05-28,기아 주식회사,니로 하이브리드,2018
2024-05-28,기아 주식회사,니로 EV,2020
2024-05-28,현대자동차(주),그랜저(GRANDEUR),2020
2024-05-28,현대자동차(주),그랜저 하이브리드 (GRANDEUR HYBRID),2016
2024-05-28,르노코리아(주),XM3,2020
2024-05-28,르노코리아(주),SM6,2016
2024-05-28,르노코리아(주),SM6,2017
2024-05-28,테슬라코리아 유한회사,Model 3 Long Range,2020
2024-05-28,기아 주식회사,K5,2019
2024-05-28,폭스바겐그룹코리아 주식회사,ID.4 Pro,2022
2024-05-28,기아 주식회사,EV6,2022
2024-05-28,기아 주식회사,EV6,2022
2024-05-28,기아 주식회사,EV6,2022
2024-05-28,현대자동차(주),EQ900,2018
2024-05-28,메르세데스벤츠코리아(주),E220 d,2018
2024-05-28,비엠더블유코리아(주),BMW M2 Competition Package,2020
2024-05-28,비엠더블유코리아(주),BMW 530i,2017
2024-05-28,비엠더블유코리아(주),BMW 530d,2018
2024-05-28,폭스바겐그룹코리아 주식회사,Arteon 2.0 TDI,2019
2024-05-28,한국닛산(주),ALTIMA 2.5,2017
2024-05-28,폭스바겐그룹코리아 주식회사,A6 45 TFSI quattro,2022
2024-05-29,포르쉐코리아 주식회사,파나메라 4S,2018
2024-05-29,현대자동차(주),투싼(TUCSON),2016
2024-05-29,현대자동차(주),투싼(TUCSON),2016
2024-05-29,기아 주식회사,카니발 리무진,2020
2024-05-29,기아 주식회사,카니발,2021
2024-05-29,현대자동차(주),아이오닉6 (IONIQ6),2023
2024-05-29,기아 주식회사,쏘렌토 하이브리드,2024
2024-05-29,기아 주식회사,쏘렌토,2021
2024-05-29,현대자동차(주),싼타페(SANTAFE),2005
2024-05-29,(주)재규어랜드로버코리아,디스커버리 TD6,2019
2024-05-29,기아 주식회사,니로 하이브리드,2018
2024-05-29,기아 주식회사,니로 하이브리드,2017
2024-05-29,기아 주식회사,니로 하이브리드,2018
2024-05-29,기아 주식회사,니로 EV,2019
2024-05-29,현대자동차(주),넥쏘 (NEXO) 수소전기차,2021
2024-05-29,현대자동차(주),그랜저(GRANDEUR),2023
2024-05-29,자기인증면제차량,MERCEDES-BENZ GLK220 CDI 4Matic,2011
2024-05-29,현대자동차(주),G80,2021
2024-05-29,현대자동차(주),G80,2022
2024-05-29,케이지모빌리티 주식회사(KG Mobility Corp.),G4 렉스턴,2019
2024-05-29,기아 주식회사,EV6 GT,2023
2024-05-29,기아 주식회사,EV6,2022
2024-05-29,한불모터스(주),Citreon C4 Picasso 1.6 Blue-HDi,2016
2024-05-29,한국지엠(주),CHEVROLET EQUINOX FWD,2019
2024-05-29,비엠더블유코리아(주),BMW i4 eDrive40,2023
2024-05-29,폭스바겐그룹코리아 주식회사,Arteon 2.0 TDI,2019
2024-05-30,한국지엠주식회사,트랙스 1.2 터보,2024
2024-05-30,한국토요타자동차(주),토요타 RAV4 Hybrid AWD,2019
2024-05-30,케이지모빌리티 주식회사(KG Mobility Corp.),코란도,2019
2024-05-30,현대자동차(주),쏘나타 (SONATA) 하이브리드,2012
2024-05-30,한국지엠주식회사,말리부 1.5 TURBO,2017
2024-05-30,(주)재규어랜드로버코리아,디펜더 110 D240,2020
2024-05-30,폭스바겐그룹코리아 주식회사,Tiguan 2.0 TDI,2018
2024-05-30,르노코리아(주),SM6,2022
2024-05-30,메르세데스벤츠코리아(주),Mercedes-Benz GLC300 e 4MATIC,2021
2024-05-30,기아 주식회사,K7,2020
2024-05-30,기아 주식회사,K7,2020
2024-05-30,메르세데스벤츠코리아(주),GLC220 d 4Matic Coupe,2017
2024-05-31,(주)한성특장,한성맥쎈8.5톤카고,2023
2024-05-31,현대자동차(주),투싼(TUCSON),2016
2024-05-31,현대자동차(주),투싼(TUCSON),2019
2024-05-31,현대자동차(주),투싼(TUCSON),2016
2024-05-31,케이지모빌리티 주식회사(KG Mobility Corp.),토레스 EVX,2024
2024-05-31,현대자동차(주),코나 일렉트릭(KONA Electric),2023
2024-05-31,한국지엠주식회사,올란도 2.0 LPG,2015
2024-05-31,기아 주식회사,쏘렌토 하이브리드,2021
2024-05-31,현대자동차(주),쏘나타(SONATA),2022
2024-05-31,케이지모빌리티 주식회사(KG Mobility Corp.),렉스턴스포츠 칸,2021
2024-05-31,(주)루트17,다니고밴,2021
2024-05-31,현대자동차(주),그랜저(GRANDEUR),2020
2024-05-31,폭스바겐그룹코리아 주식회사,Tiguan 2.0 TDI,2020
2024-05-31,기아 주식회사,K7 하이브리드,2017
2024-05-31,기아 주식회사,K7,2020
2024-05-31,기아 주식회사,K7,2020
2024-05-31,기아 주식회사,K7,2020
2024-05-31,기아 주식회사,K3,2019
2024-05-31,기아 주식회사,K3,2020
2024-05-31,기아 주식회사,K3,2019
2024-05-31,현대자동차(주),GV80,2022
2024-05-31,현대자동차(주),G70,2019
2024-05-31,지엠아시아퍼시픽지역본부 주식회사,CADILLAC ESCALADE,2022
2024-05-31,비엠더블유코리아(주),BMW iX3 M Sport,2023
2024-05-31,비엠더블유코리아(주),BMW 530i xDrive,2024
2024-05-31,비엠더블유코리아(주),BMW 530i M Sport Package Plus,2019
2024-05-31,비엠더블유코리아(주),BMW 330i,2017
2024-06-03,현대자동차(주),포터Ⅱ (PORTERⅡ),2024
2024-06-03,현대자동차(주),팰리세이드(PALISADE),2021
2024-06-03,한국지엠주식회사,트랙스 1.2 터보,2024
2024-06-03,현대자동차(주),투싼(TUCSON),2016
2024-06-03,현대자동차(주),투싼(TUCSON),2016
2024-06-03,기아 주식회사,카니발,2021
2024-06-03,기아 주식회사,카니발,2019
2024-06-03,현대자동차(주),아반떼(AVANTE),2016
2024-06-03,기아 주식회사,쏘렌토,2021
2024-06-03,기아 주식회사,쏘렌토,2024
2024-06-03,현대자동차(주),싼타페 하이브리드(SANTAFE HYBRID),2024
2024-06-03,현대자동차(주),맥스크루즈 (MAXCRUZ),2014
2024-06-03,케이지모빌리티 주식회사(KG Mobility Corp.),렉스턴스포츠,2022
2024-06-03,한국토요타자동차(주),렉서스 ES300h,2023
2024-06-03,기아 주식회사,니로 하이브리드,2017
2024-06-03,현대자동차(주),그랜저(GRANDEUR),2014
2024-06-03,현대자동차(주),그랜저 하이브리드(GRANDEUR HYBRID),2024
2024-06-03,폭스바겐그룹코리아 주식회사,Tiguan 2.0 TDI,2020
2024-06-03,메르세데스벤츠코리아(주),Mercedes-Benz GLC300 4MATIC,2020
2024-06-03,메르세데스벤츠코리아(주),Mercedes-Benz EQB300 4MATIC,2023
2024-06-03,기아 주식회사,K7 하이브리드,2020
2024-06-03,기아 주식회사,K7,2020
2024-06-03,기아 주식회사,K3,2019
2024-06-03,기아 주식회사,K3,2019
2024-06-03,현대자동차(주),G70,2018
2024-06-03,기아 주식회사,EV6,2022
2024-06-03,메르세데스벤츠코리아(주),E300,2017
2024-06-03,메르세데스벤츠코리아(주),C250 d 4Matic,2016
2024-06-03,비엠더블유코리아(주),BMW 320i,2021
2024-06-03,폭스바겐그룹코리아 주식회사,Arteon 2.0 TDI,2019
2024-06-04,현대자동차(주),포터Ⅱ (PORTERⅡ),2023
2024-06-04,한국지엠주식회사,트랙스 1.6 디젤,2017
2024-06-04,기아 주식회사,카니발 리무진,2019
2024-06-04,기아 주식회사,카니발,2021
2024-06-04,주식회사 제일모빌,제일모빌이동업무차,2019
2024-06-04,(주)재규어랜드로버코리아,재규어 XE 20d,2018
2024-06-04,현대자동차(주),아이오닉5(IONIQ5),2023
2024-06-04,현대자동차(주),아이오닉5 N(IONIQ5 N),2024
2024-06-04,기아 주식회사,쏘렌토 하이브리드,2021
2024-06-04,메르세데스벤츠코리아(주),벤츠 A220 Sedan,2020
2024-06-04,폭스바겐그룹코리아 주식회사,Tiguan Allspace 2.0 TDI,2020
2024-06-04,혼다코리아(주),ODYSSEY,2019
2024-06-04,메르세데스벤츠코리아(주),Mercedes-Benz GLC300 4MATIC Coupe,2020
2024-06-04,메르세데스벤츠코리아(주),Mercedes-Benz EQB300 4MATIC,2023
2024-06-04,기아 주식회사,K7,2020
2024-06-04,기아 주식회사,K7,2018
2024-06-04,기아 주식회사,K7,2020
2024-06-04,기아 주식회사,K7,2020
2024-06-04,기아 주식회사,K7,2020
2024-06-04,기아 주식회사,EV6,2023
2024-06-04,메르세데스벤츠코리아(주),E300 4Matic,2019
2024-06-04,한국지엠(주),CHEVROLET BOLT EV,2018
2024-06-04,비엠더블유코리아(주),BMW i5 eDrive40,2024
2024-06-04,비엠더블유코리아(주),BMW R 18 CLASSIC,2023
2024-06-04,폭스바겐그룹코리아 주식회사,Arteon 2.0 TDI,2019
2024-06-05,현대자동차(주),팰리세이드(PALISADE),2020
2024-06-05,한국지엠주식회사,트랙스 1.2 터보,2024
2024-06-05,현대자동차(주),투싼(TUCSON),2016
2024-06-05,현대자동차(주),투싼(TUCSON),2016
2024-06-05,현대자동차(주),투싼 하이브리드(TUCSON HYBRID),2023
2024-06-05,케이지모빌리티 주식회사(KG Mobility Corp.),토레스,2024
2024-06-05,스텔란티스코리아 주식회사,짚 레니게이드 2.4 FWD,2021
2024-06-05,현대자동차(주),아이오닉5 (IONIQ5),2023
2024-06-05,현대자동차(주),아이오닉5 (IONIQ5),2025
2024-06-05,현대자동차(주),아반떼(AVANTE),2007
2024-06-05,기아 주식회사,쏘렌토 하이브리드,2024
2024-06-05,현대자동차(주),쏘나타(SONATA),2024
2024-06-05,현대자동차(주),그랜저(GRANDEUR),2019
2024-06-05,현대자동차(주),그랜저(GRANDEUR),2018
2024-06-05,르노코리아(주),XM3,2020
2024-06-05,르노코리아(주),SM6,2019
2024-06-05,르노코리아(주),QM3,2015
2024-06-05,테슬라코리아 유한회사,Model 3 Long Range,2020
2024-06-05,기아 주식회사,K7,2010
2024-06-05,기아 주식회사,K3,2020
2024-06-05,현대자동차(주),GV80,2024
2024-06-05,현대자동차(주),G80,2025
2024-06-05,비엠더블유코리아(주),BMW 530i xDrive,2018
2024-06-05,비엠더블유코리아(주),BMW 530i,2017
2024-06-05,비엠더블유코리아(주),BMW 530i,2017
2024-06-05,비엠더블유코리아(주),BMW 530i,2018
2024-06-05,비엠더블유코리아(주),BMW 320d Luxury,2019
2024-06-05,혼다코리아(주),ACCORD 2.0T,2018
2024-06-05,폭스바겐그룹코리아 주식회사,A6 40 TDI quattro,2020
2024-06-07,(주)에이치알이앤아이,호룡SKY320S고소작업차,2022
2024-06-07,현대자동차(주),포터Ⅱ (PORTERⅡ),2022
2024-06-07,한국지엠주식회사,트랙스 1.2 터보,2024
2024-06-07,현대자동차(주),투싼(TUCSON),2016
2024-06-07,기아 주식회사,카니발,2019
2024-06-07,현대자동차(주),아이오닉5 (IONIQ5),2023
2024-06-07,현대자동차(주),아반떼(AVANTE),2019
2024-06-07,기아 주식회사,쏘렌토,2019
2024-06-07,기아 주식회사,쏘렌토,2015
2024-06-07,현대자동차(주),싼타페 하이브리드(SANTAFE HYBRID),2024
2024-06-07,현대자동차(주),싼타페 하이브리드(SANTAFE HYBRID),2024
2024-06-07,현대자동차(주),싼타페 하이브리드(SANTAFE HYBRID),2024
2024-06-07,현대자동차(주),스타리아 (STARIA),2024
2024-06-07,(주)재규어랜드로버코리아,디스커버리4 3.0D,2016
2024-06-07,현대자동차(주),넥쏘 (NEXO) 수소전기차,2022
2024-06-07,현대자동차(주),그랜저 하이브리드,2018
2024-06-07,메르세데스벤츠코리아(주),S500 4Matic L,2015
2024-06-07,한불모터스(주),Peugeot 2008 1.6 BlueHDi,2016
2024-06-07,스텔란티스코리아 주식회사,Peugeot 2008 1.5 BlueHDi,2022
2024-06-07,폭스바겐그룹코리아 주식회사,Passat 2.0 TDI,2013
2024-06-07,기아 주식회사,K7,2020
2024-06-07,기아 주식회사,K7,2020
2024-06-07,기아 주식회사,K7,2020
2024-06-07,현대자동차(주),G90,2022
2024-06-07,현대자동차(주),G80,2022
2024-06-07,비엠더블유코리아(주),BMW 520d,2017
2024-06-07,폭스바겐그룹코리아 주식회사,A6 45 TFSI quattro,2021
2024-06-07,포르쉐코리아 주식회사,911 카레라 S 카브리올레,2020
2024-06-10,현대자동차(주),팰리세이드(PALISADE),2021
2024-06-10,현대자동차(주),투싼(TUCSON),2016
2024-06-10,현대자동차(주),투싼(TUCSON),2016
2024-06-10,현대자동차(주),투싼 하이브리드(TUCSON HYBRID),2024
2024-06-10,한국지엠주식회사,크루즈 1.8 DOHC,2016
2024-06-10,기아 주식회사,카니발,2023
2024-06-10,기아 주식회사,카니발,2019
2024-06-10,기아 주식회사,카니발,2021
2024-06-10,현대자동차(주),아이오닉5 (IONIQ5),2023
2024-06-10,현대자동차(주),아반떼(AVANTE),2018
2024-06-10,기아 주식회사,쏘렌토 하이브리드,2022
2024-06-10,기아 주식회사,쏘렌토 하이브리드,2024
2024-06-10,현대자동차(주),싼타페 하이브리드(SANTAFE HYBRID),2024
2024-06-10,현대자동차(주),싼타페 하이브리드(SANTAFE HYBRID),2024
2024-06-10,현대자동차(주),싼타페 하이브리드(SANTAFE HYBRID),2024
2024-06-10,폭스바겐그룹코리아 주식회사,Passat 2.0 TSI,2018
2024-06-10,기아 주식회사,K8 하이브리드,2023
2024-06-10,기아 주식회사,K7 하이브리드,2014
2024-06-10,기아 주식회사,K7,2020
2024-06-10,기아 주식회사,K7,2020
2024-06-10,기아 주식회사,K7,2020
2024-06-10,기아 주식회사,K7,2020
2024-06-10,기아 주식회사,K3,2019
2024-06-10,현대자동차(주),GV80,2024
2024-06-10,현대자동차(주),G70,2019
2024-06-10,기아 주식회사,EV6 GT,2023
2024-06-10,케이알모터스 주식회사,E-LUTION,2022
2024-06-10,비엠더블유코리아(주),BMW 530d,2017
2024-06-10,비엠더블유코리아(주),BMW 520d,2017
2024-06-10,혼다코리아(주),ACCORD HYBRID,2018
2024-06-10,폭스바겐그룹코리아 주식회사,A6 40 TDI quattro,2020
2024-06-10,폭스바겐그룹코리아 주식회사,A6 40 TDI,2020
2024-06-10,포르쉐코리아 주식회사,911 카레라 S,2020
2024-06-11,현대자동차(주),팰리세이드(PALISADE),2023
2024-06-11,케이지모빌리티 주식회사(KG Mobility Corp.),코란도,2022
2024-06-11,현대자동차(주),아이오닉5 (IONIQ5),2023
2024-06-11,현대자동차(주),아이오닉5 (IONIQ5),2023
2024-06-11,기아 주식회사,쏘렌토 하이브리드,2024
2024-06-11,현대자동차(주),쏘나타(SONATA),2025
2024-06-11,현대자동차(주),싼타페(SANTAFE),2024
2024-06-11,기아 주식회사,니로 하이브리드,2017
2024-06-11,현대자동차(주),그랜저 하이브리드(GRANDEUR HYBRID),2023
2024-06-11,현대자동차(주),i40 Saloon,2014
2024-06-11,현대자동차(주),i40,2015
2024-06-11,폭스바겐그룹코리아 주식회사,Tiguan Allspace,2023
2024-06-11,(주)바이크코리아,STREET TWIN,2022
2024-06-11,한불모터스(주),Peugeot 5008 1.5 BlueHDi,2021
2024-06-11,한불모터스(주),Peugeot 5008 1.5 BlueHDi,2021
2024-06-11,기아 주식회사,K7 하이브리드,2020
2024-06-11,기아 주식회사,K7,2020
2024-06-11,기아 주식회사,K7,2020
2024-06-11,폭스바겐그룹코리아 주식회사,ID.4 Pro,2022
2024-06-11,메르세데스벤츠코리아(주),G350 BlueTEC,2015
2024-06-11,포드세일즈서비스코리아(유),Explorer 3.0,2022
2024-06-11,비엠더블유코리아(주),BMW iX3 M Sport,2022
2024-06-11,비엠더블유코리아(주),BMW 530i xDrive,2018
2024-06-11,비엠더블유코리아(주),BMW 520d,2018
2024-06-12,현대자동차(주),투싼(TUCSON),2016
2024-06-12,현대자동차(주),코나(KONA),2019
2024-06-12,현대자동차(주),캐스퍼(CASPER),2024
2024-06-12,기아 주식회사,니로 하이브리드,2020
2024-06-12,현대자동차(주),i40,2012
2024-06-12,르노코리아(주),SM6,2016
2024-06-12,한불모터스(주),Peugeot 508 1.5 BlueHDi,2019
2024-06-12,한불모터스(주),Peugeot 5008 1.5 BlueHDi,2019
2024-06-12,혼다코리아(주),ODYSSEY,2020
2024-06-12,메르세데스벤츠코리아(주),Mercedes-Benz A250 4MATIC,2020
2024-06-12,기아 주식회사,K7,2020
2024-06-12,비엠더블유코리아(주),BMW i4 M50,2023
2024-06-12,한국닛산(주),ALTIMA 2.5,2018
2024-06-13,현대자동차(주),포터Ⅱ (PORTERⅡ),2021
2024-06-13,현대자동차(주),포터Ⅱ (PORTERⅡ),2017
2024-06-13,,포터,
2024-06-13,현대자동차(주),팰리세이드(PALISADE),2021
2024-06-13,기아 주식회사,카니발,2018
2024-06-13,현대자동차(주),아이오닉6 (IONIQ6),2023
2024-06-13,현대자동차(주),아이오닉5(IONIQ5),2022
2024-06-13,현대자동차(주),쏘나타 (SONATA) 하이브리드,2012
2024-06-13,현대자동차(주),싼타페 하이브리드(SANTAFE HYBRID),2024
2024-06-13,기아 주식회사,셀토스,2024
2024-06-13,기아 주식회사,봉고Ⅲ 1.2톤,2024
2024-06-13,한국지엠주식회사,말리부 1.8 HYBRID,2019
2024-06-13,기아 주식회사,니로 하이브리드,2020
2024-06-13,폭스바겐그룹코리아 주식회사,Tiguan 2.0 TDI,2018
2024-06-13,폭스바겐그룹코리아 주식회사,Tiguan 2.0 TDI,2020
2024-06-13,(주)바이크코리아,STREET TWIN,2022
2024-06-13,르노코리아(주),QM6,2017
2024-06-13,기아 주식회사,K7 하이브리드,2020
2024-06-13,기아 주식회사,K7,2020
2024-06-13,기아 주식회사,K3,2019
2024-06-13,현대자동차(주),G80,2025
2024-06-13,메르세데스벤츠코리아(주),C220 BlueTEC,2015
2024-06-13,폭스바겐그룹코리아 주식회사,A7 55 TFSI quattro,2020
2024-06-14,현대자동차(주),팰리세이드(PALISADE),2022
2024-06-14,한국지엠주식회사,트랙스 1.2 터보,2024
2024-06-14,한국지엠주식회사,트랙스 1.2 터보,2024
2024-06-14,한국지엠주식회사,트랙스 1.2 터보,2024
2024-06-14,현대자동차(주),투싼(TUCSON),2016
2024-06-14,기아 주식회사,카니발,2019
2024-06-14,스텔란티스코리아 주식회사,짚그랜드체로키,2014
2024-06-14,스텔란티스코리아 주식회사,짚 체로키 2.2,2019
2024-06-14,기아 주식회사,쏘렌토 하이브리드,2023
2024-06-14,기아 주식회사,쏘렌토,2024
2024-06-14,현대자동차(주),싼타페 하이브리드(SANTAFE HYBRID),2024
2024-06-14,기아 주식회사,셀토스,2020
2024-06-14,기아 주식회사,셀토스,2023
2024-06-14,(주)재규어랜드로버코리아,디스커버리 TD6,2019
2024-06-14,(주)재규어랜드로버코리아,디스커버리 SD6,2020
2024-06-14,현대자동차(주),넥쏘 (NEXO) 수소전기차,2020
2024-06-14,한불모터스(주),Peugeot 5008 1.5 BlueHDi,2019
2024-06-14,비엠더블유코리아(주),MINI Cooper five-door,2022
2024-06-14,포드세일즈서비스코리아(유),Lincoln MKX 2.7 AWD,2017
2024-06-14,포드세일즈서비스코리아(유),Lincoln MKX 2.7 AWD,2016
2024-06-14,기아 주식회사,K7,2020
2024-06-14,기아 주식회사,K7,2020
2024-06-14,기아 주식회사,K5,2020
2024-06-14,혼다코리아(주),CT125A,2023
2024-06-14,한국지엠(주),CHEVROLET EQUINOX AWD,2022
2024-06-14,혼다코리아(주),ACCORD HYBRID,2018
2024-06-17,현대자동차(주),팰리세이드(PALISADE),2022
2024-06-17,현대자동차(주),코나 일렉트릭 (KONA ELECTRIC),2019
2024-06-17,현대자동차(주),코나 일렉트릭 (KONA ELECTRIC),2019
2024-06-17,한국지엠주식회사,캡티바 2.0D 디젤,2013
2024-06-17,기아 주식회사,카렌스,2014
2024-06-17,기아 주식회사,카니발 하이브리드,2024
2024-06-17,기아 주식회사,카니발,2016
2024-06-17,기아 주식회사,카니발,2019
2024-06-17,현대자동차(주),아이오닉5(IONIQ5),2022
2024-06-17,현대자동차(주),아반떼 (AVANTE),2015
2024-06-17,기아 주식회사,쏘렌토 하이브리드,2024
2024-06-17,현대자동차(주),쏘나타 N 라인 (SONATA N Line),2023
2024-06-17,기아 주식회사,스팅어,2018
2024-06-17,기아 주식회사,모하비,2020
2024-06-17,(주)재규어랜드로버코리아,디스커버리 SD4,2018
2024-06-17,기아 주식회사,니로 하이브리드,2017
2024-06-17,기아 주식회사,니로 하이브리드,2020
2024-06-17,기아 주식회사,니로 EV,2019
2024-06-17,현대자동차(주),넥쏘 (NEXO) 수소전기차,2020
2024-06-17,폭스바겐그룹코리아 주식회사,Tiguan 2.0 TDI 4Motion,2018
2024-06-17,르노코리아(주),QM6,2017
2024-06-17,르노코리아(주),QM6,2022
2024-06-17,혼다코리아(주),ODYSSEY,2019
2024-06-17,메르세데스벤츠코리아(주),Mercedes-Benz GLC300 4MATIC,2020
2024-06-17,기아 주식회사,K7,2020
2024-06-17,기아 주식회사,K3,2020
2024-06-17,메르세데스벤츠코리아(주),C220 BlueTEC,2015
2024-06-17,비엠더블유코리아(주),BMW i4 eDrive40,2022
2024-06-17,비엠더블유코리아(주),BMW R 18 CLASSIC,2023
2024-06-17,비엠더블유코리아(주),BMW 530i xDrive Luxury,2020
2024-06-17,비엠더블유코리아(주),BMW 530d,2017
2024-06-17,폭스바겐그룹코리아 주식회사,Arteon 2.0 TDI,2019
2024-06-18,현대자동차(주),팰리세이드(PALISADE),2021
2024-06-18,현대자동차(주),팰리세이드(PALISADE),2023
2024-06-18,현대자동차(주),팰리세이드(PALISADE),2021
2024-06-18,현대자동차(주),팰리세이드(PALISADE),2023
2024-06-18,현대자동차(주),코나 일렉트릭 (KONA ELECTRIC),2019
2024-06-18,현대자동차(주),아이오닉6 (IONIQ6),2023
2024-06-18,현대자동차(주),아이오닉 플러그인(IONIQ PLUG-IN),2019
2024-06-18,기아 주식회사,쏘울 전기차,2019
2024-06-18,기아 주식회사,쏘렌토,2017
2024-06-18,현대자동차(주),싼타페(SANTAFE),2013
2024-06-18,한국지엠주식회사,스파크 1.0 DOHC,2014
2024-06-18,한국지엠주식회사,스파크 1.0,2019
2024-06-18,기아 주식회사,셀토스,2023
2024-06-18,케이지모빌리티 주식회사(KG Mobility Corp.),렉스턴스포츠,2020
2024-06-18,폭스바겐그룹코리아 주식회사,Tiguan Allspace 2.0 TDI,2018
2024-06-18,(주)GS글로벌,T4K,2023
2024-06-18,르노코리아(주),QM3,2015
2024-06-18,기아 주식회사,K7,2020
2024-06-18,기아 주식회사,K7,2020
2024-06-18,기아 주식회사,K7,2020
2024-06-18,기아 주식회사,K7,2020
2024-06-18,기아 주식회사,K7,2020
2024-06-18,기아 주식회사,K5 하이브리드,2020
2024-06-18,기아 주식회사,K3,2019
2024-06-18,메르세데스벤츠코리아(주),GLC350 e 4Matic,2019
2024-06-18,현대자동차(주),EQ900,2016
2024-06-18,비엠더블유코리아(주),BMW X7 xDrive40i,2023
2024-06-18,비엠더블유코리아(주),BMW 520i,2021
2024-06-18,폭스바겐그룹코리아 주식회사,Arteon 2.0 TDI,2019
2024-06-18,혼다코리아(주),ACCORD 2.4,2013
2024-06-18,폭스바겐그룹코리아 주식회사,A4 45 TFSI,2016
2024-06-19,현대자동차(주),포터Ⅱ 일렉트릭 (PORTERⅡ ELECTRIC),2021
2024-06-19,현대자동차(주),팰리세이드(PALISADE),2023
2024-06-19,현대자동차(주),팰리세이드(PALISADE),2022
2024-06-19,현대자동차(주),투싼(TUCSON),2016
2024-06-19,기아 주식회사,카니발 리무진,2019
2024-06-19,기아 주식회사,카니발,2024
2024-06-19,현대자동차(주),제네시스(GENESIS),2016
2024-06-19,한국지엠주식회사,올란도 2.0 LPG,2013
2024-06-19,현대자동차(주),쏠라티(SOLATI),2023
2024-06-19,기아 주식회사,쏘렌토 하이브리드,2022
2024-06-19,기아 주식회사,쏘렌토,2021
2024-06-19,폭스바겐그룹코리아 주식회사,Tiguan 2.0 TDI,2020
2024-06-19,폭스바겐그룹코리아 주식회사,SQ5 3.0 TDI quattro,2014
2024-06-19,르노코리아(주),QM3,2015
2024-06-19,메르세데스벤츠코리아(주),Mercedes-Benz GLB220,2021
2024-06-19,메르세데스벤츠코리아(주),Mercedes-Benz EQE350 4MATIC SUV,2023
2024-06-19,메르세데스벤츠코리아(주),Mercedes-Benz E250,2022
2024-06-19,메르세데스벤츠코리아(주),ML350 BlueTEC 4Matic,2013
2024-06-19,기아 주식회사,K3,2019
2024-06-19,기아 주식회사,K3,2020
2024-06-19,현대자동차(주),G90,2025
2024-06-19,비엠더블유코리아(주),BMW 630i xDrive,2024
2024-06-19,폭스바겐그룹코리아 주식회사,Arteon 2.0 TDI,2019
2024-06-20,현대자동차(주),팰리세이드(PALISADE),2023
2024-06-20,현대자동차(주),제네시스(GENESIS),2015
2024-06-20,현대자동차(주),제네시스(GENESIS),2014
2024-06-20,현대자동차(주),제네시스(GENESIS),2016
2024-06-20,현대자동차(주),제네시스(GENESIS),2016
2024-06-20,현대자동차(주),아이오닉5 (IONIQ5),2022
2024-06-20,현대자동차(주),아반떼(AVANTE),2011
2024-06-20,현대자동차(주),아반떼 N(AVANTE N),2022
2024-06-20,기아 주식회사,쏘렌토 하이브리드,2024
2024-06-20,기아 주식회사,쏘렌토,2019
2024-06-20,현대자동차(주),스타리아 어린이 통학차 (STARIA),2023
2024-06-20,기아 주식회사,모닝,2008
2024-06-20,한국지엠주식회사,말리부 1.8 HYBRID,2018
2024-06-20,현대자동차(주),넥쏘 (NEXO) 수소전기차,2019
2024-06-20,스텔란티스코리아 주식회사,Peugeot e-208,2022
2024-06-20,테슬라코리아 유한회사,Model X AWD,2023
2024-06-20,테슬라코리아 유한회사,Model X AWD,2023
2024-06-20,테슬라코리아 유한회사,Model X AWD,2023
2024-06-20,테슬라코리아 유한회사,Model S Plaid,2023
2024-06-20,메르세데스벤츠코리아(주),Mercedes-Benz EQB300 4MATIC,2024
2024-06-20,비엠더블유코리아(주),MINI Cooper Clubman,2023
2024-06-20,기아 주식회사,K8,2023
2024-06-20,기아 주식회사,K7,2020
2024-06-20,현대자동차(주),G80,2018
2024-06-20,현대자동차(주),G80,2019
2024-06-20,현대자동차(주),G80,2018
2024-06-20,한국지엠(주),CHEVROLET BOLT EV,2018
2024-06-21,한국지엠주식회사,캡티바 2.0D 디젤,2015
2024-06-21,기아 주식회사,카니발,2019
2024-06-21,스텔란티스코리아 주식회사,짚 랭글러,2014
2024-06-21,현대자동차(주),아이오닉5(IONIQ5),2022
2024-06-21,현대자동차(주),아이오닉5(IONIQ5),2022
2024-06-21,현대자동차(주),아이오닉5 (IONIQ5),2022
2024-06-21,기아 주식회사,스포티지,2016
2024-06-21,스카니아코리아그룹(주),스카니아트랙터,2020
2024-06-21,(주)재규어랜드로버코리아,디스커버리 스포츠 2.0D,2017
2024-06-21,기아 주식회사,니로 EV,2022
2024-06-21,현대자동차(주),넥쏘 (NEXO) 수소전기차,2020
2024-06-21,현대자동차(주),넥쏘 (NEXO) 수소전기차,2020
2024-06-21,현대자동차(주),그랜저 하이브리드(GRANDEUR HYBRID),2021
2024-06-21,르노코리아(주),XM3 하이브리드,2023
2024-06-21,테슬라코리아 유한회사,Model X Plaid,2023
2024-06-21,기아 주식회사,K3,2019
2024-06-21,비엠더블유코리아(주),BMW 530i,2017
2024-06-21,비엠더블유코리아(주),BMW 330i,2017
2024-06-21,한국닛산(주),ALTIMA 2.5,2017
2024-06-24,현대자동차(주),투싼(TUCSON),2018
2024-06-24,기아 주식회사,카니발 하이리무진,2020
2024-06-24,기아 주식회사,카니발,2019
2024-06-24,현대자동차(주),제네시스(GENESIS),2016
2024-06-24,한국지엠주식회사,올란도 2.0 LPG,2013
2024-06-24,현대자동차(주),아이오닉6 (IONIQ6),2023
2024-06-24,현대자동차(주),아반떼(AVANTE),2021
2024-06-24,기아 주식회사,쏘렌토 하이브리드,2024
2024-06-24,현대자동차(주),싼타페 하이브리드(SANTAFE HYBRID),2024
2024-06-24,기아 주식회사,스팅어,2019
2024-06-24,기아 주식회사,모하비,2017
2024-06-24,(주)재규어랜드로버코리아,레인지로버 5.0SC LWB,2019
2024-06-24,기아 주식회사,니로 하이브리드,2020
2024-06-24,기아 주식회사,니로 플러스,2024
2024-06-24,현대자동차(주),그랜저(GRANDEUR),2019
2024-06-24,테슬라코리아 유한회사,Model X Plaid,2023
2024-06-24,테슬라코리아 유한회사,Model X Plaid,2023
2024-06-24,테슬라코리아 유한회사,Model X Plaid,2023
2024-06-24,테슬라코리아 유한회사,Model X AWD,2023
2024-06-24,테슬라코리아 유한회사,Model X AWD,2023
2024-06-24,테슬라코리아 유한회사,Model X AWD,2023
2024-06-24,테슬라코리아 유한회사,Model X AWD,2023
2024-06-24,테슬라코리아 유한회사,Model S Plaid,2023
2024-06-24,테슬라코리아 유한회사,Model S Plaid,2023
2024-06-24,테슬라코리아 유한회사,Model S Plaid,2023
2024-06-24,테슬라코리아 유한회사,Model S AWD,2023
2024-06-24,기아 주식회사,K3,2019
2024-06-24,현대자동차(주),G80,2023
2024-06-24,비엠더블유코리아(주),BMW iX3 M Sport,2023
2024-06-24,폭스바겐그룹코리아 주식회사,A6 3.0 TDI quattro,2014
2024-06-25,(주)재규어랜드로버코리아,재규어 F-PACE 20d AWD,2019
2024-06-25,현대자동차(주),아이오닉6 (IONIQ6),2023
2024-06-25,현대자동차(주),아이오닉6 (IONIQ6),2023
2024-06-25,기아 주식회사,쏘렌토,2023
2024-06-25,기아 주식회사,쏘렌토,2020
2024-06-25,기아 주식회사,쏘렌토,2019
2024-06-25,기아 주식회사,쏘렌토,2021
2024-06-25,CZ1,메이저카니발하이리무진,2023
2024-06-25,케이지모빌리티 주식회사(KG Mobility Corp.),렉스턴스포츠 칸,2020
2024-06-25,(주)재규어랜드로버코리아,레인지로버 이보크 2.0D,2018
2024-06-25,(주)재규어랜드로버코리아,디스커버리 TD6,2019
2024-06-25,기아 주식회사,니로 하이브리드,2020
2024-06-25,기아 주식회사,니로 하이브리드,2017
2024-06-25,현대자동차(주),그랜저 하이브리드(GRANDEUR HYBRID),2020
2024-06-25,르노코리아(주),SM6,2023
2024-06-25,르노코리아(주),QM6,2017
2024-06-25,르노코리아(주),QM3,2014
2024-06-25,르노코리아(주),QM3,2014
2024-06-25,한불모터스(주),Peugeot 308 2.0 Blue-HDi,2015
2024-06-25,테슬라코리아 유한회사,Model X AWD,2023
2024-06-25,메르세데스벤츠코리아(주),Mercedes-Benz EQE500 4MATIC SUV,2023
2024-06-25,메르세데스벤츠코리아(주),Mercedes-Benz C200,2020
2024-06-25,기아 주식회사,K3,2020
2024-06-25,기아 주식회사,K3,2020
2024-06-25,폭스바겐그룹코리아 주식회사,Arteon 2.0 TDI,2019
2024-06-25,폭스바겐그룹코리아 주식회사,Arteon 2.0 TDI,2019
2024-06-26,현대자동차(주),아이오닉6 (IONIQ6),2023
2024-06-26,현대자동차(주),아반떼(AVANTE),2018
2024-06-26,기아 주식회사,쏘렌토,2019
2024-06-26,현대자동차(주),쏘나타(SONATA),2024
2024-06-26,(주)재규어랜드로버코리아,디스커버리 SD4,2017
2024-06-26,현대자동차(주),그랜저(GRANDEUR),2018
2024-06-26,현대자동차(주),그랜저(GRANDEUR),2018
2024-06-26,현대자동차(주),그랜저(GRANDEUR),2020
2024-06-26,폭스바겐그룹코리아 주식회사,Tiguan 2.0 TDI 4Motion,2020
2024-06-26,르노코리아(주),TWIZY,2019
2024-06-26,르노코리아(주),SM7,2019
2024-06-26,메르세데스벤츠코리아(주),Mercedes-Benz GLB220,2021
2024-06-26,기아 주식회사,K9,2019
2024-06-26,기아 주식회사,K7 하이브리드,2021
2024-06-26,현대자동차(주),G70 슈팅 브레이크(G70 SHOOTING BRAKE),2023
2024-06-26,기아 주식회사,EV6,2022
2024-06-26,한불모터스(주),Citroen Grand C4 Picasso 2.0 BlueHDi,2017
2024-06-26,비엠더블유코리아(주),BMW iX3 M Sport,2023
2024-06-26,비엠더블유코리아(주),BMW i4 eDrive40,2022
2024-06-26,비엠더블유코리아(주),BMW 520d Luxury,2020
2024-06-27,(주)한성특장,한성23톤상승윙바디,2022
2024-06-27,(주)한국쓰리축,한국쓰리축24톤트럭,2021
2024-06-27,주식회사 태영테크,태영25.5톤카고트럭,2024
2024-06-27,주식회사 태영테크,태영25.5톤카고트럭,2024
2024-06-27,기아 주식회사,카렌스,2008
2024-06-27,기아 주식회사,카니발,2018
2024-06-27,현대자동차(주),아이오닉5(IONIQ5),2023
2024-06-27,현대자동차(주),아반떼 Hybrid(AVANTE Hybrid),2024
2024-06-27,기아 주식회사,쏘렌토 하이브리드,2021
2024-06-27,현대자동차(주),쏘나타(SONATA),2015
2024-06-27,기아 주식회사,스팅어,2021
2024-06-27,기아 주식회사,니로 EV,2022
2024-06-27,현대자동차(주),그랜저(GRANDEUR),2019
2024-06-27,폭스바겐그룹코리아 주식회사,Tiguan Allspace 2.0 TDI,2020
2024-06-27,테슬라코리아 유한회사,Model X Plaid,2023
2024-06-27,테슬라코리아 유한회사,Model X AWD,2023
2024-06-27,테슬라코리아 유한회사,Model S Plaid,2023
2024-06-27,테슬라코리아 유한회사,Model S Plaid,2023
2024-06-27,테슬라코리아 유한회사,Model S Plaid,2023
2024-06-27,테슬라코리아 유한회사,Model 3 Long Range,2024
2024-06-27,메르세데스벤츠코리아(주),Mercedes-Benz E 300 4MATIC,2024
2024-06-27,기아 주식회사,K8 하이브리드,2024
2024-06-27,기아 주식회사,K8,2023
2024-06-27,기아 주식회사,K7 하이브리드,2020
2024-06-27,기아 주식회사,K7,2012
2024-06-27,기아 주식회사,K7,2020
2024-06-27,기아 주식회사,K3,2020
2024-06-27,현대자동차(주),G80,2025
2024-06-27,현대자동차(주),G80,2023
2024-06-27,비엠더블유코리아(주),BMW iX3 M Sport,2022
2024-06-27,비엠더블유코리아(주),BMW X3 xDrive20i,2021
2024-06-27,폭스바겐그룹코리아 주식회사,Arteon 2.0 TDI,2019
2024-06-27,폭스바겐그룹코리아 주식회사,Arteon 2.0 TDI,2019
2024-06-27,폭스바겐그룹코리아 주식회사,A3 40 TFSI,2018
2024-06-28,현대자동차(주),팰리세이드(PALISADE),2024
2024-06-28,현대자동차(주),투싼(TUCSON),2016
2024-06-28,현대자동차(주),캐스퍼(CASPER),2024
2024-06-28,스텔란티스코리아 주식회사,짚 랭글러 사하라,2018
2024-06-28,현대자동차(주),제네시스(GENESIS),2015
2024-06-28,(주)재규어랜드로버코리아,재규어 XF 20d,2017
2024-06-28,EGA,이노특장23톤상승윙바디,2024
2024-06-28,현대자동차(주),아이오닉5 (IONIQ5),2023
2024-06-28,(주)아이버스,아이버스어린이운송차,2023
2024-06-28,현대자동차(주),아반떼(AVANTE),2019
2024-06-28,현대자동차(주),싼타페(SANTAFE),2020
2024-06-28,현대자동차(주),싼타페 하이브리드(SANTAFE HYBRID),2024
2024-06-28,현대자동차(주),스타리아 (STARIA),2025
2024-06-28,한국지엠주식회사,말리부 1.35 TURBO,2022
2024-06-28,(주)다복특장,다복특장21톤냉장윙바디,2021
2024-06-28,현대자동차(주),그랜저(GRANDEUR),2018
2024-06-28,현대자동차(주),그랜저(GRANDEUR),2019
2024-06-28,폭스바겐그룹코리아 주식회사,Passat 2.0 TSI,2018
2024-06-28,혼다코리아(주),NSS350A,2024
2024-06-28,테슬라코리아 유한회사,Model Y Long Range,2023
2024-06-28,메르세데스벤츠코리아(주),Mercedes-Benz S500 4MATIC,2023
2024-06-28,기아 주식회사,K3,2019
2024-06-28,기아 주식회사,K3,2019
2024-06-28,현대자동차(주),G80,2018
2024-06-28,비엠더블유코리아(주),BMW 540i xDrive,2018
2024-07-01,기아 주식회사,K3,2019
2024-07-01,기아 주식회사,K3,2019
2024-07-01,기아 주식회사,니로 하이브리드,2024
2024-07-01,스카니아코리아그룹(주),스카니아카고트럭,2022
2024-07-01,르노코리아(주),QM3,2015
2024-07-01,현대자동차(주),맥스크루즈 (MAXCRUZ),2015
2024-07-01,현대자동차(주),그랜저(GRANDEUR),2023
2024-07-01,기아 주식회사,EV9,2024
2024-07-01,기아 주식회사,쏘렌토 하이브리드,2023
2024-07-01,현대자동차(주),제네시스(GENESIS),2016
2024-07-01,현대자동차(주),팰리세이드(PALISADE),2020
2024-07-01,현대자동차(주),아이오닉6 (IONIQ6),2023
2024-07-01,현대자동차(주),싼타페 하이브리드(SANTAFE HYBRID),2024
2024-07-01,현대자동차(주),EQ900,2016
2024-07-01,메르세데스벤츠코리아(주),Mercedes-Benz GLC300 4MATIC Coupe,2021
2024-07-01,혼다코리아(주),NSS350A,2024
2024-07-01,현대자동차(주),아반떼(AVANTE),2024
2024-07-01,기아 주식회사,K7,2020
2024-07-01,비엠더블유코리아(주),BMW i4 eDrive40,2023
2024-07-01,기아 주식회사,K8,2022
2024-07-01,비엠더블유코리아(주),BMW i4 eDrive40,2023
2024-07-01,포드세일즈서비스코리아(유),Lincoln Nautilus 2.0L,2024
2024-07-01,비엠더블유코리아(주),BMW 520d xDrive,2018
2024-07-01,현대자동차(주),싼타페 하이브리드(SANTAFE HYBRID),2024
2024-07-01,현대자동차(주),GV80,2023
2024-07-01,폭스바겐그룹코리아 주식회사,Tiguan 2.0 TDI,2020
2024-07-01,폭스바겐그룹코리아 주식회사,Tiguan Allspace 2.0 TDI,2020
2024-07-01,비엠더블유코리아(주),BMW iX3 M Sport,2023
2024-07-02,그린특장,그린특장20.4톤무빙워크트럭,2023
2024-07-02,기아 주식회사,K3,2019
2024-07-02,현대자동차(주),G80,2023
2024-07-02,현대자동차(주),그랜저 하이브리드,2018
2024-07-02,주식회사 태영테크,태영25.5톤카고트럭,2022
2024-07-02,기아 주식회사,K7,2020
2024-07-02,기아 주식회사,카니발 리무진,2019
2024-07-02,현대자동차(주),싼타페 하이브리드(SANTAFE HYBRID),2024
2024-07-02,현대자동차(주),G80,2017
2024-07-02,기아 주식회사,K7,2020
2024-07-02,현대자동차(주),싼타페 하이브리드(SANTAFE HYBRID),2024
2024-07-02,르노코리아(주),SM6,2016
2024-07-02,비엠더블유코리아(주),BMW i4 M50,2022
2024-07-02,현대자동차(주),넥쏘 (NEXO) 수소전기차,2022
2024-07-02,비엠더블유코리아(주),BMW i4 eDrive40,2022
2024-07-02,메르세데스벤츠코리아(주),Mercedes-Benz EQE500 4MATIC SUV,2023
2024-07-02,기아 주식회사,K3,2019
2024-07-02,현대자동차(주),아이오닉5(IONIQ5),2023
2024-07-02,현대자동차(주),싼타페 하이브리드(SANTAFE HYBRID),2024
2024-07-02,폭스바겐그룹코리아 주식회사,Tiguan 2.0 TDI 4Motion,2018
2024-07-02,기아 주식회사,카니발,2016
2024-07-02,기아 주식회사,K7,2020
2024-07-02,현대자동차(주),투싼(TUCSON),2016
2024-07-02,현대자동차(주),싼타페 하이브리드(SANTAFE HYBRID),2024
2024-07-02,폭스바겐그룹코리아 주식회사,Tiguan 2.0 TDI,2018
2024-07-03,현대자동차(주),싼타페(SANTAFE),2021
2024-07-03,기아 주식회사,스포티지,2024
2024-07-03,르노코리아(주),QM3,2014
2024-07-03,현대자동차(주),투싼(TUCSON),2016
2024-07-03,기아 주식회사,K3,2019
2024-07-03,기아 주식회사,카렌스,2012
2024-07-03,기아 주식회사,레이,2023
2024-07-03,기아 주식회사,카니발 하이리무진,2017
2024-07-03,(주)재규어랜드로버코리아,디스커버리 SD4,2017
2024-07-03,현대자동차(주),아이오닉5 (IONIQ5),2022
2024-07-03,메르세데스벤츠코리아(주),Mercedes-AMG GT43 4Matic +,2020
2024-07-03,EGA,이노특장24톤상승윙바디,2024
2024-07-03,현대자동차(주),그랜저(GRANDEUR),2023
2024-07-03,현대자동차(주),i30 cw,2010
2024-07-03,메르세데스벤츠코리아(주),Mercedes-Benz GLC300 4MATIC,2023
2024-07-04,메르세데스벤츠코리아(주),Mercedes-Benz S 450 d 4MATIC,2024
2024-07-04,만트럭버스코리아(주),TGX,2021
2024-07-04,현대자동차(주),싼타페 하이브리드(SANTAFE HYBRID),2024
2024-07-04,기아 주식회사,카니발,2017
2024-07-04,혼다코리아(주),ACCORD HYBRID,2019
2024-07-04,현대자동차(주),그랜저(GRANDEUR),2023
2024-07-04,비엠더블유코리아(주),BMW 740d xDrive,2016
2024-07-04,현대자동차(주),투싼(TUCSON),2017
2024-07-04,기아 주식회사,니로 하이브리드,2018
2024-07-04,현대자동차(주),GV80 쿠페(GV80 Coupe),2024
2024-07-04,포르쉐코리아 주식회사,911 카레라 4S,2021
2024-07-04,비엠더블유코리아(주),BMW 520d,2018
2024-07-04,비엠더블유코리아(주),BMW X7 xDrive40d,2024
2024-07-04,현대자동차(주),쏘나타 N 라인 (SONATA N Line),2023
2024-07-04,EC4,효경23.7톤상승윙바디,2024
2024-07-04,현대자동차(주),싼타페 하이브리드(SANTAFE HYBRID),2024
2024-07-04,기아 주식회사,K5,2020
2024-07-04,현대자동차(주),GV80,2024
2024-07-04,현대자동차(주),G80,2023
2024-07-04,기아 주식회사,쏘렌토,2021
2024-07-04,현대자동차(주),싼타페 하이브리드(SANTAFE HYBRID),2024
2024-07-05,(주)재규어랜드로버코리아,디스커버리 TD6,2018
2024-07-05,(주)한국쓰리축,한국쓰리축8.5톤트럭,2024
2024-07-05,주식회사 국도특장,국도9톤극초장축트럭,2024
2024-07-05,기아 주식회사,니로 하이브리드,2018
2024-07-05,테슬라코리아 유한회사,Model S Plaid,2023
2024-07-05,정통특장(주),정통25.8톤카고트럭,2024
2024-07-05,정통특장(주),정통25.8톤카고트럭,2024
2024-07-05,기아 주식회사,스포티지,2018
2024-07-05,현대자동차(주),아반떼 (AVANTE),2014
2024-07-05,현대자동차(주),넥쏘 (NEXO) 수소전기차,2022
2024-07-05,폭스바겐그룹코리아 주식회사,Tiguan 2.0TDI,2022
2024-07-05,케이지모빌리티 주식회사(KG Mobility Corp.),G4 렉스턴,2018
2024-07-05,현대자동차(주),넥쏘 (NEXO) 수소전기차,2024
2024-07-05,한불모터스(주),Citreon C4 Picasso 1.6 Blue-HDi,2016
2024-07-05,기아 주식회사,쏘렌토,2019
2024-07-05,현대자동차(주),넥쏘 (NEXO) 수소전기차,2024
2024-07-05,기아 주식회사,스포티지,2011
2024-07-05,현대자동차(주),넥쏘 (NEXO) 수소전기차,2019
2024-07-05,현대자동차(주),아이오닉6 (IONIQ6),2023
2024-07-05,기아 주식회사,니로 하이브리드,2017
2024-07-05,현대자동차(주),넥쏘 (NEXO) 수소전기차,2021
2024-07-05,현대자동차(주),그랜저 하이브리드(GRANDEUR HYBRID),2024
2024-07-05,한국지엠주식회사,크루즈 1.4,2015
2024-07-05,혼다코리아(주),ODYSSEY,2019
2024-07-08,현대자동차(주),투싼 하이브리드(TUCSON HYBRID),2024
2024-07-08,메르세데스벤츠코리아(주),Mercedes-Benz S 450 d 4MATIC,2024
2024-07-08,현대자동차(주),아이오닉6 (IONIQ6),2023
2024-07-08,메르세데스벤츠코리아(주),Mercedes-Benz E 300 4MATIC,2024
2024-07-08,비엠더블유코리아(주),BMW 320i,2009
2024-07-08,(주)루트17,다니고밴,2021
2024-07-08,현대자동차(주),아이오닉6 (IONIQ6),2023
2024-07-08,폭스바겐그룹코리아 주식회사,A3 40 TFSI,2018
2024-07-08,르노코리아(주),SM6,2016
2024-07-08,폭스바겐그룹코리아 주식회사,Arteon 2.0 TDI,2019
2024-07-08,비엠더블유코리아(주),BMW M550d xDrive,2018
2024-07-08,주식회사 태영테크,태영25.5톤카고트럭,2024
2024-07-08,현대자동차(주),싼타페 하이브리드(SANTAFE HYBRID),2024
2024-07-08,한국지엠주식회사,크루즈 1.4,2014
2024-07-08,메르세데스벤츠코리아(주),벤츠 A220 Sedan,2020
2024-07-08,폭스바겐그룹코리아 주식회사,Arteon 2.0 TDI,2019
2024-07-08,현대자동차(주),팰리세이드(PALISADE),2021
2024-07-08,폭스바겐그룹코리아 주식회사,A6 40 TDI quattro,2016
2024-07-08,한불모터스(주),Peugeot 508 RXH 2.0 BlueHDi,2017
2024-07-08,기아 주식회사,K7,2020
2024-07-08,현대자동차(주),G70,2019
2024-07-08,메르세데스벤츠코리아(주),GLC350 e 4Matic,2019
2024-07-08,한국지엠주식회사,말리부 1.8 HYBRID,2017
2024-07-08,현대자동차(주),투싼(TUCSON),2016
2024-07-08,현대자동차(주),G80,2021
2024-07-08,기아 주식회사,K7,2020
2024-07-08,메르세데스벤츠코리아(주),Mercedes-Benz EQE 350 +,2024
2024-07-08,현대자동차(주),싼타페 하이브리드(SANTAFE HYBRID),2024
2024-07-08,현대자동차(주),쏘나타(SONATA),2015
2024-07-08,현대자동차(주),팰리세이드(PALISADE),2021
2024-07-08,메르세데스벤츠코리아(주),Mercedes-Benz EQE500 4MATIC SUV,2023
2024-07-08,현대자동차(주),EQ900,2017
2024-07-08,비엠더블유코리아(주),BMW 530i xDrive M Sport Package Plus,2019
2024-07-08,기아 주식회사,K3,2019
2024-07-09,CWV,남구미특장23톤상승윙바디트럭,2024
2024-07-09,폭스바겐그룹코리아 주식회사,SQ5 3.0 TDI quattro,2015
2024-07-09,메르세데스벤츠코리아(주),Mercedes-Benz GLE 450 d 4MATIC Coupe,2023
2024-07-09,한국지엠주식회사,트랙스 1.4,2021
2024-07-09,기아 주식회사,스포티지,2007
2024-07-09,기아 주식회사,카니발 하이브리드,2024
2024-07-09,비엠더블유코리아(주),BMW i4 eDrive40,2022
2024-07-09,메르세데스벤츠코리아(주),Mercedes-Benz S 450 d 4MATIC,2024
2024-07-09,(주)재규어랜드로버코리아,디스커버리 SD4,2019
2024-07-09,폭스바겐그룹코리아 주식회사,A6 40 TDI,2020
2024-07-09,현대자동차(주),GV80,2024
2024-07-09,비엠더블유코리아(주),BMW 740Ld xDrive,2018
2024-07-09,기아 주식회사,쏘렌토 하이브리드,2021
2024-07-09,기아 주식회사,레이,2024
2024-07-09,메르세데스벤츠코리아(주),C220 d 4Matic,2016
2024-07-09,현대자동차(주),싼타페 하이브리드(SANTAFE HYBRID),2024
2024-07-09,메르세데스벤츠코리아(주),Mercedes-Benz EQE350 4MATIC SUV,2023
2024-07-09,현대자동차(주),싼타페 하이브리드(SANTAFE HYBRID),2024
2024-07-09,현대자동차(주),싼타페 하이브리드(SANTAFE HYBRID),2024
2024-07-09,현대자동차(주),제네시스(GENESIS),2015
2024-07-09,테슬라코리아 유한회사,Model Y RWD,2024
2024-07-09,한불모터스(주),Peugeot e-2008 SUV,2021
2024-07-09,현대자동차(주),싼타페(SANTAFE),2024
2024-07-09,폭스바겐그룹코리아 주식회사,Tiguan 2.0TDI,2021
2024-07-09,현대자동차(주),G80,2018
2024-07-09,EC4,효경23.7톤상승윙바디,2024
2024-07-09,메르세데스벤츠코리아(주),C350 e,2018
2024-07-10,현대자동차(주),코나(KONA),2024
2024-07-10,현대자동차(주),포터Ⅱ윙바디 (PORTER Ⅱ),2023
2024-07-10,기아 주식회사,쏘렌토 하이브리드,2024
2024-07-10,현대자동차(주),아이오닉5(IONIQ5),2024
2024-07-10,현대자동차(주),싼타페 하이브리드(SANTAFE HYBRID),2024
2024-07-10,기아 주식회사,EV6,2023
2024-07-10,한국토요타자동차(주),토요타 Prius 2WD,2019
2024-07-10,현대자동차(주),제네시스(GENESIS),2016
2024-07-10,비엠더블유코리아(주),BMW i4 eDrive40,2023
2024-07-10,현대자동차(주),쏘나타(SONATA),2015
2024-07-10,현대자동차(주),넥쏘 (NEXO) 수소전기차,2021
2024-07-10,기아 주식회사,K9,2013
2024-07-10,현대자동차(주),쏘나타(SONATA),2016
2024-07-10,한국지엠주식회사,크루즈 2.0 디젤,2012
2024-07-10,케이지모빌리티 주식회사(KG Mobility Corp.),토레스 EVX,2024
2024-07-10,기아 주식회사,K7,2020
2024-07-10,현대자동차(주),아이오닉5(IONIQ5),2022
2024-07-10,기아 주식회사,니로 하이브리드,2017
2024-07-10,기아 주식회사,봉고Ⅲ 1톤,2016
2024-07-10,비엠더블유코리아(주),BMW 530e iPerformance Luxury,2020
2024-07-11,르노코리아(주),XM3,2020
2024-07-11,메르세데스벤츠코리아(주),Mercedes-Benz E 450 4MATIC,2024
2024-07-11,비엠더블유코리아(주),BMW i4 eDrive40,2024
2024-07-11,현대자동차(주),팰리세이드(PALISADE),2021
2024-07-11,현대자동차(주),넥쏘 (NEXO) 수소전기차,2021
2024-07-11,현대자동차(주),넥쏘 (NEXO) 수소전기차,2021
2024-07-11,기아 주식회사,모하비,2021
2024-07-11,메르세데스벤츠코리아(주),Mercedes-Benz GLC300 e 4MATIC,2021
2024-07-11,현대자동차(주),아이오닉5(IONIQ5),2022
2024-07-11,기아 주식회사,쏘렌토 하이브리드,2022
2024-07-11,폭스바겐그룹코리아 주식회사,e-tron GT quattro,2022
2024-07-11,현대자동차(주),투싼(TUCSON),2016
2024-07-11,비엠더블유코리아(주),BMW 530i,2022
2024-07-11,테슬라코리아 유한회사,Model S 90D,2017
2024-07-11,현대자동차(주),팰리세이드(PALISADE),2021
2024-07-11,현대자동차(주),싼타페 하이브리드(SANTAFE HYBRID),2024
2024-07-11,테슬라코리아 유한회사,Model Y Long Range,2024
2024-07-11,테슬라코리아 유한회사,Model 3 RWD,2024
2024-07-11,테슬라코리아 유한회사,Model 3 RWD,2024
2024-07-11,테슬라코리아 유한회사,Model Y RWD,2024
2024-07-11,현대자동차(주),아반떼 (AVANTE),2016
2024-07-11,테슬라코리아 유한회사,Model 3 Long Range,2024
2024-07-11,테슬라코리아 유한회사,Model Y RWD,2024
2024-07-11,현대자동차(주),싼타페 하이브리드(SANTAFE HYBRID),2024
2024-07-11,현대자동차(주),아이오닉 하이브리드(IONIQ HYBRID),2016
2024-07-11,현대자동차(주),싼타페 하이브리드(SANTAFE HYBRID),2024
2024-07-11,기아 주식회사,K3,2019
2024-07-12,현대자동차(주),쏘나타 하이브리드 (SONATA HYBRID),2022
2024-07-12,현대자동차(주),그랜저 하이브리드(GRANDEUR HYBRID),2023
2024-07-12,현대자동차(주),아이오닉6 (IONIQ6),2023
2024-07-12,비엠더블유코리아(주),BMW 530e iPerformance M Sport Package,2020
2024-07-12,기아 주식회사,EV6,2023
2024-07-12,메르세데스벤츠코리아(주),Mercedes-Benz A 220 Sedan,2024
2024-07-12,현대자동차(주),GV60,2023
2024-07-12,현대자동차(주),투싼 하이브리드(TUCSON HYBRID),2021
2024-07-12,현대자동차(주),투싼(TUCSON),2016
2024-07-12,현대자동차(주),아이오닉5 (IONIQ5),2025
2024-07-12,메르세데스벤츠코리아(주),Mercedes-Benz EQE500 4MATIC SUV,2023
2024-07-12,케이지모빌리티 주식회사(KG Mobility Corp.),G4 렉스턴,2018
2024-07-12,혼다코리아(주),PILOT,2019
2024-07-12,테슬라코리아 유한회사,Model 3 Long Range,2024
2024-07-12,비엠더블유코리아(주),BMW 520d,2018
2024-07-12,기아 주식회사,쏘렌토 하이브리드,2024
2024-07-12,기아 주식회사,K3,2019
2024-07-12,기아 주식회사,쏘렌토 하이브리드,2024
2024-07-12,현대자동차(주),GV70,2024
2024-07-12,테슬라코리아 유한회사,Model Y Standard Range,2021
2024-07-12,아이씨피(주),인정1단슬라이드평판트레일러,2015
2024-07-12,한국지엠(주),CHEVROLET COLORADO AWD,2020
2024-07-12,현대자동차(주),GV60,2022
2024-07-12,메르세데스벤츠코리아(주),C200,2017
2024-07-12,비엠더블유코리아(주),BMW 530e,2021
2024-07-12,디앤에이모터스 주식회사,UHR125,2023
2024-07-12,현대자동차(주),넥쏘 (NEXO) 수소전기차,2020
2024-07-12,현대자동차(주),아반떼(AVANTE),2017
2024-07-12,비엠더블유코리아(주),BMW 530i xDrive,2018
2024-07-12,현대자동차(주),GV60,2022
2024-07-12,현대자동차(주),GV60,2022
2024-07-12,기아 주식회사,K7,2020
2024-07-12,기아 주식회사,쏘렌토 하이브리드,2021
2024-07-12,폭스바겐그룹코리아 주식회사,Arteon 2.0 TDI,2019
2024-07-12,기아 주식회사,K7,2020
2024-07-15,기아 주식회사,K8,2022
2024-07-15,현대자동차(주),팰리세이드(PALISADE),2020
2024-07-15,현대자동차(주),넥쏘 (NEXO) 수소전기차,2022
2024-07-15,현대자동차(주),팰리세이드(PALISADE),2020
2024-07-15,한국지엠(주),CHEVROLET TAHOE AWD,2022
2024-07-15,케이지모빌리티 주식회사(KG Mobility Corp.),코란도,2022
2024-07-15,현대자동차(주),GV80,2024
2024-07-15,기아 주식회사,K7,2020
2024-07-15,현대자동차(주),넥쏘 (NEXO) 수소전기차,2019
2024-07-15,(주)재규어랜드로버코리아,디스커버리 스포츠 2.0D,2016
2024-07-15,기아 주식회사,K7,2020
2024-07-15,주식회사 이비온,E6,2022
2024-07-15,현대자동차(주),아이오닉5 (IONIQ5),2023
2024-07-15,비엠더블유코리아(주),BMW i4 eDrive40,2023
2024-07-15,현대자동차(주),그랜저(GRANDEUR),2020
2024-07-15,한국토요타자동차(주),렉서스 NX350h,2023
2024-07-15,현대자동차(주),그랜저(GRANDEUR),2019
2024-07-15,현대자동차(주),아반떼(AVANTE),2019
2024-07-15,현대자동차(주),팰리세이드(PALISADE),2021
2024-07-15,현대자동차(주),싼타페 하이브리드(SANTAFE HYBRID),2024
2024-07-15,메르세데스벤츠코리아(주),Mercedes-Benz A 220,2024
2024-07-15,테슬라코리아 유한회사,Model Y RWD,2024
2024-07-15,기아 주식회사,K7,2020
2024-07-15,현대자동차(주),G80,2025
2024-07-15,현대자동차(주),아이오닉6 (IONIQ6),2023
2024-07-15,현대자동차(주),그랜저(GRANDEUR),2018
2024-07-15,현대자동차(주),제네시스(GENESIS),2016
2024-07-15,현대자동차(주),넥쏘 (NEXO) 수소전기차,2019
2024-07-15,한국지엠(주),CHEVROLET BOLT EUV,2022
2024-07-16,(주)동해기계항공,동해절연고소작업차,2024
2024-07-16,비엠더블유코리아(주),BMW 530i M Sport Package Plus,2019
2024-07-16,주식회사 마이브,마이브 M1,2020
2024-07-16,한국지엠(주),CHEVROLET TAHOE AWD,2022
2024-07-16,테슬라코리아 유한회사,Model Y Long Range,2021
2024-07-16,현대자동차(주),싼타페 하이브리드(SANTAFE HYBRID),2024
2024-07-16,한국지엠(주),CHEVROLET TAHOE AWD,2022
2024-07-16,기아 주식회사,봉고Ⅲ 4륜구동,2014
2024-07-16,현대자동차(주),G80,2021
2024-07-16,기아 주식회사,니로 하이브리드,2023
2024-07-16,현대자동차(주),아이오닉5(IONIQ5),2023
2024-07-16,현대자동차(주),싼타페 하이브리드(SANTAFE HYBRID),2024
2024-07-16,비엠더블유코리아(주),BMW 320i,2018
2024-07-16,한국지엠(주),CHEVROLET TAHOE AWD,2022
2024-07-16,현대자동차(주),넥쏘 (NEXO) 수소전기차,2019
2024-07-16,르노코리아(주),QM6,2018
2024-07-16,현대자동차(주),GV70,2025
2024-07-16,한국지엠(주),CHEVROLET EQUINOX FWD,2022
2024-07-16,기아 주식회사,K3,2019
2024-07-16,현대자동차(주),포터Ⅱ (PORTERⅡ),2024
2024-07-16,르노코리아(주),QM3,2015
2024-07-17,,제네시스,2011
2024-07-17,현대자동차(주),넥쏘 (NEXO) 수소전기차,2022
2024-07-17,현대자동차(주),넥쏘(NEXO) 수소전기차,2018
2024-07-17,포드세일즈서비스코리아(유),Lincoln Nautilus 2.0L,2024
2024-07-17,테슬라코리아 유한회사,Model Y Standard Range,2021
2024-07-17,테슬라코리아 유한회사,Model Y Standard Range,2021
2024-07-17,테슬라코리아 유한회사,Model 3 Long Range,2021
2024-07-17,메르세데스벤츠코리아(주),Mercedes-Benz E350 4MATIC,2021
2024-07-17,현대자동차(주),넥쏘 (NEXO) 수소전기차,2021
2024-07-17,기아 주식회사,쏘렌토 하이브리드,2024
2024-07-17,기아 주식회사,쏘렌토 하이브리드,2024
2024-07-17,한국지엠(주),CHEVROLET TAHOE AWD,2022
2024-07-17,현대자동차(주),싼타페(SANTAFE),2020
2024-07-17,현대자동차(주),싼타페(SANTAFE),2020
2024-07-17,케이지모빌리티 주식회사(KG Mobility Corp.),토레스 EVX,2024
2024-07-17,폭스바겐그룹코리아 주식회사,A6 45 TFSI quattro,2021
2024-07-17,테슬라코리아 유한회사,Model 3 Long Range,2021
2024-07-17,현대자동차(주),싼타페 하이브리드(SANTAFE HYBRID),2023
2024-07-17,현대자동차(주),G80,2025
2024-07-17,현대자동차(주),넥쏘 (NEXO) 수소전기차,2022
2024-07-17,테슬라코리아 유한회사,Model Y RWD,2024
2024-07-17,테슬라코리아 유한회사,Model Y Standard Range,2021
2024-07-17,현대자동차(주),아이오닉6 (IONIQ6),2023
2024-07-17,테슬라코리아 유한회사,Model 3 Long Range,2021
2024-07-17,(주)재규어랜드로버코리아,디스커버리 TD6,2018
2024-07-17,테슬라코리아 유한회사,Model S Long Range,2019
2024-07-17,케이지모빌리티 주식회사(KG Mobility Corp.),렉스턴스포츠 칸 쿨멘,2024
2024-07-17,(주)재규어랜드로버코리아,디스커버리 TD6,2018
2024-07-17,폭스바겐그룹코리아 주식회사,A6 40 TDI quattro,2020
2024-07-17,테슬라코리아 유한회사,Model 3 Long Range,2021
2024-07-17,테슬라코리아 유한회사,Model Y Standard Range,2021
2024-07-17,테슬라코리아 유한회사,Model Y Standard Range,2021
2024-07-18,현대자동차(주),G70,2018
2024-07-18,현대자동차(주),아반떼(AVANTE),2021
2024-07-18,비엠더블유코리아(주),BMW X3 xDrive20i,2021
2024-07-18,현대자동차(주),아반떼(AVANTE),2021
2024-07-18,기아 주식회사,K7,2020
2024-07-18,테슬라코리아 유한회사,Model 3 Long Range,2020
2024-07-18,비엠더블유코리아(주),BMW X3 xDrive20i,2021
2024-07-18,기아 주식회사,K3,2019
2024-07-18,비엠더블유코리아(주),BMW 530i,2022
2024-07-18,현대자동차(주),싼타페 하이브리드(SANTAFE HYBRID),2024
2024-07-18,현대자동차(주),넥쏘 (NEXO) 수소전기차,2022
2024-07-18,비엠더블유코리아(주),BMW 540i xDrive M Sport Package,2019
2024-07-18,포드세일즈서비스코리아(유),익스플로러,2015
2024-07-18,메르세데스벤츠코리아(주),Mercedes-Benz A 220 Sedan,2024
2024-07-18,테슬라코리아 유한회사,Model Y Long Range,2021
2024-07-18,현대자동차(주),팰리세이드(PALISADE),2022
2024-07-18,기아 주식회사,쏘렌토 하이브리드,2024
2024-07-18,한국지엠주식회사,라세티 1.8 DOHC,2011
2024-07-18,디앤에이모터스 주식회사,UHR125,2023
2024-07-18,현대자동차(주),넥쏘 (NEXO) 수소전기차,2021
2024-07-18,케이지모빌리티 주식회사(KG Mobility Corp.),렉스턴스포츠 칸,2022
2024-07-18,현대자동차(주),싼타페(SANTAFE),2015
2024-07-18,한국지엠(주),CHEVROLET TAHOE AWD,2022
2024-07-18,테슬라코리아 유한회사,Model 3 Long Range,2021
2024-07-18,한국지엠(주),CHEVROLET TAHOE AWD,2023
2024-07-18,기아 주식회사,K5,2013
2024-07-18,기아 주식회사,쏘울 전기차,2021
2024-07-18,테슬라코리아 유한회사,Model 3 Long Range,2021
2024-07-18,현대자동차(주),팰리세이드(PALISADE),2021
2024-07-18,현대자동차(주),아이오닉5 (IONIQ5),2023
2024-07-18,현대자동차(주),쏘나타 하이브리드 (SONATA Hybrid),2024
2024-07-18,(주)스마트솔루션즈,SMART EV Z,2022
2024-07-18,비엠더블유코리아(주),BMW 530i M Sport Package Plus,2019
2024-07-19,스텔란티스코리아 주식회사,짚 랭글러 사하라 4xe,2022
2024-07-19,(주)한국토미,토미엑시언트18톤윙바디,2021
2024-07-19,현대자동차(주),넥쏘 (NEXO) 수소전기차,2021
2024-07-19,비엠더블유코리아(주),BMW 520d,2018
2024-07-19,한국지엠(주),CHEVROLET TAHOE AWD,2022
2024-07-19,케이지모빌리티 주식회사(KG Mobility Corp.),토레스 EVX,2024
2024-07-19,메르세데스벤츠코리아(주),Mercedes-Benz A 220,2024
2024-07-19,메르세데스벤츠코리아(주),Mercedes-Benz GLA 250 4MATIC,2024
2024-07-19,한국지엠(주),CHEVROLET TAHOE AWD,2022
2024-07-19,메르세데스벤츠코리아(주),Mercedes-Benz E 300 4MATIC,2024
2024-07-19,기아 주식회사,스포티지,2022
2024-07-19,현대자동차(주),싼타페 하이브리드(SANTAFE HYBRID),2024
2024-07-19,메르세데스벤츠코리아(주),Mercedes-Benz A 220 Sedan,2024
2024-07-19,현대자동차(주),아이오닉5 (IONIQ5),2023
2024-07-19,현대자동차(주),아반떼 (AVANTE),2012
2024-07-19,메르세데스벤츠코리아(주),Mercedes-AMG GT43 4Matic +,2019
2024-07-19,기아 주식회사,카니발 하이리무진,2017
2024-07-19,현대자동차(주),G80,2023
2024-07-19,현대자동차(주),그랜저(GRANDEUR),2015
2024-07-19,기아 주식회사,니로 하이브리드,2018
2024-07-19,기아 주식회사,쏘렌토 하이브리드,2021
2024-07-19,현대자동차(주),쏘나타 (SONATA) 하이브리드,2012
2024-07-19,현대자동차(주),팰리세이드(PALISADE),2021
2024-07-19,메르세데스벤츠코리아(주),Mercedes-Benz E350 4MATIC,2022
2024-07-19,비엠더블유코리아(주),BMW 530i,2017
2024-07-19,테슬라코리아 유한회사,Model 3 Long Range,2020
2024-07-19,케이지모빌리티 주식회사(KG Mobility Corp.),G4 렉스턴,2018
2024-07-19,현대자동차(주),투싼(TUCSON),2016
2024-07-19,기아 주식회사,스포티지,2013
2024-07-19,테슬라코리아 유한회사,Model Y Long Range,2021
2024-07-19,메르세데스벤츠코리아(주),Mercedes-AMG GT43 4Matic +,2019
2024-07-19,테슬라코리아 유한회사,Model 3 Long Range,2021
2024-07-19,한국지엠주식회사,말리부 1.8 HYBRID,2018
2024-07-19,기아 주식회사,쏘렌토 하이브리드,2024
2024-07-19,메르세데스벤츠코리아(주),Mercedes-AMG CLA45 4Matic,2016
2024-07-19,테슬라코리아 유한회사,Model Y Long Range,2021
2024-07-22,현대자동차(주),싼타페(SANTAFE),2013
2024-07-22,블루샤크코리아 주식회사,R1,2023
2024-07-22,한국상용트럭(주),한국상용26톤카고트럭,2019
2024-07-22,테슬라코리아 유한회사,Model Y RWD,2023
2024-07-22,기아 주식회사,K7,2020
2024-07-22,기아 주식회사,쏘렌토 하이브리드,2022
2024-07-22,기아 주식회사,카니발,2019
2024-07-22,테슬라코리아 유한회사,Model X AWD,2023
2024-07-22,현대자동차(주),팰리세이드(PALISADE),2021
2024-07-22,테슬라코리아 유한회사,Model 3 Long Range,2024
2024-07-22,테슬라코리아 유한회사,Model Y RWD,2024
2024-07-22,폭스바겐그룹코리아 주식회사,Tiguan 2.0TDI 4Motion,2021
2024-07-22,테슬라코리아 유한회사,Model Y RWD,2024
2024-07-22,테슬라코리아 유한회사,Model Y RWD,2024
2024-07-22,한국지엠주식회사,올란도 2.0 LPG,2015
2024-07-22,현대자동차(주),팰리세이드(PALISADE),2022
2024-07-22,테슬라코리아 유한회사,Model 3 Long Range,2024
2024-07-22,테슬라코리아 유한회사,Model 3 Long Range,2024
2024-07-22,비엠더블유코리아(주),620d Luxury,2020
2024-07-22,기아 주식회사,쏘렌토,2018
2024-07-22,기아 주식회사,쏘렌토,2018
2024-07-22,현대자동차(주),팰리세이드(PALISADE),2021
2024-07-22,기아 주식회사,쏘렌토,2024
2024-07-22,메르세데스벤츠코리아(주),Mercedes-Benz A 220 Sedan,2024
2024-07-22,현대자동차(주),팰리세이드(PALISADE),2021
2024-07-22,현대자동차(주),아이오닉6 (IONIQ6),2023
2024-07-22,테슬라코리아 유한회사,Model 3 Long Range,2024
2024-07-22,테슬라코리아 유한회사,Model Y RWD,2024
2024-07-22,폭스바겐그룹코리아 주식회사,Arteon 2.0 TDI,2019
2024-07-22,테슬라코리아 유한회사,Model Y RWD,2024
2024-07-22,현대자동차(주),팰리세이드(PALISADE),2020
2024-07-22,비엠더블유코리아(주),BMW 620d xDrive,2021
2024-07-22,테슬라코리아 유한회사,Model 3 Long Range,2024
2024-07-22,테슬라코리아 유한회사,Model Y RWD,2024
2024-07-22,테슬라코리아 유한회사,Model Y RWD,2024
2024-07-22,현대자동차(주),코나 일렉트릭 (KONA ELECTRIC),2020
2024-07-22,메르세데스벤츠코리아(주),Mercedes-Benz A 220 Sedan,2024
2024-07-22,테슬라코리아 유한회사,Model Y RWD,2024
2024-07-22,테슬라코리아 유한회사,Model Y RWD,2024
2024-07-22,테슬라코리아 유한회사,Model Y RWD,2024
2024-07-22,테슬라코리아 유한회사,Model 3 Long Range,2024
2024-07-22,테슬라코리아 유한회사,Model 3 RWD,2024
2024-07-22,테슬라코리아 유한회사,Model 3 RWD,2024
2024-07-22,테슬라코리아 유한회사,Model Y Long Range,2021
2024-07-22,메르세데스벤츠코리아(주),Mercedes-Benz E300 e 4MATIC,2020
2024-07-22,(주)재규어랜드로버코리아,디스커버리 TD6,2018
2024-07-22,기아 주식회사,니로 하이브리드,2018
2024-07-22,현대자동차(주),아반떼(AVANTE),2024
2024-07-22,현대자동차(주),쏘나타 N 라인 (SONATA N Line),2023
2024-07-22,기아 주식회사,쏘렌토 하이브리드,2022
2024-07-22,테슬라코리아 유한회사,Model 3 Long Range,2024
2024-07-22,테슬라코리아 유한회사,Model 3 Long Range,2024
2024-07-22,테슬라코리아 유한회사,Model 3 RWD,2024
2024-07-22,테슬라코리아 유한회사,Model 3 Long Range,2024
2024-07-22,한국지엠(주),CHEVROLET EQUINOX FWD,2022
2024-07-22,테슬라코리아 유한회사,Model 3 RWD,2024
2024-07-22,테슬라코리아 유한회사,Model Y RWD,2024
2024-07-22,테슬라코리아 유한회사,Model 3 Long Range,2024
2024-07-22,테슬라코리아 유한회사,Model 3 Long Range,2024
2024-07-22,테슬라코리아 유한회사,Model 3 Performance,2024
2024-07-22,테슬라코리아 유한회사,Model 3 Long Range,2024
2024-07-22,테슬라코리아 유한회사,Model 3 RWD,2024
2024-07-22,테슬라코리아 유한회사,Model 3 RWD,2024
2024-07-22,기아 주식회사,셀토스,2023
2024-07-22,케이지모빌리티 주식회사(KG Mobility Corp.),토레스 EVX,2024
2024-07-22,비엠더블유코리아(주),BMW i5 eDrive40,2024
2024-07-22,현대자동차(주),팰리세이드(PALISADE),2021
2024-07-22,케이지모빌리티 주식회사(KG Mobility Corp.),토레스 EVX,2024
2024-07-22,케이지모빌리티 주식회사(KG Mobility Corp.),토레스 EVX,2024
2024-07-22,기아 주식회사,EV6,2023
2024-07-22,현대자동차(주),싼타페 하이브리드(SANTAFE HYBRID),2024
2024-07-23,한국상용트럭(주),한국상용26톤카고트럭,2019
2024-07-23,현대자동차(주),뉴아반떼XD(NEW AVANTE XD),2005
2024-07-23,메르세데스벤츠코리아(주),Mercedes-AMG GLC43 4Matic,2018
2024-07-23,기아 주식회사,쏘렌토 하이브리드,2024
2024-07-23,테슬라코리아 유한회사,Model 3 RWD,2024
2024-07-23,기아 주식회사,쏘렌토 하이브리드,2022
2024-07-23,테슬라코리아 유한회사,Model Y RWD,2024
2024-07-23,한국지엠(주),CHEVROLET BOLT EV,2018
2024-07-23,테슬라코리아 유한회사,Model Y RWD,2024
2024-07-23,기아 주식회사,K7,2020
2024-07-23,현대자동차(주),G80,2022
2024-07-23,현대자동차(주),넥쏘 (NEXO) 수소전기차,2022
2024-07-23,테슬라코리아 유한회사,Model Y RWD,2024
2024-07-23,현대자동차(주),투싼(TUCSON),2019
2024-07-23,테슬라코리아 유한회사,Model 3 RWD,2024
2024-07-23,현대자동차(주),싼타페 하이브리드(SANTAFE HYBRID),2024
2024-07-23,현대자동차(주),넥쏘 (NEXO) 수소전기차,2022
2024-07-23,기아 주식회사,K7,2020
2024-07-23,한국지엠주식회사,올란도 2.0 LPG,2012
2024-07-23,테슬라코리아 유한회사,Model Y RWD,2024
2024-07-23,현대자동차(주),싼타페 하이브리드(SANTAFE HYBRID),2024
2024-07-23,메르세데스벤츠코리아(주),Mercedes-Benz E300 e 4MATIC,2023
2024-07-23,르노코리아(주),XM3,2020
2024-07-23,메르세데스벤츠코리아(주),Mercedes-Benz A 220,2024
2024-07-23,기아 주식회사,쏘렌토 하이브리드,2023
2024-07-23,주식회사 이비온,E6,2021
2024-07-23,한국지엠(주),CHEVROLET EQUINOX FWD,2018
2024-07-23,테슬라코리아 유한회사,Model Y Long Range,2021
2024-07-24,한국지엠주식회사,트레일블레이저 1.2 TURBO FWD,2021
2024-07-24,테슬라코리아 유한회사,Model Y RWD,2024
2024-07-24,비엠더블유코리아(주),BMW i3,2016
2024-07-24,현대자동차(주),GV80,2020
2024-07-24,현대자동차(주),팰리세이드(PALISADE),2022
2024-07-24,메르세데스벤츠코리아(주),Mercedes-Benz EQB300 4MATIC,2023
2024-07-24,비엠더블유코리아(주),BMW 520d,2018
2024-07-24,비엠더블유코리아(주),BMW 520d xDrive,2018
2024-07-24,기아 주식회사,카니발,2020
2024-07-24,비엠더블유코리아(주),BMW 520i,2018
2024-07-24,테슬라코리아 유한회사,Model Y Standard Range,2021
2024-07-24,기아 주식회사,EV9,2024
2024-07-24,폭스바겐그룹코리아 주식회사,Arteon 2.0 TDI,2019
2024-07-24,현대자동차(주),쏘나타(SONATA),2024
2024-07-24,한국토요타자동차(주),렉서스 ES300h,2019
2024-07-24,혼다코리아(주),GL1800DA,2021
2024-07-24,비엠더블유코리아(주),BMW 520d Luxury,2019
2024-07-24,기아 주식회사,K8,2023
2024-07-24,현대자동차(주),GV80,2024
2024-07-24,기아 주식회사,K5,2012
2024-07-24,메르세데스벤츠코리아(주),SLK200,2013
2024-07-24,현대자동차(주),넥쏘 (NEXO) 수소전기차,2021
2024-07-24,기아 주식회사,K8,2023
2024-07-24,기아 주식회사,K7,2020
2024-07-24,테슬라코리아 유한회사,Model 3 RWD,2022
2024-07-24,테슬라코리아 유한회사,Model 3 Long Range,2024
2024-07-24,테슬라코리아 유한회사,Model Y RWD,2024
2024-07-24,현대자동차(주),쏘나타 하이브리드 (SONATA HYBRID),2021
2024-07-24,기아 주식회사,봉고Ⅲ 1톤 EV,2020
2024-07-24,비엠더블유코리아(주),BMW iX3 M Sport,2022
2024-07-25,현대자동차(주),포터Ⅱ 일렉트릭 (PORTERⅡ ELECTRIC),2023
2024-07-25,기아 주식회사,K8,2024
2024-07-25,테슬라코리아 유한회사,Model Y RWD,2024
2024-07-25,테슬라코리아 유한회사,Model 3 Long Range,2024
2024-07-25,현대자동차(주),넥쏘 (NEXO) 수소전기차,2020
2024-07-25,현대자동차(주),넥쏘 (NEXO) 수소전기차,2019
2024-07-25,90020025,V1,2023
2024-07-25,기아 주식회사,니로 하이브리드,2017
2024-07-25,현대자동차(주),G70,2019
2024-07-25,비엠더블유코리아(주),BMW 530i,2018
2024-07-25,한불모터스(주),Peugeot 3008 1.5 BlueHDi,2019
2024-07-25,나르미모터스(주),나르미1톤포터2롱바디카고,2024
2024-07-25,현대자동차(주),넥쏘 (NEXO) 수소전기차,2024
2024-07-25,비엠더블유코리아(주),BMW 530i,2023
2024-07-25,르노코리아(주),SM5 D,2014
2024-07-25,기아 주식회사,카니발 하이리무진,2019
2024-07-25,현대자동차(주),아반떼 N(AVANTE N),2022
2024-07-25,현대자동차(주),팰리세이드(PALISADE),2022
2024-07-25,테슬라코리아 유한회사,Model 3 Long Range,2024
2024-07-25,현대자동차(주),투싼 하이브리드(TUCSON HYBRID),2021
2024-07-25,현대자동차(주),싼타페 하이브리드(SANTAFE HYBRID),2024
2024-07-25,현대자동차(주),싼타페 하이브리드(SANTAFE HYBRID),2024
2024-07-25,현대자동차(주),넥쏘 (NEXO) 수소전기차,2020
2024-07-25,폭스바겐그룹코리아 주식회사,SQ5 3.0 TDI quattro,2015
2024-07-25,테슬라코리아 유한회사,Model Y Standard Range,2021
2024-07-25,현대자동차(주),그랜저 하이브리드(GRANDEUR HYBRID),2020
2024-07-25,테슬라코리아 유한회사,Model Y Long Range,2021
2024-07-25,현대자동차(주),EQ900,2016
2024-07-25,(주)재규어랜드로버코리아,디스커버리 TD6,2018
2024-07-25,기아 주식회사,K5 하이브리드,2021
2024-07-25,현대자동차(주),그랜저(GRANDEUR),2013
2024-07-25,현대자동차(주),아반떼(AVANTE),2019
2024-07-25,현대자동차(주),i40 Saloon,2016
2024-07-25,현대자동차(주),싼타페 하이브리드(SANTAFE HYBRID),2024
2024-07-25,현대자동차(주),싼타페 하이브리드(SANTAFE HYBRID),2024
2024-07-25,현대자동차(주),그랜저(GRANDEUR),2012
2024-07-25,현대자동차(주),G80,2025
2024-07-25,현대자동차(주),아반떼(AVANTE),2020
2024-07-25,기아 주식회사,카니발,2020
2024-07-25,기아 주식회사,EV9,2024
2024-07-25,기아 주식회사,EV9,2024
2024-07-25,케이지모빌리티 주식회사(KG Mobility Corp.),G4 렉스턴,2018
2024-07-26,현대자동차(주),쏘나타 (SONATA),2008
2024-07-26,기아 주식회사,니로 하이브리드,2017
2024-07-26,기아 주식회사,K8,2022
2024-07-26,기아 주식회사,카니발,2018
2024-07-26,현대자동차(주),그랜저(GRANDEUR),2013
2024-07-26,현대자동차(주),그랜저(GRANDEUR),2012
2024-07-26,기아 주식회사,EV9,2024
2024-07-26,현대자동차(주),투싼(TUCSON),2017
2024-07-26,현대자동차(주),코나(KONA),2023
2024-07-26,현대자동차(주),아이오닉6 (IONIQ6),2023
2024-07-26,기아 주식회사,K7,2015
2024-07-26,현대자동차(주),코나(KONA),2023
2024-07-26,현대자동차(주),G80,2025
2024-07-26,기아 주식회사,K5,2011
2024-07-26,메르세데스벤츠코리아(주),E220 d 4Matic,2017
2024-07-26,기아 주식회사,K5,2013
2024-07-26,기아 주식회사,K7,2020
2024-07-26,비엠더블유코리아(주),BMW 520i,2023
2024-07-26,테슬라코리아 유한회사,Model Y Long Range,2021
2024-07-26,기아 주식회사,셀토스,2020
2024-07-26,현대자동차(주),그랜저(GRANDEUR),2023
2024-07-26,현대자동차(주),코나(KONA),2023
2024-07-26,현대자동차(주),코나(KONA),2024
2024-07-26,현대자동차(주),그랜저(GRANDEUR),2014
2024-07-26,현대자동차(주),싼타페 하이브리드(SANTAFE HYBRID),2024
2024-07-26,기아 주식회사,카니발,2022
2024-07-26,현대자동차(주),그랜저(GRANDEUR),2011
2024-07-29,기아 주식회사,카니발,2022
2024-07-29,르노코리아(주),QM6,2017
2024-07-29,현대자동차(주),넥쏘 (NEXO) 수소전기차,2020
2024-07-29,현대자동차(주),그랜저(GRANDEUR),2011
2024-07-29,현대자동차(주),코나(KONA),2024
2024-07-29,현대자동차(주),아반떼(AVANTE),2019
2024-07-29,기아 주식회사,쏘울 전기차,2019
2024-07-29,현대자동차(주),팰리세이드(PALISADE),2019
2024-07-29,기아 주식회사,K3,2020
2024-07-29,기아 주식회사,스포티지,2023
2024-07-29,케이지모빌리티 주식회사(KG Mobility Corp.),G4 렉스턴,2019
2024-07-29,현대자동차(주),아이오닉5 (IONIQ5),2022
2024-07-29,한국지엠(주),CHEVROLET TAHOE AWD,2022
2024-07-29,기아 주식회사,K7,2020
2024-07-29,현대자동차(주),싼타페(SANTAFE),2019
2024-07-29,현대자동차(주),넥쏘 (NEXO) 수소전기차,2019
2024-07-29,현대자동차(주),아반떼 하이브리드(AVANTE HYBRID),2010
2024-07-29,현대자동차(주),맥스크루즈 (MAXCRUZ),2014
2024-07-29,테슬라코리아 유한회사,Model Y RWD,2024
2024-07-29,기아 주식회사,포르테 쿱,2010
2024-07-29,(주)재규어랜드로버코리아,디스커버리 TD6,2018
2024-07-29,기아 주식회사,K7,2020
2024-07-29,기아 주식회사,쏘렌토 하이브리드,2021
2024-07-29,메르세데스벤츠코리아(주),Mercedes-Benz GLC300 4MATIC,2024
2024-07-29,케이지모빌리티 주식회사(KG Mobility Corp.),렉스턴,2021
2024-07-29,한불모터스(주),Peugeot 5008 1.5 BlueHDi,2020
2024-07-29,기아 주식회사,카니발,2021
2024-07-29,테슬라코리아 유한회사,Model 3 Long Range,2024
2024-07-29,한불모터스(주),Peugeot 508 2.0 BlueHDi,2020
2024-07-29,기아 주식회사,쏘렌토 하이브리드,2021
2024-07-29,케이지모빌리티 주식회사(KG Mobility Corp.),티볼리,2015
2024-07-29,(주)한성특장,한성9.5톤카고,2021
2024-07-29,테슬라코리아 유한회사,Model 3 Long Range,2021
2024-07-29,기아 주식회사,쏘울 전기차,2019
2024-07-29,현대자동차(주),싼타페 하이브리드(SANTAFE HYBRID),2024
2024-07-29,현대자동차(주),코나(KONA),2024
2024-07-29,테슬라코리아 유한회사,Model 3 Long Range,2024
2024-07-29,기아 주식회사,K3,2019
2024-07-29,기아 주식회사,카니발,2015
2024-07-29,기아 주식회사,카니발 하이리무진,2019
2024-07-29,케이지모빌리티 주식회사(KG Mobility Corp.),토레스 EVX,2024
2024-07-29,현대자동차(주),팰리세이드(PALISADE),2022
2024-07-29,현대자동차(주),아이오닉5 (IONIQ5),2022
2024-07-30,기아 주식회사,K5,2020
2024-07-30,테슬라코리아 유한회사,Model Y Standard Range,2021
2024-07-30,기아 주식회사,스포티지 하이브리드,2024
2024-07-30,한국지엠(주),CHEVROLET TAHOE AWD,2022
2024-07-30,현대자동차(주),쏘나타(SONATA) 하이브리드,2014
2024-07-30,폴스타오토모티브코리아 유한회사,Polestar 2 Long Range Single Motor,2023
2024-07-30,메르세데스벤츠코리아(주),Mercedes-Benz EQB300 4MATIC,2023
2024-07-30,기아 주식회사,K7,2020
2024-07-30,기아 주식회사,K3,2019
2024-07-30,현대자동차(주),투싼(TUCSON),2017
2024-07-30,한불모터스(주),Peugeot 308 2.0 Blue-HDi,2014
2024-07-30,한국지엠(주),CHEVROLET COLORADO AWD,2021
2024-07-30,비엠더블유코리아(주),BMW 530i Luxury,2019
2024-07-30,포르쉐코리아 주식회사,911 타르가 4S,2021
2024-07-30,기아 주식회사,니로 하이브리드,2017
2024-07-30,기아 주식회사,카니발,2015
2024-07-30,기아 주식회사,쏘렌토 하이브리드,2021
2024-07-30,테슬라코리아 유한회사,Model 3 Long Range,2020
2024-07-30,현대자동차(주),코나(KONA),2023
2024-07-30,기아 주식회사,쏘렌토,2021
2024-07-30,현대자동차(주),팰리세이드(PALISADE),2021
2024-07-30,기아 주식회사,쏘렌토 하이브리드,2023
2024-07-30,테슬라코리아 유한회사,Model Y Standard Range,2021
2024-07-30,기아 주식회사,K7,2020
2024-07-30,기아 주식회사,K7 하이브리드,2020
2024-07-30,한국지엠주식회사,말리부 1.5 TURBO,2017
2024-07-30,기아 주식회사,K5,2011
2024-07-30,한국지엠주식회사,트랙스 1.2 터보,2024
2024-07-30,기아 주식회사,쏘렌토,2022
2024-07-30,기아 주식회사,쏘렌토 하이브리드,2021
2024-07-30,포드세일즈서비스코리아(유),Lincoln Nautilus 2.0L,2024
2024-07-30,비엠더블유코리아(주),BMW iX3 M Sport,2022
2024-07-30,현대자동차(주),코나(KONA),2023
2024-07-30,기아 주식회사,레이,2014
2024-07-30,현대자동차(주),엑시언트(XCIENT)트랙터,2024
2024-07-31,비엠더블유코리아(주),BMW 530i xDrive,2024
2024-07-31,현대자동차(주),팰리세이드(PALISADE),2019
2024-07-31,기아 주식회사,봉고Ⅲ 1.2톤,2024
2024-07-31,기아 주식회사,쏘렌토 하이브리드,2024
2024-07-31,현대자동차(주),팰리세이드(PALISADE),2022
2024-07-31,한국지엠주식회사,올란도 2.0 LPG,2012
2024-07-31,(주)루트17,다니고밴,2021
2024-07-31,현대자동차(주),넥쏘 (NEXO) 수소전기차,2022
2024-07-31,기아 주식회사,스포티지,2005
2024-07-31,테슬라코리아 유한회사,Model Y Long Range,2021
2024-07-31,현대자동차(주),EQ900,2018
2024-07-31,기아 주식회사,K3,2019
2024-07-31,테슬라코리아 유한회사,Model Y Standard Range,2021
2024-07-31,(주)재규어랜드로버코리아,디스커버리 TD6,2018
2024-07-31,현대자동차(주),아이오닉 하이브리드(IONIQ HYBRID),2017
2024-07-31,메르세데스벤츠코리아(주),Mercedes-Benz GLA 250 4MATIC,2024
2024-07-31,현대자동차(주),싼타페 하이브리드(SANTAFE HYBRID),2024
2024-07-31,기아 주식회사,K3,2019
2024-07-31,기아 주식회사,셀토스,2020
2024-07-31,폭스바겐그룹코리아 주식회사,Tiguan 2.0 TDI 4Motion,2018
2024-07-31,현대자동차(주),코나 일렉트릭 (KONA ELECTRIC),2019
2024-07-31,한국지엠(주),CHEVROLET TAHOE AWD,2022
2024-07-31,한국지엠(주),CHEVROLET TAHOE AWD,2022
2024-07-31,메르세데스벤츠코리아(주),C200 CGI,2012
2024-07-31,테슬라코리아 유한회사,Model Y Long Range,2021
2024-07-31,폭스바겐그룹코리아 주식회사,Tiguan Allspace 2.0 TDI,2020
2024-07-31,한국지엠(주),CHEVROLET TAHOE AWD,2022
2024-07-31,현대자동차(주),아이오닉6 (IONIQ6),2023
2024-07-31,기아 주식회사,스포티지 하이브리드,2022
2024-07-31,현대자동차(주),아이오닉5 (IONIQ5),2023
2024-08-01,현대자동차(주),엑시언트(XCIENT)트랙터,2025
2024-08-01,기아 주식회사,K7 하이브리드,2016
2024-08-01,기아 주식회사,쏘렌토 하이브리드,2021
2024-08-01,메르세데스벤츠코리아(주),ML350 BlueTEC 4Matic,2015
2024-08-01,현대자동차(주),코나(KONA),2023
2024-08-01,비엠더블유코리아(주),BMW 330i M Sport Package,2020
2024-08-01,폭스바겐그룹코리아 주식회사,Tiguan 2.0 TDI,2018
2024-08-01,메르세데스벤츠코리아(주),E300 4Matic,2019
2024-08-01,기아 주식회사,K7,2020
2024-08-01,현대자동차(주),넥쏘 (NEXO) 수소전기차,2019
2024-08-01,현대자동차(주),EQ900,2018
2024-08-01,현대자동차(주),제네시스(GENESIS),2015
2024-08-01,현대자동차(주),엑시언트(XCIENT)트랙터,2023
2024-08-01,기아 주식회사,K7,2020
2024-08-01,기아 주식회사,K5,2015
2024-08-01,현대자동차(주),팰리세이드(PALISADE),2021
2024-08-01,기아 주식회사,K7,2020
2024-08-01,테슬라코리아 유한회사,Model Y Long Range,2021
2024-08-01,기아 주식회사,K3,2020
2024-08-01,현대자동차(주),넥쏘 (NEXO) 수소전기차,2019
2024-08-01,현대자동차(주),싼타페 하이브리드(SANTAFE HYBRID),2024
2024-08-01,기아 주식회사,봉고Ⅲ 플러스내장차,2023
2024-08-01,기아 주식회사,EV9,2024
2024-08-01,현대자동차(주),넥쏘 (NEXO) 수소전기차,2020
2024-08-01,케이지모빌리티 주식회사(KG Mobility Corp.),토레스 EVX,2024
2024-08-02,기아 주식회사,EV6,2022
2024-08-02,메르세데스벤츠코리아(주),E300 4Matic,2014
2024-08-02,한국지엠(주),CHEVROLET EQUINOX FWD,2022
2024-08-02,현대자동차(주),아이오닉5 (IONIQ5),2023
2024-08-02,폭스바겐그룹코리아 주식회사,e-tron Sportback 55 quattro,2021
2024-08-02,현대자동차(주),아이오닉5(IONIQ5),2023
2024-08-02,기아 주식회사,쏘렌토 하이브리드,2024
2024-08-02,한국지엠(주),CHEVROLET EQUINOX AWD,2022
2024-08-02,기아 주식회사,쏘렌토 하이브리드,2021
2024-08-02,주식회사 한중특장,한중23.5톤상승윙바디,2022
2024-08-02,기아 주식회사,EV6,2023
2024-08-02,현대자동차(주),싼타페 하이브리드(SANTAFE HYBRID),2024
2024-08-02,기아 주식회사,카니발,2016
2024-08-02,비엠더블유코리아(주),BMW 630d xDrive Luxury RDE,2019
2024-08-02,기아 주식회사,쏘렌토 하이브리드,2022
2024-08-02,한국지엠주식회사,크루즈 1.4,2014
2024-08-02,한국지엠주식회사,말리부 1.5 TURBO,2017
2024-08-02,현대자동차(주),싼타페 하이브리드(SANTAFE HYBRID),2024
2024-08-02,기아 주식회사,K3,2020
2024-08-02,현대자동차(주),엑시언트(XCIENT)트랙터,2023
2024-08-02,한국지엠(주),CHEVROLET BOLT EV,2018
2024-08-02,폭스바겐그룹코리아 주식회사,Tiguan 2.0 TDI Blue Motion,2015
2024-08-02,기아 주식회사,K3,2018
2024-08-02,현대자동차(주),아이오닉5 (IONIQ5),2023
2024-08-02,현대자동차(주),그랜저(GRANDEUR),2018
2024-08-02,현대자동차(주),아반떼(AVANTE),2016
2024-08-02,현대자동차(주),넥쏘 (NEXO) 수소전기차,2022
2024-08-02,메르세데스벤츠코리아(주),GLC350 e 4Matic,2019
2024-08-02,현대자동차(주),투싼(TUCSON),2017
2024-08-02,케이지모빌리티 주식회사(KG Mobility Corp.),토레스 EVX,2024
2024-08-05,기아 주식회사,K7,2020
2024-08-05,기아 주식회사,쏘렌토 하이브리드,2022
2024-08-05,르노코리아(주),QM6,2021
2024-08-05,기아 주식회사,K7,2020
2024-08-05,현대자동차(주),넥쏘 (NEXO) 수소전기차,2020
2024-08-05,현대자동차(주),넥쏘 (NEXO) 수소전기차,2023
2024-08-05,한국지엠(주),CHEVROLET BOLT EV,2018
2024-08-05,현대자동차(주),포터Ⅱ 일렉트릭 (PORTERⅡ ELECTRIC),2022
2024-08-05,비엠더블유코리아(주),BMW 420d xDrive Coupe,2014
2024-08-05,현대자동차(주),코나 일렉트릭 (KONA ELECTRIC),2019
2024-08-05,기아 주식회사,쏘렌토 하이브리드,2021
2024-08-05,한국지엠주식회사,알페온2.4DOHC,2013
2024-08-05,현대자동차(주),싼타페 하이브리드(SANTAFE HYBRID),2024
2024-08-05,한국지엠(주),CHEVROLET EQUINOX FWD,2022
2024-08-05,기아 주식회사,EV9,2024
2024-08-05,기아 주식회사,스포티지,2018
2024-08-05,기아 주식회사,니로 EV,2022
2024-08-05,한국지엠주식회사,트랙스 1.2 터보,2025
2024-08-05,비엠더블유코리아(주),BMW 530i xDrive,2018
2024-08-05,비엠더블유코리아(주),BMW 530i xDrive,2018
2024-08-05,메르세데스벤츠코리아(주),Mercedes-Benz E350 4MATIC,2022
2024-08-05,현대자동차(주),맥스크루즈 (MAXCRUZ),2015
2024-08-05,테슬라코리아 유한회사,Model 3 Performance,2024
2024-08-05,테슬라코리아 유한회사,Model Y Standard Range,2021
2024-08-05,현대자동차(주),싼타페 하이브리드(SANTAFE HYBRID),2024
2024-08-05,현대자동차(주),쏘나타 하이브리드 (SONATA HYBRID),2021
2024-08-05,현대자동차(주),아반떼(AVANTE),2017
2024-08-05,기아 주식회사,쏘렌토 하이브리드,2024
2024-08-05,한국지엠(주),CHEVROLET EQUINOX AWD,2022
2024-08-05,기아 주식회사,쏘렌토,2021
2024-08-05,현대자동차(주),싼타페 하이브리드(SANTAFE HYBRID),2023
2024-08-05,기아 주식회사,K7,2020
2024-08-05,기아 주식회사,K8,2022
2024-08-05,현대자동차(주),포터Ⅱ 일렉트릭 (PORTERⅡ ELECTRIC),2020
2024-08-05,기아 주식회사,K7,2020
2024-08-05,한국지엠주식회사,말리부 2.0 TURBO,2017
2024-08-05,현대자동차(주),G80,2022
2024-08-05,한국지엠(주),CHEVROLET EQUINOX FWD,2022
2024-08-05,현대자동차(주),코나(KONA),2025
2024-08-05,스텔란티스코리아 주식회사,짚 컴패스 2.4 AWD,2022
2024-08-06,기아 주식회사,K3,2019
2024-08-06,현대자동차(주),그랜저(GRANDEUR),2011
2024-08-06,테슬라코리아 유한회사,Model 3 Long Range,2024
2024-08-06,한국지엠(주),CHEVROLET TAHOE AWD,2022
2024-08-06,현대자동차(주),아반떼(AVANTE),2019
2024-08-06,폭스바겐그룹코리아 주식회사,Tiguan 2.0 TDI,2018
2024-08-06,테슬라코리아 유한회사,Model 3 RWD,2024
2024-08-06,한국지엠(주),CHEVROLET EQUINOX FWD,2022
2024-08-06,기아 주식회사,카니발,2019
2024-08-06,현대자동차(주),투싼 하이브리드(TUCSON HYBRID),2021
2024-08-06,현대자동차(주),투싼(TUCSON),2017
2024-08-06,기아 주식회사,K7,2020
2024-08-06,메르세데스벤츠코리아(주),Mercedes-Benz EQE500 4MATIC SUV,2023
2024-08-06,현대자동차(주),아반떼(AVANTE),2019
2024-08-06,폭스바겐그룹코리아 주식회사,Tiguan 2.0 TDI,2020
2024-08-06,비엠더블유코리아(주),BMW i5 M60 xDrive,2024
2024-08-06,비엠더블유코리아(주),BMW 520d xDrive,2017
2024-08-06,기아 주식회사,K7,2020
2024-08-06,현대자동차(주),넥쏘 (NEXO) 수소전기차,2021
2024-08-06,현대자동차(주),코나 하이브리드(KONA HYBRID),2024
2024-08-06,폭스바겐그룹코리아 주식회사,Tiguan 2.0 TDI,2018
2024-08-06,기아 주식회사,K8,2022
2024-08-06,기아 주식회사,쏘렌토,2021
2024-08-06,(주)재규어랜드로버코리아,재규어 F-PACE 20d,2017
2024-08-06,기아 주식회사,니로 하이브리드,2018
2024-08-06,기아 주식회사,EV6,2024
2024-08-06,현대자동차(주),코나(KONA),2023
2024-08-06,현대자동차(주),투싼(TUCSON),2023
2024-08-06,르노코리아(주),SM3,2015
2024-08-06,르노코리아(주),QM3,2016
2024-08-06,한국지엠주식회사,트랙스 1.2 터보,2025
2024-08-06,현대자동차(주),G80,2022
2024-08-06,현대자동차(주),아반떼(AVANTE),2018
2024-08-07,폭스바겐그룹코리아 주식회사,Tiguan 2.0 TDI,2018
2024-08-07,테슬라코리아 유한회사,Model Y Standard Range,2021
2024-08-07,기아 주식회사,K7,2020
2024-08-07,(주)재규어랜드로버코리아,디스커버리 TD6,2018
2024-08-07,비엠더블유코리아(주),BMW 530e,2022
2024-08-07,기아 주식회사,카니발,2024
2024-08-07,기아 주식회사,카니발 하이브리드,2024
2024-08-07,현대자동차(주),코나 하이브리드(KONA HYBRID),2020
2024-08-07,한국지엠(주),CHEVROLET EQUINOX FWD,2022
2024-08-07,메르세데스벤츠코리아(주),Mercedes-Benz GLB220,2021
2024-08-07,기아 주식회사,카니발,2019
2024-08-07,메르세데스벤츠코리아(주),E220 d,2017
2024-08-07,기아 주식회사,카니발 하이브리드,2024
2024-08-07,한국닛산(주),ALTIMA 2.5,2018
2024-08-07,기아 주식회사,K7,2020
2024-08-07,현대자동차(주),코나(KONA),2024
2024-08-07,현대자동차(주),투싼(TUCSON),2016
2024-08-07,현대자동차(주),아이오닉6 (IONIQ6),2023
2024-08-07,현대자동차(주),코나 하이브리드(KONA HYBRID),2023
2024-08-07,기아 주식회사,셀토스,2020
2024-08-07,현대자동차(주),코나(KONA),2023
2024-08-07,메르세데스벤츠코리아(주),S350 d 4Matic,2018
2024-08-07,메르세데스벤츠코리아(주),Mercedes-Benz E250,2023
2024-08-07,메르세데스벤츠코리아(주),E300 4Matic,2019
2024-08-07,기아 주식회사,EV9,2024
2024-08-07,한국지엠주식회사,알페온 2.4 하이브리드,2012
2024-08-07,테슬라코리아 유한회사,Model Y Standard Range,2021
2024-08-07,르노코리아(주),QM6,2017
2024-08-07,한국지엠(주),CHEVROLET EQUINOX FWD,2022
2024-08-07,현대자동차(주),아반떼(AVANTE),2018
2024-08-08,지엠아시아퍼시픽지역본부 주식회사,CADILLAC ESCALADE ESV,2023
2024-08-08,한국지엠(주),CHEVROLET TAHOE AWD,2022
2024-08-08,한국지엠(주),CHEVROLET TAHOE AWD,2023
2024-08-08,현대자동차(주),아반떼(AVANTE),2018
2024-08-08,르노코리아(주),SM5 LPLi,2013
2024-08-08,기아 주식회사,카니발,2025
2024-08-08,기아 주식회사,카니발 하이브리드,2025
2024-08-08,현대자동차(주),EQ900,2018
2024-08-08,현대자동차(주),G80,2017
2024-08-08,현대자동차(주),팰리세이드(PALISADE),2022
2024-08-08,케이지모빌리티 주식회사(KG Mobility Corp.),G4 렉스턴,2020
2024-08-08,기아 주식회사,카니발 하이브리드,2024
2024-08-08,(주)볼보자동차코리아,볼보 S90T8 AWD,2023
2024-08-08,현대자동차(주),코나(KONA),2023
2024-08-08,르노코리아(주),QM6,2019
2024-08-08,한국지엠(주),CHEVROLET EQUINOX FWD,2022
2024-08-08,현대자동차(주),제네시스(GENESIS),2016
2024-08-08,기아 주식회사,K7,2013
2024-08-08,현대자동차(주),코나(KONA),2023
2024-08-08,메르세데스벤츠코리아(주),E220 d,2017
2024-08-08,케이지모빌리티 주식회사(KG Mobility Corp.),G4 렉스턴,2018
2024-08-08,메르세데스벤츠코리아(주),E220 d Cabriolet,2018
2024-08-08,현대자동차(주),G80,2018
2024-08-08,현대자동차(주),넥쏘 (NEXO) 수소전기차,2021
2024-08-08,현대자동차(주),싼타페(SANTAFE),2013
2024-08-08,기아 주식회사,카니발,2025
2024-08-08,기아 주식회사,K5,2016
2024-08-08,기아 주식회사,K5 하이브리드,2020
2024-08-08,기아 주식회사,쏘렌토 하이브리드,2024
2024-08-08,기아 주식회사,셀토스,2024
2024-08-08,(주)다온티앤티,다온르벤투스이동업무차,2019
2024-08-09,현대자동차(주),코나 하이브리드(KONA HYBRID),2023
2024-08-09,현대자동차(주),코나(KONA),2023
2024-08-09,현대자동차(주),코나(KONA),2025
2024-08-09,기아 주식회사,K3,2024
2024-08-09,한국토요타자동차(주),렉서스 RX450h,2017
2024-08-09,메르세데스벤츠코리아(주),E220 d 4Matic,2018
2024-08-09,기아 주식회사,카니발 하이브리드,2025
2024-08-09,기아 주식회사,쏘렌토 하이브리드,2021
2024-08-09,기아 주식회사,K3,2019
2024-08-09,현대자동차(주),팰리세이드(PALISADE),2021
2024-08-09,현대자동차(주),쏘나타 (SONATA) 하이브리드,2012
2024-08-09,현대자동차(주),넥쏘 (NEXO) 수소전기차,2022
2024-08-09,비엠더블유코리아(주),BMW 750Li xDrive,2018
2024-08-09,기아 주식회사,쏘렌토 하이브리드,2024
2024-08-09,한국지엠주식회사,크루즈 1.4,2015
2024-08-09,현대자동차(주),싼타페(SANTAFE),2024
2024-08-09,한국지엠주식회사,올란도 2.0 LPG,2013
2024-08-09,폭스바겐그룹코리아 주식회사,Arteon 2.0 TDI,2019
2024-08-09,케이지모빌리티 주식회사(KG Mobility Corp.),렉스턴스포츠 칸,2022
2024-08-09,기아 주식회사,카니발,2024
2024-08-09,기아 주식회사,K5,2011
2024-08-09,기아 주식회사,카니발 하이브리드,2025
2024-08-09,현대자동차(주),쏘나타(SONATA),2020
2024-08-09,현대자동차(주),팰리세이드(PALISADE),2021
2024-08-09,비엠더블유코리아(주),BMW X3 xDrive20d,2014
2024-08-09,비엠더블유코리아(주),BMW X4 xDrive20i,2021
2024-08-09,현대자동차(주),아이오닉6 (IONIQ6),2023
2024-08-09,르노코리아(주),SM6,2016
2024-08-09,현대자동차(주),투싼 하이브리드(TUCSON HYBRID),2021
2024-08-09,기아 주식회사,쏘렌토 하이브리드,2022
2024-08-09,기아 주식회사,쏘렌토 하이브리드,2022
2024-08-09,기아 주식회사,카니발 하이브리드,2025
2024-08-09,기아 주식회사,카니발 하이브리드,2024
2024-08-09,기아 주식회사,카니발,2018
2024-08-09,기아 주식회사,카니발 하이브리드,2025
2024-08-09,현대자동차(주),코나 일렉트릭 (KONA ELECTRIC),2020
2024-08-09,현대자동차(주),그랜저(GRANDEUR),2012
2024-08-09,기아 주식회사,스포티지,2016
2024-08-09,기아 주식회사,카니발,2024
2024-08-09,기아 주식회사,카니발 하이브리드,2025
2024-08-09,기아 주식회사,쏘렌토,2021
2024-08-09,폭스바겐그룹코리아 주식회사,Passat GT 2.0 TDI,2018
2024-08-12,현대자동차(주),아이오닉6 (IONIQ6),2023
2024-08-12,현대자동차(주),아이오닉 일렉트릭(IONIQ ELECTRIC),2018
2024-08-12,현대자동차(주),아이오닉 일렉트릭(IONIQ ELECTRIC),2018
2024-08-12,현대자동차(주),아이오닉 일렉트릭(IONIQ ELECTRIC),2018
2024-08-12,기아 주식회사,카니발,2023
2024-08-12,기아 주식회사,K7,2020
2024-08-12,현대자동차(주),G80,2017
2024-08-12,기아 주식회사,카니발,2025
2024-08-12,현대자동차(주),넥쏘 (NEXO) 수소전기차,2022
2024-08-12,현대자동차(주),투싼(TUCSON),2016
2024-08-12,기아 주식회사,쏘렌토 하이브리드,2024
2024-08-12,기아 주식회사,K7,2020
2024-08-12,기아 주식회사,쏘렌토 하이브리드,2024
2024-08-12,기아 주식회사,카니발 하이브리드,2024
2024-08-12,기아 주식회사,카니발 하이브리드,2024
2024-08-12,현대자동차(주),코나 하이브리드(KONA HYBRID),2025
2024-08-12,기아 주식회사,쏘렌토,2024
2024-08-12,폭스바겐그룹코리아 주식회사,A6 40 TDI,2020
2024-08-12,기아 주식회사,봉고Ⅲ 1톤,2024
2024-08-12,현대자동차(주),팰리세이드(PALISADE),2021
2024-08-12,기아 주식회사,쏘렌토 하이브리드,2024
2024-08-12,한국닛산(주),Altima 2.5,2019
2024-08-12,기아 주식회사,쏘렌토,2024
2024-08-12,한국지엠주식회사,말리부 1.5 TURBO,2018
2024-08-12,한국지엠(주),CHEVROLET TAHOE AWD,2023
2024-08-12,현대자동차(주),그랜저(GRANDEUR),2012
2024-08-12,기아 주식회사,쏘렌토 하이브리드,2024
2024-08-12,기아 주식회사,쏘렌토 하이브리드,2024
2024-08-12,현대자동차(주),넥쏘 (NEXO) 수소전기차,2022
2024-08-12,기아 주식회사,K7,2020
2024-08-12,기아 주식회사,쏘렌토 하이브리드,2024
2024-08-12,현대자동차(주),넥쏘 (NEXO) 수소전기차,2022
2024-08-12,테슬라코리아 유한회사,Model Y RWD,2024
2024-08-12,현대자동차(주),넥쏘 (NEXO) 수소전기차,2022
2024-08-12,기아 주식회사,쏘렌토,2021
2024-08-12,현대자동차(주),넥쏘 (NEXO) 수소전기차,2022
2024-08-12,현대자동차(주),코나 하이브리드(KONA HYBRID),2023
2024-08-12,테슬라코리아 유한회사,Model Y Standard Range,2021
2024-08-12,기아 주식회사,쏘렌토,2024
2024-08-12,현대자동차(주),팰리세이드(PALISADE),2021
2024-08-12,테슬라코리아 유한회사,Model Y Long Range,2021
2024-08-12,기아 주식회사,K5 하이브리드,2022
2024-08-12,현대자동차(주),포터Ⅱ 일렉트릭 (PORTERⅡ ELECTRIC),2021
2024-08-12,폭스바겐그룹코리아 주식회사,Arteon 2.0 TDI 4Motion,2020
2024-08-12,폭스바겐그룹코리아 주식회사,Arteon 2.0 TDI,2019
2024-08-12,현대자동차(주),팰리세이드(PALISADE),2023
2024-08-12,기아 주식회사,니로 EV,2019
2024-08-12,테슬라코리아 유한회사,Model 3 Long Range,2024
2024-08-12,메르세데스벤츠코리아(주),Mercedes-Benz C200 Cabriolet,2021
2024-08-12,현대자동차(주),투싼(TUCSON),2016
2024-08-12,메르세데스벤츠코리아(주),E200 CGI,2013
2024-08-12,기아 주식회사,쏘렌토 하이브리드,2024
2024-08-12,기아 주식회사,카니발 하이브리드,2024
2024-08-12,메르세데스벤츠코리아(주),E220 d,2018
2024-08-12,메르세데스벤츠코리아(주),Mercedes-Benz EQE500 4MATIC SUV,2023
2024-08-12,현대자동차(주),코나 하이브리드(KONA HYBRID),2025
2024-08-12,기아 주식회사,쏘렌토 하이브리드,2022
2024-08-13,(주)재규어랜드로버코리아,레인지로버 5.0SC LWB,2019
2024-08-13,폭스바겐그룹코리아 주식회사,Golf 1.6 TDI Blue Motion,2013
2024-08-13,비엠더블유코리아(주),BMW i4 eDrive40,2024
2024-08-13,현대자동차(주),넥쏘 (NEXO) 수소전기차,2024
2024-08-13,메르세데스벤츠코리아(주),E200 CGI,2013
2024-08-13,테슬라코리아 유한회사,Model Y RWD,2023
2024-08-13,르노코리아(주),QM6,2017
2024-08-13,기아 주식회사,쏘렌토 하이브리드,2024
2024-08-13,현대자동차(주),포터Ⅱ (PORTERⅡ),2024
2024-08-13,케이지모빌리티 주식회사(KG Mobility Corp.),G4 렉스턴,2019
2024-08-13,현대자동차(주),팰리세이드(PALISADE),2021
2024-08-13,현대자동차(주),넥쏘 (NEXO) 수소전기차,2021
2024-08-13,현대자동차(주),투싼 하이브리드(TUCSON HYBRID),2021
2024-08-13,기아 주식회사,K3,2019
2024-08-13,현대자동차(주),그랜저(GRANDEUR),2016
2024-08-13,기아 주식회사,K7,2020
2024-08-13,기아 주식회사,카니발 하이브리드,2025
2024-08-13,현대자동차(주),쏘나타(SONATA),2020
2024-08-13,기아 주식회사,카니발 하이브리드,2024
2024-08-13,한국지엠주식회사,말리부 1.35 TURBO,2020
2024-08-13,메르세데스벤츠코리아(주),Mercedes-Benz GLC300 e 4MATIC Coupe,2020
2024-08-13,현대자동차(주),그랜드 스타렉스(GRAND STAREX),2021
2024-08-13,기아 주식회사,K3,2020
2024-08-13,현대자동차(주),아이오닉 일렉트릭(IONIQ ELECTRIC),2020
2024-08-13,현대자동차(주),그랜저(GRANDEUR),2019
2024-08-13,비엠더블유코리아(주),BMW X5 xDrive40i,2023
2024-08-13,기아 주식회사,카니발 하이브리드,2025
2024-08-13,한국지엠주식회사,트랙스 1.2 터보,2025
2024-08-13,현대자동차(주),쏘나타(SONATA),2024
2024-08-13,기아 주식회사,포르테,2013
2024-08-13,폭스바겐그룹코리아 주식회사,Arteon 2.0 TDI,2019
2024-08-13,한국지엠(주),GMC Sierra,2023
2024-08-13,현대자동차(주),포터Ⅱ 일렉트릭 (PORTERⅡ ELECTRIC),2022
2024-08-13,비엠더블유코리아(주),BMW iX3 M Sport,2023
2024-08-13,폭스바겐그룹코리아 주식회사,A6 40 TDI,2020
2024-08-13,기아 주식회사,쏘렌토,2024
2024-08-13,(주)재규어랜드로버코리아,디스커버리 스포츠 TD4 150PS,2019
2024-08-13,현대자동차(주),코나(KONA),2024
2024-08-13,메르세데스벤츠코리아(주),Mercedes-Benz GLB250 4MATIC,2021
2024-08-13,현대자동차(주),아이오닉5 (IONIQ5),2022
2024-08-13,현대자동차(주),투싼(TUCSON),2014
2024-08-13,폭스바겐그룹코리아 주식회사,Arteon 2.0 TDI,2019
2024-08-14,기아 주식회사,K8,2024
2024-08-14,비엠더블유코리아(주),BMW 530i xDrive,2024
2024-08-14,기아 주식회사,카니발,2019
2024-08-14,비엠더블유코리아(주),BMW 520i,2024
2024-08-14,현대자동차(주),넥쏘 (NEXO) 수소전기차,2024
2024-08-14,비엠더블유코리아(주),BMW 520i,2024
2024-08-14,메르세데스벤츠코리아(주),Mercedes-Benz EQE500 4MATIC SUV,2023
2024-08-14,기아 주식회사,카니발 하이브리드,2025
2024-08-14,현대자동차(주),넥쏘 (NEXO) 수소전기차,2021
2024-08-14,메르세데스벤츠코리아(주),E220 d,2017
2024-08-14,메르세데스벤츠코리아(주),Mercedes-Benz GLC300 4MATIC Coupe,2021
2024-08-14,현대자동차(주),넥쏘 (NEXO) 수소전기차,2022
2024-08-14,한국닛산(주),Altima 2.5,2019
2024-08-14,현대자동차(주),넥쏘 (NEXO) 수소전기차,2022
2024-08-14,기아 주식회사,쏘렌토,2017
2024-08-14,기아 주식회사,쏘렌토 하이브리드,2024
2024-08-14,현대자동차(주),포터Ⅱ (PORTERⅡ),2024
2024-08-14,한국지엠주식회사,올란도 2.0 LPG,2012
2024-08-14,현대자동차(주),넥쏘 (NEXO) 수소전기차,2021
2024-08-14,현대자동차(주),쏘나타 하이브리드(SONATA HYBRID),2017
2024-08-14,기아 주식회사,카니발,2019
2024-08-14,현대자동차(주),포터Ⅱ냉동탑차 (PORTER Ⅱ),2024
2024-08-14,현대자동차(주),넥쏘 (NEXO) 수소전기차,2020
2024-08-14,한국토요타자동차(주),렉서스 RX350h,2024
2024-08-14,기아 주식회사,K3,2019
2024-08-14,현대자동차(주),넥쏘 (NEXO) 수소전기차,2020
2024-08-14,현대자동차(주),넥쏘(NEXO) 수소전기차,2018
2024-08-14,기아 주식회사,카니발 하이리무진,2019
2024-08-14,현대자동차(주),스타리아 (STARIA),2025
2024-08-14,비엠더블유코리아(주),BMW iX xDrive40,2022
2024-08-14,비엠더블유코리아(주),BMW iX xDrive40,2022
2024-08-14,한국닛산(주),INFINITI QX50 2.0 AWD,2019
2024-08-14,폭스바겐그룹코리아 주식회사,Tiguan 2.0 TDI Blue Motion,2014
2024-08-14,기아 주식회사,카니발,2025
2024-08-14,기아 주식회사,K8,2022
2024-08-14,기아 주식회사,쏘렌토 하이브리드,2024
2024-08-14,기아 주식회사,니로 EV,2022
2024-08-14,현대자동차(주),넥쏘 (NEXO) 수소전기차,2022
2024-08-14,기아 주식회사,K7,2020
2024-08-14,기아 주식회사,카니발 하이브리드,2025
2024-08-14,기아 주식회사,쏘렌토 하이브리드,2024
2024-08-14,기아 주식회사,니로 하이브리드,2024
2024-08-14,현대자동차(주),넥쏘 (NEXO) 수소전기차,2022
2024-08-14,현대자동차(주),싼타페 하이브리드(SANTAFE HYBRID),2024
2024-08-14,현대자동차(주),넥쏘 (NEXO) 수소전기차,2022
2024-08-14,기아 주식회사,쏘렌토,2024
2024-08-14,현대자동차(주),그랜저 하이브리드,2019
2024-08-14,현대자동차(주),싼타페 하이브리드(SANTAFE HYBRID),2024
2024-08-14,기아 주식회사,K7,2020
2024-08-14,기아 주식회사,봉고Ⅲ 1톤 EV,2021
2024-08-16,현대자동차(주),포터Ⅱ (PORTERⅡ),2024
2024-08-16,,쏘렌토,2014
2024-08-16,현대자동차(주),포터Ⅱ (PORTERⅡ),2023
2024-08-16,기아 주식회사,쏘렌토 하이브리드,2024
2024-08-16,기아 주식회사,카니발 하이브리드,2024
2024-08-16,현대자동차(주),포터Ⅱ 일렉트릭 (PORTERⅡ ELECTRIC),2021
2024-08-16,기아 주식회사,쏘렌토 하이브리드,2024
2024-08-16,기아 주식회사,쏘렌토 하이브리드,2024
2024-08-16,현대자동차(주),넥쏘 (NEXO) 수소전기차,2022
2024-08-16,메르세데스벤츠코리아(주),E220 d,2017
2024-08-16,나르미모터스(주),나르미1.2톤봉고3카고,2024
2024-08-16,케이지모빌리티 주식회사(KG Mobility Corp.),렉스턴,2021
2024-08-16,현대자동차(주),포터Ⅱ (PORTERⅡ),2024
2024-08-16,현대자동차(주),아이오닉6 (IONIQ6),2023
2024-08-16,현대자동차(주),포터Ⅱ 일렉트릭 (PORTERⅡ ELECTRIC),2020
2024-08-16,현대자동차(주),포터Ⅱ 일렉트릭 파워게이트 (PORTERⅡ ELECTRIC),2021
2024-08-16,기아 주식회사,봉고Ⅲ 1톤 EV,2022
2024-08-16,기아 주식회사,쏘렌토,2024
2024-08-16,기아 주식회사,쏘렌토 하이브리드,2024
2024-08-16,기아 주식회사,쏘렌토 하이브리드,2024
2024-08-16,기아 주식회사,쏘렌토,2024
2024-08-16,기아 주식회사,쏘렌토 하이브리드,2024
2024-08-16,기아 주식회사,봉고Ⅲ 1톤 EV,2021
2024-08-16,비엠더블유코리아(주),BMW iX xDrive50,2023
2024-08-16,비엠더블유코리아(주),BMW iX xDrive50,2023
2024-08-16,기아 주식회사,봉고Ⅲ 1톤 EV,2022
2024-08-16,기아 주식회사,봉고Ⅲ 1톤 EV,2022
2024-08-16,현대자동차(주),GV60,2022
2024-08-16,현대자동차(주),포터Ⅱ (PORTERⅡ),2024
2024-08-16,(주)일진정공,일진무시동전기냉동탑차,2022
2024-08-16,현대자동차(주),포터Ⅱ (PORTERⅡ),2024
2024-08-16,기아 주식회사,봉고Ⅲ 1톤 EV,2020
2024-08-16,기아 주식회사,쏘렌토 하이브리드,2024
2024-08-16,현대자동차(주),포터Ⅱ (PORTERⅡ),2024
2024-08-16,현대자동차(주),엑시언트(XCIENT)트랙터,2022
2024-08-16,한국닛산(주),Altima 2.5,2019
2024-08-16,현대자동차(주),포터Ⅱ (PORTERⅡ),2024
2024-08-16,기아 주식회사,K8,2023
2024-08-16,현대자동차(주),포터Ⅱ (PORTERⅡ),2024
2024-08-16,현대자동차(주),포터Ⅱ (PORTERⅡ),2024
2024-08-16,현대자동차(주),포터Ⅱ (PORTERⅡ),2024
2024-08-16,현대자동차(주),포터Ⅱ (PORTERⅡ),2024
2024-08-16,현대자동차(주),아반떼(AVANTE),2018
2024-08-16,현대자동차(주),포터Ⅱ전동식윙바디 (PORTER Ⅱ),2024
2024-08-16,현대자동차(주),포터Ⅱ (PORTERⅡ),2024
2024-08-16,현대자동차(주),포터Ⅱ (PORTERⅡ),2024
2024-08-16,현대자동차(주),포터Ⅱ 일렉트릭 (PORTERⅡ ELECTRIC),2021
2024-08-16,기아 주식회사,쏘렌토,2024
2024-08-16,기아 주식회사,봉고Ⅲ 1톤,2024
2024-08-16,현대자동차(주),포터Ⅱ (PORTERⅡ),2024
2024-08-16,현대자동차(주),포터Ⅱ (PORTERⅡ),2024
2024-08-16,현대자동차(주),포터Ⅱ (PORTERⅡ),2024
2024-08-16,현대자동차(주),포터Ⅱ하이내장탑차 (PORTER Ⅱ),2024
2024-08-16,현대자동차(주),포터Ⅱ (PORTERⅡ),2024
2024-08-16,기아 주식회사,쏘렌토 하이브리드,2024
2024-08-16,기아 주식회사,쏘렌토 하이브리드,2024
2024-08-16,현대자동차(주),투싼 하이브리드(TUCSON HYBRID),2021
2024-08-16,기아 주식회사,쏘렌토 하이브리드,2024
2024-08-16,한국지엠주식회사,트랙스 1.6 디젤,2016
2024-08-16,현대자동차(주),넥쏘 (NEXO) 수소전기차,2022
2024-08-16,메르세데스벤츠코리아(주),GLC350 e 4Matic,2019
2024-08-16,비엠더블유코리아(주),BMW iX3 M Sport,2022
2024-08-16,기아 주식회사,카니발,2024
2024-08-16,메르세데스벤츠코리아(주),GLC350 e 4Matic,2019
2024-08-16,기아 주식회사,쏘렌토,2024
2024-08-16,기아 주식회사,K7,2020
2024-08-16,현대자동차(주),투싼(TUCSON),2022
2024-08-16,비엠더블유코리아(주),BMW 530i xDrive,2017
2024-08-16,기아 주식회사,카니발 하이브리드,2024
2024-08-16,기아 주식회사,쏘렌토 하이브리드,2024
2024-08-16,기아 주식회사,쏘렌토 하이브리드,2024
2024-08-16,한국지엠주식회사,올란도 2.0 LPG,2012
2024-08-16,(주)볼보자동차코리아,볼보 XC40B4 AWD,2024
2024-08-16,메르세데스벤츠코리아(주),Mercedes-Benz E300 e 4MATIC,2023
2024-08-19,메르세데스벤츠코리아(주),Mercedes-Benz EQE500 4MATIC SUV,2023
2024-08-19,기아 주식회사,쏘렌토 하이브리드,2024
2024-08-19,기아 주식회사,쏘렌토 하이브리드,2024
2024-08-19,현대자동차(주),팰리세이드(PALISADE),2020
2024-08-19,테슬라코리아 유한회사,Model Y Long Range,2021
2024-08-19,기아 주식회사,K7,2020
2024-08-19,기아 주식회사,K7,2020
2024-08-19,기아 주식회사,쏘렌토 하이브리드,2024
2024-08-19,현대자동차(주),포터Ⅱ (PORTERⅡ),2024
2024-08-19,기아 주식회사,봉고Ⅲ 1톤,2024
2024-08-19,기아 주식회사,쏘렌토 하이브리드,2024
2024-08-19,기아 주식회사,쏘렌토 하이브리드,2024
2024-08-19,기아 주식회사,봉고Ⅲ 1톤 EV,2021
2024-08-19,기아 주식회사,쏘렌토 하이브리드,2024
2024-08-19,현대자동차(주),투싼(TUCSON),2016
2024-08-19,기아 주식회사,쏘렌토,2024
2024-08-19,기아 주식회사,봉고Ⅲ 1톤 EV,2020
2024-08-19,기아 주식회사,카니발 하이브리드,2024
2024-08-19,현대자동차(주),포터Ⅱ저상냉동탑차 (PORTER Ⅱ),2024
2024-08-19,비엠더블유코리아(주),BMW i7 xDrive60,2023
2024-08-19,(주)바이크코리아,BONNEVILLE T100,2022
2024-08-19,한국닛산(주),Altima 2.5,2019
2024-08-19,한국닛산(주),Altima 2.5,2019
2024-08-19,주식회사 태영테크,태영25.5톤카고트럭,2024
2024-08-19,기아 주식회사,쏘렌토,2024
2024-08-19,폭스바겐그룹코리아 주식회사,A6 40 TDI,2020
2024-08-19,폭스바겐그룹코리아 주식회사,Tiguan 2.0 TDI,2018
2024-08-19,현대자동차(주),그랜저(GRANDEUR),2019
2024-08-19,현대자동차(주),넥쏘 (NEXO) 수소전기차,2023
2024-08-19,기아 주식회사,카니발,2024
2024-08-19,기아 주식회사,카니발 하이브리드,2024
2024-08-19,한국지엠주식회사,올란도 2.0 LPG,2015
2024-08-19,현대자동차(주),쏘나타 하이브리드 (SONATA HYBRID),2021
2024-08-19,한국지엠주식회사,스파크 1.0,2021
2024-08-19,메르세데스벤츠코리아(주),C200K,2010
2024-08-19,포드세일즈서비스코리아(유),Ranger Wildtrak,2021
2024-08-19,현대자동차(주),팰리세이드(PALISADE),2020
2024-08-19,기아 주식회사,스포티지,2016
2024-08-19,비엠더블유코리아(주),BMW i4 eDrive40,2022
2024-08-19,기아 주식회사,K3,2019
2024-08-19,기아 주식회사,쏘렌토 하이브리드,2022
2024-08-19,한국상용트럭(주),한국상용20.9톤암롤트럭,2018
2024-08-19,한국지엠주식회사,올란도 2.0 LPG,2012
2024-08-19,테슬라코리아 유한회사,Model Y Long Range,2021
2024-08-19,(주)재규어랜드로버코리아,디스커버리 TD6,2018
2024-08-19,현대자동차(주),포터Ⅱ냉동탑차 (PORTER Ⅱ),2024
2024-08-19,메르세데스벤츠코리아(주),Mercedes-Benz S580 4MATIC,2021
2024-08-19,기아 주식회사,쏘렌토 하이브리드,2024
2024-08-19,(주)재규어랜드로버코리아,디스커버리 TD6,2017
2024-08-19,한국닛산(주),Altima 2.5,2019
2024-08-19,기아 주식회사,봉고Ⅲ 1톤 EV,2021
2024-08-19,한국닛산(주),Altima 2.5,2019
2024-08-19,메르세데스벤츠코리아(주),Mercedes-Benz EQB300 4MATIC,2023
2024-08-19,한국닛산(주),Altima 2.5,2019
2024-08-19,현대자동차(주),코나 하이브리드(KONA HYBRID),2025
2024-08-19,기아 주식회사,봉고Ⅲ 하이내장차,2024
2024-08-19,현대자동차(주),코나 일렉트릭 (KONA ELECTRIC),2019
2024-08-19,현대자동차(주),넥쏘 (NEXO) 수소전기차,2019
2024-08-20,(주)재규어랜드로버코리아,재규어 XE 20t,2019
2024-08-20,메르세데스벤츠코리아(주),Mercedes-Benz CLS450 4MATIC,2021
2024-08-20,르노코리아(주),MASTER,2024
2024-08-20,기아 주식회사,카니발,2024
2024-08-20,기아 주식회사,봉고Ⅲ 4륜구동,2018
2024-08-20,현대자동차(주),싼타페 하이브리드(SANTAFE HYBRID),2024
2024-08-20,현대자동차(주),팰리세이드(PALISADE),2021
2024-08-20,기아 주식회사,봉고Ⅲ 1톤,2024
2024-08-20,현대자동차(주),팰리세이드(PALISADE),2021
2024-08-20,혼다코리아(주),ODYSSEY,2019
2024-08-20,현대자동차(주),코나 일렉트릭 (KONA ELECTRIC),2019
2024-08-20,현대자동차(주),싼타페 하이브리드(SANTAFE HYBRID),2024
2024-08-20,메르세데스벤츠코리아(주),C250 BlueTEC 4Matic,2015
2024-08-20,비엠더블유코리아(주),BMW i4 M50,2023
2024-08-20,비엠더블유코리아(주),BMW X3 xDrive20d,2018
2024-08-20,기아 주식회사,쏘렌토 하이브리드,2024
2024-08-20,테슬라코리아 유한회사,Model 3 Long Range,2020
2024-08-20,기아 주식회사,스포티지,2023
2024-08-20,기아 주식회사,스포티지,2023
2024-08-20,기아 주식회사,쏘렌토 하이브리드,2021
2024-08-20,기아 주식회사,쏘렌토 하이브리드,2024
2024-08-20,비엠더블유코리아(주),BMW 520i,2024
2024-08-20,현대자동차(주),넥쏘 (NEXO) 수소전기차,2021
2024-08-20,기아 주식회사,쏘렌토 하이브리드,2024
2024-08-20,현대자동차(주),넥쏘 (NEXO) 수소전기차,2021
2024-08-20,르노코리아(주),SM6,2016
2024-08-20,메르세데스벤츠코리아(주),Mercedes-Benz S580 e 4MATIC,2023
2024-08-20,한국지엠주식회사,올란도 2.0 LPG,2012
2024-08-20,케이지모빌리티 주식회사(KG Mobility Corp.),티볼리,2024
2024-08-20,테슬라코리아 유한회사,Model 3 Long Range,2024
2024-08-20,현대자동차(주),팰리세이드(PALISADE),2021
2024-08-20,기아 주식회사,쏘렌토 하이브리드,2024
2024-08-20,기아 주식회사,쏘렌토 하이브리드,2024
2024-08-20,폭스바겐그룹코리아 주식회사,Arteon 2.0 TDI,2019
2024-08-20,DUJ,그린1톤내장탑차,2024
2024-08-20,현대자동차(주),그랜저(GRANDEUR),2021
2024-08-20,기아 주식회사,K8,2023
2024-08-20,현대자동차(주),EQ900,2017
2024-08-20,기아 주식회사,EV6,2022
2024-08-20,현대자동차(주),아이오닉5(IONIQ5),2024
2024-08-20,현대자동차(주),포터Ⅱ (PORTERⅡ),2024
2024-08-20,메르세데스벤츠코리아(주),Mercedes-Benz GLE 300 d 4MATIC,2024
2024-08-20,테슬라코리아 유한회사,Model Y Standard Range,2021
2024-08-20,기아 주식회사,쏘렌토 하이브리드,2024
2024-08-20,현대자동차(주),포터Ⅱ (PORTERⅡ),2024
2024-08-20,기아 주식회사,K8,2022
2024-08-20,현대자동차(주),싼타페 하이브리드(SANTAFE HYBRID),2024
2024-08-20,현대자동차(주),포터Ⅱ (PORTERⅡ),2024
2024-08-20,현대자동차(주),팰리세이드(PALISADE),2022
2024-08-21,현대자동차(주),포터Ⅱ하이냉동탑차 (PORTER Ⅱ),2024
2024-08-21,현대자동차(주),포터Ⅱ (PORTERⅡ),2024
2024-08-21,현대자동차(주),포터Ⅱ (PORTERⅡ),2024
2024-08-21,현대자동차(주),포터Ⅱ (PORTERⅡ),2024
2024-08-21,현대자동차(주),맥스크루즈 (MAXCRUZ),2016
2024-08-21,메르세데스벤츠코리아(주),Mercedes-Benz GLB220,2021
2024-08-21,포르쉐코리아 주식회사,911 카레라 S 카브리올레,2021
2024-08-21,현대자동차(주),포터Ⅱ (PORTERⅡ),2024
2024-08-21,현대자동차(주),포터Ⅱ하이내장탑차 (PORTER Ⅱ),2025
2024-08-21,현대자동차(주),포터Ⅱ하이내장탑차 (PORTER Ⅱ),2024
2024-08-21,현대자동차(주),포터Ⅱ (PORTERⅡ),2024
2024-08-21,(주)한국쓰리축,한국쓰리축1톤롱바디트럭,2024
2024-08-21,현대자동차(주),아이오닉5(IONIQ5),2022
2024-08-21,현대자동차(주),포터Ⅱ (PORTERⅡ),2024
2024-08-21,테슬라코리아 유한회사,Model 3 RWD,2024
2024-08-21,현대자동차(주),포터Ⅱ (PORTERⅡ),2024
2024-08-21,기아 주식회사,K8,2023
2024-08-21,기아 주식회사,쏘렌토 하이브리드,2022
2024-08-21,혼다코리아(주),ODYSSEY,2018
2024-08-21,현대자동차(주),팰리세이드(PALISADE),2024
2024-08-21,한국지엠주식회사,트랙스 1.2 터보,2025
2024-08-21,한국토요타자동차(주),토요타 Camry,2018
2024-08-21,혼다코리아(주),NSS350A,2022
2024-08-21,폭스바겐그룹코리아 주식회사,Tiguan 2.0 TDI BMT,2016
2024-08-21,한국토요타자동차(주),토요타 Camry,2018
2024-08-21,현대자동차(주),그랜저 하이브리드,2019
2024-08-21,르노코리아(주),SM6,2016
2024-08-21,현대자동차(주),싼타페(SANTAFE),2024
2024-08-21,현대자동차(주),투싼 하이브리드(TUCSON HYBRID),2021
2024-08-21,기아 주식회사,니로 하이브리드,2024
2024-08-21,현대자동차(주),포터Ⅱ (PORTERⅡ),2024
2024-08-21,현대자동차(주),넥쏘 (NEXO) 수소전기차,2021
2024-08-21,기아 주식회사,K7 하이브리드,2016
2024-08-21,기아 주식회사,쏘렌토,2024
2024-08-21,기아 주식회사,쏘렌토 하이브리드,2024
2024-08-21,현대자동차(주),넥쏘 (NEXO) 수소전기차,2022
2024-08-21,현대자동차(주),싼타페 하이브리드(SANTAFE HYBRID),2024
2024-08-21,테슬라코리아 유한회사,Model S Long Range,2019
2024-08-21,기아 주식회사,K3,2020
2024-08-21,기아 주식회사,EV9,2024
2024-08-21,케이지모빌리티 주식회사(KG Mobility Corp.),코란도,2021
2024-08-22,현대자동차(주),G80,2025
2024-08-22,기아 주식회사,스포티지,2011
2024-08-22,기아 주식회사,스포티지,2016
2024-08-22,비엠더블유코리아(주),BMW M240i xDrive Coupe,2022
2024-08-22,현대자동차(주),넥쏘 (NEXO) 수소전기차,2022
2024-08-22,포르쉐코리아 주식회사,718 박스터 GTS 4.0,2021
2024-08-22,르노코리아(주),SM6,2017
2024-08-22,메르세데스벤츠코리아(주),GLC350 e 4Matic,2019
2024-08-22,포드세일즈서비스코리아(유),Lincoln Nautilus 2.0L,2024
2024-08-22,현대자동차(주),스타리아 라운지 (STARIA LOUNGE),2022
2024-08-22,현대자동차(주),싼타페 하이브리드(SANTAFE HYBRID),2024
2024-08-22,현대자동차(주),포터Ⅱ (PORTERⅡ),2024
2024-08-22,메르세데스벤츠코리아(주),ML350 BlueTEC 4Matic,2015
2024-08-22,한국닛산(주),Altima 2.5,2019
2024-08-22,현대자동차(주),넥쏘 (NEXO) 수소전기차,2022
2024-08-22,테슬라코리아 유한회사,Model Y Long Range,2022
2024-08-22,테슬라코리아 유한회사,Model Y RWD,2024
2024-08-22,기아 주식회사,K5 하이브리드,2020
2024-08-22,테슬라코리아 유한회사,Model Y RWD,2024
2024-08-22,테슬라코리아 유한회사,Model 3 RWD,2024
2024-08-22,테슬라코리아 유한회사,Model Y RWD,2024
2024-08-22,비엠더블유코리아(주),BMW iX3 M Sport,2023
2024-08-22,테슬라코리아 유한회사,Model 3 Performance,2024
2024-08-22,비엠더블유코리아(주),BMW i4 eDrive40,2024
2024-08-22,기아 주식회사,K5 하이브리드,2020
2024-08-22,기아 주식회사,K8,2022
2024-08-22,기아 주식회사,K5,2016
2024-08-22,한국토요타자동차(주),토요타 Camry,2018
2024-08-22,케이지모빌리티 주식회사(KG Mobility Corp.),G4 렉스턴,2018
2024-08-22,르노코리아(주),XM3,2020
2024-08-22,기아 주식회사,봉고Ⅲ 1톤,2024
2024-08-22,기아 주식회사,봉고Ⅲ 1.2톤,2024
2024-08-22,기아 주식회사,K8,2024
2024-08-22,현대자동차(주),포터Ⅱ (PORTERⅡ),2025
2024-08-22,기아 주식회사,봉고Ⅲ 1.2톤,2024
2024-08-22,기아 주식회사,쏘렌토 하이브리드,2024
2024-08-22,비엠더블유코리아(주),BMW 530i,2017
2024-08-22,메르세데스벤츠코리아(주),C350 e,2018
2024-08-22,(주)재규어랜드로버코리아,디스커버리 TD6,2018
2024-08-22,기아 주식회사,쏘렌토 하이브리드,2021
2024-08-22,비엠더블유코리아(주),BMW X6 xDrive40i,2022
2024-08-22,기아 주식회사,EV9,2024
2024-08-22,한국지엠주식회사,올란도 2.0 LPG,2013
2024-08-22,현대자동차(주),투싼(TUCSON),2016
2024-08-22,폭스바겐그룹코리아 주식회사,A6 45 TDI quattro,2023
2024-08-23,현대자동차(주),G80,2023
2024-08-23,테슬라코리아 유한회사,Model 3 RWD,2024
2024-08-23,기아 주식회사,카니발 하이브리드,2024
2024-08-23,르노코리아(주),MASTER,2020
2024-08-23,혼다코리아(주),ACCORD 2.0T,2018
2024-08-23,기아 주식회사,쏘렌토 하이브리드,2021
2024-08-23,한국지엠(주),CHEVROLET EQUINOX AWD,2022
2024-08-23,기아 주식회사,K3,2019
2024-08-23,폭스바겐그룹코리아 주식회사,Q5 Sportback 40 TDI quattro,2023
2024-08-23,한국지엠(주),CHEVROLET TRAVERSE AWD,2020
2024-08-23,기아 주식회사,봉고Ⅲ EV 플러스내장차,2021
2024-08-23,현대자동차(주),포터Ⅱ하이내장탑차 (PORTER Ⅱ),2025
2024-08-23,기아 주식회사,카니발,2025
2024-08-23,르노코리아(주),SM5,2014
2024-08-23,현대자동차(주),투싼 하이브리드(TUCSON HYBRID),2021
2024-08-23,한국닛산(주),INFINITI Q50S Hybrid,2018
2024-08-23,현대자동차(주),포터Ⅱ (PORTERⅡ),2024
2024-08-23,기아 주식회사,니로 하이브리드,2020
2024-08-23,기아 주식회사,K5 하이브리드,2024
2024-08-23,기아 주식회사,K7,2013
2024-08-23,기아 주식회사,카니발 하이브리드,2025
2024-08-23,기아 주식회사,K5 하이브리드,2020
2024-08-23,기아 주식회사,카니발,2018
2024-08-23,비엠더블유코리아(주),BMW i4 eDrive40,2022
2024-08-23,케이지모빌리티 주식회사(KG Mobility Corp.),토레스 EVX,2024
2024-08-23,현대자동차(주),그랜저(GRANDEUR),2020
2024-08-23,한국지엠(주),CHEVROLET EQUINOX FWD,2022
2024-08-23,기아 주식회사,카니발 아웃도어,2019
2024-08-23,기아 주식회사,K8,2023
2024-08-23,기아 주식회사,쏘울 전기차,2019
2024-08-23,현대자동차(주),아반떼(AVANTE),2020
2024-08-26,메르세데스벤츠코리아(주),Mercedes-AMG GLB35 4MATIC,2022
2024-08-26,현대자동차(주),엑시언트(XCIENT)트랙터,2023
2024-08-26,현대자동차(주),그랜저(GRANDEUR),2016
2024-08-26,르노코리아(주),SM6,2016
2024-08-26,폭스바겐그룹코리아 주식회사,Touareg 3.0TDI,2023
2024-08-26,현대자동차(주),팰리세이드(PALISADE),2021
2024-08-26,현대자동차(주),팰리세이드(PALISADE),2021
2024-08-26,현대자동차(주),넥쏘 (NEXO) 수소전기차,2022
2024-08-26,현대자동차(주),넥쏘 (NEXO) 수소전기차,2022
2024-08-26,현대자동차(주),넥쏘 (NEXO) 수소전기차,2020
2024-08-26,현대자동차(주),넥쏘 (NEXO) 수소전기차,2022
2024-08-26,테슬라코리아 유한회사,Model Y Long Range,2021
2024-08-26,현대자동차(주),투싼(TUCSON),2016
2024-08-26,메르세데스벤츠코리아(주),E200,2018
2024-08-26,현대자동차(주),넥쏘 (NEXO) 수소전기차,2022
2024-08-26,현대자동차(주),넥쏘 (NEXO) 수소전기차,2023
2024-08-26,(주)볼보자동차코리아,볼보 S90B6 AWD,2023
2024-08-26,현대자동차(주),넥쏘 (NEXO) 수소전기차,2020
2024-08-26,현대자동차(주),넥쏘 (NEXO) 수소전기차,2019
2024-08-26,르노코리아(주),SM6,2016
2024-08-26,현대자동차(주),넥쏘 (NEXO) 수소전기차,2024
2024-08-26,기아 주식회사,쏘렌토 하이브리드,2024
2024-08-26,현대자동차(주),넥쏘 (NEXO) 수소전기차,2019
2024-08-26,현대자동차(주),넥쏘 (NEXO) 수소전기차,2022
2024-08-26,현대자동차(주),넥쏘 (NEXO) 수소전기차,2022
2024-08-26,현대자동차(주),넥쏘 (NEXO) 수소전기차,2023
2024-08-26,현대자동차(주),넥쏘 (NEXO) 수소전기차,2021
2024-08-26,현대자동차(주),포터Ⅱ하이내장탑차 (PORTER Ⅱ),2024
2024-08-26,기아 주식회사,K5 하이브리드,2020
2024-08-26,현대자동차(주),넥쏘 (NEXO) 수소전기차,2022
2024-08-26,현대자동차(주),넥쏘 (NEXO) 수소전기차,2021
2024-08-26,현대자동차(주),포터Ⅱ하이냉동탑차 (PORTER Ⅱ),2024
2024-08-26,기아 주식회사,K5 하이브리드,2020
2024-08-26,기아 주식회사,K7,2020
2024-08-26,비엠더블유코리아(주),BMW i4 eDrive40,2023
2024-08-26,케이지모빌리티 주식회사(KG Mobility Corp.),티볼리,2017
2024-08-26,한국지엠(주),CHEVROLET TRAVERSE AWD,2022
2024-08-26,테슬라코리아 유한회사,Model 3 Long Range,2024
2024-08-26,테슬라코리아 유한회사,Model 3 Long Range,2024
2024-08-26,현대자동차(주),아반떼(AVANTE),2017
2024-08-26,테슬라코리아 유한회사,Model 3 Long Range,2021
2024-08-26,(주) 골드밴,골드밴1.1톤냉동탑차,2023
2024-08-26,기아 주식회사,쏘렌토 하이브리드,2021
2024-08-26,기아 주식회사,스포티지,2024
2024-08-26,현대자동차(주),제네시스(GENESIS),2016
2024-08-26,한불모터스(주),DS7 Crossback 2.0 BlueHDi,2019
2024-08-26,기아 주식회사,쏘렌토 하이브리드,2021
2024-08-26,기아 주식회사,스포티지,2022
2024-08-27,한국지엠(주),CHEVROLET TAHOE AWD,2022
2024-08-27,기아 주식회사,쏘렌토 하이브리드,2021
2024-08-27,현대자동차(주),포터Ⅱ (PORTERⅡ),2024
2024-08-27,현대자동차(주),팰리세이드(PALISADE),2022
2024-08-27,현대자동차(주),포터Ⅱ (PORTERⅡ),2024
2024-08-27,기아 주식회사,봉고Ⅲ EV 내장차,2023
2024-08-27,현대자동차(주),쏘나타(SONATA),2024
2024-08-27,기아 주식회사,쏘렌토 하이브리드,2024
2024-08-27,현대자동차(주),팰리세이드(PALISADE),2022
2024-08-27,현대자동차(주),GV60,2023
2024-08-27,비엠더블유코리아(주),BMW 520d,2017
2024-08-27,비엠더블유코리아(주),BMW i5 eDrive40,2024
2024-08-27,현대자동차(주),팰리세이드(PALISADE),2022
2024-08-27,현대자동차(주),아이오닉5(IONIQ5),2022
2024-08-27,포르쉐코리아 주식회사,911 카레라,2022
2024-08-27,르노코리아(주),QM6,2017
2024-08-27,현대자동차(주),EQ900,2018
2024-08-27,메르세데스벤츠코리아(주),Mercedes-Benz GLB250 4MATIC,2021
2024-08-27,현대자동차(주),넥쏘 (NEXO) 수소전기차,2021
2024-08-27,폭스바겐그룹코리아 주식회사,Tiguan Allspace 2.0 TDI,2020
2024-08-27,기아 주식회사,K5 하이브리드,2020
2024-08-27,현대자동차(주),그랜저 하이브리드(GRANDEUR HYBRID),2020
2024-08-27,현대자동차(주),그랜저 하이브리드(GRANDEUR HYBRID),2020
2024-08-27,비엠더블유코리아(주),BMW M340i,2021
2024-08-27,기아 주식회사,K5 하이브리드,2020
2024-08-27,기아 주식회사,K5 하이브리드,2020
2024-08-27,비엠더블유코리아(주),BMW 520i,2024
2024-08-27,현대자동차(주),투싼 하이브리드(TUCSON HYBRID),2021
2024-08-27,비엠더블유코리아(주),BMW iX xDrive50,2022
2024-08-27,기아 주식회사,카니발 하이브리드,2025
2024-08-27,기아 주식회사,봉고Ⅲ 1톤 EV,2022
2024-08-27,테슬라코리아 유한회사,Model Y RWD,2024
2024-08-27,기아 주식회사,K3,2019
2024-08-27,기아 주식회사,쏘렌토 하이브리드,2024
2024-08-27,폭스바겐그룹코리아 주식회사,Q7 45 TDI quattro,2021
2024-08-27,비엠더블유코리아(주),BMW M340i,2024
2024-08-27,르노코리아(주),SM6,2016
2024-08-27,한불모터스(주),Peugeot 508 1.6 BlueHDi,2017
2024-08-27,비엠더블유코리아(주),BMW 530i xDrive,2024
2024-08-27,기아 주식회사,카니발 하이브리드,2024
2024-08-27,현대자동차(주),싼타페(SANTAFE),2024
2024-08-27,비엠더블유코리아(주),BMW iX3 M Sport,2022
2024-08-27,비엠더블유코리아(주),BMW i4 eDrive40,2022
2024-08-27,기아 주식회사,봉고Ⅲ 1톤 EV,2022
2024-08-27,현대자동차(주),싼타페(SANTAFE),2024
2024-08-27,테슬라코리아 유한회사,Model 3 Long Range,2024
2024-08-27,현대자동차(주),그랜저(GRANDEUR),2020
2024-08-27,비엠더블유코리아(주),BMW 530i xDrive,2024
2024-08-27,현대자동차(주),넥쏘 (NEXO) 수소전기차,2021
2024-08-27,메르세데스벤츠코리아(주),E220 d 4Matic,2017
2024-08-27,폭스바겐그룹코리아 주식회사,A3 40 TFSI,2018
2024-08-27,현대자동차(주),싼타페 하이브리드(SANTAFE HYBRID),2024
2024-08-28,비엠더블유코리아(주),BMW iX3 M Sport,2023
2024-08-28,기아 주식회사,봉고Ⅲ 1톤 EV,2021
2024-08-28,현대자동차(주),아반떼(AVANTE),2021
2024-08-28,폭스바겐그룹코리아 주식회사,Passat 2.5,2013
2024-08-28,기아 주식회사,카니발,2019
2024-08-28,기아 주식회사,K7,2020
2024-08-28,한국토요타자동차(주),토요타 Camry,2018
2024-08-28,기아 주식회사,K5 하이브리드,2020
2024-08-28,기아 주식회사,쏘렌토,2019
2024-08-28,기아 주식회사,쏘울 전기차,2020
2024-08-28,기아 주식회사,K7,2020
2024-08-28,혼다코리아(주),ACCORD HYBRID,2019
2024-08-28,현대자동차(주),싼타페 하이브리드(SANTAFE HYBRID),2024
2024-08-28,현대자동차(주),그랜저(GRANDEUR),2020
2024-08-28,기아 주식회사,레이,2024
2024-08-28,주식회사 마이브,마이브 M1,2021
2024-08-28,기아 주식회사,K8,2024
2024-08-28,현대자동차(주),투싼(TUCSON),2016
2024-08-28,기아 주식회사,쏘렌토,2018
2024-08-28,현대자동차(주),아반떼(AVANTE),2017
2024-08-28,(주)재규어랜드로버코리아,디스커버리 TD6,2019
2024-08-28,한국토요타자동차(주),토요타 Camry,2018
2024-08-28,기아 주식회사,EV6,2022
2024-08-28,현대자동차(주),넥쏘 (NEXO) 수소전기차,2022
2024-08-28,폭스바겐그룹코리아 주식회사,Tiguan Allspace 2.0 TDI,2020
2024-08-28,주식회사 마이브,마이브 M1,2022
2024-08-28,한국지엠주식회사,크루즈 1.6 디젤,2016
2024-08-28,주식회사 마이브,마이브 M1,2022
2024-08-28,현대자동차(주),투싼 하이브리드(TUCSON HYBRID),2021
2024-08-28,한국토요타자동차(주),토요타 Camry,2018
2024-08-28,기아 주식회사,니로 하이브리드,2018
2024-08-28,폭스바겐그룹코리아 주식회사,ID.4 Pro,2023
2024-08-28,현대자동차(주),아이오닉5(IONIQ5),2023
2024-08-28,기아 주식회사,K5 하이브리드,2020
2024-08-28,현대자동차(주),투싼 하이브리드(TUCSON HYBRID),2021
2024-08-28,르노코리아(주),SM6,2016
2024-08-29,현대자동차(주),그랜저 하이브리드(GRANDEUR HYBRID),2023
2024-08-29,기아 주식회사,EV6,2022
2024-08-29,기아 주식회사,셀토스,2023
2024-08-29,기아 주식회사,K5,2016
2024-08-29,기아 주식회사,K5 하이브리드,2020
2024-08-29,기아 주식회사,K8,2023
2024-08-29,현대자동차(주),아반떼 (AVANTE),2014
2024-08-29,현대자동차(주),아이오닉5 (IONIQ5),2022
2024-08-29,한국지엠주식회사,올란도 2.0 LPG,2014
2024-08-29,현대자동차(주),싼타페(SANTAFE),2021
2024-08-29,현대자동차(주),넥쏘 (NEXO) 수소전기차,2022
2024-08-29,기아 주식회사,카니발,2021
2024-08-29,기아 주식회사,포르테,2013
2024-08-29,기아 주식회사,K5 하이브리드,2020
2024-08-29,기아 주식회사,쏘렌토,2024
2024-08-29,한국지엠주식회사,크루즈 1.4 터보,2017
2024-08-29,한국토요타자동차(주),토요타 Camry,2019
2024-08-29,기아 주식회사,니로 하이브리드,2017
2024-08-29,기아 주식회사,카니발,2025
2024-08-29,현대자동차(주),캐스퍼(CASPER),2022
2024-08-29,현대자동차(주),팰리세이드(PALISADE),2021
2024-08-29,비엠더블유코리아(주),BMW M340i,2024
2024-08-29,르노코리아(주),SM6,2024
2024-08-29,현대자동차(주),아반떼 (AVANTE),2012
2024-08-29,주식회사 마이브,마이브 M1,2022
2024-08-30,현대자동차(주),포터Ⅱ 일렉트릭 (PORTERⅡ ELECTRIC),2022
2024-08-30,기아 주식회사,쏘렌토 하이브리드,2022
2024-08-30,비엠더블유코리아(주),BMW iX3 M Sport,2023
2024-08-30,한국지엠주식회사,트랙스 1.2 터보,2025
2024-08-30,나르미모터스(주),나르미1.6톤포터2롱바디카고,2024
2024-08-30,기아 주식회사,K3,2019
2024-08-30,기아 주식회사,K3,2019
2024-08-30,기아 주식회사,K5 하이브리드,2020
2024-08-30,기아 주식회사,K5 하이브리드,2020
2024-08-30,현대자동차(주),투싼 하이브리드(TUCSON HYBRID),2022
2024-08-30,포르쉐코리아 주식회사,파나메라 4,2023
2024-08-30,기아 주식회사,K9,2016
2024-08-30,폭스바겐그룹코리아 주식회사,Jetta 1.4 TSI,2021
2024-08-30,현대자동차(주),투싼(TUCSON),2016
2024-08-30,폭스바겐그룹코리아 주식회사,A6 40 TDI,2020
2024-08-30,기아 주식회사,카니발 하이브리드,2025
2024-08-30,현대자동차(주),팰리세이드(PALISADE),2019
2024-08-30,현대자동차(주),넥쏘 (NEXO) 수소전기차,2020
2024-08-30,현대자동차(주),투싼(TUCSON),2016
2024-08-30,현대자동차(주),넥쏘 (NEXO) 수소전기차,2019
2024-08-30,기아 주식회사,K7,2020
2024-08-30,기아 주식회사,K8,2022
2024-08-30,기아 주식회사,스포티지,2022
2024-09-02,현대자동차(주),포터Ⅱ (PORTERⅡ),2024
2024-09-02,현대자동차(주),i40 Saloon,2012
2024-09-02,기아 주식회사,쏘렌토 하이브리드,2021
2024-09-02,기아 주식회사,쏘렌토,2021
2024-09-02,비엠더블유코리아(주),BMW X4 xDrive20i M Sport X,2020
2024-09-02,현대자동차(주),팰리세이드(PALISADE),2021
2024-09-02,현대자동차(주),포터Ⅱ (PORTERⅡ),2024
2024-09-02,기아 주식회사,쏘렌토 하이브리드,2021
2024-09-02,현대자동차(주),싼타페 하이브리드(SANTAFE HYBRID),2024
2024-09-02,비엠더블유코리아(주),BMW iX3 M Sport,2023
2024-09-02,기아 주식회사,K8,2024
2024-09-02,기아 주식회사,카니발,2018
2024-09-02,현대자동차(주),투싼 하이브리드(TUCSON HYBRID),2022
2024-09-02,기아 주식회사,K5,2015
2024-09-02,현대자동차(주),아이오닉5 (IONIQ5),2023
2024-09-02,주식회사 카셈(KASEM Co.，Ltd),카셈1.2톤포터롱바디카고,2024
2024-09-02,기아 주식회사,쏘렌토 하이브리드,2021
2024-09-02,현대자동차(주),포터Ⅱ (PORTERⅡ),2024
2024-09-02,현대자동차(주),넥쏘 (NEXO) 수소전기차,2021
2024-09-02,르노코리아(주),SM6,2019
2024-09-02,기아 주식회사,카니발 하이브리드,2024
2024-09-02,현대자동차(주),넥쏘 (NEXO) 수소전기차,2021
2024-09-02,현대자동차(주),EQ900,2018
2024-09-02,한국토요타자동차(주),토요타 Camry,2018
2024-09-02,비엠더블유코리아(주),BMW X3 xDrive20i,2021
2024-09-02,현대자동차(주),싼타페 하이브리드(SANTAFE HYBRID),2024
2024-09-02,포드세일즈서비스코리아(유),Lincoln Nautilus 2.0L,2024
2024-09-02,르노코리아(주),SM6,2019
2024-09-02,아트원 주식회사,아트원글로밴하이브리드하이리무진,2025
2024-09-02,비엠더블유코리아(주),BMW 525d xDrive,2013
2024-09-02,기아 주식회사,쏘렌토 하이브리드,2024
2024-09-02,메르세데스벤츠코리아(주),Mercedes-Benz GLC300 4MATIC,2020
2024-09-02,혼다코리아(주),ACCORD HYBRID,2018
2024-09-02,현대자동차(주),팰리세이드(PALISADE),2020
2024-09-02,기아 주식회사,니로 EV,2019
2024-09-02,(주)재규어랜드로버코리아,디스커버리 SD4,2019
2024-09-02,기아 주식회사,스포티지,2024
2024-09-02,비엠더블유코리아(주),BMW X3 xDrive20d,2021
2024-09-02,기아 주식회사,레이 EV,2024
2024-09-02,(주)재규어랜드로버코리아,디스커버리 스포츠 2.0D,2017
2024-09-02,기아 주식회사,쏘렌토 하이브리드,2022
2024-09-02,현대자동차(주),싼타페(SANTAFE),2015
2024-09-02,현대자동차(주),넥쏘 (NEXO) 수소전기차,2022
2024-09-02,현대자동차(주),넥쏘 (NEXO) 수소전기차,2019
2024-09-02,현대자동차(주),투싼 하이브리드(TUCSON HYBRID),2021
2024-09-02,현대자동차(주),팰리세이드(PALISADE),2021
2024-09-02,현대자동차(주),싼타페 하이브리드(SANTAFE HYBRID),2024
2024-09-02,기아 주식회사,쏘렌토 하이브리드,2021
2024-09-03,한국지엠(주),CHEVROLET IMPALA 3.6,2016
2024-09-03,현대자동차(주),쏘나타(SONATA),2025
2024-09-03,기아 주식회사,쏘렌토 하이브리드,2021
2024-09-03,기아 주식회사,쏘렌토 하이브리드,2021
2024-09-03,기아 주식회사,쏘렌토 하이브리드,2021
2024-09-03,기아 주식회사,카니발 하이브리드,2024
2024-09-03,주식회사 카셈(KASEM Co.，Ltd),카셈0.8톤롱바디윙바디,2024
2024-09-03,기아 주식회사,쏘렌토,2020
2024-09-03,기아 주식회사,셀토스,2020
2024-09-03,현대자동차(주),투싼(TUCSON),2016
2024-09-03,현대자동차(주),아반떼(AVANTE),2016
2024-09-03,한국지엠주식회사,트랙스 1.2 터보,2024
2024-09-03,기아 주식회사,카니발,2019
2024-09-03,폭스바겐그룹코리아 주식회사,A6 45 TFSI,2020
2024-09-03,현대자동차(주),싼타페(SANTAFE),2024
2024-09-03,기아 주식회사,쏘렌토 하이브리드,2021
2024-09-03,기아 주식회사,K7 하이브리드,2015
2024-09-03,현대자동차(주),넥쏘 (NEXO) 수소전기차,2023
2024-09-03,기아 주식회사,쏘렌토 하이브리드,2021
2024-09-03,기아 주식회사,K7,2020
2024-09-03,현대자동차(주),아반떼(AVANTE),2017
2024-09-03,메르세데스벤츠코리아(주),Mercedes-Benz E 200,2024
2024-09-03,기아 주식회사,K3,2020
2024-09-03,메르세데스벤츠코리아(주),GLC300 4Matic,2019
2024-09-03,현대자동차(주),캐스퍼(CASPER),2023
2024-09-03,현대자동차(주),넥쏘 (NEXO) 수소전기차,2021
2024-09-03,비엠더블유코리아(주),BMW i4 eDrive40,2022
2024-09-03,(주)재규어랜드로버코리아,디스커버리 스포츠 2.0D,2018
2024-09-03,기아 주식회사,니로 하이브리드,2018
2024-09-03,기아 주식회사,카니발 하이브리드,2025
2024-09-03,현대자동차(주),G80,2021
2024-09-03,한국지엠주식회사,트랙스 1.2 터보,2024
2024-09-03,기아 주식회사,K5 하이브리드,2020
2024-09-03,현대자동차(주),넥쏘 (NEXO) 수소전기차,2022
2024-09-03,기아 주식회사,K3,2015
2024-09-04,(주)재규어랜드로버코리아,재규어 E-PACE P250,2019
2024-09-04,기아 주식회사,쏘렌토 하이브리드,2024
2024-09-04,현대자동차(주),스타리아 라운지 (STARIA LOUNGE),2025
2024-09-04,기아 주식회사,니로 EV,2022
2024-09-04,기아 주식회사,니로 EV,2022
2024-09-04,비엠더블유코리아(주),BMW X4 xDrive20d,2022
2024-09-04,비엠더블유코리아(주),BMW X4 xDrive20d,2022
2024-09-04,기아 주식회사,쏘렌토 하이브리드,2021
2024-09-04,기아 주식회사,쏘렌토 하이브리드,2022
2024-09-04,기아 주식회사,쏘렌토 하이브리드,2021
2024-09-04,폭스바겐그룹코리아 주식회사,Arteon 2.0TDI 4Motion,2022
2024-09-04,기아 주식회사,쏘렌토 하이브리드,2021
2024-09-04,한국지엠주식회사,올란도 2.0 LPG,2012
2024-09-04,폭스바겐그룹코리아 주식회사,A6 40 TDI,2020
2024-09-04,한국지엠(주),CHEVROLET TRAVERSE AWD,2022
2024-09-04,포르쉐코리아 주식회사,911 카레라,2021
2024-09-04,기아 주식회사,카니발 하이브리드,2024
2024-09-04,메르세데스벤츠코리아(주),Mercedes-Benz E350 4MATIC,2021
2024-09-04,기아 주식회사,스포티지,2023
2024-09-04,메르세데스벤츠코리아(주),E300,2017
2024-09-04,기아 주식회사,스포티지,2023
2024-09-04,케이지모빌리티 주식회사(KG Mobility Corp.),G4 렉스턴,2019
2024-09-04,기아 주식회사,쏘렌토 하이브리드,2021
2024-09-04,기아 주식회사,카니발 하이브리드,2024
2024-09-04,현대자동차(주),아반떼(AVANTE),2019
2024-09-04,폭스바겐그룹코리아 주식회사,Tiguan 2.0TDI 4Motion,2023
2024-09-05,기아 주식회사,스포티지,2023
2024-09-05,비엠더블유코리아(주),BMW X5 xDrive50e,2024
2024-09-05,비엠더블유코리아(주),BMW 320d,2014
2024-09-05,한불모터스(주),Peugeot 5008 1.5 BlueHDi,2020
2024-09-05,메르세데스벤츠코리아(주),Mercedes-Benz GLC300 4MATIC,2020
2024-09-05,폭스바겐그룹코리아 주식회사,ID.4 Pro,2023
2024-09-05,(주)재규어랜드로버코리아,디펜더 110 D240,2020
2024-09-05,기아 주식회사,K5 하이브리드,2020
2024-09-05,기아 주식회사,쏘렌토 하이브리드,2021
2024-09-05,현대자동차(주),넥쏘 (NEXO) 수소전기차,2021
2024-09-05,(주)재규어랜드로버코리아,디펜더 110 D240,2020
2024-09-05,현대자동차(주),아반떼(AVANTE),2017
2024-09-05,현대자동차(주),G80,2024
2024-09-05,현대자동차(주),넥쏘 (NEXO) 수소전기차,2020
2024-09-05,메르세데스벤츠코리아(주),Mercedes-Benz CLA 250 4MATIC,2025
2024-09-05,폭스바겐그룹코리아 주식회사,ID.4 Pro,2023
2024-09-05,현대자동차(주),넥쏘 (NEXO) 수소전기차,2019
2024-09-05,폭스바겐그룹코리아 주식회사,ID.4 Pro,2023
2024-09-05,메르세데스벤츠코리아(주),Mercedes-Benz EQE350 +,2023
2024-09-05,르노코리아(주),SM6,2017
2024-09-05,기아 주식회사,카니발,2019
2024-09-05,현대자동차(주),그랜저(GRANDEUR),2017
2024-09-05,폭스바겐그룹코리아 주식회사,ID.4 Pro,2022
2024-09-05,르노코리아(주),SM6,2016
2024-09-05,기아 주식회사,K7,2020
2024-09-05,폭스바겐그룹코리아 주식회사,A6 40 TDI,2020
2024-09-05,기아 주식회사,K5,2022
2024-09-05,기아 주식회사,K5,2022
2024-09-05,기아 주식회사,K5,2022
2024-09-06,현대자동차(주),GV70,2021
2024-09-06,만트럭버스코리아(주),TGX,2018
2024-09-06,(주)재규어랜드로버코리아,디펜더 110 D240,2020
2024-09-06,한국지엠주식회사,올란도 2.0 LPG,2012
2024-09-06,폭스바겐그룹코리아 주식회사,ID.4 Pro,2023
2024-09-06,기아 주식회사,쏘렌토 하이브리드,2022
2024-09-06,현대자동차(주),아이오닉5 (IONIQ5),2023
2024-09-06,현대자동차(주),투싼(TUCSON),2012
2024-09-06,현대자동차(주),넥쏘 (NEXO) 수소전기차,2021
2024-09-06,폭스바겐그룹코리아 주식회사,ID.4 Pro,2023
2024-09-06,비엠더블유코리아(주),BMW 530i xDrive,2018
2024-09-06,현대자동차(주),아이오닉5 (IONIQ5),2022
2024-09-06,케이지모빌리티 주식회사(KG Mobility Corp.),티볼리,2021
2024-09-06,현대자동차(주),아반떼(AVANTE),2017
2024-09-06,비엠더블유코리아(주),BMW 320i,2012
2024-09-06,비엠더블유코리아(주),BMW iX3 M Sport,2022
2024-09-06,현대자동차(주),팰리세이드(PALISADE),2021
2024-09-06,기아 주식회사,K5 하이브리드,2020
2024-09-06,기아 주식회사,카니발 하이브리드,2025
2024-09-06,기아 주식회사,쏘렌토 하이브리드,2021
2024-09-06,폭스바겐그룹코리아 주식회사,ID.4 Pro,2023
2024-09-06,한국지엠주식회사,크루즈 1.6 디젤,2016
2024-09-06,폭스바겐그룹코리아 주식회사,ID.4 Pro,2023
2024-09-09,비엠더블유코리아(주),BMW 520d xDrive,2018
2024-09-09,현대자동차(주),투싼(TUCSON),2016
2024-09-09,현대자동차(주),넥쏘 (NEXO) 수소전기차,2019
2024-09-09,현대자동차(주),넥쏘 (NEXO) 수소전기차,2022
2024-09-09,현대자동차(주),그랜저(GRANDEUR),2020
2024-09-09,비엠더블유코리아(주),BMW 520d xDrive M Sport Package,2019
2024-09-09,기아 주식회사,카니발,2018
2024-09-09,폭스바겐그룹코리아 주식회사,Q4 40 e-tron,2023
2024-09-09,현대자동차(주),팰리세이드(PALISADE),2021
2024-09-09,기아 주식회사,쏘렌토 하이브리드,2024
2024-09-09,현대자동차(주),팰리세이드(PALISADE),2022
2024-09-09,폭스바겐그룹코리아 주식회사,Q4 40 e-tron,2023
2024-09-09,폭스바겐그룹코리아 주식회사,Q4 40 e-tron,2023
2024-09-09,폭스바겐그룹코리아 주식회사,Q4 40 e-tron,2023
2024-09-09,(주)재규어랜드로버코리아,재규어 I-PACE EV400,2019
2024-09-09,기아 주식회사,K3,2015
2024-09-09,90020025,V1,2023
2024-09-09,폭스바겐그룹코리아 주식회사,Q4 40 e-tron,2023
2024-09-09,기아 주식회사,스포티지 하이브리드,2023
2024-09-09,현대자동차(주),아반떼(AVANTE),2017
2024-09-09,기아 주식회사,K8,2023
2024-09-09,현대자동차(주),코나 일렉트릭 (KONA ELECTRIC),2020
2024-09-09,폭스바겐그룹코리아 주식회사,Q4 Sportback 40 e-tron,2023
2024-09-09,폭스바겐그룹코리아 주식회사,Q4 40 e-tron,2023
2024-09-09,폭스바겐그룹코리아 주식회사,Q4 40 e-tron,2023
2024-09-09,현대자동차(주),코나 하이브리드(KONA HYBRID),2020
2024-09-09,현대자동차(주),제네시스(GENESIS),2009
2024-09-09,폭스바겐그룹코리아 주식회사,Q4 40 e-tron,2023
2024-09-09,폭스바겐그룹코리아 주식회사,Q4 e-tron 40,2022
2024-09-09,폭스바겐그룹코리아 주식회사,Q4 40 e-tron,2023
2024-09-09,폭스바겐그룹코리아 주식회사,Q4 e-tron 40,2022
2024-09-09,폭스바겐그룹코리아 주식회사,Q4 Sportback e-tron 40,2022
2024-09-09,폭스바겐그룹코리아 주식회사,Q4 Sportback e-tron 40,2022
2024-09-09,폭스바겐그룹코리아 주식회사,Q4 Sportback 40 e-tron,2023
2024-09-09,폭스바겐그룹코리아 주식회사,Q4 40 e-tron,2023
2024-09-09,폭스바겐그룹코리아 주식회사,Q4 40 e-tron,2023
2024-09-09,기아 주식회사,K8 하이브리드,2022
2024-09-09,폭스바겐그룹코리아 주식회사,ID.4 Pro,2022
2024-09-09,비엠더블유코리아(주),BMW X4 xDrive20i,2021
2024-09-09,르노코리아(주),SM5,2014
2024-09-09,메르세데스벤츠코리아(주),Mercedes-AMG GT43 4MATIC +,2022
2024-09-09,폭스바겐그룹코리아 주식회사,Q4 e-tron 40,2022
2024-09-09,기아 주식회사,K7,2020
2024-09-09,현대자동차(주),싼타페 하이브리드(SANTAFE HYBRID),2024
2024-09-09,현대자동차(주),싼타페(SANTAFE),2013
2024-09-10,기아 주식회사,K5,2011
2024-09-10,(주)재규어랜드로버코리아,디스커버리 TD6,2018
2024-09-10,폭스바겐그룹코리아 주식회사,Q4 e-tron 40,2022
2024-09-10,기아 주식회사,K7 하이브리드,2020
2024-09-10,폭스바겐그룹코리아 주식회사,ID.4 Pro,2023
2024-09-10,케이지모빌리티 주식회사(KG Mobility Corp.),코란도,2020
2024-09-10,포르쉐코리아 주식회사,911 카레라 S 카브리올레,2021
2024-09-10,기아 주식회사,쏘울 전기차,2019
2024-09-10,기아 주식회사,쏘렌토 하이브리드,2021
2024-09-10,비엠더블유코리아(주),BMW X5 xDrive40i,2024
2024-09-10,현대자동차(주),아반떼(AVANTE),2018
2024-09-10,기아 주식회사,K3,2019
2024-09-10,폭스바겐그룹코리아 주식회사,A6 40 TDI,2020
2024-09-10,현대자동차(주),그랜저 하이브리드,2018
2024-09-10,현대자동차(주),싼타페 하이브리드(SANTAFE HYBRID),2024
2024-09-10,기아 주식회사,니로 하이브리드,2018
2024-09-10,현대자동차(주),제네시스(GENESIS),2014
2024-09-10,폭스바겐그룹코리아 주식회사,ID.4 Pro,2023
2024-09-10,기아 주식회사,K7,2020
2024-09-10,(주)재규어랜드로버코리아,재규어 E-PACE P250,2019
2024-09-10,폭스바겐그룹코리아 주식회사,ID.4 Pro,2022
2024-09-10,폭스바겐그룹코리아 주식회사,Q4 40 e-tron,2023
2024-09-10,현대자동차(주),그랜저(GRANDEUR),2023
2024-09-10,비엠더블유코리아(주),BMW i4 eDrive40,2022
2024-09-10,폭스바겐그룹코리아 주식회사,ID.4 Pro,2023
2024-09-10,기아 주식회사,레이,2024
2024-09-10,폭스바겐그룹코리아 주식회사,ID.4 Pro,2022
2024-09-10,폭스바겐그룹코리아 주식회사,Q4 40 e-tron,2023
2024-09-10,폭스바겐그룹코리아 주식회사,ID.4 Pro,2023
2024-09-10,비엠더블유코리아(주),BMW X3 xDrive20d,2021
2024-09-10,비엠더블유코리아(주),BMW 420d Coupe,2014
2024-09-10,기아 주식회사,쏘렌토 하이브리드,2024
2024-09-10,기아 주식회사,EV9,2024
2024-09-10,현대자동차(주),싼타페 하이브리드(SANTAFE HYBRID),2024
2024-09-10,메르세데스벤츠코리아(주),CLS350,2013
2024-09-10,현대자동차(주),싼타페 하이브리드(SANTAFE HYBRID),2024
2024-09-10,폭스바겐그룹코리아 주식회사,Arteon 2.0 TDI,2019
2024-09-10,기아 주식회사,쏘렌토,2025
2024-09-10,폭스바겐그룹코리아 주식회사,Q4 Sportback 40 e-tron,2023
2024-09-10,폭스바겐그룹코리아 주식회사,Q4 e-tron 40,2022
2024-09-10,폭스바겐그룹코리아 주식회사,Q4 40 e-tron,2023
2024-09-10,폭스바겐그룹코리아 주식회사,Q4 e-tron 40,2022
2024-09-10,폭스바겐그룹코리아 주식회사,Q4 40 e-tron,2023
2024-09-10,폭스바겐그룹코리아 주식회사,Q4 40 e-tron,2023
2024-09-10,폭스바겐그룹코리아 주식회사,Q4 Sportback e-tron 40,2022
2024-09-10,폭스바겐그룹코리아 주식회사,Q4 40 e-tron,2023
2024-09-10,폭스바겐그룹코리아 주식회사,Q4 e-tron 40,2022
2024-09-10,폭스바겐그룹코리아 주식회사,Q4 e-tron 40,2022
2024-09-10,폭스바겐그룹코리아 주식회사,Q4 40 e-tron,2023
2024-09-10,폭스바겐그룹코리아 주식회사,Q4 e-tron 40,2022
2024-09-10,폭스바겐그룹코리아 주식회사,Q4 40 e-tron,2023
2024-09-11,비엠더블유코리아(주),BMW X3 xDrive20i,2021
2024-09-11,폭스바겐그룹코리아 주식회사,Q4 40 e-tron,2023
2024-09-11,비엠더블유코리아(주),BMW X4 xDrive20i,2021
2024-09-11,현대자동차(주),넥쏘 (NEXO) 수소전기차,2022
2024-09-11,현대자동차(주),넥쏘 (NEXO) 수소전기차,2022
2024-09-11,폭스바겐그룹코리아 주식회사,Q4 40 e-tron,2023
2024-09-11,폭스바겐그룹코리아 주식회사,Q4 40 e-tron,2023
2024-09-11,기아 주식회사,K3,2020
2024-09-11,현대자동차(주),싼타페 하이브리드(SANTAFE HYBRID),2024
2024-09-11,현대자동차(주),그랜저(GRANDEUR),2023
2024-09-11,기아 주식회사,쏘렌토 하이브리드,2021
2024-09-11,기아 주식회사,스포티지,2006
2024-09-11,현대자동차(주),아이오닉5 (IONIQ5),2022
2024-09-11,비엠더블유코리아(주),BMW X5 xDrive40i,2021
2024-09-11,(주)재규어랜드로버코리아,디스커버리 스포츠 2.0D,2018
2024-09-11,현대자동차(주),코나(KONA),2024
2024-09-11,현대자동차(주),포터Ⅱ 일렉트릭 (PORTERⅡ ELECTRIC),2020
2024-09-11,폭스바겐그룹코리아 주식회사,Q4 40 e-tron,2023
2024-09-11,폭스바겐그룹코리아 주식회사,Q4 40 e-tron,2023
2024-09-11,현대자동차(주),그랜저(GRANDEUR),2014
2024-09-11,비엠더블유코리아(주),BMW X3 xDrive20i,2021
2024-09-11,비엠더블유코리아(주),BMW iX3 M Sport,2023
2024-09-11,기아 주식회사,카니발,2019
2024-09-11,기아 주식회사,EV9,2024
2024-09-11,현대자동차(주),그랜저(GRANDEUR),2014
2024-09-11,현대자동차(주),싼타페 하이브리드(SANTAFE HYBRID),2024
2024-09-11,폭스바겐그룹코리아 주식회사,Q4 e-tron 40,2022
2024-09-11,현대자동차(주),넥쏘 (NEXO) 수소전기차,2019
2024-09-11,현대자동차(주),스타리아 (STARIA),2025
2024-09-11,기아 주식회사,쏘렌토 하이브리드,2021
2024-09-11,르노코리아(주),QM3,2015
2024-09-11,기아 주식회사,쏘렌토 하이브리드,2021
2024-09-11,메르세데스벤츠코리아(주),E220 BlueTEC,2016
2024-09-11,기아 주식회사,카니발,2017
2024-09-11,르노코리아(주),SM6,2016
2024-09-11,현대자동차(주),포터Ⅱ (PORTERⅡ),2025
2024-09-11,폭스바겐그룹코리아 주식회사,ID.4 Pro,2023
2024-09-11,르노코리아(주),QM3,2014
2024-09-11,한국지엠주식회사,올란도 1.6 디젤,2016
2024-09-11,기아 주식회사,K3,2019
2024-09-11,스텔란티스코리아 주식회사,짚 체로키 2.4 AWD,2020
2024-09-11,메르세데스벤츠코리아(주),E220 d,2018
2024-09-11,현대자동차(주),투싼 하이브리드(TUCSON HYBRID),2021
2024-09-12,폭스바겐그룹코리아 주식회사,ID.4 Pro,2023
2024-09-12,현대자동차(주),G70,2018
2024-09-12,메르세데스벤츠코리아(주),E220 d,2017
2024-09-12,기아 주식회사,쏘렌토 하이브리드,2021
2024-09-12,기아 주식회사,스팅어,2018
2024-09-12,현대자동차(주),포터Ⅱ (PORTERⅡ),2023
2024-09-12,현대자동차(주),넥쏘 (NEXO) 수소전기차,2022
2024-09-12,폭스바겐그룹코리아 주식회사,ID.4 Pro,2023
2024-09-12,폭스바겐그룹코리아 주식회사,ID.4 Pro,2022
2024-09-12,기아 주식회사,K7,2020
2024-09-12,한국지엠주식회사,올란도 1.6 디젤,2016
2024-09-12,폭스바겐그룹코리아 주식회사,Arteon 2.0 TDI,2019
2024-09-12,현대자동차(주),팰리세이드(PALISADE),2019
2024-09-12,비엠더블유코리아(주),MINI Cooper Convertible,2016
2024-09-12,기아 주식회사,카니발,2024
2024-09-12,스텔란티스코리아 주식회사,짚 체로키 2.4,2016
2024-09-12,폭스바겐그룹코리아 주식회사,Q4 40 e-tron,2023
2024-09-12,기아 주식회사,카니발 하이리무진,2019
2024-09-12,기아 주식회사,K9,2014
2024-09-12,폭스바겐그룹코리아 주식회사,Q4 40 e-tron,2023
2024-09-12,(주)재규어랜드로버코리아,디펜더 110 D240,2020
2024-09-12,비엠더블유코리아(주),BMW 530i M Sport Package Plus,2019
2024-09-12,폭스바겐그룹코리아 주식회사,Q4 40 e-tron,2023
2024-09-12,폭스바겐그룹코리아 주식회사,Q4 40 e-tron,2023
2024-09-12,폭스바겐그룹코리아 주식회사,Q4 40 e-tron,2023
2024-09-12,현대자동차(주),포터Ⅱ (PORTERⅡ),2024
2024-09-13,현대자동차(주),투싼(TUCSON),2016
2024-09-13,르노코리아(주),MASTER,2020
2024-09-13,폭스바겐그룹코리아 주식회사,Q4 40 e-tron,2023
2024-09-13,비엠더블유코리아(주),BMW 320d Gran Turismo xDrive,2018
2024-09-13,기아 주식회사,쏘렌토,2024
2024-09-13,비엠더블유코리아(주),BMW X3 xDrive20i,2021
2024-09-13,폭스바겐그룹코리아 주식회사,ID.4 Pro,2023
2024-09-13,폭스바겐그룹코리아 주식회사,Q4 e-tron 40,2022
2024-09-13,폭스바겐그룹코리아 주식회사,Q4 e-tron 40,2022
2024-09-13,비엠더블유코리아(주),BMW iX1 xDrive30,2023
2024-09-13,폭스바겐그룹코리아 주식회사,Q4 40 e-tron,2023
2024-09-13,현대자동차(주),싼타페 하이브리드(SANTAFE HYBRID),2024
2024-09-13,폭스바겐그룹코리아 주식회사,Q4 40 e-tron,2023
2024-09-13,현대자동차(주),스타리아 라운지 (STARIA LOUNGE),2023
2024-09-13,폭스바겐그룹코리아 주식회사,Q4 e-tron 40,2022
2024-09-13,현대자동차(주),그랜저(GRANDEUR),2019
2024-09-13,폭스바겐그룹코리아 주식회사,Q4 40 e-tron,2023
2024-09-13,기아 주식회사,K3,2019
2024-09-13,현대자동차(주),그랜저(GRANDEUR),2023
2024-09-13,폭스바겐그룹코리아 주식회사,Q4 e-tron 40,2022
2024-09-13,현대자동차(주),아반떼(AVANTE),2021
2024-09-13,현대자동차(주),싼타페 하이브리드(SANTAFE HYBRID),2024
2024-09-13,폭스바겐그룹코리아 주식회사,Q4 40 e-tron,2023
2024-09-13,케이지모빌리티 주식회사(KG Mobility Corp.),G4 렉스턴,2019
2024-09-13,메르세데스벤츠코리아(주),GLC220 d 4Matic,2016
2024-09-13,폭스바겐그룹코리아 주식회사,Q4 40 e-tron,2023
2024-09-13,폭스바겐그룹코리아 주식회사,Q4 40 e-tron,2023
2024-09-13,폭스바겐그룹코리아 주식회사,Q4 e-tron 40,2022
2024-09-13,르노코리아(주),SM6,2017
2024-09-13,테슬라코리아 유한회사,Model Y Standard Range,2021
2024-09-13,현대자동차(주),싼타페 하이브리드(SANTAFE HYBRID),2024
2024-09-13,기아 주식회사,K5,2020
2024-09-13,지엠아시아퍼시픽지역본부 주식회사,CADILLAC ESCALADE ESV,2023
2024-09-13,르노코리아(주),QM6,2020
2024-09-19,현대자동차(주),넥쏘 (NEXO) 수소전기차,2023
2024-09-19,폭스바겐그룹코리아 주식회사,Arteon 2.0 TDI,2019
2024-09-19,현대자동차(주),넥쏘 (NEXO) 수소전기차,2022
2024-09-19,현대자동차(주),투싼 하이브리드(TUCSON HYBRID),2021
2024-09-19,(주)재규어랜드로버코리아,레인지로버 4.4D,2016
2024-09-19,폭스바겐그룹코리아 주식회사,ID.4 Pro,2023
2024-09-19,폭스바겐그룹코리아 주식회사,Arteon 2.0 TDI,2020
2024-09-19,기아 주식회사,쏘울 전기차,2019
2024-09-19,현대자동차(주),넥쏘 (NEXO) 수소전기차,2021
2024-09-19,비엠더블유코리아(주),BMW X4 xDrive20i,2021
2024-09-19,기아 주식회사,쏘렌토 하이브리드,2021
2024-09-19,현대자동차(주),포터Ⅱ (PORTERⅡ),2025
2024-09-19,스텔란티스코리아 주식회사,짚 체로키 2.4 AWD,2020
2024-09-19,폭스바겐그룹코리아 주식회사,ID.4 Pro,2023
2024-09-19,기아 주식회사,쏘렌토 하이브리드,2021
2024-09-19,현대자동차(주),싼타페 하이브리드(SANTAFE HYBRID),2024
2024-09-19,현대자동차(주),싼타페 하이브리드(SANTAFE HYBRID),2024
2024-09-19,폭스바겐그룹코리아 주식회사,Q4 Sportback e-tron 40,2022
2024-09-19,현대자동차(주),싼타페 하이브리드(SANTAFE HYBRID),2024
2024-09-19,현대자동차(주),넥쏘 (NEXO) 수소전기차,2022
2024-09-19,폭스바겐그룹코리아 주식회사,ID.4 Pro,2022
2024-09-19,현대자동차(주),아이오닉6 (IONIQ6),2023
2024-09-19,현대자동차(주),아이오닉6 (IONIQ6),2023
2024-09-19,현대자동차(주),아이오닉6 (IONIQ6),2023
2024-09-19,폭스바겐그룹코리아 주식회사,Q4 40 e-tron,2023
2024-09-19,폭스바겐그룹코리아 주식회사,Q4 e-tron 40,2022
2024-09-19,르노코리아(주),QM6,2020
2024-09-19,기아 주식회사,쏘렌토,2022
2024-09-19,현대자동차(주),투싼 하이브리드(TUCSON HYBRID),2022
2024-09-19,현대자동차(주),넥쏘 (NEXO) 수소전기차,2019
2024-09-19,비엠더블유코리아(주),BMW X3 xDrive20i,2021
2024-09-19,기아 주식회사,쏘렌토,2021
2024-09-19,폭스바겐그룹코리아 주식회사,ID.4 Pro,2023
2024-09-19,폭스바겐그룹코리아 주식회사,Q4 e-tron 40,2022
2024-09-19,메르세데스벤츠코리아(주),Mercedes-Benz E250,2022
2024-09-19,폭스바겐그룹코리아 주식회사,Q4 Sportback 40 e-tron,2023
2024-09-19,폭스바겐그룹코리아 주식회사,Q4 40 e-tron,2023
2024-09-20,현대자동차(주),넥쏘 (NEXO) 수소전기차,2022
2024-09-20,한국지엠주식회사,알페온 3.0 DOHC,2011
2024-09-20,비엠더블유코리아(주),BMW iX xDrive50,2023
2024-09-20,현대자동차(주),팰리세이드(PALISADE),2021
2024-09-20,기아 주식회사,쏘렌토 하이브리드,2021
2024-09-20,기아 주식회사,K7,2020
2024-09-20,르노코리아(주),QM3,2014
2024-09-20,폭스바겐그룹코리아 주식회사,ID.4 Pro,2023
2024-09-20,기아 주식회사,K8 하이브리드,2023
2024-09-20,현대자동차(주),투싼 하이브리드(TUCSON HYBRID),2021
2024-09-20,폭스바겐그룹코리아 주식회사,A6 40 TDI,2020
2024-09-20,폭스바겐그룹코리아 주식회사,A3 40 TFSI,2018
2024-09-20,폭스바겐그룹코리아 주식회사,Golf 1.6 TDI BMT,2015
2024-09-20,폭스바겐그룹코리아 주식회사,A6 40 TDI,2020
2024-09-20,비엠더블유코리아(주),BMW 520d,2017
2024-09-20,스텔란티스코리아 주식회사,짚 컴패스 2.4,2019
2024-09-20,테슬라코리아 유한회사,Model 3 Long Range,2024
2024-09-20,메르세데스벤츠코리아(주),Mercedes-Benz E 200,2024
2024-09-20,폭스바겐그룹코리아 주식회사,Q4 e-tron 40,2022
2024-09-20,폭스바겐그룹코리아 주식회사,A6 40 TDI,2020
2024-09-20,현대자동차(주),넥쏘 (NEXO) 수소전기차,2019
2024-09-20,케이지모빌리티 주식회사(KG Mobility Corp.),티볼리,2020
2024-09-20,현대자동차(주),싼타페 하이브리드(SANTAFE HYBRID),2024
2024-09-20,폭스바겐그룹코리아 주식회사,A4 40 TFSI,2023
2024-09-20,르노코리아(주),SM5 LPLi,2016
2024-09-20,현대자동차(주),넥쏘 (NEXO) 수소전기차,2020
2024-09-20,기아 주식회사,쏘렌토 하이브리드,2021
2024-09-20,폭스바겐그룹코리아 주식회사,Q4 e-tron 40,2022
2024-09-20,기아 주식회사,K3,2019
2024-09-20,르노코리아(주),XM3,2022
2024-09-23,기아 주식회사,레이,2024
2024-09-23,현대자동차(주),GV80,2020
2024-09-23,한국지엠(주),CHEVROLET TAHOE AWD,2022
2024-09-23,폭스바겐그룹코리아 주식회사,ID.4 Pro,2022
2024-09-23,포드세일즈서비스코리아(유),Lincoln MKC 2.0 AWD,2019
2024-09-23,비엠더블유코리아(주),BMW 520d,2018
2024-09-23,현대자동차(주),아반떼(AVANTE),2019
2024-09-23,현대자동차(주),그랜저(GRANDEUR),2020
2024-09-23,현대자동차(주),그랜저(GRANDEUR),2020
2024-09-23,현대자동차(주),넥쏘 (NEXO) 수소전기차,2022
2024-09-23,(주)볼보자동차코리아,볼보 V60CCB5 AWD,2024
2024-09-23,폭스바겐그룹코리아 주식회사,ID.4 Pro,2022
2024-09-23,스텔란티스코리아 주식회사,짚 레니게이드 2.4 FWD,2021
2024-09-23,케이지모빌리티 주식회사(KG Mobility Corp.),코란도,2019
2024-09-23,폭스바겐그룹코리아 주식회사,Arteon 2.0 TDI,2018
2024-09-23,폭스바겐그룹코리아 주식회사,Arteon 2.0 TDI,2019
2024-09-23,현대자동차(주),제네시스(GENESIS),2014
2024-09-23,비엠더블유코리아(주),BMW 530i M Sport Package Plus,2019
2024-09-23,기아 주식회사,쏘렌토,2024
2024-09-23,현대자동차(주),넥쏘 (NEXO) 수소전기차,2022
2024-09-23,테슬라코리아 유한회사,Model 3 Standard Range Plus RWD,2020
2024-09-23,기아 주식회사,K7 하이브리드,2021
2024-09-23,기아 주식회사,카니발 하이리무진,2019
2024-09-23,포드세일즈서비스코리아(유),Lincoln Nautilus 2.0L,2024
2024-09-23,현대자동차(주),넥쏘 (NEXO) 수소전기차,2021
2024-09-23,현대자동차(주),넥쏘 (NEXO) 수소전기차,2021
2024-09-23,현대자동차(주),쏘나타 하이브리드 (SONATA HYBRID),2020
2024-09-23,기아 주식회사,EV9,2024
2024-09-23,르노코리아(주),SM6,2016
2024-09-23,르노코리아(주),SM6,2016
2024-09-23,현대자동차(주),싼타페 하이브리드(SANTAFE HYBRID),2024
2024-09-23,한국닛산(주),ALTIMA 2.5,2018
2024-09-23,현대자동차(주),싼타페 하이브리드(SANTAFE HYBRID),2024
2024-09-23,현대자동차(주),쏘나타 하이브리드 (SONATA HYBRID),2020
2024-09-23,기아 주식회사,카니발,2020
2024-09-23,기아 주식회사,쏘렌토 하이브리드,2021
2024-09-23,기아 주식회사,쏘렌토 하이브리드,2021
2024-09-23,현대자동차(주),넥쏘 (NEXO) 수소전기차,2020
2024-09-23,르노코리아(주),SM6,2016
2024-09-23,(주)재규어랜드로버코리아,디스커버리 TD6,2018
2024-09-23,폭스바겐그룹코리아 주식회사,Tiguan 2.0 TDI 4Motion,2018
2024-09-23,기아 주식회사,카니발,2016
2024-09-23,한국닛산(주),ALTIMA 2.5,2016
2024-09-23,기아 주식회사,K8,2022
2024-09-23,현대자동차(주),싼타페 하이브리드(SANTAFE HYBRID),2024
2024-09-24,현대자동차(주),코나 하이브리드(KONA HYBRID),2023
2024-09-24,비엠더블유코리아(주),BMW 530i,2017
2024-09-24,현대자동차(주),팰리세이드(PALISADE),2021
2024-09-24,현대자동차(주),그랜저(GRANDEUR),2019
2024-09-24,폭스바겐그룹코리아 주식회사,Arteon 2.0 TDI,2019
2024-09-24,현대자동차(주),넥쏘 (NEXO) 수소전기차,2022
2024-09-24,테슬라코리아 유한회사,Model Y RWD,2024
2024-09-24,기아 주식회사,쏘렌토 하이브리드,2021
2024-09-24,기아 주식회사,K7,2020
2024-09-24,기아 주식회사,K7,2020
2024-09-24,아트원 주식회사,아트원글로밴하이브리드하이리무진,2025
2024-09-24,현대자동차(주),팰리세이드(PALISADE),2020
2024-09-24,기아 주식회사,쏘렌토 하이브리드,2025
2024-09-24,(주)재규어랜드로버코리아,디스커버리 TD6,2019
2024-09-24,폭스바겐그룹코리아 주식회사,Q4 Sportback 40 e-tron,2023
2024-09-24,현대자동차(주),팰리세이드(PALISADE),2020
2024-09-24,기아 주식회사,쏘렌토 하이브리드,2022
2024-09-24,폭스바겐그룹코리아 주식회사,Q4 40 e-tron,2023
2024-09-24,폭스바겐그룹코리아 주식회사,Tiguan 2.0 TDI,2018
2024-09-24,현대자동차(주),싼타페 하이브리드(SANTAFE HYBRID),2024
2024-09-24,비엠더블유코리아(주),BMW X3 xDrive20d,2018
2024-09-24,테슬라코리아 유한회사,Model Y Long Range,2024
2024-09-24,현대자동차(주),i40,2015
2024-09-24,비엠더블유코리아(주),BMW X3 xDrive30e,2021
2024-09-24,기아 주식회사,K7,2020
2024-09-24,폭스바겐그룹코리아 주식회사,Q4 Sportback 40 e-tron,2023
2024-09-24,폭스바겐그룹코리아 주식회사,Q4 Sportback e-tron 40,2022
2024-09-24,현대자동차(주),넥쏘 (NEXO) 수소전기차,2020
2024-09-24,폭스바겐그룹코리아 주식회사,Q4 40 e-tron,2023
2024-09-24,폭스바겐그룹코리아 주식회사,Q4 40 e-tron,2023
2024-09-24,혼다코리아(주),ACCORD 1.5T,2018
2024-09-24,현대자동차(주),투싼 하이브리드(TUCSON HYBRID),2021
2024-09-24,기아 주식회사,쏘렌토 하이브리드,2024
2024-09-24,기아 주식회사,K3,2019
2024-09-24,현대자동차(주),투싼 하이브리드(TUCSON HYBRID),2022
2024-09-24,현대자동차(주),투싼 하이브리드(TUCSON HYBRID),2021
2024-09-24,기아 주식회사,카니발,2015
2024-09-24,폭스바겐그룹코리아 주식회사,Q5 35 TDI quattro,2015
2024-09-24,비엠더블유코리아(주),BMW X3 xDrive20i,2021
2024-09-24,한국닛산(주),ALTIMA 2.5,2017
2024-09-24,현대자동차(주),투싼 하이브리드(TUCSON HYBRID),2021
2024-09-24,폭스바겐그룹코리아 주식회사,Jetta,2023
2024-09-24,르노코리아(주),QM6,2017
2024-09-24,현대자동차(주),G80,2024
2024-09-24,비엠더블유코리아(주),BMW 530i M Sport Package Plus,2019
2024-09-24,폭스바겐그룹코리아 주식회사,Arteon 2.0 TDI,2019
2024-09-24,현대자동차(주),팰리세이드(PALISADE),2022
2024-09-24,현대자동차(주),넥쏘 (NEXO) 수소전기차,2021
2024-09-24,현대자동차(주),팰리세이드(PALISADE),2021
2024-09-24,폭스바겐그룹코리아 주식회사,Q4 e-tron 40,2022
2024-09-24,비엠더블유코리아(주),BMW 520d xDrive,2018
2024-09-24,테슬라코리아 유한회사,Model 3 Standard Range Plus RWD,2021
2024-09-24,기아 주식회사,카니발 하이브리드,2025
2024-09-24,기아 주식회사,K5,2011
2024-09-24,폭스바겐그룹코리아 주식회사,Q4 40 e-tron,2023
2024-09-24,폭스바겐그룹코리아 주식회사,A4 35 TDI,2023
2024-09-24,현대자동차(주),아이오닉 일렉트릭(IONIQ ELECTRIC),2020
2024-09-24,한국닛산(주),ALTIMA 2.5,2018
2024-09-24,폭스바겐그룹코리아 주식회사,Q4 40 e-tron,2023
2024-09-24,현대자동차(주),투싼 하이브리드(TUCSON HYBRID),2021
2024-09-24,폭스바겐그룹코리아 주식회사,Q4 Sportback e-tron 40,2022
2024-09-24,현대자동차(주),G80,2023
2024-09-24,폭스바겐그룹코리아 주식회사,Q4 e-tron 40,2022
2024-09-24,현대자동차(주),팰리세이드(PALISADE),2020
2024-09-24,폭스바겐그룹코리아 주식회사,Q4 Sportback 40 e-tron,2023
2024-09-24,폭스바겐그룹코리아 주식회사,Q4 40 e-tron,2023
2024-09-24,폭스바겐그룹코리아 주식회사,Q4 40 e-tron,2023
2024-09-24,폭스바겐그룹코리아 주식회사,Q4 40 e-tron,2023
2024-09-24,폭스바겐그룹코리아 주식회사,Q4 40 e-tron,2023
2024-09-24,폭스바겐그룹코리아 주식회사,Q4 40 e-tron,2023
2024-09-24,폭스바겐그룹코리아 주식회사,Q4 40 e-tron,2023
2024-09-24,폭스바겐그룹코리아 주식회사,Q4 40 e-tron,2023
2024-09-24,메르세데스벤츠코리아(주),S350 BlueTEC L,2015
2024-09-24,폭스바겐그룹코리아 주식회사,Tiguan 2.0 TDI,2020
2024-09-24,현대자동차(주),아반떼 (AVANTE),2012
2024-09-24,테슬라코리아 유한회사,Model Y Standard Range,2021
2024-09-24,르노코리아(주),QM3,2014
2024-09-25,한국지엠주식회사,올란도 2.0 LPG,2014
2024-09-25,폭스바겐그룹코리아 주식회사,Arteon 2.0 TDI,2019
2024-09-25,폭스바겐그룹코리아 주식회사,ID.4 Pro,2023
2024-09-25,폭스바겐그룹코리아 주식회사,Arteon 2.0 TDI,2019
2024-09-25,한국지엠주식회사,올란도 1.6 디젤,2016
2024-09-25,한국지엠주식회사,트랙스 1.2 터보,2024
2024-09-25,현대자동차(주),아이오닉5 (IONIQ5),2023
2024-09-25,한국지엠주식회사,트랙스 1.2 터보,2024
2024-09-25,한국토요타자동차(주),토요타 Camry,2019
2024-09-25,비엠더블유코리아(주),BMW i4 eDrive40,2022
2024-09-25,기아 주식회사,카니발,2020
2024-09-25,한국지엠주식회사,말리부 1.35 TURBO,2022
2024-09-25,기아 주식회사,레이,2024
2024-09-25,기아 주식회사,EV3,2025
2024-09-25,기아 주식회사,레이,2016
2024-09-25,케이지모빌리티 주식회사(KG Mobility Corp.),코란도,2022
2024-09-25,케이지모빌리티 주식회사(KG Mobility Corp.),코란도,2022
2024-09-25,기아 주식회사,K9,2019
2024-09-25,기아 주식회사,니로 하이브리드,2020
2024-09-25,비엠더블유코리아(주),BMW 320i,2014
2024-09-25,르노코리아(주),QM3,2015
2024-09-25,현대자동차(주),코나(KONA),2018
2024-09-25,폭스바겐그룹코리아 주식회사,Q4 40 e-tron,2023
2024-09-25,한국지엠(주),CHEVROLET TRAVERSE AWD,2022
2024-09-25,기아 주식회사,K3,2019
2024-09-25,기아 주식회사,EV9,2024
2024-09-25,기아 주식회사,카니발,2020
2024-09-25,한불모터스(주),Peugeot 308 2.0 Blue-HDi,2015
2024-09-25,케이지모빌리티 주식회사(KG Mobility Corp.),토레스 EVX,2024
2024-09-25,메르세데스벤츠코리아(주),Mercedes-Benz EQB300 4MATIC,2023
2024-09-25,비엠더블유코리아(주),BMW X4 xDrive20i,2021
2024-09-25,비엠더블유코리아(주),BMW 520d,2017
2024-09-25,(주) 한국모터트레이딩,MTT890,2021
2024-09-25,혼다코리아(주),ACCORD 2.4,2016
2024-09-25,(주)재규어랜드로버코리아,재규어 F-PACE 20d,2018
2024-09-25,기아 주식회사,카니발,2021
2024-09-25,기아 주식회사,K3,2018
2024-09-25,현대자동차(주),아반떼 (AVANTE),2013
2024-09-25,기아 주식회사,카니발,2021
2024-09-25,폭스바겐그룹코리아 주식회사,Q4 40 e-tron,2023
2024-09-26,(주)한국쓰리축,한국쓰리축16톤윙바디,2023
2024-09-26,한국지엠주식회사,올란도 1.6 디젤,2016
2024-09-26,현대자동차(주),쏘나타 하이브리드 (SONATA HYBRID),2020
2024-09-26,기아 주식회사,쏘렌토 하이브리드,2024
2024-09-26,메르세데스벤츠코리아(주),Mercedes-Benz GLB220,2021
2024-09-26,기아 주식회사,K5,2024
2024-09-26,현대자동차(주),투싼 하이브리드(TUCSON HYBRID),2021
2024-09-26,현대자동차(주),마이티,2024
2024-09-26,한국닛산(주),LEAF,2019
2024-09-26,현대자동차(주),그랜저(GRANDEUR),2016
2024-09-26,현대자동차(주),GV70,2024
2024-09-26,현대자동차(주),아이오닉 일렉트릭(IONIQ ELECTRIC),2020
2024-09-26,현대자동차(주),투싼(TUCSON),2016
2024-09-26,현대자동차(주),아이오닉6 (IONIQ6),2023
2024-09-26,한국닛산(주),LEAF,2019
2024-09-26,폭스바겐그룹코리아 주식회사,Arteon 2.0 TDI,2018
2024-09-26,한국닛산(주),LEAF,2019
2024-09-26,케이지모빌리티 주식회사(KG Mobility Corp.),G4 렉스턴,2018
2024-09-26,한국닛산(주),LEAF,2019
2024-09-26,폭스바겐그룹코리아 주식회사,Q4 e-tron 40,2022
2024-09-26,기아 주식회사,K7 하이브리드,2016
2024-09-26,(주)재규어랜드로버코리아,레인지로버 이보크 2.0D,2016
2024-09-26,현대자동차(주),투싼 하이브리드(TUCSON HYBRID),2023
2024-09-26,르노코리아(주),ARKANA,2025
2024-09-26,현대자동차(주),투싼 하이브리드(TUCSON HYBRID),2024
2024-09-26,한국토요타자동차(주),토요타 RAV4 PHEV,2023
2024-09-26,메르세데스벤츠코리아(주),C220 d,2018
2024-09-26,현대자동차(주),팰리세이드(PALISADE),2022
2024-09-26,폭스바겐그룹코리아 주식회사,Tiguan Allspace 2.0 TDI,2020
2024-09-26,폭스바겐그룹코리아 주식회사,Tiguan 2.0 TDI,2018
2024-09-26,기아 주식회사,K7,2020
2024-09-26,기아 주식회사,카니발 리무진,2018
2024-09-26,비엠더블유코리아(주),BMW 320d EfficientDynamics Edition,2016
2024-09-26,폭스바겐그룹코리아 주식회사,ID.4 Pro,2022
2024-09-26,폭스바겐그룹코리아 주식회사,Q4 40 e-tron,2023
2024-09-26,폭스바겐그룹코리아 주식회사,Q4 e-tron 40,2022
2024-09-26,현대자동차(주),G70,2019
2024-09-26,기아 주식회사,K5 하이브리드,2020
2024-09-26,현대자동차(주),EQ900,2018
2024-09-26,기아 주식회사,EV9,2024
2024-09-26,메르세데스벤츠코리아(주),S350 BlueTEC,2013
2024-09-26,기아 주식회사,EV9,2024
2024-09-26,비엠더블유코리아(주),BMW X4 xDrive20d,2021
2024-09-26,한국닛산(주),ALTIMA 2.5,2017
2024-09-26,폭스바겐그룹코리아 주식회사,Tiguan Allspace 2.0 TDI,2020
2024-09-26,폭스바겐그룹코리아 주식회사,Tiguan 2.0 TDI,2020
2024-09-26,테슬라코리아 유한회사,Model 3 Long Range,2024
2024-09-26,기아 주식회사,K7,2020
2024-09-26,기아 주식회사,쏘렌토 하이브리드,2024
2024-09-26,현대자동차(주),투싼 하이브리드(TUCSON HYBRID),2021
2024-09-26,기아 주식회사,쏘렌토,2022
2024-09-26,기아 주식회사,카니발 하이브리드,2025
2024-09-26,포드세일즈서비스코리아(유),Lincoln Aviator 3.0,2020
2024-09-26,테슬라코리아 유한회사,Model Y Standard Range,2021
2024-09-27,주식회사 오토홈스,오토홈스팝업루프카니발캠핑카,2023
2024-09-27,기아 주식회사,K7,2020
2024-09-27,현대자동차(주),아이오닉5 (IONIQ5),2022
2024-09-27,폭스바겐그룹코리아 주식회사,Arteon 2.0 TDI,2019
2024-09-27,기아 주식회사,EV9,2024
2024-09-27,현대자동차(주),넥쏘 (NEXO) 수소전기차,2019
2024-09-27,케이지모빌리티 주식회사(KG Mobility Corp.),G4 렉스턴,2019
2024-09-27,현대자동차(주),그랜저(GRANDEUR),2023
2024-09-27,폭스바겐그룹코리아 주식회사,Arteon 2.0 TDI,2020
2024-09-27,기아 주식회사,K7,2020
2024-09-27,한국토요타자동차(주),토요타 Camry,2018
2024-09-27,한국지엠주식회사,올란도 2.0 LPG,2015
2024-09-27,한국닛산(주),LEAF,2019
2024-09-27,르노코리아(주),QM6,2020
2024-09-27,한국닛산(주),LEAF,2019
2024-09-27,현대자동차(주),팰리세이드(PALISADE),2021
2024-09-27,한국토요타자동차(주),토요타 Camry,2018
2024-09-27,기아 주식회사,쏘렌토,2019
2024-09-27,현대자동차(주),아이오닉5(IONIQ5),2022
2024-09-27,폭스바겐그룹코리아 주식회사,ID.4 Pro,2023
2024-09-27,폭스바겐그룹코리아 주식회사,Q4 e-tron 40,2022
2024-09-27,폭스바겐그룹코리아 주식회사,Arteon 2.0 TDI,2019
2024-09-27,현대자동차(주),넥쏘 (NEXO) 수소전기차,2021
2024-09-27,한국닛산(주),LEAF,2019
2024-09-27,현대자동차(주),그랜저 하이브리드(GRANDEUR HYBRID),2023
2024-09-27,폭스바겐그룹코리아 주식회사,Q4 40 e-tron,2023
2024-09-27,현대자동차(주),아이오닉5 (IONIQ5),2023
2024-09-27,비엠더블유코리아(주),BMW X3 xDrive30e,2021
2024-09-27,한국닛산(주),LEAF,2019
2024-09-27,한국닛산(주),LEAF,2019
2024-09-27,메르세데스벤츠코리아(주),Mercedes-Benz E250,2022
2024-09-27,기아 주식회사,쏘렌토 하이브리드,2022
2024-09-27,기아 주식회사,카니발,2019
2024-09-27,현대자동차(주),넥쏘 (NEXO) 수소전기차,2022
2024-09-27,한국닛산(주),LEAF,2019
2024-09-27,현대자동차(주),팰리세이드(PALISADE),2021
2024-09-27,현대자동차(주),아반떼(AVANTE),2021
2024-09-27,현대자동차(주),아반떼(AVANTE),2021
2024-09-27,비엠더블유코리아(주),BMW X4 xDrive20i,2021
2024-09-27,비엠더블유코리아(주),BMW 530i,2017
2024-09-27,현대자동차(주),싼타페 하이브리드(SANTAFE HYBRID),2024
2024-09-27,기아 주식회사,쏘렌토,2021
2024-09-27,현대자동차(주),GV80,2020
2024-09-27,메르세데스벤츠코리아(주),Mercedes-Benz GLB220,2021
2024-09-27,기아 주식회사,니로 하이브리드,2018
2024-09-27,기아 주식회사,K7,2020
2024-09-27,현대자동차(주),아반떼(AVANTE),2018
2024-09-27,폭스바겐그룹코리아 주식회사,ID.4 Pro,2023
2024-09-27,테슬라코리아 유한회사,Model Y Long Range,2021
2024-09-30,현대자동차(주),넥쏘 (NEXO) 수소전기차,2022
2024-09-30,현대자동차(주),싼타페 하이브리드(SANTAFE HYBRID),2024
2024-09-30,테슬라코리아 유한회사,Model Y Performance,2021
2024-09-30,기아 주식회사,K3,2019
2024-09-30,현대자동차(주),투싼 하이브리드(TUCSON HYBRID),2021
2024-09-30,한국지엠주식회사,올란도 1.6 디젤,2016
2024-09-30,폭스바겐그룹코리아 주식회사,Arteon 2.0 TDI,2019
2024-09-30,현대자동차(주),투싼 하이브리드(TUCSON HYBRID),2021
2024-09-30,한국지엠주식회사,올란도 1.6 디젤,2016
2024-09-30,기아 주식회사,K7,2020
2024-09-30,현대자동차(주),그랜저(GRANDEUR),2020
2024-09-30,현대자동차(주),싼타페(SANTAFE),2015
2024-09-30,한국지엠주식회사,올란도 2.0 LPG,2015
2024-09-30,현대자동차(주),G80,2022
2024-09-30,르노코리아(주),XM3,2020
2024-09-30,기아 주식회사,K7 하이브리드,2020
2024-09-30,기아 주식회사,K7 하이브리드,2020
2024-09-30,기아 주식회사,쏘렌토 하이브리드,2023
2024-09-30,기아 주식회사,봉고Ⅲ 1톤 EV,2021
2024-09-30,비엠더블유코리아(주),BMW 320i Touring,2024
2024-09-30,현대자동차(주),아이오닉6 (IONIQ6),2023
2024-09-30,폭스바겐그룹코리아 주식회사,ID.4 Pro,2023
2024-09-30,폭스바겐그룹코리아 주식회사,ID.4 Pro,2022
2024-09-30,기아 주식회사,K7,2020
2024-09-30,현대자동차(주),아이오닉5 (IONIQ5),2022
2024-09-30,기아 주식회사,K7,2020
2024-09-30,(주)한국쓰리축,한국쓰리축16톤윙바디,2023
2024-09-30,비엠더블유코리아(주),BMW X3 xDrive20i,2021
2024-09-30,현대자동차(주),G80,2023
2024-09-30,비엠더블유코리아(주),BMW M550d xDrive,2014
2024-09-30,르노코리아(주),QM3,2016
2024-09-30,비엠더블유코리아(주),BMW 420i Gran Coupe,2020
2024-09-30,폭스바겐그룹코리아 주식회사,ID.4 Pro,2023
2024-09-30,(주) 한국모터트레이딩,MTT890,2021
2024-09-30,기아 주식회사,EV9,2024
2024-09-30,스텔란티스코리아 주식회사,짚 랭글러 루비콘,2023
2024-09-30,현대자동차(주),G70 슈팅 브레이크(G70 SHOOTING BRAKE),2023
2024-09-30,르노코리아(주),XM3,2020
2024-09-30,현대자동차(주),싼타페(SANTAFE),2020
2024-09-30,비엠더블유코리아(주),BMW i4 eDrive40,2023
2024-09-30,기아 주식회사,K5 하이브리드,2020
2024-09-30,(주)재규어랜드로버코리아,더 뉴 레인지로버 스포츠 P360,2024
2024-09-30,스텔란티스코리아 주식회사,짚 랭글러 루비콘,2023
2024-09-30,기아 주식회사,K7 하이브리드,2019
2024-10-02,,GV70,2021
2024-10-02,현대자동차(주),포터Ⅱ하이냉동탑차 (PORTER Ⅱ),2024
2024-10-02,현대자동차(주),G80,2022
2024-10-02,기아 주식회사,K7,2020
2024-10-02,(주)재규어랜드로버코리아,디스커버리 TD6,2019
2024-10-02,기아 주식회사,K7,2020
2024-10-02,비엠더블유코리아(주),BMW 540i xDrive,2018
2024-10-02,현대자동차(주),캐스퍼 일렉트릭(CASPER Electric),2025
2024-10-02,기아 주식회사,쏘렌토,2021
2024-10-02,기아 주식회사,EV9,2024
2024-10-02,르노코리아(주),SM3,2013
2024-10-02,현대자동차(주),그랜저 하이브리드 (GRANDEUR HYBRID),2016
2024-10-02,한국지엠(주),CHEVROLET EQUINOX AWD,2022
2024-10-02,기아 주식회사,EV9,2024
2024-10-02,비엠더블유코리아(주),BMW 530i,2018
2024-10-02,한국지엠(주),CHEVROLET EQUINOX FWD,2018
2024-10-02,폭스바겐그룹코리아 주식회사,A6 2.0 TFSI quattro,2013
2024-10-02,기아 주식회사,K7 하이브리드,2021
2024-10-02,현대자동차(주),투싼 하이브리드(TUCSON HYBRID),2021
2024-10-02,메르세데스벤츠코리아(주),Mercedes-Benz EQA250,2023
2024-10-02,르노코리아(주),QM6,2017
2024-10-02,기아 주식회사,K7,2020
2024-10-02,기아 주식회사,K7,2020
2024-10-02,기아 주식회사,EV9,2024
2024-10-02,폭스바겐그룹코리아 주식회사,A6 45 TFSI quattro,2020
2024-10-02,기아 주식회사,K3,2019
2024-10-02,기아 주식회사,카니발,2016
2024-10-02,한국닛산(주),LEAF,2019
2024-10-02,비엠더블유코리아(주),BMW 520d xDrive M Sport Package,2019
2024-10-02,현대자동차(주),그랜저(GRANDEUR),2021
2024-10-02,현대자동차(주),팰리세이드(PALISADE),2021
2024-10-02,기아 주식회사,K3,2020
2024-10-02,기아 주식회사,K7,2020
2024-10-02,메르세데스벤츠코리아(주),Mercedes-Benz EQA250,2021
2024-10-02,현대자동차(주),투싼 하이브리드(TUCSON HYBRID),2022
2024-10-02,현대자동차(주),쏘나타(SONATA),2025
2024-10-02,현대자동차(주),그랜저(GRANDEUR),2011
2024-10-02,기아 주식회사,K7,2020
2024-10-02,한불모터스(주),Peugeot 508 GT 2.0 BlueHDi,2017
2024-10-02,(주)한성특장,한성맥쎈8.5톤카고,2023
2024-10-02,폭스바겐그룹코리아 주식회사,Arteon 2.0 TDI,2020
2024-10-02,현대자동차(주),그랜저(GRANDEUR),2012
2024-10-02,폭스바겐그룹코리아 주식회사,Arteon 2.0 TDI,2019
2024-10-02,기아 주식회사,K7 하이브리드,2020
2024-10-02,메르세데스벤츠코리아(주),Mercedes-Benz C 200,2024
2024-10-02,현대자동차(주),넥쏘 (NEXO) 수소전기차,2022
2024-10-02,현대자동차(주),넥쏘 (NEXO) 수소전기차,2022
2024-10-02,현대자동차(주),넥쏘 (NEXO) 수소전기차,2022
2024-10-02,기아 주식회사,니로 하이브리드,2021
2024-10-02,현대자동차(주),싼타페 하이브리드(SANTAFE HYBRID),2025
2024-10-02,폭스바겐그룹코리아 주식회사,Golf 2.0 TDI BMT,2015
2024-10-04,폭스바겐그룹코리아 주식회사,Arteon 2.0 TDI,2019
2024-10-04,현대자동차(주),아반떼(AVANTE),2017
2024-10-04,기아 주식회사,카니발,2017
2024-10-04,비엠더블유코리아(주),BMW 530i,2018
2024-10-04,테슬라코리아 유한회사,Model 3 Long Range,2020
2024-10-04,현대자동차(주),넥쏘 (NEXO) 수소전기차,2020
2024-10-04,현대자동차(주),그랜저(GRANDEUR),2014
2024-10-04,현대자동차(주),아이오닉 하이브리드(IONIQ HYBRID),2016
2024-10-04,기아 주식회사,쏘렌토 하이브리드,2024
2024-10-04,현대자동차(주),그랜저 하이브리드,2018
2024-10-04,기아 주식회사,K7,2021
2024-10-04,(주)재규어랜드로버코리아,디스커버리 TD6,2018
2024-10-04,기아 주식회사,쏘렌토 하이브리드,2021
2024-10-04,현대자동차(주),쏘나타 하이브리드 (SONATA HYBRID),2021
2024-10-04,기아 주식회사,카니발,2021
2024-10-04,비엠더블유코리아(주),BMW 520d,2018
2024-10-04,메르세데스벤츠코리아(주),E300,2017
2024-10-04,르노코리아(주),TWIZY,2020
2024-10-04,폭스바겐그룹코리아 주식회사,A6 40 TDI,2020
2024-10-04,비엠더블유코리아(주),BMW X3 xDrive20i,2021
2024-10-04,기아 주식회사,K7,2020
2024-10-04,현대자동차(주),싼타페 하이브리드(SANTAFE HYBRID),2024
2024-10-04,기아 주식회사,K7,2020
2024-10-04,폭스바겐그룹코리아 주식회사,ID.4 Pro,2022
2024-10-04,현대자동차(주),GV80,2022
2024-10-04,현대자동차(주),그랜저(GRANDEUR),2019
2024-10-04,기아 주식회사,K5 하이브리드,2020
2024-10-04,한국지엠주식회사,올란도 1.6 디젤,2016
2024-10-04,기아 주식회사,쏘렌토,2015
2024-10-04,폭스바겐그룹코리아 주식회사,ID.4 Pro,2023
2024-10-04,르노코리아(주),QM3,2015
2024-10-04,기아 주식회사,K5 하이브리드,2020
2024-10-04,현대자동차(주),투싼 하이브리드(TUCSON HYBRID),2021
2024-10-04,기아 주식회사,쏘울 전기차,2019
2024-10-04,기아 주식회사,K7,2020
2024-10-04,기아 주식회사,카니발,2019
2024-10-04,기아 주식회사,EV6,2023
2024-10-04,폭스바겐그룹코리아 주식회사,Golf 2.0TDI,2022
2024-10-04,기아 주식회사,K7,2020
2024-10-04,비엠더블유코리아(주),BMW X4 xDrive20i,2021
2024-10-04,현대자동차(주),투싼 하이브리드(TUCSON HYBRID),2021
2024-10-04,기아 주식회사,봉고Ⅲ 4륜구동,2023
2024-10-04,한국지엠주식회사,올란도 2.0 LPG,2015
2024-10-04,기아 주식회사,K3,2019
2024-10-04,기아 주식회사,쏘렌토 하이브리드,2021
2024-10-04,현대자동차(주),EQ900,2016
2024-10-04,한국토요타자동차(주),토요타 Camry,2018
2024-10-04,현대자동차(주),캐스퍼 일렉트릭(CASPER Electric),2025
2024-10-04,폭스바겐그룹코리아 주식회사,Arteon 2.0 TDI,2019
2024-10-04,현대자동차(주),쏘나타(SONATA),2016
2024-10-04,현대자동차(주),포터Ⅱ (PORTERⅡ),2025
2024-10-04,케이지모빌리티 주식회사(KG Mobility Corp.),토레스 EVX,2024
2024-10-07,기아 주식회사,K7,2020
2024-10-07,현대자동차(주),팰리세이드(PALISADE),2022
2024-10-07,현대자동차(주),넥쏘 (NEXO) 수소전기차,2022
2024-10-07,기아 주식회사,K7,2020
2024-10-07,현대자동차(주),쏘나타(SONATA),2024
2024-10-07,현대자동차(주),투싼 하이브리드(TUCSON HYBRID),2022
2024-10-07,현대자동차(주),넥쏘 (NEXO) 수소전기차,2022
2024-10-07,(주)재규어랜드로버코리아,디스커버리 D250,2022
2024-10-07,현대자동차(주),투싼(TUCSON),2017
2024-10-07,기아 주식회사,K7,2013
2024-10-07,기아 주식회사,쏘렌토,2018
2024-10-07,폭스바겐그룹코리아 주식회사,Arteon 2.0 TDI,2019
2024-10-07,현대자동차(주),넥쏘 (NEXO) 수소전기차,2020
2024-10-07,현대자동차(주),아이오닉5 (IONIQ5),2023
2024-10-07,기아 주식회사,쏘렌토 하이브리드,2021
2024-10-07,현대자동차(주),넥쏘 (NEXO) 수소전기차,2021
2024-10-07,기아 주식회사,K7,2020
2024-10-07,현대자동차(주),아이오닉5 (IONIQ5),2022
2024-10-07,테슬라코리아 유한회사,Model Y Long Range,2021
2024-10-07,현대자동차(주),포터Ⅱ (PORTERⅡ),2014
2024-10-07,한국닛산(주),Altima 2.5,2019
2024-10-07,한국지엠주식회사,트랙스 1.2 터보,2025
2024-10-07,한국닛산(주),ALTIMA 2.5,2017
2024-10-07,현대자동차(주),그랜저(GRANDEUR),2014
2024-10-07,현대자동차(주),GV80,2020
2024-10-07,폭스바겐그룹코리아 주식회사,Passat 2.0 TSI,2018
2024-10-07,메르세데스벤츠코리아(주),C350 e,2018
2024-10-07,케이지모빌리티 주식회사(KG Mobility Corp.),코란도스포츠,2018
2024-10-07,기아 주식회사,K7,2020
2024-10-07,현대자동차(주),그랜저(GRANDEUR),2023
2024-10-07,현대자동차(주),넥쏘 (NEXO) 수소전기차,2020
2024-10-07,한국지엠주식회사,트랙스 1.2 터보,2025
2024-10-07,기아 주식회사,K7,2016
2024-10-07,현대자동차(주),그랜저 하이브리드 (GRANDEUR HYBRID),2016
2024-10-08,DNU,서광특장차10톤카고,2023
2024-10-08,한국지엠주식회사,올란도 2.0 LPG,2013
2024-10-08,테슬라코리아 유한회사,Model 3 Long Range,2020
2024-10-08,현대자동차(주),아반떼(AVANTE),2019
2024-10-08,(주)에프엠케이,마세라티 기블리 디젤,2016
2024-10-08,한국지엠주식회사,올란도 2.0 LPG,2013
2024-10-08,기아 주식회사,K9,2015
2024-10-08,기아 주식회사,EV6,2022
2024-10-08,기아 주식회사,쏘렌토 하이브리드,2022
2024-10-08,현대자동차(주),그랜저(GRANDEUR),2018
2024-10-08,폭스바겐그룹코리아 주식회사,Tiguan 2.0 TDI,2020
2024-10-08,현대자동차(주),넥쏘 (NEXO) 수소전기차,2022
2024-10-08,타타대우상용차(주),더쎈윙바디,2024
2024-10-08,현대자동차(주),넥쏘 (NEXO) 수소전기차,2019
2024-10-08,폭스바겐그룹코리아 주식회사,ID.4 Pro,2022
2024-10-08,현대자동차(주),코나 일렉트릭 (KONA ELECTRIC),2019
2024-10-08,한국지엠주식회사,올란도 1.6 디젤,2016
2024-10-08,현대자동차(주),넥쏘 (NEXO) 수소전기차,2024
2024-10-08,현대자동차(주),그랜저(GRANDEUR),2012
2024-10-08,현대자동차(주),싼타페(SANTAFE),2025
2024-10-08,폭스바겐그룹코리아 주식회사,ID.4 Pro,2022
2024-10-08,대전기계공업(주),Z1000SX,2018
2024-10-08,에스씨미디어 주식회사,에스씨미디어마스터캠핑카,2022
2024-10-08,기아 주식회사,K8,2023
2024-10-08,기아 주식회사,K7,2020
2024-10-08,한국지엠주식회사,올란도 1.6 디젤,2016
2024-10-08,기아 주식회사,K7,2020
2024-10-08,한국지엠주식회사,올란도 1.6 디젤,2017
2024-10-08,기아 주식회사,EV9,2024
2024-10-08,폭스바겐그룹코리아 주식회사,Jetta,2023
2024-10-08,한국지엠주식회사,올란도 1.6 디젤,2016
2024-10-08,기아 주식회사,K3,2019
2024-10-08,메르세데스벤츠코리아(주),E220 CDI,2011
2024-10-08,기아 주식회사,K3,2019
2024-10-08,현대자동차(주),싼타페 하이브리드(SANTAFE HYBRID),2024
2024-10-08,혼다코리아(주),ODYSSEY,2019
2024-10-10,테슬라코리아 유한회사,Model X AWD,2023
2024-10-10,비엠더블유코리아(주),BMW iX3 M Sport,2022
2024-10-10,현대자동차(주),아이오닉5 (IONIQ5),2022
2024-10-10,현대자동차(주),아이오닉5 (IONIQ5),2022
2024-10-10,현대자동차(주),그랜저(GRANDEUR),2012
2024-10-10,(주)재규어랜드로버코리아,디스커버리 TD6,2019
2024-10-10,기아 주식회사,카니발,2015
2024-10-10,DNU,서광특장차10톤카고,2023
2024-10-10,현대자동차(주),포터Ⅱ (PORTERⅡ),2024
2024-10-10,기아 주식회사,K7,2020
2024-10-10,기아 주식회사,카니발 리무진,2021
2024-10-10,기아 주식회사,카니발,2015
2024-10-10,한국지엠주식회사,올란도 2.0 LPG,2012
2024-10-10,현대자동차(주),아반떼(AVANTE),2016
2024-10-10,기아 주식회사,K3,2020
2024-10-10,비엠더블유코리아(주),BMW 520i Luxury,2020
2024-10-10,케이지모빌리티 주식회사(KG Mobility Corp.),G4 렉스턴,2018
2024-10-10,비엠더블유코리아(주),BMW 530i xDrive,2018
2024-10-10,메르세데스벤츠코리아(주),Mercedes-AMG GLB35 4MATIC,2023
2024-10-10,비엠더블유코리아(주),BMW X4 xDrive20i,2021
2024-10-10,현대자동차(주),제네시스 쿠페(GENESIS Coupe),2011
2024-10-10,현대자동차(주),아이오닉5 (IONIQ5),2022
2024-10-10,기아 주식회사,K3,2019
2024-10-10,한국닛산(주),LEAF,2019
2024-10-10,기아 주식회사,K5 하이브리드,2020
2024-10-10,테슬라코리아 유한회사,Model X Plaid,2023
2024-10-10,비엠더블유코리아(주),BMW X4 xDrive20i,2021
2024-10-10,현대자동차(주),투싼 하이브리드(TUCSON HYBRID),2023
2024-10-10,폭스바겐그룹코리아 주식회사,Arteon 2.0 TDI,2019
2024-10-10,기아 주식회사,카니발 리무진,2020
2024-10-10,테슬라코리아 유한회사,Model X AWD,2023
2024-10-10,기아 주식회사,K3,2019
2024-10-10,현대자동차(주),그랜저(GRANDEUR),2012
2024-10-10,기아 주식회사,EV9,2024
2024-10-10,현대자동차(주),그랜저(GRANDEUR),2016
2024-10-10,기아 주식회사,EV9,2024
2024-10-10,현대자동차(주),쏘나타(SONATA),2020
2024-10-10,기아 주식회사,K3,2019
2024-10-10,현대자동차(주),아이오닉 일렉트릭(IONIQ ELECTRIC),2020
2024-10-11,현대자동차(주),아반떼(AVANTE),2019
2024-10-11,(주)재규어랜드로버코리아,디스커버리 스포츠 2.0D,2016
2024-10-11,현대자동차(주),싼타페(SANTAFE),2013
2024-10-11,기아 주식회사,스포티지,2023
2024-10-11,현대자동차(주),넥쏘 (NEXO) 수소전기차,2021
2024-10-11,기아 주식회사,K7,2020
2024-10-11,비엠더블유코리아(주),BMW X4 xDrive20d,2021
2024-10-11,한국지엠주식회사,캡티바 2.0D 디젤,2014
2024-10-11,기아 주식회사,K7,2020
2024-10-11,르노코리아(주),SM5 D,2015
2024-10-11,현대자동차(주),넥쏘 (NEXO) 수소전기차,2024
2024-10-11,현대자동차(주),넥쏘 (NEXO) 수소전기차,2023
2024-10-11,기아 주식회사,쏘렌토 하이브리드,2023
2024-10-11,현대자동차(주),넥쏘 (NEXO) 수소전기차,2024
2024-10-11,현대자동차(주),코나 일렉트릭 (KONA ELECTRIC),2019
2024-10-11,현대자동차(주),투싼(TUCSON),2017
2024-10-11,기아 주식회사,봉고Ⅲ 1톤,2024
2024-10-11,기아 주식회사,봉고Ⅲ 1톤,2024
2024-10-11,현대자동차(주),넥쏘 (NEXO) 수소전기차,2022
2024-10-11,기아 주식회사,쏘렌토 하이브리드,2024
2024-10-11,폭스바겐그룹코리아 주식회사,Jetta 1.4 TSI,2021
2024-10-11,한국지엠주식회사,올란도 1.6 디젤,2016
2024-10-11,한국지엠주식회사,올란도 1.6 디젤,2016
2024-10-11,현대자동차(주),투싼 하이브리드(TUCSON HYBRID),2021
2024-10-11,비엠더블유코리아(주),BMW X4 xDrive20i,2021
2024-10-11,비엠더블유코리아(주),BMW 118d M Sport Package,2020
2024-10-11,기아 주식회사,K3,2020
2024-10-11,비엠더블유코리아(주),BMW 320d Gran Turismo,2018
2024-10-11,한국지엠(주),CHEVROLET BOLT EV,2018
2024-10-11,현대자동차(주),그랜저(GRANDEUR),2022
2024-10-11,현대자동차(주),투싼(TUCSON),2019
2024-10-14,기아 주식회사,K3,2019
2024-10-14,기아 주식회사,니로 EV,2022
2024-10-14,폭스바겐그룹코리아 주식회사,Tiguan Allspace 2.0 TDI,2018
2024-10-14,기아 주식회사,K7,2020
2024-10-14,기아 주식회사,카니발,2021
2024-10-14,기아 주식회사,스팅어,2019
2024-10-14,폭스바겐그룹코리아 주식회사,Tiguan 2.0 TDI 4Motion,2018
2024-10-14,기아 주식회사,K3,2019
2024-10-14,한국지엠주식회사,올란도 1.6 디젤,2016
2024-10-14,기아 주식회사,카니발 리무진,2019
2024-10-14,현대자동차(주),싼타페(SANTAFE),2013
2024-10-14,한국지엠주식회사,올란도 2.0 LPG,2015
2024-10-14,기아 주식회사,쏘렌토 하이브리드,2021
2024-10-14,한국지엠주식회사,올란도 2.0 LPG,2016
2024-10-14,메르세데스벤츠코리아(주),벤츠 A220 Sedan,2020
2024-10-14,한국닛산(주),LEAF,2019
2024-10-14,한국토요타자동차(주),토요타 Camry,2018
2024-10-14,(주)재규어랜드로버코리아,재규어 XK 5.0,2010
2024-10-14,폭스바겐그룹코리아 주식회사,A6 40 TDI,2020
2024-10-14,포드세일즈서비스코리아(유),Explorer 2.3,2020
2024-10-14,현대자동차(주),그랜저 하이브리드(GRANDEUR HYBRID),2020
2024-10-14,자기인증면제차량,BMW 328i,2013
2024-10-14,비엠더블유코리아(주),BMW X3 xDrive20i,2021
2024-10-14,혼다코리아(주),ACCORD HYBRID,2018
2024-10-14,기아 주식회사,쏘렌토,2019
2024-10-14,기아 주식회사,카니발 리무진,2023
2024-10-14,한국지엠주식회사,올란도 2.0 LPG,2013
2024-10-14,현대자동차(주),싼타페(SANTAFE),2020
2024-10-14,메르세데스벤츠코리아(주),E350 Coupe,2011
2024-10-14,메리트특장차주식회사,메리트8.5톤트럭,2024
2024-10-14,현대자동차(주),투싼(TUCSON),2016
2024-10-14,기아 주식회사,K5 하이브리드,2020
2024-10-14,(주)볼보자동차코리아,볼보 XC90D5 AWD,2018
2024-10-14,현대자동차(주),넥쏘 (NEXO) 수소전기차,2021
2024-10-14,기아 주식회사,스포티지 하이브리드,2022
2024-10-14,기아 주식회사,K3,2019
2024-10-15,메르세데스벤츠코리아(주),E200,2017
2024-10-15,기아 주식회사,K8,2022
2024-10-15,한국지엠주식회사,올란도 1.6 디젤,2016
2024-10-15,폭스바겐그룹코리아 주식회사,Arteon 2.0 TDI,2019
2024-10-15,현대자동차(주),넥쏘 (NEXO) 수소전기차,2020
2024-10-15,현대자동차(주),싼타페(SANTAFE),2024
2024-10-15,현대자동차(주),넥쏘 (NEXO) 수소전기차,2020
2024-10-15,비엠더블유코리아(주),BMW 530i xDrive,2018
2024-10-15,현대자동차(주),넥쏘 (NEXO) 수소전기차,2023
2024-10-15,현대자동차(주),넥쏘 (NEXO) 수소전기차,2022
2024-10-15,비엠더블유코리아(주),BMW 530i xDrive,2024
2024-10-15,현대자동차(주),그랜드 스타렉스(GRAND STAREX),2017
2024-10-15,테슬라코리아 유한회사,Model 3 Long Range,2022
2024-10-15,기아 주식회사,K9,2014
2024-10-15,한국지엠주식회사,올란도 1.6 디젤,2017
2024-10-15,기아 주식회사,K7,2020
2024-10-15,테슬라코리아 유한회사,Model X AWD,2023
2024-10-15,현대자동차(주),그랜저(GRANDEUR),2020
2024-10-15,한국지엠(주),CHEVROLET EQUINOX FWD,2019
2024-10-15,한국지엠(주),CHEVROLET EQUINOX FWD,2018
2024-10-15,기아 주식회사,K3,2020
2024-10-15,기아 주식회사,EV9,2024
2024-10-15,기아 주식회사,K8,2023
2024-10-15,폭스바겐그룹코리아 주식회사,A6 40 TDI,2020
2024-10-15,메르세데스벤츠코리아(주),E200,2018
2024-10-15,비엠더블유코리아(주),BMW 730d xDrive WLTP,2018
2024-10-15,현대자동차(주),그랜저(GRANDEUR),2020
2024-10-15,기아 주식회사,스포티지,2022
2024-10-15,현대자동차(주),넥쏘 (NEXO) 수소전기차,2022
2024-10-15,한국지엠주식회사,올란도 2.0 LPG,2015
2024-10-15,현대자동차(주),투싼 하이브리드(TUCSON HYBRID),2021
2024-10-15,메르세데스벤츠코리아(주),벤츠 GLE450 4Matic,2019
2024-10-15,현대자동차(주),투싼 하이브리드(TUCSON HYBRID),2022
2024-10-15,한국지엠주식회사,올란도 2.0 LPG,2012
2024-10-15,현대자동차(주),아반떼 (AVANTE),2014
2024-10-15,기아 주식회사,니로 EV,2019
2024-10-15,현대자동차(주),넥쏘 (NEXO) 수소전기차,2020
2024-10-15,폭스바겐그룹코리아 주식회사,A6 40 TDI,2020
2024-10-15,현대자동차(주),넥쏘 (NEXO) 수소전기차,2022
2024-10-15,비바모빌리티 주식회사,젤라,2022
2024-10-15,테슬라코리아 유한회사,Model X AWD,2023
2024-10-15,현대자동차(주),쏘나타(SONATA),2015
2024-10-15,현대자동차(주),아반떼(AVANTE),2021
2024-10-15,현대자동차(주),투싼 하이브리드(TUCSON HYBRID),2021
2024-10-16,르노코리아(주),SM3,2010
2024-10-16,주식회사 한중특장,한중8.5톤카고,2024
2024-10-16,현대자동차(주),그랜저(GRANDEUR),2020
2024-10-16,현대자동차(주),그랜저(GRANDEUR),2020
2024-10-16,기아 주식회사,K7,2020
2024-10-16,현대자동차(주),그랜저 하이브리드(GRANDEUR HYBRID),2020
2024-10-16,기아 주식회사,K3,2019
2024-10-16,기아 주식회사,K3,2019
2024-10-16,현대자동차(주),아이오닉5 (IONIQ5),2023
2024-10-16,현대자동차(주),넥쏘 (NEXO) 수소전기차,2021
2024-10-16,한국지엠주식회사,올란도 2.0 LPG,2013
2024-10-16,현대자동차(주),그랜저(GRANDEUR),2014
2024-10-16,현대자동차(주),그랜저(GRANDEUR),2020
2024-10-16,현대자동차(주),i30,2014
2024-10-16,기아 주식회사,K7,2020
2024-10-16,현대자동차(주),그랜저(GRANDEUR),2020
2024-10-16,기아 주식회사,EV9,2024
2024-10-16,기아 주식회사,카니발,2020
2024-10-16,기아 주식회사,K7,2020
2024-10-16,기아 주식회사,카니발,2019
2024-10-16,한국지엠주식회사,말리부 1.5 TURBO,2017
2024-10-16,한국닛산(주),LEAF,2019
2024-10-16,현대자동차(주),포터Ⅱ (PORTERⅡ),2024
2024-10-16,(주)볼보자동차코리아,볼보 C40 Recharge Twin,2022
2024-10-16,폭스바겐그룹코리아 주식회사,ID.4 Pro,2022
2024-10-16,비엠더블유코리아(주),BMW 528i,2013
2024-10-16,테슬라코리아 유한회사,Model 3 Long Range,2020
2024-10-16,테슬라코리아 유한회사,Model 3 Long Range,2020
2024-10-16,현대자동차(주),그랜저 하이브리드(GRANDEUR HYBRID),2023
2024-10-16,기아 주식회사,스팅어,2021
2024-10-16,르노코리아(주),SM6,2016
2024-10-16,르노코리아(주),SM6,2016
2024-10-17,폭스바겐그룹코리아 주식회사,Q4 e-tron 40,2022
2024-10-17,현대자동차(주),쏘나타(SONATA),2020
2024-10-17,기아 주식회사,K3,2015
2024-10-17,현대자동차(주),싼타페 하이브리드(SANTAFE HYBRID),2024
2024-10-17,기아 주식회사,카니발,2020
2024-10-17,기아 주식회사,카니발,2019
2024-10-17,기아 주식회사,카니발,2020
2024-10-17,한국닛산(주),LEAF,2019
2024-10-17,비엠더블유코리아(주),MINI Cooper D,2012
2024-10-17,(주)재규어랜드로버코리아,디스커버리 TD6,2019
2024-10-17,기아 주식회사,K8 하이브리드,2022
2024-10-17,현대자동차(주),GV80,2024
2024-10-17,테슬라코리아 유한회사,Model Y Long Range,2024
2024-10-17,폭스바겐그룹코리아 주식회사,ID.4 Pro,2023
2024-10-17,(주)재규어랜드로버코리아,디스커버리 SD4,2017
2024-10-17,테슬라코리아 유한회사,Model 3 Standard Range Plus RWD,2020
2024-10-17,비엠더블유코리아(주),BMW iX1 xDrive30,2023
2024-10-17,(주)볼보자동차코리아,볼보 XC40B4 AWD,2025
2024-10-17,현대자동차(주),넥쏘 (NEXO) 수소전기차,2023
2024-10-17,테슬라코리아 유한회사,Model 3 RWD,2024
2024-10-17,한국지엠주식회사,스파크 1.0,2016
2024-10-17,현대자동차(주),투싼 하이브리드(TUCSON HYBRID),2024
2024-10-17,현대자동차(주),그랜저(GRANDEUR),2020
2024-10-17,폭스바겐그룹코리아 주식회사,Arteon 2.0 TDI,2020
2024-10-17,한국지엠주식회사,크루즈 1.8 DOHC,2016
2024-10-17,기아 주식회사,K9,2019
2024-10-17,기아 주식회사,쏘렌토 하이브리드,2025
2024-10-17,테슬라코리아 유한회사,Model 3 Long Range,2021
2024-10-17,현대자동차(주),아반떼(AVANTE),2018
2024-10-17,현대자동차(주),아반떼 하이브리드(AVANTE HYBRID),2012
2024-10-17,한국닛산(주),ALTIMA 2.5,2018
2024-10-17,비엠더블유코리아(주),BMW R 18,2022
2024-10-17,한국지엠(주),CHEVROLET EQUINOX FWD,2019
2024-10-17,비엠더블유코리아(주),BMW i4 eDrive40,2022
2024-10-17,현대자동차(주),쏘나타 (SONATA),2011
2024-10-17,비엠더블유코리아(주),BMW 630d xDrive,2021
2024-10-17,현대자동차(주),코나 하이브리드(KONA HYBRID),2020
2024-10-17,기아 주식회사,K8,2023
2024-10-17,메르세데스벤츠코리아(주),Mercedes-Benz E 300 4MATIC,2024
2024-10-18,EG8,토마토특장3.5톤윙바디트럭,2024
2024-10-18,르노코리아(주),KOLEOS Hybrid(콜레오스 하이브리드),2025
2024-10-18,기아 주식회사,쏘렌토 하이브리드,2021
2024-10-18,한국지엠(주),CHEVROLET COLORADO AWD,2021
2024-10-18,비엠더블유코리아(주),BMW 420d Coupe,2014
2024-10-18,현대자동차(주),아반떼 Hybrid(AVANTE Hybrid),2024
2024-10-18,기아 주식회사,카니발,2021
2024-10-18,폭스바겐그룹코리아 주식회사,A6 40 TDI,2020
2024-10-18,스텔란티스코리아 주식회사,짚 컴패스 2.4,2019
2024-10-18,테슬라코리아 유한회사,Model X AWD,2023
2024-10-18,현대자동차(주),싼타페 하이브리드(SANTAFE HYBRID),2024
2024-10-18,테슬라코리아 유한회사,Model 3 Long Range,2021
2024-10-18,현대자동차(주),투싼 하이브리드(TUCSON HYBRID),2021
2024-10-18,현대자동차(주),i40,2012
2024-10-18,한국토요타자동차(주),토요타 Camry,2018
2024-10-18,비엠더블유코리아(주),BMW M340i,2024
2024-10-18,현대자동차(주),그랜저(GRANDEUR),2020
2024-10-18,현대자동차(주),그랜저(GRANDEUR),2020
2024-10-18,현대자동차(주),싼타페 하이브리드(SANTAFE HYBRID),2024
2024-10-18,폭스바겐그룹코리아 주식회사,ID.4 Pro,2022
2024-10-18,현대자동차(주),넥쏘 (NEXO) 수소전기차,2020
2024-10-18,현대자동차(주),싼타페 하이브리드(SANTAFE HYBRID),2024
2024-10-18,케이지모빌리티 주식회사(KG Mobility Corp.),토레스,2023
2024-10-18,한국지엠주식회사,올란도 2.0 LPG,2014
2024-10-18,한국지엠주식회사,말리부 2.0 TURBO,2017
2024-10-18,기아 주식회사,K5 하이브리드,2020
2024-10-18,현대자동차(주),싼타페 하이브리드(SANTAFE HYBRID),2024
2024-10-18,현대자동차(주),캐스퍼(CASPER),2024
2024-10-18,한국지엠주식회사,올란도 1.6 디젤,2016
2024-10-18,기아 주식회사,카니발,2019
2024-10-18,현대자동차(주),싼타페 하이브리드(SANTAFE HYBRID),2024
2024-10-18,비엠더블유코리아(주),BMW X4 xDrive20i,2021
2024-10-18,현대자동차(주),쏘나타 하이브리드 (SONATA HYBRID),2021
2024-10-18,기아 주식회사,K5 하이브리드,2020
2024-10-18,현대자동차(주),그랜저(GRANDEUR),2021
2024-10-18,케이지모빌리티 주식회사(KG Mobility Corp.),렉스턴,2024
2024-10-18,르노코리아(주),SM6,2016
2024-10-18,테슬라코리아 유한회사,Model Y Long Range,2021
2024-10-18,기아 주식회사,카니발 리무진,2021
2024-10-18,비엠더블유코리아(주),BMW X4 xDrive20i,2021
2024-10-18,현대자동차(주),투싼(TUCSON),2024
2024-10-18,(주)재규어랜드로버코리아,레인지로버 이보크 2.0D,2016
2024-10-18,(주)재규어랜드로버코리아,디펜더 110 D240,2020
2024-10-18,현대자동차(주),아반떼 (AVANTE),2013
2024-10-18,르노코리아(주),QM6,2019
2024-10-18,현대자동차(주),넥쏘 (NEXO) 수소전기차,2022
2024-10-18,기아 주식회사,K7,2020
2024-10-18,폭스바겐그룹코리아 주식회사,A6 45 TDI quattro,2021
2024-10-18,메르세데스벤츠코리아(주),Mercedes-Benz C 300 4MATIC,2024
2024-10-18,메르세데스벤츠코리아(주),S350 BlueTEC L,2014
2024-10-18,비엠더블유코리아(주),BMW 530i,2018
2024-10-18,기아 주식회사,K3,2020
2024-10-18,한국지엠주식회사,올란도 1.6 디젤,2016
2024-10-21,테슬라코리아 유한회사,Model 3 Performance,2020
2024-10-21,현대자동차(주),아반떼(AVANTE),2008
2024-10-21,폭스바겐그룹코리아 주식회사,Arteon 2.0 TDI,2019
2024-10-21,현대자동차(주),싼타페(SANTAFE),2013
2024-10-21,한국지엠주식회사,올란도 1.6 디젤,2016
2024-10-21,폭스바겐그룹코리아 주식회사,Arteon 2.0 TDI,2019
2024-10-21,현대자동차(주),넥쏘 (NEXO) 수소전기차,2021
2024-10-21,현대자동차(주),넥쏘 (NEXO) 수소전기차,2021
2024-10-21,기아 주식회사,카니발,2025
2024-10-21,한국지엠주식회사,올란도 2.0 LPG,2015
2024-10-21,현대자동차(주),그랜저 하이브리드(GRANDEUR HYBRID),2021
2024-10-21,케이알모터스 주식회사,GRANTUS,2019
2024-10-21,기아 주식회사,쏘울 전기차,2019
2024-10-21,한국닛산(주),LEAF,2019
2024-10-21,기아 주식회사,K5,2024
2024-10-21,기아 주식회사,쏘렌토,2018
2024-10-21,한국지엠주식회사,올란도 2.0 LPG,2012
2024-10-21,폭스바겐그룹코리아 주식회사,ID.4 Pro,2023
2024-10-21,기아 주식회사,K3,2019
2024-10-21,한국닛산(주),LEAF,2019
2024-10-21,한국지엠주식회사,올란도 2.0 LPG,2013
2024-10-21,케이지모빌리티 주식회사(KG Mobility Corp.),토레스,2025
2024-10-21,비엠더블유코리아(주),BMW X3 xDrive20i Luxury,2020
2024-10-21,테슬라코리아 유한회사,Model 3 Long Range,2024
2024-10-21,기아 주식회사,쏘렌토,2018
2024-10-21,한불모터스(주),Peugeot 5008 GT 2.0 BlueHDi,2018
2024-10-21,한국닛산(주),LEAF,2019
2024-10-21,현대자동차(주),넥쏘 (NEXO) 수소전기차,2022
2024-10-21,현대자동차(주),싼타페 하이브리드(SANTAFE HYBRID),2024
2024-10-21,비엠더블유코리아(주),BMW 320i Touring,2024
2024-10-21,(주)재규어랜드로버코리아,디스커버리 TD6,2018
2024-10-21,포드세일즈서비스코리아(유),익스플로러,2015
2024-10-21,비엠더블유코리아(주),BMW iX3 M Sport,2024
2024-10-21,비엠더블유코리아(주),BMW 320i Touring,2024
2024-10-21,현대자동차(주),투싼(TUCSON),2019
2024-10-21,기아 주식회사,K5 하이브리드,2020
2024-10-21,현대자동차(주),그랜저 하이브리드(GRANDEUR HYBRID),2023
2024-10-21,한국토요타자동차(주),렉서스 ES300h,2023
2024-10-21,기아 주식회사,쏘렌토 하이브리드,2021
2024-10-21,한국닛산(주),LEAF,2019
2024-10-21,기아 주식회사,K9,2013
2024-10-21,기아 주식회사,EV6,2022
2024-10-22,현대자동차(주),넥쏘 (NEXO) 수소전기차,2023
2024-10-22,비엠더블유코리아(주),BMW 520i,2024
2024-10-22,기아 주식회사,카니발,2021
2024-10-22,기아 주식회사,카니발,2019
2024-10-22,기아 주식회사,K7,2020
2024-10-22,기아 주식회사,K7,2020
2024-10-22,현대자동차(주),캐스퍼 일렉트릭(CASPER Electric),2025
2024-10-22,현대자동차(주),캐스퍼 일렉트릭(CASPER Electric),2025
2024-10-22,현대자동차(주),캐스퍼 일렉트릭(CASPER Electric),2025
2024-10-22,비엠더블유코리아(주),BMW 530i,2017
2024-10-22,기아 주식회사,K3,2019
2024-10-22,기아 주식회사,레이,2016
2024-10-22,메르세데스벤츠코리아(주),E220 d 4Matic,2018
2024-10-22,현대자동차(주),i40,2015
2024-10-22,기아 주식회사,카니발 리무진,2017
2024-10-22,포드세일즈서비스코리아(유),Lincoln MKX 2.7 AWD,2017
2024-10-22,기아 주식회사,EV9,2024
2024-10-22,현대자동차(주),그랜저(GRANDEUR),2020
2024-10-22,기아 주식회사,K3,2020
2024-10-22,기아 주식회사,니로 EV,2019
2024-10-22,기아 주식회사,K3,2019
2024-10-22,기아 주식회사,쏘렌토 하이브리드,2022
2024-10-22,폭스바겐그룹코리아 주식회사,Arteon 2.0 TDI,2019
2024-10-22,현대자동차(주),쏘나타(SONATA),2020
2024-10-22,한국지엠주식회사,올란도 2.0 LPG,2012
2024-10-22,폭스바겐그룹코리아 주식회사,Tiguan 2.0 TDI,2020
2024-10-22,비엠더블유코리아(주),BMW X4 xDrive20i,2021
2024-10-22,폭스바겐그룹코리아 주식회사,ID.4 Pro,2022
2024-10-22,기아 주식회사,K5 하이브리드,2020
2024-10-22,현대자동차(주),그랜저(GRANDEUR),2020
2024-10-22,현대자동차(주),팰리세이드(PALISADE),2024
2024-10-22,한국닛산(주),LEAF,2019
2024-10-22,현대자동차(주),넥쏘 (NEXO) 수소전기차,2022
2024-10-22,기아 주식회사,K8 하이브리드,2025
2024-10-23,기아 주식회사,쏘렌토 하이브리드,2024
2024-10-23,기아 주식회사,쏘렌토 하이브리드,2022
2024-10-23,비엠더블유코리아(주),BMW X3 xDrive30e,2021
2024-10-23,메르세데스벤츠코리아(주),Mercedes-Benz CLS300 d 4MATIC,2023
2024-10-23,현대자동차(주),그랜저 하이브리드(GRANDEUR HYBRID),2023
2024-10-23,한국지엠주식회사,올란도 1.6 디젤,2016
2024-10-23,폭스바겐그룹코리아 주식회사,Tiguan 2.0 TDI 4Motion,2018
2024-10-23,기아 주식회사,쏘렌토,2018
2024-10-23,한국닛산(주),LEAF,2019
2024-10-23,테슬라코리아 유한회사,Model Y Long Range,2021
2024-10-23,현대자동차(주),쏘나타(SONATA),2022
2024-10-23,기아 주식회사,K7,2020
2024-10-23,현대자동차(주),싼타페(SANTAFE),2024
2024-10-23,기아 주식회사,K5 하이브리드,2020
2024-10-23,기아 주식회사,카니발 리무진,2021
2024-10-23,현대자동차(주),넥쏘 (NEXO) 수소전기차,2022
2024-10-23,한국지엠주식회사,알페온2.4DOHC,2011
2024-10-23,현대자동차(주),제네시스(GENESIS),2016
2024-10-23,(주)재규어랜드로버코리아,디스커버리4 3.0D,2015
2024-10-23,기아 주식회사,EV9,2024
2024-10-23,기아 주식회사,K7,2020
2024-10-23,케이지모빌리티 주식회사(KG Mobility Corp.),토레스 EVX,2024
2024-10-23,르노코리아(주),SM3,2010
2024-10-23,기아 주식회사,카니발,2019
2024-10-23,폭스바겐그룹코리아 주식회사,ID.4 Pro,2022
2024-10-23,기아 주식회사,K7,2020
2024-10-23,현대자동차(주),싼타페 하이브리드(SANTAFE HYBRID),2024
2024-10-23,포르쉐코리아 주식회사,카이엔 터보 COUPE (5인승),2021
2024-10-23,현대자동차(주),스타리아 라운지 (STARIA LOUNGE),2022
2024-10-23,기아 주식회사,쏘렌토,2018
2024-10-23,폭스바겐그룹코리아 주식회사,Tiguan 2.0 TDI,2020
2024-10-23,기아 주식회사,K7,2020
2024-10-23,현대자동차(주),아반떼(AVANTE),2019
2024-10-24,비엠더블유코리아(주),BMW 520d,2017
2024-10-24,(주)볼보자동차코리아,볼보 V60CCT5 AWD,2019
2024-10-24,기아 주식회사,K8 하이브리드,2024
2024-10-24,현대자동차(주),싼타페 하이브리드(SANTAFE HYBRID),2024
2024-10-24,현대자동차(주),싼타페 하이브리드(SANTAFE HYBRID),2024
2024-10-24,르노코리아(주),SM6,2016
2024-10-24,현대자동차(주),싼타페 하이브리드(SANTAFE HYBRID),2024
2024-10-24,현대자동차(주),넥쏘 (NEXO) 수소전기차,2019
2024-10-24,테슬라코리아 유한회사,Model 3 Long Range,2021
2024-10-24,현대자동차(주),아이오닉 일렉트릭(IONIQ ELECTRIC),2020
2024-10-24,기아 주식회사,K8 하이브리드,2023
2024-10-24,비엠더블유코리아(주),BMW X4 xDrive20i,2021
2024-10-24,기아 주식회사,K5 하이브리드,2020
2024-10-24,비엠더블유코리아(주),BMW 620d,2021
2024-10-24,기아 주식회사,쏘렌토,2021
2024-10-24,현대자동차(주),싼타페 하이브리드(SANTAFE HYBRID),2024
2024-10-24,비엠더블유코리아(주),BMW X4 xDrive20i,2021
2024-10-24,기아 주식회사,카니발,2022
2024-10-24,테슬라코리아 유한회사,Model 3 RWD,2024
2024-10-24,테슬라코리아 유한회사,Model 3 RWD,2024
2024-10-24,케이지모빌리티 주식회사(KG Mobility Corp.),G4 렉스턴,2020
2024-10-24,비엠더블유코리아(주),BMW X4 xDrive20i,2021
2024-10-24,폭스바겐그룹코리아 주식회사,Arteon 2.0 TDI,2019
2024-10-24,현대자동차(주),G80,2022
2024-10-24,현대자동차(주),싼타페 하이브리드(SANTAFE HYBRID),2024
2024-10-24,비엠더블유코리아(주),BMW iX3 M Sport,2024
2024-10-24,기아 주식회사,카니발 리무진,2023
2024-10-24,현대자동차(주),G80,2022
2024-10-24,기아 주식회사,쏘렌토,2020
2024-10-25,비엠더블유코리아(주),BMW 520d M Sport Package,2020
2024-10-25,한국상용트럭(주),한국상용26.5톤카고트럭,2025
2024-10-25,현대자동차(주),쏘나타 하이브리드 (SONATA HYBRID),2020
2024-10-25,(주)재규어랜드로버코리아,재규어 I-PACE EV400,2019
2024-10-25,폭스바겐그룹코리아 주식회사,Tiguan 2.0 TDI,2018
2024-10-25,기아 주식회사,쏘렌토,2021
2024-10-25,현대자동차(주),그랜저(GRANDEUR),2014
2024-10-25,현대자동차(주),넥쏘 (NEXO) 수소전기차,2022
2024-10-25,현대자동차(주),i30,2010
2024-10-25,테슬라코리아 유한회사,Model 3 Long Range,2021
2024-10-25,현대자동차(주),아반떼(AVANTE),2017
2024-10-25,기아 주식회사,쏘렌토 하이브리드,2024
2024-10-25,(주) 한국모터트레이딩,MTM890,2022
2024-10-25,기아 주식회사,카니발,2018
2024-10-25,기아 주식회사,K7,2020
2024-10-25,현대자동차(주),쏘나타 (SONATA),2011
2024-10-25,기아 주식회사,K5,2020
2024-10-25,현대자동차(주),넥쏘 (NEXO) 수소전기차,2022
2024-10-25,폭스바겐그룹코리아 주식회사,ID.4 Pro,2022
2024-10-25,비엠더블유코리아(주),BMW 320i,2024
2024-10-25,폭스바겐그룹코리아 주식회사,Q4 e-tron 40,2022
2024-10-25,(주)볼보자동차코리아,볼보 V40CCD3,2019
2024-10-25,기아 주식회사,스팅어,2019
2024-10-28,기아 주식회사,스포티지,2023
2024-10-28,현대자동차(주),그랜저(GRANDEUR),2014
2024-10-28,기아 주식회사,K7,2020
2024-10-28,현대자동차(주),팰리세이드(PALISADE),2021
2024-10-28,현대자동차(주),싼타페 하이브리드(SANTAFE HYBRID),2025
2024-10-28,비엠더블유코리아(주),BMW 520d xDrive,2018
2024-10-28,(주)재규어랜드로버코리아,디스커버리 D250,2022
2024-10-28,기아 주식회사,모닝,2009
2024-10-28,르노코리아(주),QM6,2024
2024-10-28,비엠더블유코리아(주),BMW X3 xDrive20i,2021
2024-10-28,현대자동차(주),그랜저 하이브리드(GRANDEUR HYBRID),2020
2024-10-28,폭스바겐그룹코리아 주식회사,Q4 e-tron 40,2022
2024-10-28,(주)재규어랜드로버코리아,디스커버리 TD6,2017
2024-10-28,현대자동차(주),그랜저(GRANDEUR),2016
2024-10-28,한국지엠주식회사,말리부 1.5 TURBO,2017
2024-10-28,기아 주식회사,EV9,2024
2024-10-28,폭스바겐그룹코리아 주식회사,Q4 e-tron 40,2022
2024-10-28,기아 주식회사,니로 하이브리드,2021
2024-10-28,테슬라코리아 유한회사,Model 3 RWD,2024
2024-10-28,현대자동차(주),아반떼(AVANTE),2020
2024-10-28,현대자동차(주),아반떼(AVANTE),2016
2024-10-28,현대자동차(주),싼타페(SANTAFE),2024
2024-10-28,기아 주식회사,쏘렌토 하이브리드,2022
2024-10-28,한국지엠주식회사,트랙스 1.6 디젤,2018
2024-10-28,현대자동차(주),제네시스(GENESIS),2010
2024-10-28,기아 주식회사,쏘렌토 하이브리드,2021
2024-10-28,(주)재규어랜드로버코리아,디스커버리 TD6,2019
2024-10-28,현대자동차(주),팰리세이드(PALISADE),2024
2024-10-28,현대자동차(주),그랜저(GRANDEUR),2018
2024-10-28,기아 주식회사,K7,2017
2024-10-28,현대자동차(주),그랜저(GRANDEUR),2019
2024-10-28,기아 주식회사,K5 하이브리드,2020
2024-10-28,기아 주식회사,카니발,2019
2024-10-28,현대자동차(주),쏘나타 하이브리드 (SONATA HYBRID),2021
2024-10-28,비엠더블유코리아(주),BMW 320i,2024
2024-10-28,현대자동차(주),팰리세이드(PALISADE),2019
2024-10-28,케이지모빌리티 주식회사(KG Mobility Corp.),렉스턴,2024
2024-10-29,현대자동차(주),그랜저(GRANDEUR),2022
2024-10-29,현대자동차(주),그랜저(GRANDEUR),2020
2024-10-29,현대자동차(주),아반떼(AVANTE),2018
2024-10-29,현대자동차(주),그랜저(GRANDEUR),2020
2024-10-29,폭스바겐그룹코리아 주식회사,ID.4 Pro,2022
2024-10-29,(주)재규어랜드로버코리아,디스커버리 TD6,2019
2024-10-29,기아 주식회사,K5 하이브리드,2024
2024-10-29,(주)재규어랜드로버코리아,디펜더 110 D300,2022
2024-10-29,기아 주식회사,K3,2020
2024-10-29,르노코리아(주),QM3,2016
2024-10-29,현대자동차(주),G70,2019
2024-10-29,메르세데스벤츠코리아(주),E220 d 4Matic,2018
2024-10-29,(주)재규어랜드로버코리아,디스커버리 TD6,2017
2024-10-29,현대자동차(주),캐스퍼 일렉트릭(CASPER Electric),2025
2024-10-29,르노코리아(주),SM6,2016
2024-10-29,기아 주식회사,EV6,2022
2024-10-29,기아 주식회사,쏘렌토,2024
2024-10-29,현대자동차(주),쏘나타(SONATA),2020
2024-10-29,기아 주식회사,카니발,2019
2024-10-29,테슬라코리아 유한회사,Model 3 Long Range,2024
2024-10-29,(주)볼보자동차코리아,볼보 XC90B6 AWD,2022
2024-10-29,르노코리아(주),SM6,2016
2024-10-29,한국지엠주식회사,크루즈 1.6 디젤,2016
2024-10-29,비엠더블유코리아(주),BMW 320i,2024
2024-10-29,현대자동차(주),아반떼(AVANTE),2017
2024-10-29,비엠더블유코리아(주),BMW 530i,2022
2024-10-29,현대자동차(주),그랜저 하이브리드(GRANDEUR HYBRID),2023
2024-10-29,폭스바겐그룹코리아 주식회사,Q4 Sportback e-tron 40,2022
2024-10-29,폭스바겐그룹코리아 주식회사,Q4 Sportback e-tron 40,2022
2024-10-29,폭스바겐그룹코리아 주식회사,ID.4 Pro,2022
2024-10-29,한국닛산(주),Altima 2.5,2019
2024-10-29,현대자동차(주),싼타페 하이브리드(SANTAFE HYBRID),2024
2024-10-29,기아 주식회사,K5 하이브리드,2020
2024-10-29,기아 주식회사,쏘렌토,2018
2024-10-29,르노코리아(주),SM3,2011
2024-10-29,폭스바겐그룹코리아 주식회사,ID.4 Pro,2022
2024-10-30,현대자동차(주),넥쏘 (NEXO) 수소전기차,2021
2024-10-30,현대자동차(주),아반떼(AVANTE),2016
2024-10-30,혼다코리아(주),ACCORD 3.5,2013
2024-10-30,기아 주식회사,K5 하이브리드,2020
2024-10-30,기아 주식회사,K7,2020
2024-10-30,테슬라코리아 유한회사,Model Y Long Range,2024
2024-10-30,포드세일즈서비스코리아(유),Lincoln Nautilus 2.0L,2024
2024-10-30,현대자동차(주),캐스퍼 일렉트릭(CASPER Electric),2025
2024-10-30,(주)볼보자동차코리아,볼보 XC60B5 AWD,2024
2024-10-30,기아 주식회사,K3,2013
2024-10-30,현대자동차(주),그랜저(GRANDEUR),2020
2024-10-30,비엠더블유코리아(주),BMW 320i,2024
2024-10-30,현대자동차(주),쏘나타 (SONATA) 하이브리드,2012
2024-10-30,비엠더블유코리아(주),BMW 320i,2024
2024-10-30,현대자동차(주),싼타페(SANTAFE),2019
2024-10-30,현대자동차(주),그랜드 스타렉스(GRAND STAREX),2014
2024-10-30,비엠더블유코리아(주),BMW 520d,2018
2024-10-30,현대자동차(주),투싼(TUCSON),2019
2024-10-30,한국지엠(주),CHEVROLET TAHOE AWD,2022
2024-10-30,르노코리아(주),SM5,2013
2024-10-30,현대자동차(주),싼타페 하이브리드(SANTAFE HYBRID),2025
2024-10-30,비엠더블유코리아(주),BMW 320i,2024
2024-10-30,현대자동차(주),그랜저(GRANDEUR),2020
2024-10-30,현대자동차(주),쏘나타(SONATA),2020
2024-10-30,비엠더블유코리아(주),BMW M340i,2021
2024-10-30,기아 주식회사,K5 하이브리드,2020
2024-10-30,폭스바겐그룹코리아 주식회사,ID.4 Pro,2023
2024-10-30,기아 주식회사,니로 EV,2022
2024-10-30,현대자동차(주),캐스퍼 일렉트릭(CASPER Electric),2025
2024-10-30,(주)재규어랜드로버코리아,디스커버리 TD6,2019
2024-10-30,현대자동차(주),아반떼(AVANTE),2016
2024-10-30,혼다코리아(주),ACCORD 3.5,2013
2024-10-30,혼다코리아(주),ACCORD 3.5,2013
2024-10-30,기아 주식회사,K5 하이브리드,2020
2024-10-30,현대자동차(주),쏘나타(SONATA),2021
2024-10-30,비엠더블유코리아(주),BMW i4 eDrive40,2022
2024-10-30,폭스바겐그룹코리아 주식회사,ID.4 Pro,2022
2024-10-30,현대자동차(주),싼타페 하이브리드(SANTAFE HYBRID),2024
2024-10-30,르노코리아(주),XM3,2020
2024-10-31,현대자동차(주),그랜저 하이브리드(GRANDEUR HYBRID),2023
2024-10-31,현대자동차(주),쏘나타(SONATA),2020
2024-10-31,기아 주식회사,모닝,2007
2024-10-31,기아 주식회사,카니발 하이리무진,2016
2024-10-31,현대자동차(주),싼타페 하이브리드(SANTAFE HYBRID),2024
2024-10-31,기아 주식회사,카니발 하이리무진,2016
2024-10-31,비엠더블유코리아(주),BMW 520d xDrive,2018
2024-10-31,비엠더블유코리아(주),BMW 320i Touring,2023
2024-10-31,기아 주식회사,쏘렌토,2024
2024-10-31,현대자동차(주),넥쏘 (NEXO) 수소전기차,2022
2024-10-31,폭스바겐그룹코리아 주식회사,ID.4 Pro,2023
2024-10-31,포르쉐코리아 주식회사,911 카레라 4S,2020
2024-10-31,한국지엠주식회사,올란도 1.6 디젤,2016
2024-10-31,기아 주식회사,카니발,2019
2024-10-31,혼다코리아(주),ODYSSEY,2019
2024-10-31,기아 주식회사,EV6,2022
2024-10-31,비엠더블유코리아(주),BMW 320i Touring,2024
2024-10-31,테슬라코리아 유한회사,Model 3 Long Range,2024
2024-10-31,기아 주식회사,스포티지,2022
2024-10-31,르노코리아(주),SM6,2019
2024-10-31,현대자동차(주),그랜저(GRANDEUR),2013
2024-10-31,현대자동차(주),스타리아 (STARIA),2022
2024-10-31,폭스바겐그룹코리아 주식회사,Q4 e-tron 40,2022
2024-10-31,폭스바겐그룹코리아 주식회사,Q4 Sportback e-tron 40,2022
2024-10-31,폭스바겐그룹코리아 주식회사,Q4 Sportback e-tron 40,2022
2024-10-31,폭스바겐그룹코리아 주식회사,Q4 Sportback e-tron 40,2022
2024-10-31,폭스바겐그룹코리아 주식회사,Q4 e-tron 40,2022
2024-10-31,한국지엠주식회사,올란도 1.6 디젤,2016
2024-10-31,메르세데스벤츠코리아(주),E300,2018
2024-10-31,기아 주식회사,K3,2019
2024-10-31,폭스바겐그룹코리아 주식회사,Q4 Sportback e-tron 40,2022
2024-10-31,폭스바겐그룹코리아 주식회사,Q4 e-tron 40,2022
2024-10-31,폭스바겐그룹코리아 주식회사,Q4 e-tron 40,2022
2024-10-31,폭스바겐그룹코리아 주식회사,Q4 e-tron 40,2022
2024-10-31,폭스바겐그룹코리아 주식회사,Q4 Sportback e-tron 40,2022
2024-10-31,폭스바겐그룹코리아 주식회사,Q4 e-tron 40,2022
2024-10-31,폭스바겐그룹코리아 주식회사,Q4 e-tron 40,2022
2024-11-01,르노코리아(주),ARKANA 하이브리드,2025
2024-11-01,비엠더블유코리아(주),BMW M340i xDrive Touring,2021
2024-11-01,현대자동차(주),투싼 하이브리드(TUCSON HYBRID),2022
2024-11-01,기아 주식회사,카니발 리무진,2021
2024-11-01,현대자동차(주),싼타페(SANTAFE),2020
2024-11-01,(주)재규어랜드로버코리아,디펜더 110 D240,2020
2024-11-01,폭스바겐그룹코리아 주식회사,Q4 e-tron 40,2022
2024-11-01,폭스바겐그룹코리아 주식회사,ID.4 Pro,2023
2024-11-01,폭스바겐그룹코리아 주식회사,Q4 e-tron 40,2022
2024-11-01,현대자동차(주),아반떼(AVANTE),2018
2024-11-01,현대자동차(주),아반떼(AVANTE),2016
2024-11-01,현대자동차(주),투싼(TUCSON),2018
2024-11-01,현대자동차(주),넥쏘 (NEXO) 수소전기차,2021
2024-11-01,현대자동차(주),넥쏘 (NEXO) 수소전기차,2022
2024-11-01,기아 주식회사,K8 하이브리드,2022
2024-11-01,현대자동차(주),그랜저(GRANDEUR),2011
2024-11-01,기아 주식회사,K5 하이브리드,2020
2024-11-01,현대자동차(주),그랜저(GRANDEUR),2020
2024-11-01,현대자동차(주),i30,2014
2024-11-01,기아 주식회사,스포티지,2024
2024-11-01,기아 주식회사,K3,2019
2024-11-04,기아 주식회사,쏘렌토,2023
2024-11-04,현대자동차(주),그랜저 하이브리드(GRANDEUR HYBRID),2023
2024-11-04,폭스바겐그룹코리아 주식회사,Tiguan 2.0 TDI 4Motion,2018
2024-11-04,기아 주식회사,카니발,2019
2024-11-04,현대자동차(주),그랜저(GRANDEUR),2013
2024-11-04,기아 주식회사,K3,2019
2024-11-04,현대자동차(주),아반떼(AVANTE),2018
2024-11-04,기아 주식회사,레이,2013
2024-11-04,현대자동차(주),그랜저(GRANDEUR),2020
2024-11-04,현대자동차(주),넥쏘 (NEXO) 수소전기차,2022
2024-11-04,테슬라코리아 유한회사,Model 3 Long Range,2024
2024-11-04,현대자동차(주),G80,2017
2024-11-04,기아 주식회사,카니발,2021
2024-11-04,한국토요타자동차(주),렉서스 IS250,2007
2024-11-04,현대자동차(주),싼타페 하이브리드(SANTAFE HYBRID),2024
2024-11-04,폭스바겐그룹코리아 주식회사,Q4 e-tron 40,2022
2024-11-04,현대자동차(주),싼타페(SANTAFE),2016
2024-11-04,현대자동차(주),그랜저(GRANDEUR),2020
2024-11-04,비엠더블유코리아(주),BMW X3 xDrive30e,2021
2024-11-04,기아 주식회사,K7 하이브리드,2020
2024-11-04,기아 주식회사,K7,2020
2024-11-04,기아 주식회사,EV9,2024
2024-11-04,폭스바겐그룹코리아 주식회사,Golf 2.0 TDI BMT,2016
2024-11-04,현대자동차(주),포터Ⅱ (PORTERⅡ),2023
2024-11-04,메르세데스벤츠코리아(주),Mercedes-Benz GLB250 4MATIC,2020
2024-11-04,폭스바겐그룹코리아 주식회사,Q4 e-tron 40,2022
2024-11-04,기아 주식회사,쏘렌토 하이브리드,2022
2024-11-04,한국지엠(주),CHEVROLET COLORADO AWD,2022
2024-11-04,기아 주식회사,K7,2020
2024-11-04,현대자동차(주),아반떼(AVANTE),2019
2024-11-05,현대자동차(주),아반떼 (AVANTE),2012
2024-11-05,현대자동차(주),넥쏘 (NEXO) 수소전기차,2022
2024-11-05,메르세데스벤츠코리아(주),E200,2017
2024-11-05,현대자동차(주),그랜저(GRANDEUR),2020
2024-11-05,현대자동차(주),넥쏘 (NEXO) 수소전기차,2021
2024-11-05,(주)볼보자동차코리아,볼보 S90B5,2023
2024-11-05,기아 주식회사,쏘울 EV,2015
2024-11-05,메르세데스벤츠코리아(주),Mercedes-AMG GLC 63 S 4MATIC Coupe,2019
2024-11-05,한국지엠주식회사,트랙스 1.2 터보,2025
2024-11-05,기아 주식회사,K9,2019
2024-11-05,폭스바겐그룹코리아 주식회사,Tiguan Allspace 2.0 TDI,2018
2024-11-05,기아 주식회사,K3,2019
2024-11-05,한국닛산(주),Altima 2.5,2019
2024-11-05,메르세데스벤츠코리아(주),Mercedes-Benz GLB250 4MATIC,2021
2024-11-05,현대자동차(주),쏘나타(SONATA),2024
2024-11-05,현대자동차(주),싼타페 하이브리드(SANTAFE HYBRID),2025
2024-11-05,테슬라코리아 유한회사,Model 3 Long Range,2024
2024-11-05,기아 주식회사,카니발,2015
2024-11-05,폭스바겐그룹코리아 주식회사,Arteon 2.0 TDI,2019
2024-11-05,폭스바겐그룹코리아 주식회사,Arteon 2.0 TDI,2019
2024-11-05,기아 주식회사,K7 하이브리드,2017
2024-11-05,한국지엠주식회사,크루즈 1.6 디젤,2016
2024-11-05,현대자동차(주),싼타페 하이브리드(SANTAFE HYBRID),2024
2024-11-05,현대자동차(주),그랜저(GRANDEUR),2020
2024-11-05,기아 주식회사,K5 하이브리드,2020
2024-11-05,한국토요타자동차(주),렉서스 RC F,2020
2024-11-05,현대자동차(주),아반떼(AVANTE),2018
2024-11-05,현대자동차(주),쏘나타(SONATA),2021
2024-11-05,한국지엠주식회사,트랙스 1.2 터보,2025
2024-11-05,현대자동차(주),포터Ⅱ 일렉트릭 (PORTERⅡ ELECTRIC),2023
2024-11-05,케이지모빌리티 주식회사(KG Mobility Corp.),G4 렉스턴,2018
2024-11-05,기아 주식회사,카니발,2019
2024-11-05,기아 주식회사,카니발 리무진,2017
2024-11-05,현대자동차(주),팰리세이드(PALISADE),2021
2024-11-05,비엠더블유코리아(주),BMW X5 xDrive30d,2014
2024-11-06,폭스바겐그룹코리아 주식회사,Q4 e-tron 40,2022
2024-11-06,현대자동차(주),그랜드스타렉스어린이버스(GRAND STAREX),2019
2024-11-06,현대자동차(주),캐스퍼 일렉트릭(CASPER Electric),2025
2024-11-06,폭스바겐그룹코리아 주식회사,Q4 e-tron 40,2022
2024-11-06,기아 주식회사,K7,2020
2024-11-06,비엠더블유코리아(주),BMW X3 xDrive20d,2018
2024-11-06,현대자동차(주),아반떼(AVANTE),2018
2024-11-06,메르세데스벤츠코리아(주),Mercedes-Benz EQB300 4MATIC,2023
2024-11-06,기아 주식회사,쏘렌토,2017
2024-11-06,폭스바겐그룹코리아 주식회사,Q4 Sportback e-tron 40,2022
2024-11-06,르노코리아(주),SM6,2017
2024-11-06,기아 주식회사,K3,2020
2024-11-06,기아 주식회사,K3,2020
2024-11-06,폭스바겐그룹코리아 주식회사,Q4 e-tron 40,2022
2024-11-06,기아 주식회사,카니발 리무진,2021
2024-11-06,비엠더블유코리아(주),BMW X5 xDrive30d,2021
2024-11-06,비엠더블유코리아(주),BMW i4 eDrive40,2023
2024-11-06,기아 주식회사,K7,2017
2024-11-06,폭스바겐그룹코리아 주식회사,Q4 Sportback e-tron 40,2022
2024-11-06,현대자동차(주),G80,2023
2024-11-06,기아 주식회사,쏘렌토 하이브리드,2021
2024-11-06,케이지모빌리티 주식회사(KG Mobility Corp.),G4 렉스턴,2018
2024-11-06,현대자동차(주),아이오닉6 (IONIQ6),2023
2024-11-06,현대자동차(주),GV70,2022
2024-11-06,현대자동차(주),아반떼(AVANTE),2016
2024-11-06,기아 주식회사,K3,2019
2024-11-06,기아 주식회사,K8,2024
2024-11-06,현대자동차(주),그랜저 하이브리드(GRANDEUR HYBRID),2020
2024-11-06,현대자동차(주),그랜저(GRANDEUR),2012
2024-11-06,현대자동차(주),아이오닉 일렉트릭(IONIQ ELECTRIC),2020
2024-11-06,기아 주식회사,K3,2019
2024-11-06,기아 주식회사,K7 하이브리드,2020
2024-11-06,현대자동차(주),G80,2018
2024-11-06,기아 주식회사,K7,2020
2024-11-06,기아 주식회사,K7,2020
2024-11-06,케이지모빌리티 주식회사(KG Mobility Corp.),토레스 밴,2025
2024-11-07,현대자동차(주),제네시스(GENESIS),2016
2024-11-07,폭스바겐그룹코리아 주식회사,Q4 Sportback e-tron 40,2022
2024-11-07,현대자동차(주),G80,2022
2024-11-07,기아 주식회사,셀토스,2020
2024-11-07,현대자동차(주),G80,2021
2024-11-07,비엠더블유코리아(주),BMW 530i xDrive,2017
2024-11-07,현대자동차(주),쏘나타(SONATA),2016
2024-11-07,현대자동차(주),싼타페 하이브리드(SANTAFE HYBRID),2024
2024-11-07,기아 주식회사,스포티지,2016
2024-11-07,비엠더블유코리아(주),BMW X3 xDrive20d,2021
2024-11-07,한불모터스(주),Peugeot 308SW 2.0 Blue-HDi,2015
2024-11-07,(주)재규어랜드로버코리아,디스커버리 스포츠 2.0D,2018
2024-11-07,현대자동차(주),투싼 하이브리드(TUCSON HYBRID),2024
2024-11-07,현대자동차(주),싼타페 하이브리드(SANTAFE HYBRID),2024
2024-11-07,기아 주식회사,스포티지,2024
2024-11-07,비엠더블유코리아(주),BMW 520d,2018
2024-11-07,르노코리아(주),XM3,2023
2024-11-07,현대자동차(주),그랜저(GRANDEUR),2020
2024-11-07,현대자동차(주),쏘나타 하이브리드 (SONATA HYBRID),2022
2024-11-07,기아 주식회사,EV3,2025
2024-11-07,현대자동차(주),넥쏘 (NEXO) 수소전기차,2022
2024-11-07,폭스바겐그룹코리아 주식회사,Q4 Sportback e-tron 40,2022
2024-11-07,폭스바겐그룹코리아 주식회사,Q4 e-tron 40,2022
2024-11-08,폭스바겐그룹코리아 주식회사,Q4 40 e-tron,2024
2024-11-08,현대자동차(주),아이오닉5 (IONIQ5),2022
2024-11-08,현대자동차(주),넥쏘 (NEXO) 수소전기차,2019
2024-11-08,현대자동차(주),싼타페 하이브리드(SANTAFE HYBRID),2025
2024-11-08,현대자동차(주),아반떼(AVANTE),2018
2024-11-08,폭스바겐그룹코리아 주식회사,Q4 e-tron 40,2022
2024-11-08,현대자동차(주),그랜저(GRANDEUR),2020
2024-11-08,기아 주식회사,K3,2020
2024-11-08,한국지엠주식회사,올란도 1.6 디젤,2017
2024-11-08,현대자동차(주),그랜저(GRANDEUR),2020
2024-11-08,현대자동차(주),싼타페 하이브리드(SANTAFE HYBRID),2024
2024-11-08,현대자동차(주),넥쏘 (NEXO) 수소전기차,2019
2024-11-08,현대자동차(주),아반떼(AVANTE),2016
2024-11-08,현대자동차(주),아반떼(AVANTE),2017
2024-11-08,폭스바겐그룹코리아 주식회사,Arteon 2.0 TDI,2019
2024-11-08,비엠더블유코리아(주),BMW 520d xDrive,2018
2024-11-08,기아 주식회사,카니발,2021
2024-11-08,현대자동차(주),G80,2022
2024-11-08,현대자동차(주),넥쏘 (NEXO) 수소전기차,2023
2024-11-08,현대자동차(주),투싼 하이브리드(TUCSON HYBRID),2021
2024-11-08,기아 주식회사,K3,2019
2024-11-11,현대자동차(주),투싼(TUCSON),2016
2024-11-11,기아 주식회사,K9,2014
2024-11-11,테슬라코리아 유한회사,Model 3 Long Range,2024
2024-11-11,케이지모빌리티 주식회사(KG Mobility Corp.),코란도 투리스모,2014
2024-11-11,기아 주식회사,K3,2019
2024-11-11,기아 주식회사,K3,2019
2024-11-11,메르세데스벤츠코리아(주),E200,2018
2024-11-11,현대자동차(주),팰리세이드(PALISADE),2021
2024-11-11,기아 주식회사,카니발 리무진,2022
2024-11-11,기아 주식회사,EV9,2024
2024-11-11,현대자동차(주),싼타페(SANTAFE),2024
2024-11-11,기아 주식회사,쏘렌토,2018
2024-11-11,폭스바겐그룹코리아 주식회사,Q4 e-tron 40,2022
2024-11-11,기아 주식회사,K5 하이브리드,2020
2024-11-11,폭스바겐그룹코리아 주식회사,Q4 e-tron 40,2022
2024-11-11,기아 주식회사,카니발,2023
2024-11-11,폭스바겐그룹코리아 주식회사,Jetta 1.4 TSI,2021
2024-11-11,테슬라코리아 유한회사,Model Y Standard Range,2021
2024-11-11,현대자동차(주),아반떼(AVANTE),2017
2024-11-11,현대자동차(주),아반떼(AVANTE),2018
2024-11-11,비엠더블유코리아(주),BMW X3 xDrive20i Luxury,2020
2024-11-11,(주)볼보자동차코리아,볼보 V90CCD5 AWD,2017
2024-11-11,현대자동차(주),그랜저 하이브리드(GRANDEUR HYBRID),2020
2024-11-11,비엠더블유코리아(주),BMW 320i M Sport Package,2020
2024-11-11,현대자동차(주),싼타페 하이브리드(SANTAFE HYBRID),2024
2024-11-11,현대자동차(주),싼타페(SANTAFE),2013
2024-11-11,기아 주식회사,K9,2019
2024-11-11,현대자동차(주),팰리세이드(PALISADE),2021
2024-11-11,기아 주식회사,K3,2019
2024-11-11,비엠더블유코리아(주),BMW 520i Luxury,2019
2024-11-11,기아 주식회사,K7,2020
2024-11-11,현대자동차(주),아이오닉5 (IONIQ5),2022
2024-11-11,폭스바겐그룹코리아 주식회사,Q4 e-tron 40,2022
2024-11-11,현대자동차(주),싼타페 하이브리드(SANTAFE HYBRID),2024
2024-11-11,현대자동차(주),팰리세이드(PALISADE),2023
2024-11-11,한국지엠주식회사,말리부 1.5 TURBO,2018
2024-11-12,비엠더블유코리아(주),BMW i4 eDrive40,2022
2024-11-12,(주)재규어랜드로버코리아,디스커버리 TD6,2017
2024-11-12,현대자동차(주),싼타페 하이브리드(SANTAFE HYBRID),2024
2024-11-12,기아 주식회사,K7 하이브리드,2020
2024-11-12,현대자동차(주),그랜저(GRANDEUR),2019
2024-11-12,현대자동차(주),팰리세이드(PALISADE),2019
2024-11-12,현대자동차(주),팰리세이드(PALISADE),2022
2024-11-12,한국지엠주식회사,올란도 1.6 디젤,2016
2024-11-12,한국지엠주식회사,올란도 1.6 디젤,2016
2024-11-12,기아 주식회사,쏘렌토,2025
2024-11-12,현대자동차(주),G70,2018
2024-11-12,르노코리아(주),KOLEOS Hybrid(콜레오스 하이브리드),2025
2024-11-12,기아 주식회사,K5 하이브리드,2020
2024-11-12,메르세데스벤츠코리아(주),E300,2014
2024-11-12,스텔란티스코리아 주식회사,짚 랭글러 루비콘,2018
2024-11-12,현대자동차(주),G90,2019
2024-11-12,한국닛산(주),LEAF,2019
2024-11-12,한국지엠주식회사,트랙스 1.2 터보,2024
2024-11-12,기아 주식회사,니로 하이브리드,2017
2024-11-12,현대자동차(주),쏘나타 하이브리드 (SONATA HYBRID),2021
2024-11-12,기아 주식회사,모닝,2018
2024-11-12,현대자동차(주),그랜저(GRANDEUR),2020
2024-11-12,폭스바겐그룹코리아 주식회사,Tiguan 2.0 TDI 4Motion,2018
2024-11-12,한국지엠주식회사,올란도 2.0 LPG,2014
2024-11-12,현대자동차(주),싼타페 하이브리드(SANTAFE HYBRID),2024
2024-11-12,현대자동차(주),그랜저(GRANDEUR),2020
2024-11-12,한국지엠주식회사,말리부 1.5 TURBO,2017
2024-11-12,기아 주식회사,쏘렌토,2018
2024-11-12,테슬라코리아 유한회사,Model 3 Long Range,2024
2024-11-13,현대자동차(주),엑센트 (ACCENT),2019
2024-11-13,폭스바겐그룹코리아 주식회사,ID.4 Pro,2022
2024-11-13,르노코리아(주),SM5,2016
2024-11-13,기아 주식회사,K3,2020
2024-11-13,현대자동차(주),팰리세이드(PALISADE),2021
2024-11-13,메르세데스벤츠코리아(주),Mercedes-Benz E350 4MATIC,2021
2024-11-13,한국토요타자동차(주),렉서스 RX450h,2017
2024-11-13,비엠더블유코리아(주),BMW 320d,2011
2024-11-13,현대자동차(주),아반떼(AVANTE),2018
2024-11-13,기아 주식회사,K5 하이브리드,2020
2024-11-13,현대자동차(주),팰리세이드(PALISADE),2020
2024-11-13,기아 주식회사,EV6,2022
2024-11-13,현대자동차(주),팰리세이드(PALISADE),2020
2024-11-13,(주)재규어랜드로버코리아,디스커버리 TD6,2017
2024-11-13,폭스바겐그룹코리아 주식회사,Q4 e-tron 40,2022
2024-11-13,현대자동차(주),그랜저(GRANDEUR),2020
2024-11-13,비엠더블유코리아(주),BMW X6 xDrive30d,2016
2024-11-13,현대자동차(주),그랜저(GRANDEUR),2014
2024-11-13,르노코리아(주),SM6,2017
2024-11-13,현대자동차(주),팰리세이드(PALISADE),2022
2024-11-13,기아 주식회사,쏘렌토 하이브리드,2022
2024-11-13,현대자동차(주),쏘나타(SONATA),2020
2024-11-13,현대자동차(주),아반떼(AVANTE),2016
2024-11-13,현대자동차(주),넥쏘 (NEXO) 수소전기차,2021
2024-11-13,기아 주식회사,K7,2020
2024-11-13,현대자동차(주),싼타페 하이브리드(SANTAFE HYBRID),2024
2024-11-14,기아 주식회사,스포티지,2023
2024-11-14,비엠더블유코리아(주),BMW X3 xDrive20d xLine,2020
2024-11-14,비엠더블유코리아(주),BMW iX3 M Sport,2024
2024-11-14,케이지모빌리티 주식회사(KG Mobility Corp.),렉스턴스포츠 칸,2021
2024-11-14,기아 주식회사,K3,2019
2024-11-14,기아 주식회사,K7,2020
2024-11-14,현대자동차(주),그랜저(GRANDEUR),2020
2024-11-14,케이지모빌리티 주식회사(KG Mobility Corp.),토레스,2023
2024-11-14,비엠더블유코리아(주),BMW X3 xDrive20d xLine,2020
2024-11-14,한국지엠주식회사,올란도 1.6 디젤,2016
2024-11-14,기아 주식회사,쏘렌토 하이브리드,2022
2024-11-14,현대자동차(주),그랜저(GRANDEUR),2021
2024-11-14,현대자동차(주),싼타페 하이브리드(SANTAFE HYBRID),2024
2024-11-14,폭스바겐그룹코리아 주식회사,Tiguan 2.0 TDI,2018
2024-11-14,기아 주식회사,니로 하이브리드,2020
2024-11-14,현대자동차(주),그랜저(GRANDEUR),2012
2024-11-15,폭스바겐그룹코리아 주식회사,ID.4 Pro,2022
2024-11-15,폭스바겐그룹코리아 주식회사,ID.4 Pro,2022
2024-11-15,현대자동차(주),아반떼(AVANTE),2016
2024-11-15,한국지엠(주),CHEVROLET TRAVERSE AWD,2021
2024-11-15,한국지엠(주),CHEVROLET TRAVERSE AWD,2021
2024-11-15,기아 주식회사,카니발,2019
2024-11-15,테슬라코리아 유한회사,Model 3 Long Range,2021
2024-11-15,기아 주식회사,K7,2020
2024-11-15,비엠더블유코리아(주),BMW iX3 M Sport,2022
2024-11-15,기아 주식회사,K7,2020
2024-11-15,현대자동차(주),쏘나타 하이브리드(SONATA HYBRID),2016
2024-11-15,폭스바겐그룹코리아 주식회사,e-tron 55 quattro,2020
2024-11-15,현대자동차(주),아반떼(AVANTE),2018
2024-11-15,현대자동차(주),쏘나타(SONATA),2020
2024-11-15,기아 주식회사,스팅어,2019
2024-11-15,테슬라코리아 유한회사,Model 3 Long Range,2024
2024-11-15,기아 주식회사,카니발 하이리무진,2018
2024-11-15,현대자동차(주),캐스퍼 일렉트릭(CASPER Electric),2025
2024-11-18,기아 주식회사,니로 플러스,2023
2024-11-18,,스포티지,
2024-11-18,기아 주식회사,K8 하이브리드,2022
2024-11-18,기아 주식회사,스팅어,2021
2024-11-18,한국지엠(주),CHEVROLET BOLT EV,2018
2024-11-18,한국지엠(주),CHEVROLET BOLT EV,2018
2024-11-18,현대자동차(주),그랜저 하이브리드,2019
2024-11-18,기아 주식회사,K7 하이브리드,2020
2024-11-18,폭스바겐그룹코리아 주식회사,A6 45 TDI quattro,2023
2024-11-18,현대자동차(주),팰리세이드(PALISADE),2021
2024-11-18,현대자동차(주),투싼 하이브리드(TUCSON HYBRID),2021
2024-11-18,기아 주식회사,K3,2019
2024-11-18,현대자동차(주),아반떼(AVANTE),2018
2024-11-18,기아 주식회사,스포티지,2017
2024-11-18,현대자동차(주),캐스퍼 일렉트릭(CASPER Electric),2025
2024-11-18,기아 주식회사,K3,2020
2024-11-18,기아 주식회사,EV9,2024
2024-11-18,현대자동차(주),쏘나타(SONATA),2020
2024-11-18,메르세데스벤츠코리아(주),E220 BlueTEC,2016
2024-11-18,한국지엠주식회사,말리부 1.8 HYBRID,2017
2024-11-18,현대자동차(주),그랜저(GRANDEUR),2020
2024-11-18,현대자동차(주),그랜저 하이브리드(GRANDEUR HYBRID),2020
2024-11-18,기아 주식회사,K3,2021
2024-11-18,기아 주식회사,쏘렌토,2018
2024-11-18,기아 주식회사,카니발,2023
2024-11-18,기아 주식회사,K7,2020
2024-11-18,현대자동차(주),아반떼(AVANTE),2017
2024-11-18,기아 주식회사,K3,2019
2024-11-18,테슬라코리아 유한회사,Model Y Long Range,2021
2024-11-18,기아 주식회사,K3,2020
2024-11-18,비엠더블유코리아(주),BMW 620d,2024
2024-11-18,한국지엠주식회사,올란도 1.6 디젤,2016
2024-11-18,기아 주식회사,K7,2020
2024-11-18,현대자동차(주),그랜저(GRANDEUR),2017
2024-11-18,현대자동차(주),제네시스(GENESIS),2011
2024-11-18,기아 주식회사,K3,2019
2024-11-18,현대자동차(주),그랜저 하이브리드(GRANDEUR HYBRID),2020
2024-11-18,제이스모빌리티 주식회사,이티4밴,2023
2024-11-18,현대자동차(주),아반떼(AVANTE),2016
2024-11-19,현대자동차(주),투싼(TUCSON),2023
2024-11-19,기아 주식회사,K9,2014
2024-11-19,기아 주식회사,카니발,2021
2024-11-19,스카니아코리아그룹(주),스카니아트랙터,2020
2024-11-19,르노코리아(주),XM3,2020
2024-11-19,기아 주식회사,K7,2018
2024-11-19,메르세데스벤츠코리아(주),Mercedes-Benz E250,2023
2024-11-19,폭스바겐그룹코리아 주식회사,Golf 2.0 TDI BMT,2015
2024-11-19,폭스바겐그룹코리아 주식회사,A6 40 TDI quattro,2021
2024-11-19,폭스바겐그룹코리아 주식회사,A6 45 TFSI,2021
2024-11-19,(주)볼보자동차코리아,볼보 V60CCT5 AWD,2019
2024-11-19,현대자동차(주),넥쏘 (NEXO) 수소전기차,2022
2024-11-19,기아 주식회사,K3,2019
2024-11-19,메르세데스벤츠코리아(주),S400 d 4Matic L,2018
2024-11-19,메르세데스벤츠코리아(주),Mercedes-Benz E300 e 4MATIC,2021
2024-11-19,한국지엠주식회사,트랙스 1.2 터보,2025
2024-11-19,혼다코리아(주),CIVIC 4D,2018
2024-11-19,(주)재규어랜드로버코리아,레인지로버 4.4D,2016
2024-11-19,기아 주식회사,쏘렌토 하이브리드,2022
2024-11-19,현대자동차(주),아반떼(AVANTE),2018
2024-11-19,기아 주식회사,스포티지,2022
2024-11-19,현대자동차(주),코나 일렉트릭 (KONA ELECTRIC),2019
2024-11-19,테슬라코리아 유한회사,Model 3 Long Range,2024
2024-11-19,현대자동차(주),팰리세이드(PALISADE),2020
2024-11-19,한국지엠주식회사,트랙스 1.6 디젤,2020
2024-11-19,현대자동차(주),아반떼(AVANTE),2017
2024-11-19,기아 주식회사,K5 하이브리드,2020
2024-11-19,비엠더블유코리아(주),BMW X1 xDrive18d,2022
2024-11-19,기아 주식회사,쏘렌토,2017
2024-11-19,기아 주식회사,K3,2020
2024-11-19,현대자동차(주),그랜저(GRANDEUR),2019
2024-11-19,한국지엠주식회사,크루즈 1.6 디젤,2016
2024-11-19,한국지엠주식회사,스파크 1.0 DOHC LPG,2014
2024-11-20,기아 주식회사,봉고Ⅲ 1톤,2024
2024-11-20,비엠더블유코리아(주),BMW X4 xDrive20i,2021
2024-11-20,비엠더블유코리아(주),BMW X3 M40i,2021
2024-11-20,기아 주식회사,K3,2019
2024-11-20,현대자동차(주),G80,2022
2024-11-20,현대자동차(주),포터Ⅱ (PORTERⅡ),2017
2024-11-20,메르세데스벤츠코리아(주),Mercedes-AMG C43 4Matic Cabriolet,2019
2024-11-20,현대자동차(주),아반떼(AVANTE),2017
2024-11-20,현대자동차(주),그랜저(GRANDEUR),2018
2024-11-20,폭스바겐그룹코리아 주식회사,Q4 e-tron 40,2022
2024-11-20,비엠더블유코리아(주),BMW i7 xDrive60,2023
2024-11-20,폭스바겐그룹코리아 주식회사,A6 45 TFSI quattro,2022
2024-11-20,현대자동차(주),그랜저(GRANDEUR),2014
2024-11-20,르노코리아(주),SM6,2016
2024-11-20,폭스바겐그룹코리아 주식회사,Arteon 2.0 TDI,2019
2024-11-20,현대자동차(주),그랜저(GRANDEUR),2018
2024-11-20,케이지모빌리티 주식회사(KG Mobility Corp.),토레스,2023
2024-11-20,폭스바겐그룹코리아 주식회사,A6 45 TFSI quattro,2022
2024-11-20,르노코리아(주),SM6,2016
2024-11-20,비엠더블유코리아(주),BMW 320d Gran Turismo Luxury RDE,2020
2024-11-20,폭스바겐그룹코리아 주식회사,A6 40 TDI,2020
2024-11-20,메르세데스벤츠코리아(주),S400 L,2015
2024-11-20,폭스바겐그룹코리아 주식회사,Tiguan 2.0 TDI,2020
2024-11-20,현대자동차(주),아반떼 (AVANTE),2015
2024-11-20,한국지엠(주),CHEVROLET EQUINOX AWD,2022
2024-11-20,한국지엠주식회사,알페온 2.4 DOHC,2014
2024-11-20,현대자동차(주),G80,2018
2024-11-20,한불모터스(주),Peugeot 3008 1.5 BlueHDi,2019
2024-11-20,비엠더블유코리아(주),BMW iX xDrive40,2022
2024-11-21,르노코리아(주),QM3,2016
2024-11-21,르노코리아(주),QM3,2017
2024-11-21,현대자동차(주),쏘나타(SONATA),2024
2024-11-21,기아 주식회사,니로 하이브리드,2017
2024-11-21,기아 주식회사,카니발,2021
2024-11-21,케이지모빌리티 주식회사(KG Mobility Corp.),G4 렉스턴,2020
2024-11-21,비엠더블유코리아(주),BMW 530i xDrive,2023
2024-11-21,비엠더블유코리아(주),BMW X4 xDrive20i,2021
2024-11-21,현대자동차(주),아반떼(AVANTE),2017
2024-11-21,기아 주식회사,K7,2020
2024-11-21,기아 주식회사,셀토스,2023
2024-11-21,기아 주식회사,카니발 리무진,2021
2024-11-21,현대자동차(주),아이오닉5(IONIQ5),2024
2024-11-21,기아 주식회사,K5,2024
2024-11-21,현대자동차(주),싼타페 하이브리드(SANTAFE HYBRID),2024
2024-11-21,기아 주식회사,카니발,2021
2024-11-21,기아 주식회사,스포티지,2024
2024-11-22,폭스바겐그룹코리아 주식회사,ID.4 Pro,2022
2024-11-22,현대자동차(주),넥쏘 (NEXO) 수소전기차,2022
2024-11-22,비엠더블유코리아(주),BMW X3 xDrive20d xLine,2020
2024-11-22,현대자동차(주),넥쏘 (NEXO) 수소전기차,2022
2024-11-22,현대자동차(주),넥쏘 (NEXO) 수소전기차,2022
2024-11-22,현대자동차(주),그랜저(GRANDEUR),2018
2024-11-22,르노코리아(주),SM6,2016
2024-11-22,메르세데스벤츠코리아(주),E300 4Matic,2017
2024-11-22,현대자동차(주),싼타페(SANTAFE),2024
2024-11-22,한국지엠주식회사,트랙스 1.6 디젤,2020
2024-11-22,폭스바겐그룹코리아 주식회사,ID.4 Pro,2022
2024-11-22,기아 주식회사,K5 하이브리드,2020
2024-11-22,폭스바겐그룹코리아 주식회사,ID.4 Pro,2022
2024-11-22,메르세데스벤츠코리아(주),C250 d 4Matic,2018
2024-11-22,비엠더블유코리아(주),BMW X7 xDrive40i,2021
2024-11-22,르노코리아(주),SM6,2016
2024-11-22,현대자동차(주),제네시스(GENESIS),2015
2024-11-22,기아 주식회사,쏘렌토,2018
2024-11-22,비엠더블유코리아(주),BMW 530d xDrive,2015
2024-11-22,현대자동차(주),G70,2019
2024-11-25,기아 주식회사,K3,2019
2024-11-25,현대자동차(주),캐스퍼(CASPER),2024
2024-11-25,메르세데스벤츠코리아(주),E220 d 4Matic,2017
2024-11-25,현대자동차(주),그랜저(GRANDEUR),2020
2024-11-25,비엠더블유코리아(주),BMW X4 xDrive20i,2021
2024-11-25,한국지엠주식회사,캡티바 2.0 디젤,2018
2024-11-25,현대자동차(주),싼타페 하이브리드(SANTAFE HYBRID),2025
2024-11-25,폭스바겐그룹코리아 주식회사,Tiguan 2.0 TDI,2020
2024-11-25,비엠더블유코리아(주),BMW Gran Turismo EfficientDynamics Edition,2014
2024-11-25,한국지엠주식회사,트랙스 1.6 디젤,2017
2024-11-25,기아 주식회사,K3,2020
2024-11-25,폭스바겐그룹코리아 주식회사,A6 45 TFSI,2021
2024-11-25,한국지엠주식회사,말리부 1.8 HYBRID,2019
2024-11-25,현대자동차(주),아반떼(AVANTE),2016
2024-11-25,현대자동차(주),그랜저(GRANDEUR),2014
2024-11-25,한국지엠주식회사,캡티바 2.0 디젤,2016
2024-11-25,현대자동차(주),아반떼(AVANTE),2017
2024-11-25,르노코리아(주),QM6,2023
2024-11-25,(주)재규어랜드로버코리아,디스커버리 TD6,2019
2024-11-25,한국지엠주식회사,캡티바 2.0 디젤,2017
2024-11-25,한국지엠주식회사,캡티바 2.0 디젤,2018
2024-11-25,한국지엠(주),CHEVROLET BOLT EV,2018
2024-11-25,기아 주식회사,쏘렌토,2018
2024-11-25,테슬라코리아 유한회사,Model 3 Long Range,2024
2024-11-26,한국지엠주식회사,캡티바 2.0 디젤,2018
2024-11-26,기아 주식회사,K3,2019
2024-11-26,현대자동차(주),넥쏘 (NEXO) 수소전기차,2024
2024-11-26,현대자동차(주),아이오닉5 (IONIQ5),2022
2024-11-26,테슬라코리아 유한회사,Model 3 Long Range,2024
2024-11-26,비엠더블유코리아(주),BMW 530i xDrive,2018
2024-11-26,현대자동차(주),아반떼(AVANTE),2020
2024-11-26,비엠더블유코리아(주),BMW 118d Sport,2020
2024-11-26,르노코리아(주),SM3 Z.E.,2018
2024-11-26,현대자동차(주),캐스퍼 일렉트릭(CASPER Electric),2025
2024-11-26,폭스바겐그룹코리아 주식회사,Arteon 2.0 TDI,2020
2024-11-26,현대자동차(주),넥쏘 (NEXO) 수소전기차,2021
2024-11-26,테슬라코리아 유한회사,Model 3 Long Range,2024
2024-11-26,비엠더블유코리아(주),BMW i5 eDrive40,2024
2024-11-26,현대자동차(주),쏘나타(SONATA),2020
2024-11-26,기아 주식회사,K5 하이브리드,2021
2024-11-26,기아 주식회사,스팅어,2018
2024-11-26,기아 주식회사,봉고Ⅲ 1톤,2023
2024-11-26,비엠더블유코리아(주),BMW 520d,2013
2024-11-26,현대자동차(주),싼타페 하이브리드(SANTAFE HYBRID),2024
2024-11-27,현대자동차(주),그랜저(GRANDEUR),2015
2024-11-27,현대자동차(주),아반떼(AVANTE),2018
2024-11-27,기아 주식회사,카렌스,2015
2024-11-27,현대자동차(주),아반떼(AVANTE),2017
2024-11-27,현대자동차(주),팰리세이드(PALISADE),2021
2024-11-27,현대자동차(주),EQ900,2016
2024-11-27,현대자동차(주),그랜저(GRANDEUR),2014
2024-11-27,기아 주식회사,K7 하이브리드,2016
2024-11-27,기아 주식회사,쏘울 EV,2015
2024-11-27,폭스바겐그룹코리아 주식회사,A6 45 TDI quattro,2021
2024-11-27,(주)볼보자동차코리아,볼보 S60T5,2020
2024-11-27,폭스바겐그룹코리아 주식회사,Tiguan 2.0 TDI,2020
2024-11-27,현대자동차(주),그랜저(GRANDEUR),2018
2024-11-27,기아 주식회사,카니발 하이브리드,2025
2024-11-27,현대자동차(주),아반떼(AVANTE),2016
2024-11-27,현대자동차(주),넥쏘 (NEXO) 수소전기차,2021
2024-11-27,기아 주식회사,K5,2021
2024-11-27,현대자동차(주),넥쏘 (NEXO) 수소전기차,2022
2024-11-27,기아 주식회사,스포티지 하이브리드,2022
2024-11-27,현대자동차(주),투싼(TUCSON),2006
2024-11-28,현대자동차(주),쏘나타 (SONATA),2012
2024-11-28,현대자동차(주),싼타페(SANTAFE),2024
2024-11-28,테슬라코리아 유한회사,Model 3 Long Range,2024
2024-11-28,메르세데스벤츠코리아(주),E350,2013
2024-11-28,메르세데스벤츠코리아(주),E220 d,2017
2024-11-28,비엠더블유코리아(주),BMW X4 xDrive20i,2024
2024-11-28,현대자동차(주),아반떼(AVANTE),2017
2024-11-28,테슬라코리아 유한회사,Model 3 Long Range,2024
2024-11-28,테슬라코리아 유한회사,Model 3 RWD,2024
2024-11-28,현대자동차(주),쏘나타(SONATA),2016
2024-11-28,현대자동차(주),넥쏘 (NEXO) 수소전기차,2020
2024-11-28,현대자동차(주),넥쏘 (NEXO) 수소전기차,2022
2024-11-28,테슬라코리아 유한회사,Model 3 Long Range,2024
2024-11-28,테슬라코리아 유한회사,Model 3 RWD,2024
2024-11-28,현대자동차(주),싼타페 하이브리드(SANTAFE HYBRID),2024
2024-11-28,비엠더블유코리아(주),BMW 520d xDrive,2018
2024-11-28,비엠더블유코리아(주),BMW 520i,2018
2024-11-28,폭스바겐그룹코리아 주식회사,Arteon 2.0 TDI,2019
2024-11-28,현대자동차(주),코나 일렉트릭 (KONA ELECTRIC),2020
2024-11-28,기아 주식회사,K3,2019
2024-11-28,(주)재규어랜드로버코리아,디스커버리 스포츠 2.0D,2018
2024-11-28,현대자동차(주),싼타페 하이브리드(SANTAFE HYBRID),2024
2024-11-29,현대자동차(주),제네시스(GENESIS),2011
2024-11-29,케이지모빌리티 주식회사(KG Mobility Corp.),토레스,2023
2024-11-29,현대자동차(주),넥쏘 (NEXO) 수소전기차,2021
2024-11-29,현대자동차(주),투싼(TUCSON),2016
2024-11-29,테슬라코리아 유한회사,Model 3 Long Range,2024
2024-11-29,폭스바겐그룹코리아 주식회사,Tiguan 2.0 TDI,2020
2024-11-29,폭스바겐그룹코리아 주식회사,Arteon 2.0 TDI,2019
2024-11-29,기아 주식회사,EV9,2024
2024-11-29,기아 주식회사,K3,2019
2024-11-29,메르세데스벤츠코리아(주),E220 d 4Matic,2018
2024-11-29,폭스바겐그룹코리아 주식회사,ID.4 Pro,2022
2024-11-29,현대자동차(주),그랜저(GRANDEUR),2014
2024-11-29,포르쉐코리아 주식회사,911 카레라 4S,2020
2024-11-29,케이지모빌리티 주식회사(KG Mobility Corp.),렉스턴스포츠 칸,2022
2024-11-29,기아 주식회사,니로 하이브리드,2017
2024-11-29,케이지모빌리티 주식회사(KG Mobility Corp.),토레스,2023
2024-11-29,비엠더블유코리아(주),BMW 530i xDrive,2018
2024-11-29,케이지모빌리티 주식회사(KG Mobility Corp.),토레스,2023
2024-11-29,한국지엠주식회사,트랙스 1.2 터보,2025
2024-11-29,한국지엠주식회사,캡티바 2.0 디젤,2016
2024-12-02,기아 주식회사,K7,2020
2024-12-02,케이지모빌리티 주식회사(KG Mobility Corp.),렉스턴스포츠 칸 쿨멘,2024
2024-12-02,만트럭버스코리아(주),TGX,2022
2024-12-02,테슬라코리아 유한회사,Model 3 Long Range,2024
2024-12-02,테슬라코리아 유한회사,Model 3 Long Range,2024
2024-12-02,메르세데스벤츠코리아(주),CLS400 d 4Matic,2019
2024-12-02,폭스바겐그룹코리아 주식회사,Tiguan 2.0 TDI,2020
2024-12-02,현대자동차(주),그랜저 하이브리드 (GRANDEUR HYBRID),2017
2024-12-02,비엠더블유코리아(주),BMW 530i,2017
2024-12-02,기아 주식회사,K5 하이브리드,2024
2024-12-02,케이지모빌리티 주식회사(KG Mobility Corp.),토레스,2024
2024-12-02,현대자동차(주),GV80,2021
2024-12-02,현대자동차(주),넥쏘 (NEXO) 수소전기차,2019
2024-12-02,현대자동차(주),G70,2018
2024-12-02,폭스바겐그룹코리아 주식회사,A6 40 TFSI quattro,2016
2024-12-02,테슬라코리아 유한회사,Model 3 RWD,2024
2024-12-02,폭스바겐그룹코리아 주식회사,Tiguan 2.0 TDI,2020
2024-12-02,한국닛산(주),LEAF,2019
2024-12-02,기아 주식회사,스팅어,2019
2024-12-02,현대자동차(주),그랜저(GRANDEUR),2025
2024-12-02,케이지모빌리티 주식회사(KG Mobility Corp.),토레스,2023
2024-12-02,테슬라코리아 유한회사,Model 3 Long Range,2024
2024-12-02,폭스바겐그룹코리아 주식회사,Arteon 2.0 TDI,2019
2024-12-02,폭스바겐그룹코리아 주식회사,SQ5 3.0 TDI quattro,2015
2024-12-02,비엠더블유코리아(주),BMW 523d,2021
2024-12-02,테슬라코리아 유한회사,Model 3 Long Range,2024
2024-12-02,현대자동차(주),아반떼(AVANTE),2018
2024-12-03,현대자동차(주),싼타페(SANTAFE),2019
2024-12-03,(주)재규어랜드로버코리아,재규어 F-PACE 20d,2017
2024-12-03,기아 주식회사,카니발 리무진,2021
2024-12-03,메르세데스벤츠코리아(주),E200 Cabriolet,2016
2024-12-03,현대자동차(주),그랜저(GRANDEUR),2018
2024-12-03,현대자동차(주),그랜저(GRANDEUR),2018
2024-12-03,현대자동차(주),G80,2019
2024-12-03,현대자동차(주),넥쏘 (NEXO) 수소전기차,2020
2024-12-03,케이지모빌리티 주식회사(KG Mobility Corp.),티볼리,2021
2024-12-03,(주)쓰리축코리아,쓰리축코리아8.5톤극초장축플러스트럭,2024
2024-12-03,비엠더블유코리아(주),BMW X4 xDrive20d M Sport Package,2020
2024-12-03,현대자동차(주),그랜저(GRANDEUR),2020
2024-12-03,현대자동차(주),아반떼(AVANTE),2018
2024-12-03,비엠더블유코리아(주),BMW 620d M Sport Package,2020
2024-12-03,현대자동차(주),아반떼 Hybrid N Line (AVANTE Hybrid N Line),2024
2024-12-03,기아 주식회사,카니발,2021
2024-12-03,한국지엠주식회사,올란도 1.6 디젤,2016
2024-12-03,폭스바겐그룹코리아 주식회사,A6 40 TDI,2020
2024-12-03,현대자동차(주),쏘나타 (SONATA) 하이브리드,2012
2024-12-03,비엠더블유코리아(주),BMW X7 xDrive40i,2024
2024-12-03,(주)루트17,다니고밴,2021
2024-12-03,한국지엠주식회사,스파크 1.0 DOHC,2014
2024-12-03,케이지모빌리티 주식회사(KG Mobility Corp.),렉스턴스포츠,2021
2024-12-03,기아 주식회사,K7,2020
2024-12-03,기아 주식회사,K3,2019
2024-12-03,현대자동차(주),그랜저(GRANDEUR),2020
2024-12-03,기아 주식회사,레이,2018
2024-12-03,폭스바겐그룹코리아 주식회사,Arteon 2.0 TDI,2019
2024-12-03,현대자동차(주),넥쏘 (NEXO) 수소전기차,2022
2024-12-04,기아 주식회사,EV9,2024
2024-12-04,기아 주식회사,쏘렌토 하이브리드,2024
2024-12-04,한국지엠주식회사,올란도 1.6 디젤,2017
2024-12-04,기아 주식회사,봉고Ⅲ 윙바디,2022
2024-12-04,현대자동차(주),투싼 하이브리드(TUCSON HYBRID),2022
2024-12-04,기아 주식회사,EV6,2022
2024-12-04,기아 주식회사,K3,2019
2024-12-04,현대자동차(주),넥쏘 (NEXO) 수소전기차,2020
2024-12-04,현대자동차(주),아반떼(AVANTE),2017
2024-12-04,폭스바겐그룹코리아 주식회사,Arteon 2.0 TDI,2019
2024-12-04,메르세데스벤츠코리아(주),Mercedes-Benz GLE 300 d 4MATIC,2023
2024-12-04,한불모터스(주),Peugeot 5008 1.5 BlueHDi,2019
2024-12-04,케이지모빌리티 주식회사(KG Mobility Corp.),토레스,2025
2024-12-04,스카니아코리아그룹(주),스카니아트랙터,2022
2024-12-04,기아 주식회사,K7,2019
2024-12-04,현대자동차(주),캐스퍼(CASPER),2024
2024-12-04,현대자동차(주),캐스퍼(CASPER),2024
2024-12-04,기아 주식회사,EV9,2024
2024-12-04,기아 주식회사,K8,2023
2024-12-04,현대자동차(주),싼타페(SANTAFE),2016
2024-12-04,(주)재규어랜드로버코리아,재규어 E-PACE P250,2019
2024-12-05,현대자동차(주),GV80,2020
2024-12-05,케이지모빌리티 주식회사(KG Mobility Corp.),렉스턴스포츠 칸,2021
2024-12-05,기아 주식회사,카니발,2019
2024-12-05,기아 주식회사,쏘렌토,2019
2024-12-05,현대자동차(주),아이오닉5(IONIQ5),2022
2024-12-05,테슬라코리아 유한회사,Model X AWD,2023
2024-12-05,기아 주식회사,K7,2020
2024-12-05,기아 주식회사,EV6,2022
2024-12-05,기아 주식회사,K8 하이브리드,2023
2024-12-05,현대자동차(주),넥쏘 (NEXO) 수소전기차,2022
2024-12-05,기아 주식회사,카니발 리무진,2020
2024-12-05,현대자동차(주),넥쏘 (NEXO) 수소전기차,2020
2024-12-05,현대자동차(주),넥쏘 (NEXO) 수소전기차,2024
2024-12-05,현대자동차(주),넥쏘 (NEXO) 수소전기차,2022
2024-12-05,폭스바겐그룹코리아 주식회사,Q3 35 TDI,2020
2024-12-05,(주)재규어랜드로버코리아,디스커버리 TD6,2018
2024-12-05,(주)재규어랜드로버코리아,디스커버리 TD6,2019
2024-12-05,한국지엠주식회사,올란도 2.0 LPG,2015
2024-12-05,비엠더블유코리아(주),BMW X5 xDrive45e iPerformance,2022
2024-12-05,(주)루트17,다니고C2,2023
2024-12-05,현대자동차(주),팰리세이드(PALISADE),2019
2024-12-05,폭스바겐그룹코리아 주식회사,Tiguan 2.0 TDI,2018
2024-12-05,기아 주식회사,모하비,2021
2024-12-05,현대자동차(주),아반떼(AVANTE),2019
2024-12-05,테슬라코리아 유한회사,Model 3 Long Range,2024
2024-12-05,테슬라코리아 유한회사,Model 3 RWD,2024
2024-12-05,기아 주식회사,쏘렌토 하이브리드,2022
2024-12-05,기아 주식회사,K7,2016
2024-12-05,기아 주식회사,카니발,2019
2024-12-05,폭스바겐그룹코리아 주식회사,A6 45 TFSI,2023
2024-12-05,(주)루트17,다니고밴,2021
2024-12-06,기아 주식회사,쏘렌토,2021
2024-12-06,혼다코리아(주),ACCORD HYBRID,2018
2024-12-06,폭스바겐그룹코리아 주식회사,Tiguan 2.0 TDI,2020
2024-12-06,현대자동차(주),투싼(TUCSON),2016
2024-12-06,현대자동차(주),아반떼(AVANTE),2016
2024-12-06,기아 주식회사,카니발,2023
2024-12-06,기아 주식회사,쏘렌토,2021
2024-12-06,기아 주식회사,카니발,2025
2024-12-06,현대자동차(주),그랜저(GRANDEUR),2020
2024-12-06,현대자동차(주),G80,2025
2024-12-06,기아 주식회사,니로 하이브리드,2017
2024-12-06,현대자동차(주),투싼(TUCSON),2024
2024-12-06,현대자동차(주),EQ900,2016
2024-12-06,폭스바겐그룹코리아 주식회사,ID.4 Pro,2022
2024-12-06,만트럭버스코리아(주),TGX,2022
2024-12-06,현대자동차(주),아반떼(AVANTE),2021
2024-12-06,한국닛산(주),LEAF,2019
2024-12-06,기아 주식회사,EV6,2022
2024-12-06,기아 주식회사,봉고Ⅲ EV 윙바디,2021
2024-12-06,현대자동차(주),넥쏘 (NEXO) 수소전기차,2022
2024-12-06,폭스바겐그룹코리아 주식회사,Tiguan 2.0 TDI,2020
2024-12-06,폭스바겐그룹코리아 주식회사,Tiguan 2.0 TDI,2018
2024-12-06,현대자동차(주),G70,2020
2024-12-06,현대자동차(주),아반떼(AVANTE),2021
2024-12-06,혼다코리아(주),PILOT,2019
2024-12-06,현대자동차(주),팰리세이드(PALISADE),2020
2024-12-06,현대자동차(주),싼타페 하이브리드(SANTAFE HYBRID),2024
2024-12-06,메르세데스벤츠코리아(주),Mercedes-Benz EQS580 4MATIC SUV,2023
2024-12-06,현대자동차(주),캐스퍼 일렉트릭(CASPER Electric),2025
2024-12-06,포르쉐코리아 주식회사,911 카레라 4,2020
2024-12-06,한국토요타자동차(주),렉서스 RX450h,2013
2024-12-06,케이지모빌리티 주식회사(KG Mobility Corp.),토레스,2024
2024-12-06,(주)한국쓰리축,한국쓰리축26톤트럭,2024
2024-12-06,현대자동차(주),포터Ⅱ냉동탑차 (PORTER Ⅱ),2024
2024-12-06,현대자동차(주),싼타페 하이브리드(SANTAFE HYBRID),2024
2024-12-06,현대자동차(주),투싼(TUCSON),2016
2024-12-06,비엠더블유코리아(주),BMW X4 M40i,2021
2024-12-06,비엠더블유코리아(주),BMW X3 xDrive20d xLine WLTP,2019
2024-12-09,폭스바겐그룹코리아 주식회사,Tiguan 2.0 TDI,2020
2024-12-09,현대자동차(주),팰리세이드(PALISADE),2019
2024-12-09,기아 주식회사,봉고Ⅲ 1.2톤,2024
2024-12-09,현대자동차(주),팰리세이드(PALISADE),2020
2024-12-09,현대자동차(주),그랜저 하이브리드(GRANDEUR HYBRID),2020
2024-12-09,메르세데스벤츠코리아(주),E300,2017
2024-12-09,기아 주식회사,K7,2020
2024-12-09,기아 주식회사,카니발,2020
2024-12-09,(주)재규어랜드로버코리아,재규어 I-PACE EV400,2019
2024-12-09,폭스바겐그룹코리아 주식회사,Tiguan 2.0 TDI,2020
2024-12-09,폭스바겐그룹코리아 주식회사,Tiguan 2.0 TDI,2020
2024-12-09,메르세데스벤츠코리아(주),S400 d 4Matic L,2018
2024-12-09,현대자동차(주),G70,2019
2024-12-09,현대자동차(주),싼타페 하이브리드(SANTAFE HYBRID),2025
2024-12-09,한국지엠주식회사,말리부 1.5 TURBO,2017
2024-12-09,90020025,OK1 KOOROO,2024
2024-12-09,현대자동차(주),아이오닉5 (IONIQ5),2022
2024-12-09,테슬라코리아 유한회사,Model 3 Long Range,2024
2024-12-09,현대자동차(주),캐스퍼 일렉트릭(CASPER Electric),2025
2024-12-09,비엠더블유코리아(주),BMW X3 xDrive20i,2022
2024-12-09,르노코리아(주),XM3,2020
2024-12-09,한국지엠(주),CHEVROLET BOLT EV,2018
2024-12-09,폭스바겐그룹코리아 주식회사,Q5 45 TDI quattro,2015
2024-12-09,기아 주식회사,K7,2020
2024-12-09,기아 주식회사,니로 하이브리드,2020
2024-12-09,기아 주식회사,EV6,2023
2024-12-09,기아 주식회사,K7,2019
2024-12-09,폭스바겐그룹코리아 주식회사,A6 45 TFSI quattro,2022
2024-12-09,한국지엠(주),CHEVROLET TRAVERSE AWD,2020
2024-12-10,현대자동차(주),싼타페(SANTAFE),2015
2024-12-10,기아 주식회사,카니발,2018
2024-12-10,기아 주식회사,K9,2021
2024-12-10,현대자동차(주),그랜저(GRANDEUR),2020
2024-12-10,르노코리아(주),SM3,2015
2024-12-10,폭스바겐그룹코리아 주식회사,Tiguan 2.0 TDI,2020
2024-12-10,비엠더블유코리아(주),BMW 520d,2018
2024-12-10,현대자동차(주),싼타페 하이브리드(SANTAFE HYBRID),2024
2024-12-10,현대자동차(주),싼타페 하이브리드(SANTAFE HYBRID),2024
2024-12-10,기아 주식회사,쏘렌토,2018
2024-12-10,비엠더블유코리아(주),BMW 620d xDrive Luxury,2019
2024-12-10,폭스바겐그룹코리아 주식회사,Q4 Sportback 40 e-tron,2023
2024-12-10,기아 주식회사,쏘렌토 하이브리드,2021
2024-12-10,현대자동차(주),그랜저(GRANDEUR),2012
2024-12-10,(주)재규어랜드로버코리아,디스커버리 SD4,2019
2024-12-10,기아 주식회사,K3,2022
2024-12-10,폭스바겐그룹코리아 주식회사,Q4 e-tron 40,2022
2024-12-10,테슬라코리아 유한회사,Model 3 Long Range,2024
2024-12-10,비엠더블유코리아(주),BMW 530i,2018
2024-12-10,기아 주식회사,K3,2019
2024-12-10,기아 주식회사,카니발,2019
2024-12-10,기아 주식회사,EV9,2025
2024-12-10,현대자동차(주),싼타페 하이브리드(SANTAFE HYBRID),2024
2024-12-10,기아 주식회사,EV6,2023
2024-12-10,한국닛산(주),INFINITI Q50 2.2d,2014
2024-12-10,기아 주식회사,EV3,2025
2024-12-10,한국지엠주식회사,말리부 2.0 DOHC,2014
2024-12-10,현대자동차(주),아반떼(AVANTE),2017
2024-12-10,메르세데스벤츠코리아(주),Mercedes-AMG GLB35 4MATIC,2023
2024-12-10,테슬라코리아 유한회사,Model 3 Performance,2024
2024-12-10,비엠더블유코리아(주),BMW 530i xDrive,2024
2024-12-10,기아 주식회사,K3,2020
2024-12-10,현대자동차(주),아반떼(AVANTE),2016
2024-12-10,현대자동차(주),쏘나타 하이브리드 (SONATA HYBRID),2022
2024-12-10,메르세데스벤츠코리아(주),Mercedes-Benz GLC300 4MATIC Coupe,2020
2024-12-10,폭스바겐그룹코리아 주식회사,A6 45 TFSI,2023
2024-12-10,한국지엠(주),CHEVROLET BOLT EV,2018
2024-12-10,스텔란티스코리아 주식회사,짚 랭글러 사하라,2019
2024-12-10,기아 주식회사,스포티지 하이브리드,2023
2024-12-10,현대자동차(주),쏘나타 하이브리드(SONATA HYBRID),2016
2024-12-11,현대자동차(주),G70,2018
2024-12-11,한국지엠주식회사,말리부 1.8 HYBRID,2019
2024-12-11,현대자동차(주),그랜저(GRANDEUR),2018
2024-12-11,테슬라코리아 유한회사,Model 3 Long Range,2024
2024-12-11,한국지엠주식회사,말리부 1.8 HYBRID,2019
2024-12-11,현대자동차(주),그랜저 하이브리드,2019
2024-12-11,(주)일진정공,일진무시동전기냉동탑차,2022
2024-12-11,르노코리아(주),XM3,2022
2024-12-11,르노코리아(주),XM3,2022
2024-12-11,한국지엠주식회사,트랙스 1.2 터보,2024
2024-12-11,혼다코리아(주),PILOT,2017
2024-12-11,기아 주식회사,스포티지,2023
2024-12-11,기아 주식회사,K5,2020
2024-12-11,혼다코리아(주),ODYSSEY,2021
2024-12-11,현대자동차(주),스타리아 라운지 HYBRID (STARIA LOUNGE HYBRID),2025
2024-12-11,기아 주식회사,봉고Ⅲ 냉동차,2024
2024-12-11,90020025,V1,2023
2024-12-11,(주)재규어랜드로버코리아,디펜더 110 D300,2022
2024-12-11,폭스바겐그룹코리아 주식회사,Arteon 2.0 TDI,2019
2024-12-11,기아 주식회사,쏘렌토,2018
2024-12-11,비엠더블유코리아(주),BMW 530i xDrive,2018
2024-12-11,비엠더블유코리아(주),BMW X4 xDrive20d,2018
2024-12-11,비엠더블유코리아(주),BMW 320i,2021
2024-12-11,현대자동차(주),넥쏘 (NEXO) 수소전기차,2020
2024-12-11,메르세데스벤츠코리아(주),벤츠 C200 Cabriolet,2020
2024-12-11,한국지엠(주),CHEVROLET BOLT EV,2019
2024-12-11,현대자동차(주),G80,2023
2024-12-11,기아 주식회사,카니발,2021
2024-12-11,기아 주식회사,EV6,2022
2024-12-11,(주)재규어랜드로버코리아,디스커버리 스포츠 2.0D,2018
2024-12-11,(주)한성특장,한성16톤카고,2023
2024-12-11,르노코리아(주),XM3,2022
2024-12-11,현대자동차(주),G70,2019
2024-12-11,현대자동차(주),넥쏘 (NEXO) 수소전기차,2019
2024-12-11,현대자동차(주),그랜저(GRANDEUR),2020
2024-12-12,현대자동차(주),i40,2012
2024-12-12,폭스바겐그룹코리아 주식회사,Arteon 2.0 TDI,2019
2024-12-12,기아 주식회사,니로 하이브리드,2024
2024-12-12,기아 주식회사,쏘렌토,2021
2024-12-12,포르쉐코리아 주식회사,911 카레라 4 GTS,2019
2024-12-12,현대자동차(주),쏘나타(SONATA),2020
2024-12-12,메르세데스벤츠코리아(주),Mercedes-Benz EQE 350 +,2024
2024-12-12,비엠더블유코리아(주),BMW 540i xDrive,2018
2024-12-12,르노코리아(주),SM6,2016
2024-12-12,한국지엠주식회사,말리부 1.8 HYBRID,2017
2024-12-12,한국지엠(주),CHEVROLET BOLT EV,2019
2024-12-12,현대자동차(주),그랜저 하이브리드(GRANDEUR HYBRID),2023
2024-12-12,비엠더블유코리아(주),BMW 520i M Sport Package,2020
2024-12-12,기아 주식회사,카니발 리무진,2016
2024-12-13,기아 주식회사,K7,2020
2024-12-13,비엠더블유코리아(주),BMW Gran Turismo 30d,2011
2024-12-13,케이지모빌리티 주식회사(KG Mobility Corp.),렉스턴,2013
2024-12-13,포르쉐코리아 주식회사,파나메라 4,2018
2024-12-13,기아 주식회사,K7,2020
2024-12-13,한국지엠주식회사,말리부 1.8 HYBRID,2017
2024-12-13,한국지엠주식회사,알페온 3.0 DOHC,2011
2024-12-13,현대자동차(주),넥쏘 (NEXO) 수소전기차,2023
2024-12-13,기아 주식회사,K9,2020
2024-12-13,폭스바겐그룹코리아 주식회사,Tiguan 2.0 TDI BMT,2016
2024-12-13,현대자동차(주),쏘나타(SONATA),2024
2024-12-13,현대자동차(주),아반떼(AVANTE),2017
2024-12-13,기아 주식회사,카니발,2019
2024-12-13,르노코리아(주),KOLEOS Hybrid(콜레오스 하이브리드),2025
2024-12-13,비엠더블유코리아(주),BMW 530i,2017
2024-12-13,현대자동차(주),G80,2023
2024-12-13,비엠더블유코리아(주),BMW 520d xDrive,2018
2024-12-16,스텔란티스코리아 주식회사,짚 그랜드 체로키 4xe,2023
2024-12-16,현대자동차(주),싼타페(SANTAFE),2024
2024-12-16,기아 주식회사,K7,2020
2024-12-16,(주)GS글로벌,T4K,2024
2024-12-16,(주)GS글로벌,T4K,2023
2024-12-16,(주)GS글로벌,T4K,2023
2024-12-16,(주)GS글로벌,T4K,2023
2024-12-16,현대자동차(주),G80,2023
2024-12-16,포드세일즈서비스코리아(유),Lincoln Aviator 3.0,2020
2024-12-16,기아 주식회사,카니발,2021
2024-12-16,비엠더블유코리아(주),BMW 530i,2022
2024-12-16,테슬라코리아 유한회사,Model 3 Long Range,2024
2024-12-16,비엠더블유코리아(주),BMW X3 M40i,2021
2024-12-16,현대자동차(주),그랜저(GRANDEUR),2019
2024-12-16,현대자동차(주),싼타페(SANTAFE),2024
2024-12-16,한국지엠(주),CHEVROLET BOLT EV,2018
2024-12-16,비엠더블유코리아(주),BMW X3 xDrive30d M Sport Package RDE,2020
2024-12-16,현대자동차(주),아이오닉5 (IONIQ5),2023
2024-12-16,테슬라코리아 유한회사,Model S Plaid,2023
2024-12-16,현대자동차(주),그랜저(GRANDEUR),2018
2024-12-16,한국지엠(주),CHEVROLET TRAVERSE AWD,2021
2024-12-16,한국지엠(주),CHEVROLET BOLT EV,2018
2024-12-16,현대자동차(주),캐스퍼 일렉트릭(CASPER Electric),2025
2024-12-16,기아 주식회사,쏘렌토 하이브리드,2021
2024-12-16,기아 주식회사,EV6,2022
2024-12-16,기아 주식회사,EV3,2025
2024-12-16,기아 주식회사,EV6,2023
2024-12-16,기아 주식회사,쏘렌토,2018
2024-12-16,현대자동차(주),쏘나타 하이브리드 (SONATA HYBRID),2020
2024-12-16,기아 주식회사,포르테,2013
2024-12-16,폭스바겐그룹코리아 주식회사,Q4 40 e-tron,2023
2024-12-16,현대자동차(주),넥쏘 (NEXO) 수소전기차,2019
2024-12-17,현대자동차(주),그랜저(GRANDEUR),2020
2024-12-17,폭스바겐그룹코리아 주식회사,Q4 e-tron 40,2022
2024-12-17,기아 주식회사,니로 플러스,2023
2024-12-17,비엠더블유코리아(주),BMW 520i,2018
2024-12-17,기아 주식회사,K5 하이브리드,2023
2024-12-17,현대자동차(주),쏘나타 (SONATA) 하이브리드,2012
2024-12-17,90020025,V1,2023
2024-12-17,현대자동차(주),아이오닉5 (IONIQ5),2022
2024-12-17,비엠더블유코리아(주),BMW X4 xDrive20d M Sport Package,2020
2024-12-17,현대자동차(주),GV60,2022
2024-12-17,테슬라코리아 유한회사,Model 3 RWD,2024
2024-12-17,현대자동차(주),넥쏘 (NEXO) 수소전기차,2019
2024-12-17,현대자동차(주),싼타페(SANTAFE),2024
2024-12-17,(주)재규어랜드로버코리아,디스커버리 TD6,2018
2024-12-17,현대자동차(주),싼타페 하이브리드(SANTAFE HYBRID),2024
2024-12-17,기아 주식회사,K3,2020
2024-12-17,한국지엠주식회사,올란도 2.0 디젤,2014
2024-12-17,기아 주식회사,카니발,2021
2024-12-17,비엠더블유코리아(주),BMW X7 xDrive40d,2021
2024-12-17,기아 주식회사,쏘렌토,2018
2024-12-17,현대자동차(주),아이오닉6 (IONIQ6),2023
2024-12-17,기아 주식회사,쏘렌토 하이브리드,2024
2024-12-17,수성특장(주),수성3톤세이프티로더,2024
2024-12-17,현대자동차(주),그랜드 스타렉스(GRAND STAREX),2012
2024-12-17,르노코리아(주),XM3,2023
2024-12-17,기아 주식회사,EV9,2024
2024-12-18,기아 주식회사,쏘렌토,2017
2024-12-18,한국지엠주식회사,스파크 1.0,2022
2024-12-18,기아 주식회사,K7,2020
2024-12-18,기아 주식회사,카니발,2021
2024-12-18,현대자동차(주),싼타페 하이브리드(SANTAFE HYBRID),2025
2024-12-18,폭스바겐그룹코리아 주식회사,ID.4 Pro,2023
2024-12-18,현대자동차(주),포터Ⅱ (PORTERⅡ),2014
2024-12-18,케이지모빌리티 주식회사(KG Mobility Corp.),티볼리,2021
2024-12-18,메르세데스벤츠코리아(주),벤츠 A220,2019
2024-12-18,현대자동차(주),넥쏘 (NEXO) 수소전기차,2024
2024-12-18,케이지모빌리티 주식회사(KG Mobility Corp.),티볼리,2017
2024-12-18,현대자동차(주),아반떼(AVANTE),2017
2024-12-18,기아 주식회사,카니발 하이리무진,2022
2024-12-18,한국지엠(주),CHEVROLET BOLT EV,2018
2024-12-18,한국지엠(주),CHEVROLET BOLT EV,2018
2024-12-18,현대자동차(주),투싼 하이브리드(TUCSON HYBRID),2021
2024-12-18,기아 주식회사,쏘렌토,2022
2024-12-18,(주)재규어랜드로버코리아,디스커버리 스포츠 2.0D,2018
2024-12-18,현대자동차(주),투싼 하이브리드(TUCSON HYBRID),2022
2024-12-18,폭스바겐그룹코리아 주식회사,ID.4 Pro,2022
2024-12-18,기아 주식회사,카니발,2020
2024-12-18,(주)재규어랜드로버코리아,레인지로버 이보크 2.0D,2016
2024-12-18,테슬라코리아 유한회사,Model 3 RWD,2024
2024-12-18,폭스바겐그룹코리아 주식회사,A3 40 TFSI,2018
2024-12-18,기아 주식회사,K9,2019
2024-12-18,기아 주식회사,K7,2015
2024-12-18,기아 주식회사,쏘렌토 하이브리드,2021
2024-12-18,한불모터스(주),Peugeot 5008 1.5 BlueHDi,2019
2024-12-18,기아 주식회사,카니발 하이브리드,2024
2024-12-18,폭스바겐그룹코리아 주식회사,Tiguan 2.0 TDI,2020
2024-12-18,메르세데스벤츠코리아(주),벤츠 A220 Sedan,2020
2024-12-18,기아 주식회사,카니발,2019
2024-12-18,한국토요타자동차(주),토요타 Camry,2018
2024-12-18,기아 주식회사,K7,2020
2024-12-18,기아 주식회사,K3,2019
2024-12-18,현대자동차(주),아반떼(AVANTE),2016
2024-12-18,테슬라코리아 유한회사,Model 3 Performance,2024
2024-12-18,한국지엠주식회사,말리부 1.8 HYBRID,2018
2024-12-19,현대자동차(주),아반떼(AVANTE),2018
2024-12-19,기아 주식회사,K7,2020
2024-12-19,테슬라코리아 유한회사,Model 3 Long Range,2020
2024-12-19,현대자동차(주),제네시스(GENESIS),2010
2024-12-19,폭스바겐그룹코리아 주식회사,Arteon 2.0 TDI,2019
2024-12-19,비엠더블유코리아(주),BMW 520d xDrive,2018
2024-12-19,기아 주식회사,K3,2019
2024-12-19,기아 주식회사,쏘렌토 하이브리드,2024
2024-12-19,케이지모빌리티 주식회사(KG Mobility Corp.),토레스,2025
2024-12-19,현대자동차(주),싼타페(SANTAFE),2015
2024-12-19,(주)볼보자동차코리아,볼보 S60B5,2023
2024-12-19,한국지엠주식회사,올란도 2.0 디젤,2013
2024-12-19,기아 주식회사,K7,2020
2024-12-19,현대자동차(주),그랜저(GRANDEUR),2019
2024-12-19,한불모터스(주),Peugeot 3008 1.5 BlueHDi,2019
2024-12-19,현대자동차(주),아이오닉5 (IONIQ5),2023
2024-12-19,현대자동차(주),GV60,2023
2024-12-19,현대자동차(주),넥쏘 (NEXO) 수소전기차,2022
2024-12-19,르노코리아(주),SM6,2016
2024-12-19,비엠더블유코리아(주),BMW X4 xDrive20d,2021
2024-12-19,기아 주식회사,K5 하이브리드,2020
2024-12-19,기아 주식회사,스포티지 하이브리드,2024
2024-12-19,폭스바겐그룹코리아 주식회사,Arteon 2.0 TDI,2019
2024-12-19,비엠더블유코리아(주),BMW X4 M,2020
2024-12-19,현대자동차(주),아이오닉6 (IONIQ6),2023
2024-12-19,기아 주식회사,봉고Ⅲ 1톤 EV,2021
2024-12-19,현대자동차(주),아이오닉6 (IONIQ6),2023
2024-12-19,기아 주식회사,K7,2021
2024-12-19,기아 주식회사,EV6,2023
2024-12-19,현대자동차(주),그랜저(GRANDEUR),2020
2024-12-19,기아 주식회사,K3,2018
2024-12-19,현대자동차(주),그랜저(GRANDEUR) 하이브리드,2015
2024-12-20,르노코리아(주),SM6,2016
2024-12-20,현대자동차(주),캐스퍼 일렉트릭(CASPER Electric),2025
2024-12-20,케이지모빌리티 주식회사(KG Mobility Corp.),렉스턴스포츠 칸,2021
2024-12-20,르노코리아(주),KOLEOS Hybrid(콜레오스 하이브리드),2025
2024-12-20,르노코리아(주),KOLEOS Hybrid(콜레오스 하이브리드),2025
2024-12-20,르노코리아(주),KOLEOS Hybrid(콜레오스 하이브리드),2025
2024-12-20,기아 주식회사,EV6,2022
2024-12-20,기아 주식회사,K3,2020
2024-12-20,기아 주식회사,K7,2019
2024-12-20,기아 주식회사,쏘렌토 하이브리드,2021
2024-12-20,기아 주식회사,EV6,2023
2024-12-20,한국지엠주식회사,말리부 1.8 HYBRID,2019
2024-12-20,(주)재규어랜드로버코리아,디스커버리 TD6,2019
2024-12-20,현대자동차(주),아반떼(AVANTE),2017
2024-12-20,메르세데스벤츠코리아(주),Mercedes-Benz GLB250 4MATIC,2020
2024-12-20,기아 주식회사,쏘렌토,2017
2024-12-20,현대자동차(주),쏘나타(SONATA),2022
2024-12-20,기아 주식회사,니로 하이브리드,2017
2024-12-20,르노코리아(주),ARKANA 하이브리드,2025
2024-12-23,르노코리아(주),KOLEOS Hybrid(콜레오스 하이브리드),2025
2024-12-23,현대자동차(주),GV80,2024
2024-12-23,현대자동차(주),그랜저(GRANDEUR),2017
2024-12-23,현대자동차(주),스타리아 (STARIA),2024
2024-12-23,현대자동차(주),넥쏘 (NEXO) 수소전기차,2020
2024-12-23,비엠더블유코리아(주),BMW 530i,2017
2024-12-23,현대자동차(주),그랜저 하이브리드(GRANDEUR HYBRID),2023
2024-12-23,기아 주식회사,K7 하이브리드,2020
2024-12-23,기아 주식회사,K7 하이브리드,2020
2024-12-23,현대자동차(주),아반떼(AVANTE),2021
2024-12-23,기아 주식회사,EV6,2022
2024-12-23,르노코리아(주),SM6,2017
2024-12-23,기아 주식회사,니로 하이브리드,2018
2024-12-23,주식회사 마이브,마이브 M1,2021
2024-12-23,한국지엠주식회사,말리부 1.35 TURBO,2021
2024-12-23,현대자동차(주),투싼(TUCSON),2018
2024-12-23,케이지모빌리티 주식회사(KG Mobility Corp.),티볼리,2024
2024-12-23,현대자동차(주),넥쏘 (NEXO) 수소전기차,2019
2024-12-23,현대자동차(주),그랜저(GRANDEUR),2019
2024-12-23,르노코리아(주),KOLEOS Hybrid(콜레오스 하이브리드),2025
2024-12-23,현대자동차(주),G80,2024
2024-12-23,르노코리아(주),KOLEOS Hybrid(콜레오스 하이브리드),2025
2024-12-23,르노코리아(주),KOLEOS Hybrid(콜레오스 하이브리드),2025
2024-12-23,한국닛산(주),LEAF,2019
2024-12-23,비엠더블유코리아(주),BMW 320d,2016
2024-12-23,한불모터스(주),Peugeot 5008 GT 2.0 BlueHDi,2019
2024-12-23,르노코리아(주),KOLEOS Hybrid(콜레오스 하이브리드),2025
2024-12-23,르노코리아(주),KOLEOS Hybrid(콜레오스 하이브리드),2025
2024-12-23,현대자동차(주),G80,2021
2024-12-23,르노코리아(주),KOLEOS Hybrid(콜레오스 하이브리드),2025
2024-12-23,테슬라코리아 유한회사,Model 3 Long Range,2024
2024-12-23,르노코리아(주),KOLEOS Hybrid(콜레오스 하이브리드),2025
2024-12-24,포르쉐코리아 주식회사,카이엔,2021
2024-12-24,현대자동차(주),그랜저(GRANDEUR),2019
2024-12-24,한국지엠주식회사,말리부 1.5 TURBO,2018
2024-12-24,르노코리아(주),KOLEOS Hybrid(콜레오스 하이브리드),2025
2024-12-24,현대자동차(주),그랜저(GRANDEUR),2019
2024-12-24,현대자동차(주),쏘나타 (SONATA) 하이브리드,2012
2024-12-24,르노코리아(주),QM6,2024
2024-12-24,기아 주식회사,EV6,2022
2024-12-24,현대자동차(주),G80,2021
2024-12-24,르노코리아(주),KOLEOS Hybrid(콜레오스 하이브리드),2025
2024-12-24,포르쉐코리아 주식회사,타이칸 GTS,2024
2024-12-24,르노코리아(주),XM3,2021
2024-12-24,르노코리아(주),SM5,2013
2024-12-24,기아 주식회사,K3,2020
2024-12-24,비엠더블유코리아(주),BMW 535i GT,2010
2024-12-24,현대자동차(주),쏘나타 하이브리드 (SONATA HYBRID),2021
2024-12-24,르노코리아(주),KOLEOS Hybrid(콜레오스 하이브리드),2025
2024-12-24,기아 주식회사,K3,2019
2024-12-24,기아 주식회사,쏘울,2010
2024-12-24,현대자동차(주),투싼(TUCSON),2016
2024-12-24,르노코리아(주),KOLEOS Hybrid(콜레오스 하이브리드),2025
2024-12-24,기아 주식회사,K3,2019
2024-12-24,기아 주식회사,쏘울,2012
2024-12-24,기아 주식회사,쏘렌토 하이브리드,2025
2024-12-24,르노코리아(주),KOLEOS Hybrid(콜레오스 하이브리드),2025
2024-12-24,르노코리아(주),KOLEOS Hybrid(콜레오스 하이브리드),2025
2024-12-24,르노코리아(주),KOLEOS Hybrid(콜레오스 하이브리드),2025
2024-12-24,르노코리아(주),KOLEOS Hybrid(콜레오스 하이브리드),2025
2024-12-24,르노코리아(주),KOLEOS Hybrid(콜레오스 하이브리드),2025
2024-12-24,르노코리아(주),KOLEOS Hybrid(콜레오스 하이브리드),2025
2024-12-24,르노코리아(주),KOLEOS Hybrid(콜레오스 하이브리드),2025
2024-12-24,르노코리아(주),KOLEOS Hybrid(콜레오스 하이브리드),2025
2024-12-24,르노코리아(주),KOLEOS Hybrid(콜레오스 하이브리드),2025
2024-12-24,르노코리아(주),KOLEOS Hybrid(콜레오스 하이브리드),2025
2024-12-24,현대자동차(주),마이티,2019
2024-12-24,기아 주식회사,K7,2014
2024-12-24,현대자동차(주),GV80,2020
2024-12-31,포르쉐코리아 주식회사,911 카레라,2020
2024-12-31,기아 주식회사,니로 하이브리드,2018
