"접수일자","제작사","차명","모델년도"
"2020-12-31","기아자동차(주)","레이","2012"
"2020-12-31","현대자동차(주)","G70","2019"
"2020-12-31","현대자동차(주)","쏘나타 (SONATA)","2011"
"2020-12-31","기아자동차(주)","K9","2020"
"2020-12-31","현대자동차(주)","쏘나타 (SONATA)","2011"
"2020-12-31","아우디폭스바겐코리아(주)","Q7 45 TFSI quattro","2019"
"2020-12-31","현대자동차(주)","투싼(TUCSON)","2019"
"2020-12-30","포드세일즈서비스코리아(유)","이스케이프","2009"
"2020-12-30","아우디폭스바겐코리아(주)","Q7 45 TFSI quattro","2019"
"2020-12-31","기아자동차(주)","K5","2012"
"2020-12-31","한국지엠(주)","말리부 1.35 TURBO","2021"
"2020-12-31","현대자동차(주)","그랜저(GRANDEUR)","2017"
"2020-12-31","현대자동차(주)","투싼(TUCSON)","2021"
"2020-12-30","(주)볼보자동차코리아","볼보 S60D4","2014"
"2020-12-31","(주)볼보자동차코리아","볼보 S60B5","2021"
"2020-12-31","아우디폭스바겐코리아(주)","A4 2.0 TFSI Quattro","2010"
"2020-12-31","기아자동차(주)","쏘렌토 하이브리드","2021"
"2020-12-30","아우디폭스바겐코리아(주)","Q7 45 TDI quattro","2020"
"2020-12-31","현대자동차(주)","투싼(TUCSON)","2016"
"2020-12-31","현대자동차(주)","GV80","2020"
"2020-12-31","현대자동차(주)","아반떼(AVANTE)","2021"
"2020-12-31","기아자동차(주)","K5","2012"
"2020-12-31","르노삼성자동차(주)","SM6","2016"
"2020-12-31","현대자동차(주)","코나 하이브리드(KONA HYBRID)","2021"
"2020-12-30","기아자동차(주)","셀토스","2020"
"2020-12-31","르노삼성자동차(주)","QM6","2017"
"2020-12-31","비엠더블유코리아(주)","BMW 530e","2021"
"2020-12-31","기아자동차(주)","K5","2012"
"2020-12-31","현대자동차(주)","쏘나타 (SONATA)","2011"
"2020-12-31","현대자동차(주)","쏘나타 (SONATA)","2011"
"2020-12-30","비엠더블유코리아(주)","BMW 530e iPerformance Luxury","2020"
"2020-12-30","아우디폭스바겐코리아(주)","A4 30 TDI","2015"
"2020-12-29","현대자동차(주)","쏠라티(SOLATI)","2020"
"2020-12-30","기아자동차(주)","쏘렌토 하이브리드","2021"
"2020-12-29","르노삼성자동차(주)","QM6","2017"
"2020-12-30","기아자동차(주)","쏘렌토 하이브리드","2021"
"2020-12-30","현대자동차(주)","투싼(TUCSON)","2017"
"2020-12-30","기아자동차(주)","쏘렌토 하이브리드","2021"
"2020-12-30","아우디폭스바겐코리아(주)","Passat 2.0 TSI","2018"
"2020-12-30","비엠더블유코리아(주)","BMW 530i M Sport Package Plus","2019"
"2020-12-29","기아자동차(주)","K5","2011"
"2020-12-29","아우디폭스바겐코리아(주)","Q7 45 TFSI quattro","2019"
"2020-12-30","기아자동차(주)","쏘렌토 하이브리드","2021"
"2020-12-30","메르세데스벤츠코리아(주)","Mercedes-Benz GLA250 4MATIC","2020"
"2020-12-30","(주)재규어랜드로버코리아","재규어 F-PACE 20d","2018"
"2020-12-29","아우디폭스바겐코리아(주)","Q7 45 TDI quattro","2020"
"2020-12-30","아우디폭스바겐코리아(주)","Jetta 2.0 TDI BMT","2015"
"2020-12-30","한국지엠(주)","토스카 2.0 DOHC","2010"
"2020-12-29","테슬라코리아 유한회사","Model 3 Performance","2020"
"2020-12-29","아우디폭스바겐코리아(주)","Q7 45 TDI quattro","2020"
"2020-12-30","비엠더블유코리아(주)","BMW 528i","2012"
"2020-12-30","비엠더블유코리아(주)","BMW 520d xDrive M Sport Package","2020"
"2020-12-30","비엠더블유코리아(주)","BMW 528i","2014"
"2020-12-30","기아자동차(주)","쏘렌토 하이브리드","2021"
"2020-12-30","비엠더블유코리아(주)","BMW 528i","2014"
"2020-12-30","현대자동차(주)","G80","2021"
"2020-12-29","아우디폭스바겐코리아(주)","Q7 45 TDI quattro","2020"
"2020-12-30","현대자동차(주)","투싼(TUCSON)","2016"
"2020-12-30","현대자동차(주)","그랜저(GRANDEUR)","2020"
"2020-12-30","현대자동차(주)","투싼(TUCSON)","2016"
"2020-12-29","(주)재규어랜드로버코리아","디스커버리 스포츠 2.0D","2016"
"2020-12-30","아우디폭스바겐코리아(주)","A6 40 TDI","2020"
"2020-12-30","기아자동차(주)","쏘렌토 하이브리드","2021"
"2020-12-30","비엠더블유코리아(주)","BMW 530i xDrive","2017"
"2020-12-30","비엠더블유코리아(주)","BMW 520d xDrive M Sport Package","2019"
"2020-12-28","현대자동차(주)","i40","2012"
"2020-12-29","메르세데스벤츠코리아(주)","E300","2017"
"2020-12-28","아우디폭스바겐코리아(주)","Q7 45 TDI quattro","2021"
"2020-12-29","(주)재규어랜드로버코리아","디스커버리 TD6","2017"
"2020-12-29","비엠더블유코리아(주)","BMW 530i xDrive M Sport Package Plus","2019"
"2020-12-29","기아자동차(주)","K5","2021"
"2020-12-29","현대자동차(주)","제네시스(GENESIS)","2014"
"2020-12-29","기아자동차(주)","K5","2021"
"2020-12-28","아우디폭스바겐코리아(주)","Q7 45 TDI quattro","2021"
"2020-12-29","현대자동차(주)","싼타페(SANTAFE)","2021"
"2020-12-29","비엠더블유코리아(주)","BMW 530i","2021"
"2020-12-29","르노삼성자동차(주)","SM6","2016"
"2020-12-28","현대자동차(주)","i40","2012"
"2020-12-29","기아자동차(주)","K7","2020"
"2020-12-28","크라이슬러코리아(주)","짚 레니게이드 2.4","2015"
"2020-12-28","기아자동차(주)","K3","2019"
"2020-12-29","크라이슬러코리아(주)","짚 랭글러 사하라","2018"
"2020-12-29","기아자동차(주)","K5 하이브리드","2020"
"2020-12-29","기아자동차(주)","K5 하이브리드","2020"
"2020-12-28","아우디폭스바겐코리아(주)","Q7 45 TDI quattro","2020"
"2020-12-28","한국지엠(주)","아베오 1.6 DOHC","2012"
"2020-12-29","메르세데스벤츠코리아(주)","E200","2017"
"2020-12-29","기아자동차(주)","K7","2020"
"2020-12-29","기아자동차(주)","쏘렌토 하이브리드","2021"
"2020-12-29","아우디폭스바겐코리아(주)","A6 40 TDI quattro","2016"
"2020-12-29","비엠더블유코리아(주)","BMW 320i","2014"
"2020-12-29","기아자동차(주)","카니발","2019"
"2020-12-29","기아자동차(주)","쏘렌토 하이브리드","2021"
"2020-12-29","기아자동차(주)","쏘렌토 하이브리드","2021"
"2020-12-29","기아자동차(주)","스팅어","2021"
"2020-12-29","기아자동차(주)","쏘렌토 하이브리드","2021"
"2020-12-29","비엠더블유코리아(주)","BMW 530i","2021"
"2020-12-29","현대자동차(주)","싼타페(SANTAFE)","2013"
"2020-12-29","(주)볼보자동차코리아","볼보 S60B5","2021"
"2020-12-29","현대자동차(주)","아반떼 (AVANTE)","2014"
"2020-12-29","기아자동차(주)","카니발 리무진","2021"
"2020-12-29","아우디폭스바겐코리아(주)","Q7 45 TFSI quattro","2019"
"2020-12-28","현대자동차(주)","싼타페(SANTAFE)","2013"
"2020-12-28","기아자동차(주)","쏘렌토 하이브리드","2021"
"2020-12-28","현대자동차(주)","투싼 하이브리드(TUCSON HYBRID)","2021"
"2020-12-28","비엠더블유코리아(주)","BMW X4 xDrive20d M Sport Package","2020"
"2020-12-28","(주)재규어랜드로버코리아","디스커버리 스포츠 2.0D","2016"
"2020-12-28","메르세데스벤츠코리아(주)","Mercedes-Benz E300 e 4MATIC","2020"
"2020-12-28","기아자동차(주)","포르테","2011"
"2020-12-28","메르세데스벤츠코리아(주)","C200","2016"
"2020-12-28","르노삼성자동차(주)","SM6","2016"
"2020-12-28","기아자동차(주)","쏘렌토 하이브리드","2021"
"2020-12-28","아우디폭스바겐코리아(주)","A4 2.0 TFSI Quattro","2011"
"2020-12-28","기아자동차(주)","K5","2020"
"2020-12-28","기아자동차(주)","카니발 리무진","2021"
"2020-12-28","기아자동차(주)","카니발","2019"
"2020-12-28","자기인증면제차량","OPTIMA HYBRID","2012"
"2020-12-28","기아자동차(주)","K5","2021"
"2020-12-28","아우디폭스바겐코리아(주)","A4 40 TFSI quattro","2015"
"2020-12-28","비엠더블유코리아(주)","BMW 520d","2017"
"2020-12-28","기아자동차(주)","쏘렌토 하이브리드","2021"
"2020-12-28","아우디폭스바겐코리아(주)","Q7 45 TFSI quattro","2019"
"2020-12-28","기아자동차(주)","K5","2013"
"2020-12-28","르노삼성자동차(주)","SM7","2015"
"2020-12-24","현대자동차(주)","그랜저(GRANDEUR)","2020"
"2020-12-28","한국지엠(주)","말리부 2.0 LPG","2015"
"2020-12-24","비엠더블유코리아(주)","MINI Cooper D","2013"
"2020-12-28","기아자동차(주)","쏘렌토 하이브리드","2021"
"2020-12-28","르노삼성자동차(주)","QM6","2020"
"2020-12-24","(주)재규어랜드로버코리아","디스커버리4 3.0D","2016"
"2020-12-28","기아자동차(주)","쏘렌토 하이브리드","2021"
"2020-12-28","기아자동차(주)","K5","2020"
"2020-12-28","비엠더블유코리아(주)","BMW 520i","2021"
"2020-12-28","지엠대우오토앤테크놀로지(주)","CHEVROLET COLORADO AWD","2021"
"2020-12-28","기아자동차(주)","K5","2020"
"2020-12-28","기아자동차(주)","쏘렌토 하이브리드","2021"
"2020-12-28","비엠더블유코리아(주)","BMW 520i","2021"
"2020-12-28","비엠더블유코리아(주)","BMW 520d","2018"
"2020-12-28","지엠대우오토앤테크놀로지(주)","CHEVROLET COLORADO AWD","2021"
"2020-12-28","기아자동차(주)","쏘렌토 하이브리드","2021"
"2020-12-24","한국토요타자동차(주)","렉서스 GS460","2008"
"2020-12-28","한국지엠(주)","트레일블레이저 1.35 TURBO AWD","2021"
"2020-12-28","기아자동차(주)","쏘렌토 하이브리드","2021"
"2020-12-28","기아자동차(주)","쏘렌토 하이브리드","2021"
"2020-12-28","기아자동차(주)","쏘렌토 하이브리드","2021"
"2020-12-28","비엠더블유코리아(주)","BMW 520i","2021"
"2020-12-28","기아자동차(주)","쏘렌토 하이브리드","2021"
"2020-12-28","기아자동차(주)","쏘렌토 하이브리드","2021"
"2020-12-28","현대자동차(주)","베라크루즈(VERACRUZ)","2007"
"2020-12-24","아우디폭스바겐코리아(주)","A4 40 TFSI","2019"
"2020-12-28","아우디폭스바겐코리아(주)","A4 2.0 TFSI quattro","2012"
"2020-12-28","현대자동차(주)","그랜저(GRANDEUR)","2020"
"2020-12-24","르노삼성자동차(주)","SM3","2010"
"2020-12-24","쌍용자동차(주)","코란도 투리스모","2015"
"2020-12-28","지엠대우오토앤테크놀로지(주)","CHEVROLET COLORADO AWD","2021"
"2020-12-28","지엠대우오토앤테크놀로지(주)","CHEVROLET COLORADO AWD","2021"
"2020-12-28","비엠더블유코리아(주)","BMW 520i","2021"
"2020-12-28","기아자동차(주)","쏘렌토 하이브리드","2021"
"2020-12-28","아우디폭스바겐코리아(주)","A6 45 TFSI","2020"
"2020-12-28","(주)볼보자동차코리아","볼보 S60B5","2021"
"2020-12-28","기아자동차(주)","쏘렌토 하이브리드","2021"
"2020-12-24","한국토요타자동차(주)","렉서스 GS460","2008"
"2020-12-23","비엠더블유코리아(주)","MINI Cooper D Countryman","2013"
"2020-12-24","기아자동차(주)","쏘렌토 하이브리드","2021"
"2020-12-24","메르세데스벤츠코리아(주)","Mercedes-Benz E250","2021"
"2020-12-24","아우디폭스바겐코리아(주)","RS5 4.2 FSI quattro","2013"
"2020-12-23","메르세데스벤츠코리아(주)","CLS250 d 4Matic","2017"
"2020-12-24","기아자동차(주)","쏘렌토","2021"
"2020-12-24","(주)볼보자동차코리아","볼보 V90CCB5 AWD","2021"
"2020-12-23","아우디폭스바겐코리아(주)","Q7 45 TFSI quattro","2019"
"2020-12-24","아우디폭스바겐코리아(주)","RS5 4.2 FSI quattro","2013"
"2020-12-24","아우디폭스바겐코리아(주)","RS5 4.2 FSI quattro","2013"
"2020-12-24","기아자동차(주)","쏘렌토 하이브리드","2021"
"2020-12-24","비엠더블유코리아(주)","BMW 530i xDrive","2021"
"2020-12-24","아우디폭스바겐코리아(주)","A4 2.0 TFSI","2010"
"2020-12-24","아우디폭스바겐코리아(주)","A6 45 TFSI quattro","2020"
"2020-12-24","기아자동차(주)","K5 하이브리드","2020"
"2020-12-24","기아자동차(주)","K5","2020"
"2020-12-24","아우디폭스바겐코리아(주)","Q7 45 TFSI quattro","2019"
"2020-12-23","아우디폭스바겐코리아(주)","Q7 45 TDI quattro","2021"
"2020-12-24","아우디폭스바겐코리아(주)","RS5 4.2 FSI quattro","2013"
"2020-12-24","기아자동차(주)","쏘렌토 하이브리드","2021"
"2020-12-24","현대자동차(주)","투싼 하이브리드(TUCSON HYBRID)","2021"
"2020-12-24","아우디폭스바겐코리아(주)","A6 45 TDI quattro","2020"
"2020-12-24","기아자동차(주)","쏘렌토 하이브리드","2021"
"2020-12-24","아우디폭스바겐코리아(주)","A4 2.0 TFSI Quattro","2011"
"2020-12-24","아우디폭스바겐코리아(주)","Q7 45 TFSI quattro","2019"
"2020-12-24","현대자동차(주)","팰리세이드(PALISADE)","2021"
"2020-12-24","현대자동차(주)","투싼(TUCSON)","2007"
"2020-12-24","기아자동차(주)","K5","2020"
"2020-12-23","현대자동차(주)","넥쏘 (NEXO) 수소전기차","2021"
"2020-12-24","기아자동차(주)","쏘렌토 하이브리드","2021"
"2020-12-23","현대자동차(주)","싼타페(SANTAFE)","2021"
"2020-12-23","비엠더블유코리아(주)","BMW 530e","2021"
"2020-12-23","기아자동차(주)","K5 하이브리드","2020"
"2020-12-23","기아자동차(주)","쏘렌토 하이브리드","2021"
"2020-12-23","기아자동차(주)","쏘렌토 하이브리드","2021"
"2020-12-23","현대자동차(주)","투싼 하이브리드(TUCSON HYBRID)","2021"
"2020-12-23","현대자동차(주)","투싼(TUCSON)","2016"
"2020-12-23","한국지엠(주)","말리부 2.0 LPG","2015"
"2020-12-23","기아자동차(주)","쏘렌토 하이브리드","2021"
"2020-12-23","기아자동차(주)","쏘렌토 하이브리드","2021"
"2020-12-23","현대자동차(주)","투싼(TUCSON)","2016"
"2020-12-23","기아자동차(주)","K5 하이브리드","2021"
"2020-12-23","현대자동차(주)","투싼(TUCSON)","2017"
"2020-12-23","기아자동차(주)","쏘렌토 하이브리드","2021"
"2020-12-23","비엠더블유코리아(주)","BMW 523d","2021"
"2020-12-23","기아자동차(주)","K5","2020"
"2020-12-22","현대자동차(주)","쏘나타(SONATA)","2015"
"2020-12-22","크라이슬러코리아(주)","짚 랭글러 루비콘","2019"
"2020-12-23","현대자동차(주)","코나 일렉트릭 (KONA ELECTRIC)","2019"
"2020-12-23","기아자동차(주)","쏘렌토 하이브리드","2021"
"2020-12-23","현대자동차(주)","투싼(TUCSON)","2017"
"2020-12-23","한국지엠(주)","트레일블레이저 1.35 TURBO FWD","2021"
"2020-12-23","기아자동차(주)","쏘렌토 하이브리드","2021"
"2020-12-23","현대자동차(주)","넥쏘 (NEXO) 수소전기차","2020"
"2020-12-23","비엠더블유코리아(주)","BMW 520i","2021"
"2020-12-23","기아자동차(주)","K7","2012"
"2020-12-22","현대자동차(주)","투싼(TUCSON)","2016"
"2020-12-23","기아자동차(주)","쏘렌토 하이브리드","2021"
"2020-12-23","기아자동차(주)","쏘렌토 하이브리드","2021"
"2020-12-23","비엠더블유코리아(주)","BMW 520i","2021"
"2020-12-23","기아자동차(주)","쏘렌토 하이브리드","2021"
"2020-12-23","비엠더블유코리아(주)","BMW 530i","2021"
"2020-12-23","기아자동차(주)","쏘렌토 하이브리드","2021"
"2020-12-23","아우디폭스바겐코리아(주)","A6 40 TDI","2020"
"2020-12-23","현대자동차(주)","투싼(TUCSON)","2017"
"2020-12-23","비엠더블유코리아(주)","BMW 530i","2021"
"2020-12-23","현대자동차(주)","투싼(TUCSON)","2006"
"2020-12-23","(주)볼보자동차코리아","볼보 S60B5","2021"
"2020-12-22","아우디폭스바겐코리아(주)","Q7 45 TDI quattro","2021"
"2020-12-22","아우디폭스바겐코리아(주)","A6 45 TFSI","2020"
"2020-12-23","(주)볼보자동차코리아","볼보 S60B5","2021"
"2020-12-21","현대자동차(주)","아반떼(AVANTE)","2011"
"2020-12-22","아우디폭스바겐코리아(주)","Passat 2.0 TDI","2014"
"2020-12-22","기아자동차(주)","쏘렌토 하이브리드","2021"
"2020-12-23","현대자동차(주)","맥스크루즈 (MAXCRUZ)","2014"
"2020-12-23","아우디폭스바겐코리아(주)","A5 2.0 TFSI quattro","2013"
"2020-12-23","비엠더블유코리아(주)","BMW 530e","2021"
"2020-12-22","현대자동차(주)","아반떼(AVANTE)","2021"
"2020-12-23","기아자동차(주)","카니발","2019"
"2020-12-23","현대자동차(주)","맥스크루즈 (MAXCRUZ)","2014"
"2020-12-22","아우디폭스바겐코리아(주)","A6 45 TFSI","2020"
"2020-12-22","지엠대우오토앤테크놀로지(주)","CHEVROLET IMPALA 2.5","2016"
"2020-12-22","비엠더블유코리아(주)","BMW 520i","2021"
"2020-12-21","(주)재규어랜드로버코리아","재규어 XF 2.2D","2014"
"2020-12-23","아우디폭스바겐코리아(주)","A5 2.0 TFSI quattro","2013"
"2020-12-21","기아자동차(주)","쏘렌토 하이브리드","2021"
"2020-12-23","기아자동차(주)","쏘렌토","2021"
"2020-12-22","기아자동차(주)","쏘렌토 하이브리드","2021"
"2020-12-22","기아자동차(주)","쏘렌토 하이브리드","2021"
"2020-12-22","기아자동차(주)","쏘렌토 하이브리드","2021"
"2020-12-22","기아자동차(주)","쏘렌토 하이브리드","2021"
"2020-12-23","비엠더블유코리아(주)","BMW 520d xDrive","2014"
"2020-12-22","기아자동차(주)","K7","2020"
"2020-12-23","비엠더블유코리아(주)","BMW 520i","2021"
"2020-12-22","현대자동차(주)","투싼(TUCSON)","2016"
"2020-12-23","기아자동차(주)","쏘렌토 하이브리드","2021"
"2020-12-22","기아자동차(주)","K7","2020"
"2020-12-22","현대자동차(주)","아반떼(AVANTE)","2011"
"2020-12-21","아우디폭스바겐코리아(주)","A6 40 TDI","2020"
"2020-12-21","아우디폭스바겐코리아(주)","Q7 45 TFSI quattro","2019"
"2020-12-22","아우디폭스바겐코리아(주)","A6 45 TFSI","2020"
"2020-12-22","기아자동차(주)","쏘렌토 하이브리드","2021"
"2020-12-23","기아자동차(주)","쏘렌토 하이브리드","2021"
"2020-12-22","아우디폭스바겐코리아(주)","A6 45 TFSI","2020"
"2020-12-22","한국지엠(주)","트레일블레이저 1.35 TURBO FWD","2021"
"2020-12-23","비엠더블유코리아(주)","BMW 520i","2021"
"2020-12-22","기아자동차(주)","쏘렌토 하이브리드","2021"
"2020-12-23","(주) 한국모터트레이딩","XP560D","2020"
"2020-12-22","한국지엠(주)","트레일블레이저 1.35 TURBO AWD","2021"
"2020-12-22","아우디폭스바겐코리아(주)","Q7 45 TDI quattro","2020"
"2020-12-21","현대자동차(주)","쏘나타 (SONATA)","2011"
"2020-12-22","비엠더블유코리아(주)","BMW 523d xDrive","2021"
"2020-12-22","아우디폭스바겐코리아(주)","Q7 45 TFSI quattro","2019"
"2020-12-22","기아자동차(주)","K5 하이브리드","2021"
"2020-12-23","기아자동차(주)","K5 하이브리드","2020"
"2020-12-22","비엠더블유코리아(주)","BMW 530i","2021"
"2020-12-22","지엠대우오토앤테크놀로지(주)","CHEVROLET IMPALA 2.5","2016"
"2020-12-22","기아자동차(주)","쏘렌토 하이브리드","2021"
"2020-12-23","기아자동차(주)","쏘렌토","2021"
"2020-12-23","한국토요타자동차(주)","렉서스 RX450h","2017"
"2020-12-22","아우디폭스바겐코리아(주)","Q7 50 TDI quattro","2020"
"2020-12-22","기아자동차(주)","쏘렌토 하이브리드","2021"
"2020-12-22","비엠더블유코리아(주)","BMW 520d","2014"
"2020-12-22","크라이슬러코리아(주)","짚랭글러 3.6 루비콘","2017"
"2020-12-22","(주)볼보자동차코리아","볼보 V60CCB5 AWD","2021"
"2020-12-21","기아자동차(주)","K5","2019"
"2020-12-21","기아자동차(주)","쏘렌토 하이브리드","2021"
"2020-12-21","아우디폭스바겐코리아(주)","Q7 45 TFSI quattro","2019"
"2020-12-21","기아자동차(주)","쏘렌토 하이브리드","2021"
"2020-12-21","기아자동차(주)","쏘렌토 하이브리드","2021"
"2020-12-22","기아자동차(주)","K5 하이브리드","2021"
"2020-12-22","현대자동차(주)","제네시스(GENESIS)","2015"
"2020-12-21","기아자동차(주)","쏘렌토 하이브리드","2021"
"2020-12-22","현대자동차(주)","아반떼 (AVANTE)","2012"
"2020-12-22","(주)볼보자동차코리아","볼보 S60B5","2021"
"2020-12-21","기아자동차(주)","쏘렌토 하이브리드","2021"
"2020-12-22","한국지엠(주)","트레일블레이저 1.35 TURBO FWD","2021"
"2020-12-21","현대자동차(주)","투싼 하이브리드(TUCSON HYBRID)","2021"
"2020-12-22","기아자동차(주)","쏘렌토 하이브리드","2021"
"2020-12-22","현대자동차(주)","투싼 하이브리드(TUCSON HYBRID)","2021"
"2020-12-21","기아자동차(주)","쏘렌토 하이브리드","2021"
"2020-12-22","(주)볼보자동차코리아","볼보 S60B5","2021"
"2020-12-21","아우디폭스바겐코리아(주)","A8 LWB 3.0 TDI quattro","2013"
"2020-12-21","기아자동차(주)","쏘렌토 하이브리드","2021"
"2020-12-21","(주)볼보자동차코리아","볼보 XC60T8 AWD","2021"
"2020-12-21","기아자동차(주)","쏘렌토 하이브리드","2021"
"2020-12-21","기아자동차(주)","쏘렌토 하이브리드","2021"
"2020-12-21","아우디폭스바겐코리아(주)","Q7 45 TDI quattro","2021"
"2020-12-22","기아자동차(주)","쏘렌토 하이브리드","2021"
"2020-12-21","기아자동차(주)","K5","2021"
"2020-12-21","기아자동차(주)","쏘렌토 하이브리드","2021"
"2020-12-21","기아자동차(주)","쏘렌토 하이브리드","2021"
"2020-12-21","아우디폭스바겐코리아(주)","A6 40 TDI quattro","2016"
"2020-12-21","아우디폭스바겐코리아(주)","Q7 45 TFSI quattro","2019"
"2020-12-22","기아자동차(주)","K7 하이브리드","2020"
"2020-12-21","기아자동차(주)","쏘렌토 하이브리드","2021"
"2020-12-21","기아자동차(주)","쏘렌토 하이브리드","2021"
"2020-12-21","기아자동차(주)","쏘렌토 하이브리드","2021"
"2020-12-21","현대자동차(주)","제네시스(GENESIS)","2011"
"2020-12-21","기아자동차(주)","쏘렌토 하이브리드","2021"
"2020-12-21","기아자동차(주)","K5","2020"
"2020-12-21","기아자동차(주)","쏘렌토 하이브리드","2021"
"2020-12-21","(주)볼보자동차코리아","볼보 S90B5","2021"
"2020-12-21","한국지엠(주)","트레일블레이저 1.35 TURBO AWD","2021"
"2020-12-21","아우디폭스바겐코리아(주)","Q7 45 TFSI quattro","2019"
"2020-12-22","기아자동차(주)","K5 하이브리드","2020"
"2020-12-21","기아자동차(주)","쏘렌토 하이브리드","2021"
"2020-12-21","아우디폭스바겐코리아(주)","Q7 50 TDI quattro","2020"
"2020-12-21","기아자동차(주)","K5","2020"
"2020-12-22","메르세데스벤츠코리아(주)","C 220 CDI","2008"
"2020-12-21","기아자동차(주)","쏘렌토","2015"
"2020-12-21","기아자동차(주)","쏘렌토","2015"
"2020-12-22","(주)볼보자동차코리아","볼보 S60B5","2021"
"2020-12-22","비엠더블유코리아(주)","BMW 620d M Sport Package","2020"
"2020-12-22","아우디폭스바겐코리아(주)","A4 2.0 TFSI","2009"
"2020-12-21","아우디폭스바겐코리아(주)","Q7 45 TFSI quattro","2019"
"2020-12-22","아우디폭스바겐코리아(주)","A4 2.0 TFSI Quattro","2011"
"2020-12-21","기아자동차(주)","쏘렌토 하이브리드","2021"
"2020-12-21","아우디폭스바겐코리아(주)","Q7 45 TFSI quattro","2019"
"2020-12-21","기아자동차(주)","쏘렌토","2018"
"2020-12-21","현대자동차(주)","그랜저(GRANDEUR)","2020"
"2020-12-21","기아자동차(주)","쏘렌토 하이브리드","2021"
"2020-12-21","기아자동차(주)","쏘렌토 하이브리드","2021"
"2020-12-18","현대자동차(주)","i40","2012"
"2020-12-21","기아자동차(주)","쏘렌토 하이브리드","2021"
"2020-12-22","아우디폭스바겐코리아(주)","Tiguan 2.0 TDI BMT","2016"
"2020-12-21","기아자동차(주)","쏘렌토 하이브리드","2021"
"2020-12-21","아우디폭스바겐코리아(주)","Q7 45 TDI quattro","2020"
"2020-12-22","현대자동차(주)","그랜저(GRANDEUR)","2012"
"2020-12-22","아우디폭스바겐코리아(주)","A5 2.0 TFSI Quattro","2011"
"2020-12-18","현대자동차(주)","i40","2012"
"2020-12-21","기아자동차(주)","쏘렌토 하이브리드","2021"
"2020-12-21","기아자동차(주)","쏘렌토 하이브리드","2021"
"2020-12-21","기아자동차(주)","모하비","2018"
"2020-12-21","아우디폭스바겐코리아(주)","Q7 45 TFSI quattro","2019"
"2020-12-22","기아자동차(주)","쏘렌토 하이브리드","2021"
"2020-12-22","한국지엠(주)","라세티 1.6 DOHC","2009"
"2020-12-21","아우디폭스바겐코리아(주)","Q7 45 TDI quattro","2020"
"2020-12-21","기아자동차(주)","쏘렌토 하이브리드","2021"
"2020-12-22","비엠더블유코리아(주)","BMW 630d xDrive","2018"
"2020-12-21","아우디폭스바겐코리아(주)","Q7 45 TFSI quattro","2019"
"2020-12-21","기아자동차(주)","모하비","2018"
"2020-12-21","아우디폭스바겐코리아(주)","Q7 45 TDI quattro","2021"
"2020-12-22","르노삼성자동차(주)","SM6","2017"
"2020-12-18","한국지엠(주)","스파크밴 1.0 DOHC LPG","2014"
"2020-12-22","현대자동차(주)","아반떼 하이브리드(AVANTE HYBRID)","2010"
"2020-12-21","기아자동차(주)","쏘렌토 하이브리드","2021"
"2020-12-21","기아자동차(주)","쏘렌토 하이브리드","2021"
"2020-12-21","현대자동차(주)","그랜저(GRANDEUR)","2020"
"2020-12-21","기아자동차(주)","쏘렌토 하이브리드","2021"
"2020-12-18","현대자동차(주)","i40","2012"
"2020-12-18","기아자동차(주)","쏘렌토","2021"
"2020-12-21","기아자동차(주)","쏘렌토 하이브리드","2021"
"2020-12-21","기아자동차(주)","쏘렌토 하이브리드","2021"
"2020-12-21","현대자동차(주)","그랜저(GRANDEUR)","2020"
"2020-12-22","한국지엠(주)","캡티바 2.0D 디젤","2012"
"2020-12-22","르노삼성자동차(주)","SM6","2016"
"2020-12-21","현대자동차(주)","그랜저(GRANDEUR)","2020"
"2020-12-21","아우디폭스바겐코리아(주)","Q7 45 TDI quattro","2020"
"2020-12-22","현대자동차(주)","그랜저(GRANDEUR)","2020"
"2020-12-22","르노삼성자동차(주)","SM3","2010"
"2020-12-18","현대자동차(주)","그랜저(GRANDEUR)","2014"
"2020-12-18","기아자동차(주)","쏘렌토 하이브리드","2021"
"2020-12-18","기아자동차(주)","쏘렌토 하이브리드","2021"
"2020-12-18","기아자동차(주)","쏘렌토 하이브리드","2021"
"2020-12-18","아우디폭스바겐코리아(주)","Q7 45 TFSI quattro","2019"
"2020-12-18","아우디폭스바겐코리아(주)","A6 45 TFSI","2020"
"2020-12-17","아우디폭스바겐코리아(주)","Q7 50 TDI quattro","2021"
"2020-12-18","아우디폭스바겐코리아(주)","Q7 45 TFSI quattro","2019"
"2020-12-18","기아자동차(주)","쏘렌토 하이브리드","2021"
"2020-12-21","아우디폭스바겐코리아(주)","A4 2.0 TFSI quattro","2012"
"2020-12-18","아우디폭스바겐코리아(주)","A4 2.0 TFSI Quattro","2010"
"2020-12-18","기아자동차(주)","쏘렌토","2021"
"2020-12-21","메르세데스벤츠코리아(주)","E300 4Matic","2017"
"2020-12-18","기아자동차(주)","K5 하이브리드","2020"
"2020-12-18","아우디폭스바겐코리아(주)","Q7 45 TFSI quattro","2019"
"2020-12-18","현대자동차(주)","그랜저(GRANDEUR)","2020"
"2020-12-21","아우디폭스바겐코리아(주)","A4 2.0 TFSI Quattro","2011"
"2020-12-18","아우디폭스바겐코리아(주)","Q7 45 TFSI quattro","2019"
"2020-12-18","현대자동차(주)","그랜저(GRANDEUR)","2020"
"2020-12-18","아우디폭스바겐코리아(주)","A4 2.0 TDI","2014"
"2020-12-18","한국토요타자동차(주)","토요타 CAMRY","2012"
"2020-12-18","자기인증면제차량","AUDI A5","2011"
"2020-12-21","기아자동차(주)","쏘렌토 하이브리드","2021"
"2020-12-18","현대자동차(주)","그랜저(GRANDEUR)","2020"
"2020-12-18","아우디폭스바겐코리아(주)","Q7 45 TFSI quattro","2019"
"2020-12-18","아우디폭스바겐코리아(주)","A4 2.0 TFSI Quattro","2010"
"2020-12-18","기아자동차(주)","쏘렌토 하이브리드","2021"
"2020-12-18","기아자동차(주)","쏘렌토 하이브리드","2021"
"2020-12-18","기아자동차(주)","K5 하이브리드","2021"
"2020-12-18","현대자동차(주)","그랜저 하이브리드(GRANDEUR HYBRID)","2020"
"2020-12-18","현대자동차(주)","그랜저(GRANDEUR)","2020"
"2020-12-18","기아자동차(주)","쏘렌토 하이브리드","2021"
"2020-12-18","(주)볼보자동차코리아","볼보 XC60T8 AWD","2021"
"2020-12-18","아우디폭스바겐코리아(주)","Q7 45 TFSI quattro","2019"
"2020-12-18","기아자동차(주)","쏘렌토 하이브리드","2021"
"2020-12-18","기아자동차(주)","쏘렌토 하이브리드","2021"
"2020-12-18","아우디폭스바겐코리아(주)","Q7 45 TFSI quattro","2019"
"2020-12-18","아우디폭스바겐코리아(주)","A8 50 TDI quattro","2015"
"2020-12-18","기아자동차(주)","쏘렌토 하이브리드","2021"
"2020-12-18","아우디폭스바겐코리아(주)","A4 2.0 TFSI","2009"
"2020-12-18","기아자동차(주)","쏘렌토 하이브리드","2021"
"2020-12-18","기아자동차(주)","쏘렌토 하이브리드","2021"
"2020-12-21","아우디폭스바겐코리아(주)","A4 2.0 TFSI Quattro","2010"
"2020-12-18","현대자동차(주)","그랜저(GRANDEUR)","2020"
"2020-12-18","아우디폭스바겐코리아(주)","Q7 45 TFSI quattro","2019"
"2020-12-18","임준성","벤츠SL500","2004"
"2020-12-21","아우디폭스바겐코리아(주)","A6 40 TDI quattro","2016"
"2020-12-18","아우디폭스바겐코리아(주)","A4 2.0 TFSI Quattro","2011"
"2020-12-18","아우디폭스바겐코리아(주)","Q8 50 TDI quattro","2021"
"2020-12-18","현대자동차(주)","그랜저(GRANDEUR)","2020"
"2020-12-21","아우디폭스바겐코리아(주)","A4 2.0 TFSI","2010"
"2020-12-18","아우디폭스바겐코리아(주)","Q7 45 TFSI quattro","2019"
"2020-12-18","아우디폭스바겐코리아(주)","Q7 45 TDI quattro","2020"
"2020-12-18","기아자동차(주)","쏘렌토 하이브리드","2021"
"2020-12-17","혼다코리아(주)","ACCORD 2.4","2017"
"2020-12-18","아우디폭스바겐코리아(주)","Q7 45 TFSI quattro","2019"
"2020-12-18","아우디폭스바겐코리아(주)","Q7 45 TFSI quattro","2019"
"2020-12-18","한국지엠(주)","트레일블레이저 1.35 TURBO FWD","2021"
"2020-12-17","아우디폭스바겐코리아(주)","Q8 45 TDI quattro","2021"
"2020-12-18","기아자동차(주)","쏘렌토 하이브리드","2021"
"2020-12-18","한국지엠(주)","트레일블레이저 1.35 TURBO FWD","2021"
"2020-12-16","현대자동차(주)","투싼 하이브리드(TUCSON HYBRID)","2021"
"2020-12-17","아우디폭스바겐코리아(주)","Q7 45 TFSI quattro","2019"
"2020-12-16","혼다코리아(주)","C125A","2020"
"2020-12-17","아우디폭스바겐코리아(주)","Q7 45 TFSI quattro","2019"
"2020-12-17","아우디폭스바겐코리아(주)","Q7 45 TFSI quattro","2019"
"2020-12-18","(주)재규어랜드로버코리아","재규어 XE 20d","2017"
"2020-12-18","메르세데스벤츠코리아(주)","E300","2017"
"2020-12-17","아우디폭스바겐코리아(주)","A4 2.0 TFSI Quattro","2011"
"2020-12-18","르노삼성자동차(주)","SM6","2016"
"2020-12-17","아우디폭스바겐코리아(주)","Q7 45 TFSI quattro","2019"
"2020-12-17","아우디폭스바겐코리아(주)","Q7 35 TDI quattro","2016"
"2020-12-17","아우디폭스바겐코리아(주)","Q7 45 TFSI quattro","2019"
"2020-12-17","아우디폭스바겐코리아(주)","Q7 45 TFSI quattro","2019"
"2020-12-17","아우디폭스바겐코리아(주)","Q7 45 TFSI quattro","2019"
"2020-12-18","기아자동차(주)","K5 하이브리드","2020"
"2020-12-17","기아자동차(주)","쏘렌토 하이브리드","2021"
"2020-12-17","기아자동차(주)","K5 하이브리드","2020"
"2020-12-17","한국지엠(주)","트레일블레이저 1.35 TURBO FWD","2021"
"2020-12-17","(주)볼보자동차코리아","볼보 S90D5 AWD","2018"
"2020-12-17","아우디폭스바겐코리아(주)","A6 45 TFSI quattro","2020"
"2020-12-17","아우디폭스바겐코리아(주)","Q7 45 TFSI quattro","2019"
"2020-12-17","아우디폭스바겐코리아(주)","Q7 35 TDI quattro","2016"
"2020-12-17","아우디폭스바겐코리아(주)","Q7 45 TFSI quattro","2019"
"2020-12-17","아우디폭스바겐코리아(주)","Q7 45 TFSI quattro","2019"
"2020-12-17","(주)볼보자동차코리아","볼보 S90D5 AWD","2018"
"2020-12-17","아우디폭스바겐코리아(주)","Q7 45 TDI quattro","2016"
"2020-12-17","아우디폭스바겐코리아(주)","Q7 45 TFSI quattro","2019"
"2020-12-18","아우디폭스바겐코리아(주)","Q7 45 TDI quattro","2020"
"2020-12-17","아우디폭스바겐코리아(주)","Q7 45 TFSI quattro","2019"
"2020-12-16","아우디폭스바겐코리아(주)","Q7 35 TDI quattro","2016"
"2020-12-18","현대자동차(주)","투싼 하이브리드(TUCSON HYBRID)","2021"
"2020-12-16","아우디폭스바겐코리아(주)","Q7 45 TFSI quattro","2019"
"2020-12-18","현대자동차(주)","쏘나타 (SONATA)","2012"
"2020-12-17","아우디폭스바겐코리아(주)","Q7 45 TFSI quattro","2019"
"2020-12-17","아우디폭스바겐코리아(주)","Q7 35 TDI quattro","2016"
"2020-12-17","아우디폭스바겐코리아(주)","Q7 45 TFSI quattro","2019"
"2020-12-17","아우디폭스바겐코리아(주)","Q7 35 TDI quattro","2016"
"2020-12-17","아우디폭스바겐코리아(주)","Q7 45 TFSI quattro","2019"
"2020-12-17","아우디폭스바겐코리아(주)","Q7 45 TFSI quattro","2019"
"2020-12-17","아우디폭스바겐코리아(주)","Q7 45 TFSI quattro","2019"
"2020-12-17","(주)재규어랜드로버코리아","재규어 XE 2.0D","2016"
"2020-12-17","아우디폭스바겐코리아(주)","Q7 45 TDI quattro","2020"
"2020-12-17","현대자동차(주)","넥쏘 (NEXO) 수소전기차","2021"
"2020-12-17","아우디폭스바겐코리아(주)","Q7 45 TFSI quattro","2019"
"2020-12-18","현대자동차(주)","그랜저(GRANDEUR)","2020"
"2020-12-17","기아자동차(주)","K5 하이브리드","2020"
"2020-12-17","르노삼성자동차(주)","SM3","2014"
"2020-12-18","아우디폭스바겐코리아(주)","A4 2.0 TFSI Quattro","2011"
"2020-12-16","아우디폭스바겐코리아(주)","Q7 45 TFSI quattro","2019"
"2020-12-17","르노삼성자동차(주)","SM6","2016"
"2020-12-17","아우디폭스바겐코리아(주)","Q7 45 TFSI quattro","2019"
"2020-12-17","아우디폭스바겐코리아(주)","Q7 35 TDI quattro","2016"
"2020-12-17","아우디폭스바겐코리아(주)","Q7 45 TFSI quattro","2019"
"2020-12-17","현대자동차(주)","투싼 하이브리드(TUCSON HYBRID)","2021"
"2020-12-17","아우디폭스바겐코리아(주)","Q7 45 TFSI quattro","2019"
"2020-12-17","기아자동차(주)","K5 하이브리드","2021"
"2020-12-16","르노삼성자동차(주)","SM3 Z.E.","2020"
"2020-12-16","아우디폭스바겐코리아(주)","Q7 45 TFSI quattro","2019"
"2020-12-17","기아자동차(주)","쏘렌토 하이브리드","2021"
"2020-12-16","아우디폭스바겐코리아(주)","Q7 45 TFSI quattro","2019"
"2020-12-16","아우디폭스바겐코리아(주)","Q7 45 TDI quattro","2020"
"2020-12-16","아우디폭스바겐코리아(주)","Q7 45 TDI quattro","2020"
"2020-12-17","현대자동차(주)","쏘나타(SONATA)","2016"
"2020-12-16","아우디폭스바겐코리아(주)","Q7 50 TDI quattro","2021"
"2020-12-16","아우디폭스바겐코리아(주)","Q7 45 TFSI quattro","2019"
"2020-12-16","기아자동차(주)","쏘렌토 하이브리드","2021"
"2020-12-16","아우디폭스바겐코리아(주)","Q7 45 TFSI quattro","2019"
"2020-12-16","아우디폭스바겐코리아(주)","Q7 45 TFSI quattro","2019"
"2020-12-16","아우디폭스바겐코리아(주)","Q7 45 TFSI quattro","2019"
"2020-12-16","(주)재규어랜드로버코리아","재규어 XE 20d","2018"
"2020-12-16","(주)재규어랜드로버코리아","재규어 XE 20d","2017"
"2020-12-16","기아자동차(주)","쏘렌토 하이브리드","2021"
"2020-12-16","아우디폭스바겐코리아(주)","Q7 45 TFSI quattro","2019"
"2020-12-16","아우디폭스바겐코리아(주)","Q7 45 TFSI quattro","2019"
"2020-12-16","아우디폭스바겐코리아(주)","Q7 45 TFSI quattro","2019"
"2020-12-16","아우디폭스바겐코리아(주)","Q7 45 TFSI quattro","2019"
"2020-12-16","아우디폭스바겐코리아(주)","Q7 45 TFSI quattro","2019"
"2020-12-16","아우디폭스바겐코리아(주)","Q7 45 TDI quattro","2020"
"2020-12-16","아우디폭스바겐코리아(주)","Q7 45 TFSI quattro","2019"
"2020-12-15","아우디폭스바겐코리아(주)","Q7 45 TFSI quattro","2019"
"2020-12-15","아우디폭스바겐코리아(주)","Q7 45 TFSI quattro","2019"
"2020-12-17","기아자동차(주)","K5","2014"
"2020-12-16","아우디폭스바겐코리아(주)","Q7 50 TDI quattro","2020"
"2020-12-16","현대자동차(주)","투싼 하이브리드(TUCSON HYBRID)","2021"
"2020-12-17","현대자동차(주)","그랜저(GRANDEUR)","2020"
"2020-12-16","아우디폭스바겐코리아(주)","Q7 45 TFSI quattro","2019"
"2020-12-16","기아자동차(주)","K5 하이브리드","2020"
"2020-12-16","현대자동차(주)","쏘나타(SONATA)","2018"
"2020-12-16","아우디폭스바겐코리아(주)","Q7 45 TFSI quattro","2019"
"2020-12-16","아우디폭스바겐코리아(주)","Q7 45 TFSI quattro","2019"
"2020-12-17","기아자동차(주)","K5 하이브리드","2021"
"2020-12-15","아우디폭스바겐코리아(주)","Q7 45 TFSI quattro","2019"
"2020-12-16","아우디폭스바겐코리아(주)","Q7 45 TFSI quattro","2019"
"2020-12-16","아우디폭스바겐코리아(주)","Q7 45 TFSI quattro","2019"
"2020-12-16","르노삼성자동차(주)","SM6","2016"
"2020-12-17","아우디폭스바겐코리아(주)","A4 2.0 TFSI Quattro","2011"
"2020-12-16","아우디폭스바겐코리아(주)","Q7 45 TFSI quattro","2019"
"2020-12-16","아우디폭스바겐코리아(주)","Q7 45 TFSI quattro","2019"
"2020-12-15","현대자동차(주)","쏘나타(SONATA)","2015"
"2020-12-17","기아자동차(주)","쏘렌토 하이브리드","2021"
"2020-12-17","기아자동차(주)","K5 하이브리드","2020"
"2020-12-15","비엠더블유코리아(주)","BMW C 400 GT","2019"
"2020-12-16","아우디폭스바겐코리아(주)","Q7 45 TFSI quattro","2019"
"2020-12-16","아우디폭스바겐코리아(주)","Q7 45 TDI quattro","2020"
"2020-12-16","아우디폭스바겐코리아(주)","Q7 50 TDI quattro","2020"
"2020-12-16","아우디폭스바겐코리아(주)","Q7 45 TFSI quattro","2019"
"2020-12-16","","아우디Q7","2019"
"2020-12-16","아우디폭스바겐코리아(주)","A6 40 TDI quattro","2020"
"2020-12-16","아우디폭스바겐코리아(주)","A6 45 TFSI","2020"
"2020-12-17","르노삼성자동차(주)","QM6","2020"
"2020-12-16","아우디폭스바겐코리아(주)","Q7 45 TFSI quattro","2019"
"2020-12-15","기아자동차(주)","쏘렌토 하이브리드","2021"
"2020-12-15","기아자동차(주)","쏘렌토 하이브리드","2021"
"2020-12-14","현대자동차(주)","팰리세이드(PALISADE)","2021"
"2020-12-15","(주)재규어랜드로버코리아","디스커버리 SD4","2017"
"2020-12-14","비엠더블유코리아(주)","BMW 520d xDrive","2018"
"2020-12-15","현대자동차(주)","투싼(TUCSON)","2015"
"2020-12-15","(주)재규어랜드로버코리아","재규어 XE 20d","2018"
"2020-12-15","기아자동차(주)","쏘렌토 하이브리드","2021"
"2020-12-17","기아자동차(주)","그랜드 카니발","2012"
"2020-12-15","기아자동차(주)","쏘렌토 하이브리드","2021"
"2020-12-17","기아자동차(주)","K7","2016"
"2020-12-15","현대자동차(주)","아반떼 (AVANTE)","2012"
"2020-12-15","기아자동차(주)","K3","2019"
"2020-12-15","(주) 한국모터트레이딩","CZD300-A","2017"
"2020-12-14","아우디폭스바겐코리아(주)","A6 45 TFSI quattro","2020"
"2020-12-15","현대자동차(주)","투싼(TUCSON)","2016"
"2020-12-15","현대자동차(주)","맥스크루즈 (MAXCRUZ)","2015"
"2020-12-15","기아자동차(주)","쏘렌토 하이브리드","2021"
"2020-12-15","기아자동차(주)","쏘렌토 하이브리드","2021"
"2020-12-15","한국지엠(주)","트랙스 1.4","2014"
"2020-12-15","현대자동차(주)","넥쏘 (NEXO) 수소전기차","2021"
"2020-12-16","메르세데스벤츠코리아(주)","Mercedes-Benz E250","2021"
"2020-12-15","기아자동차(주)","모닝","2011"
"2020-12-15","기아자동차(주)","K5 하이브리드","2020"
"2020-12-15","기아자동차(주)","쏘렌토 하이브리드","2021"
"2020-12-17","현대자동차(주)","투싼(TUCSON)","2018"
"2020-12-15","한국지엠(주)","트레일블레이저 1.35 TURBO FWD","2021"
"2020-12-14","아우디폭스바겐코리아(주)","Jetta 2.0 TDI BMT","2016"
"2020-12-14","한국토요타자동차(주)","토요타 Camry","2018"
"2020-12-15","현대자동차(주)","투싼(TUCSON)","2017"
"2020-12-15","한국지엠(주)","트레일블레이저 1.35 TURBO FWD","2021"
"2020-12-15","기아자동차(주)","쏘렌토 하이브리드","2021"
"2020-12-11","쌍용자동차(주)","렉스턴","2021"
"2020-12-14","한국지엠(주)","올란도 2.0 디젤","2015"
"2020-12-14","기아자동차(주)","K5 하이브리드","2020"
"2020-12-11","(주)재규어랜드로버코리아","디스커버리 스포츠 2.0D","2016"
"2020-12-15","아우디폭스바겐코리아(주)","A6 45 TFSI","2020"
"2020-12-14","비엠더블유코리아(주)","BMW 520d xDrive","2018"
"2020-12-11","메르세데스벤츠코리아(주)","E300","2014"
"2020-12-14","아우디폭스바겐코리아(주)","Passat 2.0 TSI","2018"
"2020-12-11","현대자동차(주)","그랜저(GRANDEUR)","2011"
"2020-12-11","현대자동차(주)","마이티","2018"
"2020-12-11","아우디폭스바겐코리아(주)","Q5 40 TDI quattro","2020"
"2020-12-14","르노삼성자동차(주)","XM3","2020"
"2020-12-14","아우디폭스바겐코리아(주)","A6 45 TFSI","2020"
"2020-12-15","현대자동차(주)","투싼(TUCSON)","2020"
"2020-12-14","현대자동차(주)","그랜저(GRANDEUR)","2014"
"2020-12-14","한국지엠(주)","말리부 1.35 TURBO","2020"
"2020-12-15","기아자동차(주)","쏘렌토 하이브리드","2021"
"2020-12-11","현대자동차(주)","포터Ⅱ내장탑차 (PORTER Ⅱ)","2018"
"2020-12-14","아우디폭스바겐코리아(주)","A6 45 TFSI","2020"
"2020-12-14","쌍용자동차(주)","렉스턴","2021"
"2020-12-10","비엠더블유코리아(주)","BMW 530i","2018"
"2020-12-10","(주) 한국모터트레이딩","CZD300-A","2018"
"2020-12-14","아우디폭스바겐코리아(주)","A6 45 TFSI","2020"
"2020-12-10","메르세데스벤츠코리아(주)","CLS400 d 4Matic","2019"
"2020-12-14","메르세데스벤츠코리아(주)","E400 4Matic","2015"
"2020-12-15","아우디폭스바겐코리아(주)","Tiguan 2.0 TDI","2020"
"2020-12-10","다임러트럭코리아(주)","Actros","2017"
"2020-12-11","기아자동차(주)","쏘렌토 하이브리드","2021"
"2020-12-11","기아자동차(주)","스팅어","2018"
"2020-12-14","현대자동차(주)","쏘나타(SONATA)","2021"
"2020-12-10","볼보그룹코리아(주)트럭","FH 트랙터","2019"
"2020-12-11","기아자동차(주)","쏘렌토 하이브리드","2021"
"2020-12-10","비엠더블유코리아(주)","BMW 520d","2018"
"2020-12-11","현대자동차(주)","그랜드 스타렉스(GRAND STAREX)","2016"
"2020-12-10","비엠더블유코리아(주)","BMW 520d","2015"
"2020-12-15","아우디폭스바겐코리아(주)","Tiguan 2.0 TDI","2020"
"2020-12-14","기아자동차(주)","K5 하이브리드","2020"
"2020-12-11","기아자동차(주)","쏘렌토 하이브리드","2021"
"2020-12-11","아우디폭스바겐코리아(주)","Golf 1.6 TDI Blue Motion","2013"
"2020-12-11","한국지엠(주)","트레일블레이저 1.35 TURBO AWD","2021"
"2020-12-14","한국지엠(주)","트랙스 1.4","2014"
"2020-12-11","기아자동차(주)","쏘렌토 하이브리드","2021"
"2020-12-11","현대자동차(주)","코나 하이브리드(KONA HYBRID)","2020"
"2020-12-11","현대자동차(주)","코나 하이브리드(KONA HYBRID)","2020"
"2020-12-11","기아자동차(주)","쏘렌토 하이브리드","2021"
"2020-12-14","현대자동차(주)","투싼(TUCSON)","2016"
"2020-12-09","쌍용자동차(주)","G4 렉스턴","2020"
"2020-12-11","기아자동차(주)","쏘렌토 하이브리드","2021"
"2020-12-09","자기인증면제차량","벤츠 SLK350","2005"
"2020-12-14","기아자동차(주)","K9","2013"
"2020-12-14","현대자동차(주)","넥쏘 (NEXO) 수소전기차","2021"
"2020-12-14","쌍용자동차(주)","코란도","2021"
"2020-12-11","기아자동차(주)","쏘렌토 하이브리드","2021"
"2020-12-14","아우디폭스바겐코리아(주)","A4 2.0 TFSI quattro","2012"
"2020-12-09","비엠더블유코리아(주)","BMW 520d","2015"
"2020-12-11","아우디폭스바겐코리아(주)","SQ8 TDI","2020"
"2020-12-11","기아자동차(주)","쏘렌토","2016"
"2020-12-11","기아자동차(주)","쏘렌토 하이브리드","2021"
"2020-12-11","기아자동차(주)","쏘렌토 하이브리드","2021"
"2020-12-11","기아자동차(주)","K7","2014"
"2020-12-14","기아자동차(주)","쏘렌토 하이브리드","2021"
"2020-12-11","기아자동차(주)","쏘렌토 하이브리드","2021"
"2020-12-11","기아자동차(주)","쏘렌토 하이브리드","2021"
"2020-12-10","기아자동차(주)","쏘렌토 하이브리드","2021"
"2020-12-08","현대자동차(주)","그랜저(GRANDEUR)","2020"
"2020-12-11","아우디폭스바겐코리아(주)","A7 50 TDI quattro","2016"
"2020-12-10","기아자동차(주)","쏘렌토 하이브리드","2021"
"2020-12-11","한국지엠(주)","아베오 1.6 DOHC","2012"
"2020-12-10","기아자동차(주)","K7","2013"
"2020-12-10","쌍용자동차(주)","티볼리","2020"
"2020-12-10","기아자동차(주)","쏘렌토 하이브리드","2021"
"2020-12-10","현대자동차(주)","코나 일렉트릭 (KONA ELECTRIC)","2020"
"2020-12-11","(주)볼보자동차코리아","볼보 S60B5","2021"
"2020-12-10","현대자동차(주)","투싼(TUCSON)","2016"
"2020-12-11","기아자동차(주)","K7 하이브리드","2016"
"2020-12-11","메르세데스벤츠코리아(주)","CLS400 d 4Matic","2019"
"2020-12-10","기아자동차(주)","쏘렌토 하이브리드","2021"
"2020-12-10","기아자동차(주)","쏘렌토 하이브리드","2021"
"2020-12-08","(주)볼보자동차코리아","볼보 XC60D5","2015"
"2020-12-11","기아자동차(주)","쏘렌토 하이브리드","2021"
"2020-12-10","지엠대우오토앤테크놀로지(주)","CHEVROLET IMPALA 2.5","2016"
"2020-12-11","기아자동차(주)","K5","2020"
"2020-12-11","기아자동차(주)","K7","2013"
"2020-12-08","메르세데스벤츠코리아(주)","C200","2015"
"2020-12-10","한국지엠(주)","올란도 2.0 디젤","2012"
"2020-12-11","르노삼성자동차(주)","QM6","2020"
"2020-12-11","(주)볼보자동차코리아","볼보 V60CCB5 AWD","2021"
"2020-12-11","기아자동차(주)","K7 하이브리드","2016"
"2020-12-10","현대자동차(주)","i30","2013"
"2020-12-08","메르세데스벤츠코리아(주)","E200","2017"
"2020-12-11","(주)재규어랜드로버코리아","디스커버리 스포츠 2.0D","2016"
"2020-12-10","르노삼성자동차(주)","QM6","2020"
"2020-12-10","기아자동차(주)","K5","2019"
"2020-12-07","현대자동차(주)","투싼(TUCSON)","2012"
"2020-12-14","기아자동차(주)","K5","2020"
"2020-12-10","기아자동차(주)","K9","2013"
"2020-12-10","르노삼성자동차(주)","QM3","2018"
"2020-12-07","지엠대우오토앤테크놀로지(주)","CHEVROLET TRAVERSE AWD","2020"
"2020-12-10","현대자동차(주)","투싼(TUCSON)","2016"
"2020-12-10","현대자동차(주)","그랜저(GRANDEUR)","2015"
"2020-12-10","기아자동차(주)","쏘렌토 하이브리드","2021"
"2020-12-10","기아자동차(주)","쏘렌토 하이브리드","2021"
"2020-12-10","기아자동차(주)","쏘렌토 하이브리드","2021"
"2020-12-10","(주)볼보자동차코리아","볼보 S60B5","2021"
"2020-12-10","아우디폭스바겐코리아(주)","A6 45 TFSI","2020"
"2020-12-10","현대자동차(주)","코나 일렉트릭 (KONA ELECTRIC)","2019"
"2020-12-10","기아자동차(주)","쏘렌토 하이브리드","2021"
"2020-12-10","현대자동차(주)","에쿠스(EQUUS)","2014"
"2020-12-10","기아자동차(주)","쏘렌토 하이브리드","2021"
"2020-12-10","현대자동차(주)","그랜저(GRANDEUR)","2015"
"2020-12-10","기아자동차(주)","쏘렌토 하이브리드","2021"
"2020-12-10","기아자동차(주)","쏘렌토 하이브리드","2021"
"2020-12-10","기아자동차(주)","쏘렌토 하이브리드","2021"
"2020-12-10","기아자동차(주)","쏘렌토 하이브리드","2021"
"2020-12-10","기아자동차(주)","K5 하이브리드","2020"
"2020-12-10","기아자동차(주)","K9","2013"
"2020-12-07","현대자동차(주)","EQ900","2018"
"2020-12-10","기아자동차(주)","쏘렌토 하이브리드","2021"
"2020-12-07","아우디폭스바겐코리아(주)","A7 3.0 TDI quattro","2013"
"2020-12-10","기아자동차(주)","K5","2011"
"2020-12-10","기아자동차(주)","쏘렌토 하이브리드","2021"
"2020-12-10","기아자동차(주)","쏘렌토 하이브리드","2021"
"2020-12-10","기아자동차(주)","쏘렌토","2021"
"2020-12-11","기아자동차(주)","K5 하이브리드","2020"
"2020-12-09","현대자동차(주)","i40","2012"
"2020-12-10","기아자동차(주)","쏘렌토 하이브리드","2021"
"2020-12-10","기아자동차(주)","K9","2013"
"2020-12-10","기아자동차(주)","그랜드 카니발","2014"
"2020-12-10","르노삼성자동차(주)","QM6","2017"
"2020-12-09","기아자동차(주)","쏘렌토 하이브리드","2021"
"2020-12-09","기아자동차(주)","쏘렌토 하이브리드","2021"
"2020-12-09","현대자동차(주)","그랜저(GRANDEUR)","2020"
"2020-12-09","기아자동차(주)","쏘렌토 하이브리드","2021"
"2020-12-10","기아자동차(주)","쏘렌토 하이브리드","2021"
"2020-12-10","한국지엠(주)","올란도 2.0 LPG","2012"
"2020-12-09","기아자동차(주)","K5","2021"
"2020-12-10","기아자동차(주)","쏘렌토 하이브리드","2021"
"2020-12-09","기아자동차(주)","쏘렌토 하이브리드","2021"
"2020-12-10","기아자동차(주)","쏘렌토 하이브리드","2021"
"2020-12-10","현대자동차(주)","쏘나타 (SONATA)","2012"
"2020-12-09","기아자동차(주)","쏘렌토 하이브리드","2021"
"2020-12-10","기아자동차(주)","쏘렌토 하이브리드","2021"
"2020-12-09","현대자동차(주)","맥스크루즈 (MAXCRUZ)","2014"
"2020-12-09","기아자동차(주)","쏘렌토 하이브리드","2021"
"2020-12-08","기아자동차(주)","스포티지","2017"
"2020-12-08","아우디폭스바겐코리아(주)","A6 40 TDI quattro","2016"
"2020-12-08","기아자동차(주)","쏘렌토 하이브리드","2021"
"2020-12-09","기아자동차(주)","쏘렌토 하이브리드","2021"
"2020-12-08","기아자동차(주)","쏘렌토 하이브리드","2021"
"2020-12-09","기아자동차(주)","쏘렌토 하이브리드","2021"
"2020-12-05","르노삼성자동차(주)","SM6","2017"
"2020-12-08","기아자동차(주)","쏘렌토 하이브리드","2021"
"2020-12-08","현대자동차(주)","쏘나타 (SONATA)","2008"
"2020-12-09","아우디폭스바겐코리아(주)","A6 45 TFSI","2020"
"2020-12-09","기아자동차(주)","K5 하이브리드","2020"
"2020-12-08","기아자동차(주)","쏘렌토 하이브리드","2021"
"2020-12-08","기아자동차(주)","쏘렌토 하이브리드","2021"
"2020-12-09","아우디폭스바겐코리아(주)","A6 45 TFSI","2020"
"2020-12-08","기아자동차(주)","쏘렌토 하이브리드","2021"
"2020-12-08","기아자동차(주)","쏘렌토 하이브리드","2021"
"2020-12-08","기아자동차(주)","쏘렌토 하이브리드","2021"
"2020-12-09","기아자동차(주)","쏘렌토 하이브리드","2021"
"2020-12-09","기아자동차(주)","쏘렌토 하이브리드","2021"
"2020-12-09","기아자동차(주)","쏘렌토 하이브리드","2021"
"2020-12-08","기아자동차(주)","쏘렌토 하이브리드","2021"
"2020-12-09","기아자동차(주)","쏘렌토 하이브리드","2021"
"2020-12-04","기아자동차(주)","쏘렌토","2012"
"2020-12-08","한국지엠(주)","캡티바 2.0 디젤","2017"
"2020-12-04","현대자동차(주)","쏘나타(SONATA)","2014"
"2020-12-08","현대자동차(주)","G80","2017"
"2020-12-08","기아자동차(주)","쏘렌토 하이브리드","2021"
"2020-12-08","기아자동차(주)","K5","2021"
"2020-12-08","기아자동차(주)","K5 하이브리드","2021"
"2020-12-08","현대자동차(주)","투싼(TUCSON)","2016"
"2020-12-08","현대자동차(주)","그랜저(GRANDEUR)","2014"
"2020-12-08","기아자동차(주)","K5","2020"
"2020-12-08","기아자동차(주)","스포티지","2019"
"2020-12-08","현대자동차(주)","그랜저(GRANDEUR)","2011"
"2020-12-08","기아자동차(주)","K5 하이브리드","2021"
"2020-12-04","기아자동차(주)","니로 하이브리드","2018"
"2020-12-08","쌍용자동차(주)","G4 렉스턴","2018"
"2020-12-04","한국지엠(주)","윈스톰2.0S디젤2WD AT 7인승","2007"
"2020-12-08","현대자동차(주)","아반떼 하이브리드(AVANTE HYBRID)","2010"
"2020-12-08","현대자동차(주)","쏘나타 (SONATA)","2011"
"2020-12-08","기아자동차(주)","K5","2020"
"2020-12-08","아우디폭스바겐코리아(주)","Jetta 2.0 TDI","2013"
"2020-12-08","기아자동차(주)","K5","2020"
"2020-12-08","한국지엠(주)","말리부 1.5 TURBO","2017"
"2020-12-08","기아자동차(주)","쏘렌토 하이브리드","2021"
"2020-12-08","기아자동차(주)","레이","2018"
"2020-12-10","기아자동차(주)","쏘렌토 하이브리드","2021"
"2020-12-08","(주)볼보자동차코리아","볼보 S60B5","2021"
"2020-12-08","르노삼성자동차(주)","SM3","2015"
"2020-12-07","한국지엠(주)","라세티 1.6 DOHC","2009"
"2020-12-07","기아자동차(주)","K7 하이브리드","2019"
"2020-12-04","현대자동차(주)","아반떼(AVANTE)","2017"
"2020-12-04","아우디폭스바겐코리아(주)","Golf 2.0 TDI BMT","2015"
"2020-12-04","한국지엠(주)","트랙스 1.4","2013"
"2020-12-08","쌍용자동차(주)","코란도C","2014"
"2020-12-04","현대자동차(주)","투싼(TUCSON)","2017"
"2020-12-07","아우디폭스바겐코리아(주)","A7 3.0 TDI quattro","2014"
"2020-12-03","비엠더블유코리아(주)","BMW 640d xDrive Gran Coupe","2015"
"2020-12-04","현대자동차(주)","그랜저(GRANDEUR)","2020"
"2020-12-04","기아자동차(주)","K5 하이브리드","2020"
"2020-12-04","기아자동차(주)","K5 하이브리드","2020"
"2020-12-04","현대자동차(주)","제네시스(GENESIS)","2016"
"2020-12-03","(주)볼보자동차코리아","볼보 XC90D5 AWD","2017"
"2020-12-04","기아자동차(주)","K5 하이브리드","2020"
"2020-12-03","현대자동차(주)","i40 Saloon","2016"
"2020-12-03","현대자동차(주)","쏘나타 (SONATA)","2009"
"2020-12-03","비엠더블유코리아(주)","BMW X1 xDrive20d","2011"
"2020-12-03","아우디폭스바겐코리아(주)","Jetta 2.0 TDI BMT","2015"
"2020-12-04","한국지엠(주)","말리부 2.0 TURBO","2017"
"2020-12-04","쌍용자동차(주)","렉스턴","2021"
"2020-12-03","기아자동차(주)","K7","2014"
"2020-12-03","기아자동차(주)","K7","2020"
"2020-12-02","르노삼성자동차(주)","QM3","2017"
"2020-12-02","기아자동차(주)","K5 하이브리드","2020"
"2020-12-01","현대자동차(주)","아이오닉 일렉트릭(IONIQ ELECTRIC)","2018"
"2020-12-02","기아자동차(주)","K7","2017"
"2020-12-01","현대자동차(주)","뉴-카운티","2018"
"2020-12-02","현대자동차(주)","투싼(TUCSON)","2017"
"2020-12-02","메르세데스벤츠코리아(주)","E300 4Matic","2017"
"2020-12-02","현대자동차(주)","투싼(TUCSON)","2016"
"2020-12-02","르노삼성자동차(주)","SM6","2016"
"2020-12-02","현대자동차(주)","투싼(TUCSON)","2017"
"2020-12-02","현대자동차(주)","아반떼(AVANTE)","2021"
"2020-12-01","현대자동차(주)","투싼(TUCSON)","2021"
"2020-12-02","지엠코리아(주)","캐딜락 CT6 3.6","2019"
"2020-12-03","현대자동차(주)","그랜저(GRANDEUR)","2014"
"2020-12-01","아우디폭스바겐코리아(주)","Passat 2.0 TDI","2013"
"2020-12-02","현대자동차(주)","넥쏘 (NEXO) 수소전기차","2020"
"2020-12-01","현대자동차(주)","아반떼(AVANTE)","2021"
"2020-12-02","비엠더블유코리아(주)","BMW 118d","2015"
"2020-11-30","기아자동차(주)","카니발","2016"
"2020-12-01","기아자동차(주)","K5 하이브리드","2021"
"2020-11-30","비엠더블유코리아(주)","BMW 520d xDrive","2017"
"2020-11-30","기아자동차(주)","K5 하이브리드","2020"
"2020-12-01","(주)재규어랜드로버코리아","재규어 XF 3.0D","2011"
"2020-12-01","현대자동차(주)","투싼(TUCSON)","2006"
"2020-12-01","현대자동차(주)","그랜저(GRANDEUR)","2020"
"2020-11-30","기아자동차(주)","K7","2019"
"2020-12-01","현대자동차(주)","그랜저(GRANDEUR)","2020"
"2020-12-01","현대자동차(주)","그랜저(GRANDEUR)","2020"
"2020-12-01","기아자동차(주)","카니발 리무진","2021"
"2020-11-30","현대자동차(주)","GV80","2020"
"2020-12-01","메르세데스벤츠코리아(주)","E300","2014"
"2020-12-01","(주)재규어랜드로버코리아","레인지로버 이보크 2.0D","2017"
"2020-11-30","현대자동차(주)","아반떼 (AVANTE)","2012"
"2020-12-01","현대자동차(주)","G80","2017"
"2020-12-01","아우디폭스바겐코리아(주)","Passat 2.0 TSI","2018"
"2020-11-30","현대자동차(주)","넥쏘 (NEXO) 수소전기차","2020"
"2020-11-30","메르세데스벤츠코리아(주)","Mercedes-Benz E 300 4MATIC","2020"
"2020-11-30","현대자동차(주)","그랜저(GRANDEUR)","2020"
"2020-11-30","현대자동차(주)","투싼(TUCSON)","2016"
"2020-11-30","기아자동차(주)","모하비","2017"
"2020-11-30","기아자동차(주)","쏘렌토","2013"
"2020-11-30","(주)볼보자동차코리아","볼보 V60CCB5 AWD","2021"
"2020-11-27","르노삼성자동차(주)","QM6","2020"
"2020-12-01","현대자동차(주)","아반떼(AVANTE)","2021"
"2020-11-27","르노삼성자동차(주)","SM6","2016"
"2020-11-30","현대자동차(주)","쏘나타 (SONATA)","2011"
"2020-11-30","현대자동차(주)","쏘나타 (SONATA)","2011"
"2020-11-30","현대자동차(주)","벨로스터(VELOSTER)","2012"
"2020-12-01","현대자동차(주)","아반떼(AVANTE)","2021"
"2020-11-30","현대자동차(주)","그랜저(GRANDEUR)","2016"
"2020-11-30","르노삼성자동차(주)","SM6","2016"
"2020-11-27","기아자동차(주)","쏘울","2013"
"2020-11-27","현대자동차(주)","i40","2012"
"2020-11-30","현대자동차(주)","맥스크루즈 (MAXCRUZ)","2017"
"2020-11-27","현대자동차(주)","제네시스(GENESIS)","2011"
"2020-12-01","현대자동차(주)","아반떼(AVANTE)","2021"
"2020-12-01","현대자동차(주)","아반떼(AVANTE)","2021"
"2020-11-27","포드세일즈서비스코리아(유)","익스플로러","2014"
"2020-11-26","아우디폭스바겐코리아(주)","Q8 50 TDI quattro","2020"
"2020-11-26","한국지엠(주)","올란도 2.0 LPG","2014"
"2020-11-27","혼다코리아(주)","ACCORD 2.4","2016"
"2020-11-27","메르세데스벤츠코리아(주)","GLK220 CDI 4Matic","2015"
"2020-11-27","아우디폭스바겐코리아(주)","Tiguan Allspace 2.0 TDI","2018"
"2020-11-27","기아자동차(주)","스토닉","2018"
"2020-11-27","메르세데스벤츠코리아(주)","GLK220 CDI 4Matic","2015"
"2020-11-26","볼보그룹코리아(주)트럭","FH 트랙터","2019"
"2020-11-27","르노삼성자동차(주)","QM3","2016"
"2020-11-26","현대자동차(주)","G80","2021"
"2020-11-27","비엠더블유코리아(주)","BMW X3 3.0d","2008"
"2020-11-26","한국지엠(주)","올란도 2.0 LPG","2014"
"2020-11-27","(주)볼보자동차코리아","볼보 S90B5","2021"
"2020-11-26","기아자동차(주)","K3","2015"
"2020-11-27","현대자동차(주)","그랜저(GRANDEUR)","2020"
"2020-12-01","현대자동차(주)","아반떼 하이브리드(AVANTE HYBRID)","2011"
"2020-11-27","(주)볼보자동차코리아","볼보 S60B5","2021"
"2020-11-27","메르세데스벤츠코리아(주)","E200","2018"
"2020-11-27","현대자동차(주)","그랜저(GRANDEUR)","2016"
"2020-11-27","기아자동차(주)","쏘렌토","2021"
"2020-11-30","기아자동차(주)","쏘렌토","2019"
"2020-11-25","현대자동차(주)","GV80","2020"
"2020-11-26","한국지엠(주)","캡티바 2.0 디젤","2016"
"2020-11-25","기아자동차(주)","K3","2019"
"2020-11-27","르노삼성자동차(주)","CAPTUR","2020"
"2020-11-25","기아자동차(주)","K5","2020"
"2020-11-25","현대자동차(주)","그랜저 하이브리드","2018"
"2020-11-26","기아자동차(주)","K5","2020"
"2020-11-26","비엠더블유코리아(주)","BMW 750Li xDrive","2016"
"2020-11-26","기아자동차(주)","K7 하이브리드","2019"
"2020-11-26","현대자동차(주)","투싼(TUCSON)","2016"
"2020-11-25","지엠대우오토앤테크놀로지(주)","CHEVROLET TRAVERSE AWD","2020"
"2020-11-25","볼보그룹코리아(주)트럭","FH 트랙터","2019"
"2020-11-26","기아자동차(주)","K5 하이브리드","2020"
"2020-11-26","(주)재규어랜드로버코리아","디스커버리 스포츠 2.0D","2016"
"2020-11-26","르노삼성자동차(주)","SM6","2016"
"2020-11-26","기아자동차(주)","모하비","2019"
"2020-11-27","현대자동차(주)","투싼(TUCSON)","2016"
"2020-11-26","르노삼성자동차(주)","SM6","2016"
"2020-11-26","기아자동차(주)","니로 하이브리드","2017"
"2020-11-25","타타대우상용차(주)","대우4.5톤극초장축플러스카고트럭","2017"
"2020-11-26","기아자동차(주)","니로 하이브리드","2018"
"2020-11-24","현대자동차(주)","그랜저(GRANDEUR)","2020"
"2020-11-26","지엠코리아(주)","캐딜락CTS","2015"
"2020-11-25","한불모터스(주)","Peugeot 5008 1.5 BlueHDi","2021"
"2020-11-25","기아자동차(주)","쏘렌토","2019"
"2020-11-25","현대자동차(주)","투싼(TUCSON)","2016"
"2020-11-25","현대자동차(주)","싼타페(SANTAFE)","2005"
"2020-11-26","(주)볼보자동차코리아","볼보 V60CCB5 AWD","2021"
"2020-11-25","현대자동차(주)","투싼(TUCSON)","2018"
"2020-11-24","기아자동차(주)","레이","2016"
"2020-11-25","(주)에프엠케이","마세라티 르반떼 트로페오","2020"
"2020-11-25","현대자동차(주)","아반떼(AVANTE)","2011"
"2020-11-24","(주)볼보자동차코리아","볼보 S80D4","2015"
"2020-11-25","현대자동차(주)","그랜저(GRANDEUR)","2020"
"2020-11-26","현대자동차(주)","쏘나타 (SONATA)","2010"
"2020-11-26","(주)재규어랜드로버코리아","재규어 XE 2.0D","2016"
"2020-11-24","비엠더블유코리아(주)","BMW C 400 X","2019"
"2020-11-25","쌍용자동차(주)","코란도C","2012"
"2020-11-26","르노삼성자동차(주)","SM6","2017"
"2020-11-25","크라이슬러코리아(주)","짚 레니게이드 2.4","2017"
"2020-11-25","한국지엠(주)","크루즈 1.8 DOHC","2014"
"2020-11-24","지엠대우오토앤테크놀로지(주)","CHEVROLET IMPALA 2.5","2016"
"2020-11-26","비엠더블유코리아(주)","BMW X3 xDrive20d","2018"
"2020-11-23","현대자동차(주)","아반떼(AVANTE)","2011"
"2020-11-23","(주)재규어랜드로버코리아","디스커버리4 3.0D","2016"
"2020-11-23","현대자동차(주)","i40","2012"
"2020-11-24","(주)볼보자동차코리아","볼보 V60CCB5 AWD","2021"
"2020-11-24","기아자동차(주)","스포티지","2016"
"2020-11-24","아우디폭스바겐코리아(주)","A4 2.0 TFSI","2010"
"2020-11-24","한국지엠(주)","말리부 2.0 DOHC","2014"
"2020-11-24","르노삼성자동차(주)","SM3","2012"
"2020-11-24","(주)볼보자동차코리아","볼보 V60CCB5 AWD","2021"
"2020-11-24","메르세데스벤츠코리아(주)","Mercedes-Benz E300 e 4MATIC","2020"
"2020-11-24","르노삼성자동차(주)","SM6","2017"
"2020-11-25","(주)볼보자동차코리아","볼보 V60CCB5 AWD","2021"
"2020-11-23","현대자동차(주)","i40","2012"
"2020-11-25","현대자동차(주)","투싼(TUCSON)","2011"
"2020-11-24","메르세데스벤츠코리아(주)","E300","2017"
"2020-11-23","현대자동차(주)","i40","2012"
"2020-11-24","(주)볼보자동차코리아","볼보 S90B5","2021"
"2020-11-24","아우디폭스바겐코리아(주)","A6 40 TDI quattro","2016"
"2020-11-23","현대자동차(주)","그랜저(GRANDEUR)","2020"
"2020-11-23","기아자동차(주)","K7","2020"
"2020-11-24","현대자동차(주)","G80","2021"
"2020-11-23","한불모터스(주)","Citroen C5 AirCross 1.5 BlueHDi","2020"
"2020-11-23","현대자동차(주)","베뉴(VENUE)","2020"
"2020-11-24","현대자동차(주)","그랜저(GRANDEUR)","2020"
"2020-11-23","기아자동차(주)","쏘렌토","2017"
"2020-11-23","기아자동차(주)","K7","2020"
"2020-11-23","아우디폭스바겐코리아(주)","Tiguan 2.0 TDI BMT","2016"
"2020-11-23","현대자동차(주)","넥쏘 (NEXO) 수소전기차","2019"
"2020-11-24","기아자동차(주)","쏘렌토","2016"
"2020-11-23","현대자동차(주)","제네시스(GENESIS)","2016"
"2020-11-23","현대자동차(주)","그랜저(GRANDEUR)","2014"
"2020-11-24","혼다코리아(주)","ACCORD 2.4","2015"
"2020-11-23","지엠코리아(주)","캐딜락 XT5","2019"
"2020-11-23","현대자동차(주)","투싼(TUCSON)","2017"
"2020-11-24","(주) 한국모터트레이딩","MTN1000","2019"
"2020-11-23","지엠대우오토앤테크놀로지(주)","CHEVROLET IMPALA 2.5","2016"
"2020-11-23","현대자동차(주)","투싼(TUCSON)","2016"
"2020-11-24","르노삼성자동차(주)","XM3","2020"
"2020-11-23","(주)볼보자동차코리아","볼보 S60B5","2021"
"2020-11-24","현대자동차(주)","싼타페(SANTAFE)","2013"
"2020-11-23","비엠더블유코리아(주)","MINI Cooper D","2013"
"2020-11-20","한국닛산(주)","MURANO","2009"
"2020-11-20","르노삼성자동차(주)","SM7","2007"
"2020-11-23","현대자동차(주)","투싼(TUCSON)","2016"
"2020-11-20","포르쉐코리아 주식회사","카이엔","2019"
"2020-11-23","쌍용자동차(주)","렉스턴","2013"
"2020-11-23","현대자동차(주)","아반떼(AVANTE)","2017"
"2020-11-23","현대자동차(주)","아반떼 Hybrid(AVANTE Hybrid)","2021"
"2020-11-23","르노삼성자동차(주)","SM5","2010"
"2020-11-20","메르세데스벤츠코리아(주)","Mercedes-Benz E 250","2020"
"2020-11-23","아우디폭스바겐코리아(주)","Passat 2.0 TSI","2018"
"2020-11-23","현대자동차(주)","아반떼(AVANTE)","2017"
"2020-11-20","기아자동차(주)","카니발","2015"
"2020-11-20","한국지엠(주)","윈스톰2.0S디젤","2009"
"2020-11-20","현대자동차(주)","코나 하이브리드(KONA HYBRID)","2020"
"2020-11-23","르노삼성자동차(주)","QM6","2020"
"2020-11-20","르노삼성자동차(주)","QM6","2020"
"2020-11-20","혼다코리아(주)","GL1800DA","2020"
"2020-11-20","현대자동차(주)","제네시스(GENESIS)","2016"
"2020-11-20","현대자동차(주)","아반떼(AVANTE)","2011"
"2020-11-20","한국닛산(주)","MURANO","2016"
"2020-11-19","현대자동차(주)","GV80","2020"
"2020-11-20","르노삼성자동차(주)","QM6","2020"
"2020-11-20","혼다코리아(주)","GL1800DA","2020"
"2020-11-20","기아자동차(주)","스팅어","2021"
"2020-11-19","쌍용자동차(주)","티볼리","2019"
"2020-11-19","아우디폭스바겐코리아(주)","Golf 1.4 TSI","2016"
"2020-11-19","기아자동차(주)","레이","2013"
"2020-11-19","기아자동차(주)","K5","2019"
"2020-11-20","아우디폭스바겐코리아(주)","Tiguan 2.0 TDI","2020"
"2020-11-20","혼다코리아(주)","GL1800DA","2020"
"2020-11-20","혼다코리아(주)","GL1800DA","2020"
"2020-11-20","아우디폭스바겐코리아(주)","Arteon 2.0 TDI","2019"
"2020-11-20","메르세데스벤츠코리아(주)","E400 4Matic","2015"
"2020-11-20","쌍용자동차(주)","코란도C","2016"
"2020-11-20","현대자동차(주)","포터Ⅱ (PORTERⅡ)","2019"
"2020-11-20","아우디폭스바겐코리아(주)","Tiguan 2.0 TDI Blue Motion","2015"
"2020-11-20","아우디폭스바겐코리아(주)","A6 35 TDI","2018"
"2020-11-23","현대자동차(주)","그랜저(GRANDEUR)","2012"
"2020-11-19","기아자동차(주)","쏘렌토","2021"
"2020-11-20","르노삼성자동차(주)","QM6","2020"
"2020-11-20","혼다코리아(주)","GL1800DA","2020"
"2020-11-20","기아자동차(주)","K5","2014"
"2020-11-19","(주)볼보자동차코리아","볼보 V60CCB5 AWD","2021"
"2020-11-20","(주)재규어랜드로버코리아","디스커버리4 3.0D","2011"
"2020-11-19","기아자동차(주)","쏘렌토","2021"
"2020-11-19","(주)볼보자동차코리아","볼보 V60CCB5 AWD","2021"
"2020-11-19","기아자동차(주)","모하비","2021"
"2020-11-19","아우디폭스바겐코리아(주)","Tiguan 2.0 TDI","2020"
"2020-11-20","현대자동차(주)","투싼(TUCSON)","2017"
"2020-11-19","기아자동차(주)","K7","2013"
"2020-11-19","(주)재규어랜드로버코리아","재규어 XE 2.0D","2016"
"2020-11-20","(주)한국쓰리축","한국쓰리축4.5톤트럭","2017"
"2020-11-18","기아자동차(주)","포르테 하이브리드","2013"
"2020-11-19","르노삼성자동차(주)","QM6","2020"
"2020-11-19","(주)볼보자동차코리아","볼보 S60B5","2021"
"2020-11-19","(주)재규어랜드로버코리아","디스커버리4 3.0D","2011"
"2020-11-18","크라이슬러코리아(주)","짚 체로키 2.4","2019"
"2020-11-19","현대자동차(주)","아반떼(AVANTE)","2021"
"2020-11-18","아우디폭스바겐코리아(주)","A7 50 TDI quattro","2016"
"2020-11-19","(주)재규어랜드로버코리아","디스커버리 SD4","2017"
"2020-11-19","(주)한국쓰리축","한국쓰리축4.5톤가축운반풀트럭","2016"
"2020-11-18","아우디폭스바겐코리아(주)","A7 50 TDI quattro","2016"
"2020-11-17","현대자동차(주)","쏘나타(SONATA)","2005"
"2020-11-18","비엠더블유코리아(주)","BMW S1000XR","2016"
"2020-11-18","지엠대우오토앤테크놀로지(주)","CHEVROLET IMPALA 3.6","2016"
"2020-11-18","현대자동차(주)","그랜저(GRANDEUR)","2011"
"2020-11-18","쌍용자동차(주)","티볼리","2016"
"2020-11-18","포드세일즈서비스코리아(유)","Kuga 2.0 AWD","2016"
"2020-11-18","비엠더블유코리아(주)","MINI Cooper D Countryman","2012"
"2020-11-19","한국지엠(주)","크루즈 1.4","2016"
"2020-11-18","르노삼성자동차(주)","SM7","2012"
"2020-11-19","(주)볼보자동차코리아","볼보 V60CCT5 AWD","2019"
"2020-11-18","크라이슬러코리아(주)","짚 랭글러 루비콘","2020"
"2020-11-18","현대자동차(주)","마이티","2015"
"2020-11-18","현대자동차(주)","투싼(TUCSON)","2016"
"2020-11-18","기아자동차(주)","K9","2014"
"2020-11-18","현대자동차(주)","아반떼(AVANTE)","2021"
"2020-11-18","현대자동차(주)","투싼(TUCSON)","2020"
"2020-11-18","아우디폭스바겐코리아(주)","Tiguan Allspace 2.0 TDI","2020"
"2020-11-18","기아자동차(주)","K7","2013"
"2020-11-18","메르세데스벤츠코리아(주)","E300","2011"
"2020-11-18","쌍용자동차(주)","티볼리","2016"
"2020-11-18","아우디폭스바겐코리아(주)","Passat 2.0 TSI","2018"
"2020-11-18","원천특장","원천8KL중질유탱크로리","2017"
"2020-11-18","기아자동차(주)","쏘렌토","2010"
"2020-11-17","기아자동차(주)","니로 EV","2019"
"2020-11-17","기아자동차(주)","니로 EV","2019"
"2020-11-18","현대자동차(주)","그랜저(GRANDEUR)","2020"
"2020-11-16","현대자동차(주)","쏘나타(SONATA)","2006"
"2020-11-18","현대자동차(주)","그랜저(GRANDEUR)","2015"
"2020-11-17","기아자동차(주)","카니발","2021"
"2020-11-18","포드세일즈서비스코리아(유)","익스플로러","2016"
"2020-11-17","(주)볼보자동차코리아","볼보 XC60T6 AWD","2020"
"2020-11-18","현대자동차(주)","그랜저(GRANDEUR)","2014"
"2020-11-18","현대자동차(주)","제네시스(GENESIS)","2014"
"2020-11-17","현대자동차(주)","마이티3.5톤덤프","2021"
"2020-11-17","현대자동차(주)","포터Ⅱ (PORTERⅡ)","2020"
"2020-11-18","현대자동차(주)","제네시스(GENESIS)","2016"
"2020-11-17","기아자동차(주)","니로 EV","2019"
"2020-11-17","현대자동차(주)","포터Ⅱ (PORTERⅡ)","2020"
"2020-11-17","(주) 한국모터트레이딩","YZF-R1","2018"
"2020-11-17","현대자동차(주)","투싼(TUCSON)","2016"
"2020-11-16","현대자동차(주)","G90","2020"
"2020-11-17","현대자동차(주)","쏘나타(SONATA)","2016"
"2020-11-17","아우디폭스바겐코리아(주)","Passat 2.0 TSI","2018"
"2020-11-17","현대자동차(주)","아반떼 하이브리드(AVANTE HYBRID)","2010"
"2020-11-17","르노삼성자동차(주)","SM3","2013"
"2020-11-16","아우디폭스바겐코리아(주)","A6 45 TDI quattro","2020"
"2020-11-16","르노삼성자동차(주)","QM6","2017"
"2020-11-16","메르세데스벤츠코리아(주)","C200 CGI","2013"
"2020-11-17","한국지엠(주)","말리부 2.0 LPG","2013"
"2020-11-17","기아자동차(주)","K7","2013"
"2020-11-17","아우디폭스바겐코리아(주)","Golf 2.0 TDI BMT","2015"
"2020-11-16","기아자동차(주)","니로 하이브리드","2020"
"2020-11-13","한국지엠(주)","스파크 1.0","2021"
"2020-11-17","아우디폭스바겐코리아(주)","Passat 2.0 TSI","2018"
"2020-11-16","메르세데스벤츠코리아(주)","E300 4Matic","2017"
"2020-11-17","현대자동차(주)","쏘나타 하이브리드(SONATA HYBRID)","2018"
"2020-11-16","메르세데스벤츠코리아(주)","GLA200 CDI","2015"
"2020-11-13","크라이슬러코리아(주)","짚 랭글러 루비콘","2020"
"2020-11-16","르노삼성자동차(주)","SM3","2015"
"2020-11-16","현대자동차(주)","투싼(TUCSON)","2016"
"2020-11-13","아우디폭스바겐코리아(주)","Passat 2.0 TSI","2018"
"2020-11-17","아우디폭스바겐코리아(주)","Passat 2.0 TSI","2018"
"2020-11-13","르노삼성자동차(주)","SM3","2015"
"2020-11-16","현대자동차(주)","투싼(TUCSON)","2016"
"2020-11-12","한국지엠(주)","올란도 2.0 디젤","2012"
"2020-11-13","기아자동차(주)","쏘렌토","2017"
"2020-11-12","현대자동차(주)","GV80","2020"
"2020-11-16","현대자동차(주)","싼타페(SANTAFE)","2013"
"2020-11-16","르노삼성자동차(주)","SM6","2016"
"2020-11-13","지엠대우오토앤테크놀로지(주)","CHEVROLET IMPALA 2.5","2016"
"2020-11-12","르노삼성자동차(주)","SM3","2016"
"2020-11-16","크라이슬러코리아(주)","짚 체로키 2.2","2017"
"2020-11-13","(주)재규어랜드로버코리아","디스커버리 스포츠 2.0D","2016"
"2020-11-13","크라이슬러코리아(주)","짚 랭글러 루비콘","2020"
"2020-11-13","현대자동차(주)","투싼(TUCSON)","2017"
"2020-11-16","기아자동차(주)","카니발 리무진","2021"
"2020-11-16","르노삼성자동차(주)","CAPTUR","2020"
"2020-11-13","메르세데스벤츠코리아(주)","Mercedes-Benz CLA250 4MATIC","2020"
"2020-11-12","르노삼성자동차(주)","QM3","2017"
"2020-11-16","한국닛산(주)","MURANO","2016"
"2020-11-13","현대자동차(주)","투싼(TUCSON)","2016"
"2020-11-13","(주)재규어랜드로버코리아","디스커버리 스포츠 2.0D","2016"
"2020-11-13","현대자동차(주)","G80","2021"
"2020-11-11","기아자동차(주)","K5","2011"
"2020-11-13","한국지엠(주)","말리부 2.0 DOHC","2013"
"2020-11-12","한국지엠(주)","스파크 1.0","2021"
"2020-11-12","아우디폭스바겐코리아(주)","Passat 2.0 TSI","2018"
"2020-11-11","아우디폭스바겐코리아(주)","Jetta 1.6 TDI Blue Motion","2013"
"2020-11-12","한국지엠(주)","크루즈 1.8 DOHC","2014"
"2020-11-12","기아자동차(주)","쏘렌토","2021"
"2020-11-11","기아자동차(주)","쏘렌토","2021"
"2020-11-12","아우디폭스바겐코리아(주)","Tiguan 2.0 TDI Blue Motion","2014"
"2020-11-12","메르세데스벤츠코리아(주)","Mercedes-Benz CLA250 4MATIC","2020"
"2020-11-12","현대자동차(주)","투싼(TUCSON)","2016"
"2020-11-13","아우디폭스바겐코리아(주)","Jetta 2.0 TDI BMT Premium","2015"
"2020-11-12","(주)볼보자동차코리아","볼보 V60CCB5 AWD","2021"
"2020-11-11","쌍용자동차(주)","렉스턴스포츠","2019"
"2020-11-12","현대자동차(주)","아반떼 하이브리드(AVANTE HYBRID)","2010"
"2020-11-11","현대자동차(주)","제네시스(GENESIS)","2014"
"2020-11-11","한국지엠(주)","윈스톰2.0S디젤","2010"
"2020-11-11","현대자동차(주)","i40 Saloon","2016"
"2020-11-11","르노삼성자동차(주)","SM6","2016"
"2020-11-10","기아자동차(주)","포르테","2011"
"2020-11-11","아우디폭스바겐코리아(주)","Passat 2.0 TSI","2018"
"2020-11-10","현대자동차(주)","그랜저(GRANDEUR)","2015"
"2020-11-11","현대자동차(주)","포터Ⅱ (PORTERⅡ)","2020"
"2020-11-10","현대자동차(주)","GV80","2020"
"2020-11-11","(주)볼보자동차코리아","볼보 S90B5","2021"
"2020-11-12","현대자동차(주)","투싼(TUCSON)","2019"
"2020-11-10","메르세데스벤츠코리아(주)","CLA200 CDI","2015"
"2020-11-10","쌍용자동차(주)","코란도스포츠","2014"
"2020-11-10","기아자동차(주)","K7","2013"
"2020-11-10","주식회사 제이엠특장자동차","제이엠스피드로드맨언더리프트","2020"
"2020-11-10","아우디폭스바겐코리아(주)","A8 LWB 3.0 TFSI Quattro","2011"
"2020-11-11","(주)볼보자동차코리아","볼보 V60CCB5 AWD","2021"
"2020-11-12","기아자동차(주)","쏘렌토","2017"
"2020-11-11","(주)볼보자동차코리아","볼보 V60CCB5 AWD","2021"
"2020-11-11","현대자동차(주)","투싼(TUCSON)","2016"
"2020-11-11","한국토요타자동차(주)","토요타 Prius","2017"
"2020-11-11","(주)볼보자동차코리아","볼보 V60CCB5 AWD","2021"
"2020-11-11","한국지엠(주)","트랙스 1.4","2020"
"2020-11-10","현대자동차(주)","투싼(TUCSON)","2016"
"2020-11-11","아우디폭스바겐코리아(주)","Tiguan 2.0 TDI BMT","2016"
"2020-11-09","비엠더블유코리아(주)","BMW i8 Roadster","2019"
"2020-11-10","기아자동차(주)","스포티지","2016"
"2020-11-09","르노삼성자동차(주)","XM3","2020"
"2020-11-09","현대자동차(주)","싼타페(SANTAFE)","2020"
"2020-11-11","아우디폭스바겐코리아(주)","Passat 2.0 TSI","2018"
"2020-11-10","기아자동차(주)","쏘렌토","2015"
"2020-11-09","포드세일즈서비스코리아(유)","Lincoln Nautilus 2.7 AWD","2019"
"2020-11-10","기아자동차(주)","K5","2016"
"2020-11-10","기아자동차(주)","쏘렌토","2021"
"2020-11-09","현대자동차(주)","그랜저(GRANDEUR)","2011"
"2020-11-09","(주)재규어랜드로버코리아","디스커버리4 3.0D","2016"
"2020-11-10","현대자동차(주)","투싼(TUCSON)","2016"
"2020-11-09","아우디폭스바겐코리아(주)","A8 LWB 4.0 TFSI quattro","2014"
"2020-11-11","현대자동차(주)","그랜저(GRANDEUR)","2014"
"2020-11-10","지엠대우오토앤테크놀로지(주)","CHEVROLET IMPALA 2.5","2017"
"2020-11-09","현대자동차(주)","그랜저(GRANDEUR)","2013"
"2020-11-11","기아자동차(주)","K7","2020"
"2020-11-11","아우디폭스바겐코리아(주)","A6 40 TDI quattro","2016"
"2020-11-09","르노삼성자동차(주)","SM6","2016"
"2020-11-09","(주)볼보자동차코리아","볼보 S60B5","2021"
"2020-11-09","르노삼성자동차(주)","QM6","2020"
"2020-11-09","아우디폭스바겐코리아(주)","Q5 45 TFSI quattro","2020"
"2020-11-10","한국지엠(주)","윈스톰2.0S디젤","2010"
"2020-11-09","아우디폭스바겐코리아(주)","Golf 2.0 TDI BMT","2015"
"2020-11-09","비엠더블유코리아(주)","BMW 528i","2011"
"2020-11-09","한국지엠(주)","올란도 2.0 LPG","2013"
"2020-11-09","(유)다원특장","디앤씨11톤카고트럭","2020"
"2020-11-09","비엠더블유코리아(주)","BMW 528i","2011"
"2020-11-09","현대자동차(주)","그랜저(GRANDEUR)","2015"
"2020-11-09","한국지엠(주)","스파크 1.0","2016"
"2020-11-09","메르세데스벤츠코리아(주)","벤츠 S350 d 4MATIC","2020"
"2020-11-09","현대자동차(주)","그랜저(GRANDEUR)","2015"
"2020-11-09","한국지엠(주)","말리부 1.35 TURBO","2019"
"2020-11-05","르노삼성자동차(주)","SM6","2017"
"2020-11-05","기아자동차(주)","스포티지","2012"
"2020-11-05","메르세데스벤츠코리아(주)","S350 d 4Matic L","2016"
"2020-11-09","비엠더블유코리아(주)","BMW 528i","2011"
"2020-11-09","르노삼성자동차(주)","SM6","2017"
"2020-11-09","현대자동차(주)","그랜저 하이브리드","2018"
"2020-11-10","한국지엠(주)","알페온 3.0 DOHC","2011"
"2020-11-05","르노삼성자동차(주)","SM3","2014"
"2020-11-10","르노삼성자동차(주)","SM6","2016"
"2020-11-05","현대자동차(주)","코나 일렉트릭 (KONA ELECTRIC)","2019"
"2020-11-05","비엠더블유코리아(주)","BMW C 400 GT","2019"
"2020-11-09","메르세데스벤츠코리아(주)","C200 CGI","2013"
"2020-11-05","기아자동차(주)","니로 하이브리드","2020"
"2020-11-09","비엠더블유코리아(주)","BMW 528i xDrive","2013"
"2020-11-09","테슬라코리아 유한회사","Model 3 Standard Range Plus RWD","2020"
"2020-11-09","비엠더블유코리아(주)","BMW 528i","2011"
"2020-11-05","(유)다원특장","디앤씨11톤카고트럭","2020"
"2020-11-05","아우디폭스바겐코리아(주)","Passat 2.0 TSI","2018"
"2020-11-05","르노삼성자동차(주)","SM3","2014"
"2020-11-05","한국지엠(주)","말리부 2.0 DOHC","2013"
"2020-11-09","아우디폭스바겐코리아(주)","A3 Sportback 25 TDI","2015"
"2020-11-05","비엠더블유코리아(주)","BMW 520d","2011"
"2020-11-05","메르세데스벤츠코리아(주)","Mercedes-AMG G63","2019"
"2020-11-05","쌍용자동차(주)","렉스턴스포츠 칸","2021"
"2020-11-04","기아자동차(주)","K7","2013"
"2020-11-03","한국지엠(주)","크루즈 1.4","2016"
"2020-11-04","메르세데스벤츠코리아(주)","E300","2019"
"2020-11-05","한국지엠(주)","크루즈 1.8 DOHC","2013"
"2020-11-04","르노삼성자동차(주)","QM6","2017"
"2020-11-05","현대자동차(주)","그랜저(GRANDEUR)","2012"
"2020-11-04","기아자동차(주)","카렌스","2014"
"2020-11-04","지엠대우오토앤테크놀로지(주)","CHEVROLET IMPALA 2.5","2016"
"2020-11-04","한불모터스(주)","Peugeot 308 1.6 Blue-HDi","2016"
"2020-11-03","크라이슬러코리아(주)","짚그랜드체로키","2016"
"2020-11-03","아우디폭스바겐코리아(주)","Passat 2.0 TSI","2018"
"2020-11-03","기아자동차(주)","니로 하이브리드","2020"
"2020-11-04","현대자동차(주)","쏘나타 하이브리드 (SONATA HYBRID)","2021"
"2020-11-03","현대자동차(주)","GV80","2020"
"2020-11-03","기아자동차(주)","니로 하이브리드","2020"
"2020-11-04","(주)재규어랜드로버코리아","재규어 XF 3.0SC","2013"
"2020-11-05","르노삼성자동차(주)","QM6","2019"
"2020-11-04","저먼카라반㈜","저먼카라반이동업무차","2019"
"2020-11-04","기아자동차(주)","K5","2014"
"2020-11-03","크라이슬러코리아(주)","짚 체로키 2.4 AWD","2020"
"2020-11-05","메르세데스벤츠코리아(주)","GLK220 CDI 4Matic","2010"
"2020-11-04","비엠더블유코리아(주)","BMW X5 xDrive30d","2014"
"2020-11-03","현대자동차(주)","뉴-카운티","2019"
"2020-11-05","현대자동차(주)","아반떼 (AVANTE)","2012"
"2020-11-04","현대자동차(주)","쏘나타 하이브리드 (SONATA HYBRID)","2021"
"2020-11-04","르노삼성자동차(주)","SM3","2014"
"2020-11-05","(주)에프엠케이","마세라티 기블리 디젤","2016"
"2020-11-04","현대자동차(주)","아반떼 하이브리드(AVANTE HYBRID)","2012"
"2020-11-04","주식회사 금명특장","금명2.8톤크레인카고트럭","2019"
"2020-11-03","르노삼성자동차(주)","SM3","2013"
"2020-11-04","현대자동차(주)","아반떼 하이브리드(AVANTE HYBRID)","2011"
"2020-11-03","비엠더블유코리아(주)","BMW 320d xDrive","2014"
"2020-11-03","아우디폭스바겐코리아(주)","Tiguan 2.0 TDI Blue Motion","2015"
"2020-11-04","기아자동차(주)","K5","2011"
"2020-11-03","메르세데스벤츠코리아(주)","C220 d 4Matic","2019"
"2020-11-03","한국지엠(주)","올란도 2.0 디젤","2012"
"2020-11-03","메르세데스벤츠코리아(주)","E220 d","2017"
"2020-11-02","현대자동차(주)","GV80","2020"
"2020-11-02","(주)재규어랜드로버코리아","디스커버리 TD6","2017"
"2020-11-03","기아자동차(주)","레이","2012"
"2020-11-03","현대자동차(주)","그랜저(GRANDEUR)","2011"
"2020-11-03","메르세데스벤츠코리아(주)","C220 d 4Matic","2019"
"2020-11-03","메르세데스벤츠코리아(주)","C220 d 4Matic","2019"
"2020-11-03","아우디폭스바겐코리아(주)","Passat 2.0 TSI","2018"
"2020-11-03","메르세데스벤츠코리아(주)","C220 d 4Matic","2019"
"2020-11-03","아우디폭스바겐코리아(주)","Tiguan 2.0 TDI Blue Motion","2015"
"2020-11-04","아우디폭스바겐코리아(주)","Tiguan 2.0 TDI BMT","2016"
"2020-11-03","아우디폭스바겐코리아(주)","Polo 5 FL 1.4 TDI BMT","2016"
"2020-11-03","현대자동차(주)","팰리세이드(PALISADE)","2021"
"2020-11-03","한국토요타자동차(주)","토요타 CAMRY","2011"
"2020-11-04","르노삼성자동차(주)","SM6","2017"
"2020-11-02","(주)재규어랜드로버코리아","디스커버리 스포츠 2.0D","2016"
"2020-11-02","현대자동차(주)","쏘나타(SONATA)","2020"
"2020-11-02","아우디폭스바겐코리아(주)","Passat 2.0 TSI","2018"
"2020-11-02","르노삼성자동차(주)","XM3","2020"
"2020-11-03","쌍용자동차(주)","G4 렉스턴","2018"
"2020-11-02","아우디폭스바겐코리아(주)","Passat 2.0 TSI","2018"
"2020-11-02","아우디폭스바겐코리아(주)","A3 Sportback 35 TDI","2015"
"2020-11-02","비엠더블유코리아(주)","BMW X5 xDrive30d","2017"
"2020-11-02","아우디폭스바겐코리아(주)","Passat 2.0 TSI","2018"
"2020-11-02","지엠대우오토앤테크놀로지(주)","CHEVROLET IMPALA 2.5","2016"
"2020-11-03","지엠대우오토앤테크놀로지(주)","CHEVROLET IMPALA 2.5","2016"
"2020-11-02","현대자동차(주)","아반떼(AVANTE)","2017"
"2020-11-03","포드세일즈서비스코리아(유)","익스플로러","2015"
"2020-11-02","메르세데스벤츠코리아(주)","E220 d","2019"
"2020-11-03","현대자동차(주)","그랜저(GRANDEUR)","2016"
"2020-11-03","현대자동차(주)","아반떼 하이브리드(AVANTE HYBRID)","2010"
"2020-11-03","포드세일즈서비스코리아(유)","익스플로러","2015"
"2020-11-02","쌍용자동차(주)","렉스턴","2013"
"2020-11-02","르노삼성자동차(주)","QM6","2020"
"2020-11-02","한국닛산(주)","INFINITI G25","2011"
"2020-10-30","기아자동차(주)","니로 하이브리드","2020"
"2020-11-02","한국지엠(주)","트랙스 1.4","2019"
"2020-11-02","아우디폭스바겐코리아(주)","Passat 2.0 TSI","2018"
"2020-11-02","아우디폭스바겐코리아(주)","A8 60 TDI quattro","2015"
"2020-10-30","기아자동차(주)","카니발","2018"
"2020-11-03","메르세데스벤츠코리아(주)","GLK220 CDI 4Matic","2014"
"2020-11-02","현대자동차(주)","투싼(TUCSON)","2016"
"2020-11-02","르노삼성자동차(주)","SM3","2011"
"2020-11-02","현대자동차(주)","팰리세이드(PALISADE)","2019"
"2020-11-02","르노삼성자동차(주)","SM3","2011"
"2020-10-30","비엠더블유코리아(주)","MINI Cooper five-door","2021"
"2020-10-30","기아자동차(주)","스팅어","2018"
"2020-10-30","현대자동차(주)","그랜저(GRANDEUR)","2017"
"2020-10-29","기아자동차(주)","니로 하이브리드","2020"
"2020-10-29","기아자동차(주)","니로 하이브리드","2020"
"2020-10-30","메르세데스벤츠코리아(주)","GLK220 CDI 4Matic","2013"
"2020-10-30","메르세데스벤츠코리아(주)","GLK220 CDI 4Matic","2013"
"2020-10-29","기아자동차(주)","쏘렌토","2021"
"2020-10-30","한국지엠(주)","알페온2.4DOHC","2011"
"2020-11-02","현대자동차(주)","제네시스(GENESIS)","2016"
"2020-10-30","메르세데스벤츠코리아(주)","GLK220 CDI 4Matic","2014"
"2020-10-30","르노삼성자동차(주)","SM6","2016"
"2020-10-30","르노삼성자동차(주)","QM6","2020"
"2020-10-29","현대자동차(주)","투싼(TUCSON)","2019"
"2020-10-30","르노삼성자동차(주)","SM3","2015"
"2020-10-30","기아자동차(주)","스팅어","2018"
"2020-10-30","아우디폭스바겐코리아(주)","Passat 2.0 TSI","2018"
"2020-11-02","메르세데스벤츠코리아(주)","GLK220 CDI 4Matic","2015"
"2020-11-02","현대자동차(주)","그랜저(GRANDEUR)","2018"
"2020-10-30","기아자동차(주)","K7","2016"
"2020-10-30","르노삼성자동차(주)","SM3","2012"
"2020-10-30","메르세데스벤츠코리아(주)","GLK220 CDI 4Matic","2015"
"2020-10-29","기아자동차(주)","K7","2020"
"2020-10-30","아우디폭스바겐코리아(주)","Passat 2.0 TSI","2018"
"2020-10-29","기아자동차(주)","니로 하이브리드","2020"
"2020-10-28","현대자동차(주)","그랜저(GRANDEUR)","2020"
"2020-10-29","르노삼성자동차(주)","XM3","2020"
"2020-10-29","르노삼성자동차(주)","XM3","2020"
"2020-10-29","르노삼성자동차(주)","XM3","2020"
"2020-10-29","르노삼성자동차(주)","XM3","2020"
"2020-10-29","르노삼성자동차(주)","XM3","2020"
"2020-10-29","르노삼성자동차(주)","XM3","2020"
"2020-10-29","기아자동차(주)","K7","2020"
"2020-10-29","한국지엠(주)","스파크 1.0","2016"
"2020-10-29","현대자동차(주)","투싼(TUCSON)","2013"
"2020-10-29","르노삼성자동차(주)","XM3","2020"
"2020-10-29","아우디폭스바겐코리아(주)","Tiguan 2.0 TDI Blue Motion","2015"
"2020-10-29","아우디폭스바겐코리아(주)","Passat 2.0 TSI","2018"
"2020-10-29","현대자동차(주)","그랜저(GRANDEUR)","2020"
"2020-10-29","르노삼성자동차(주)","XM3","2020"
"2020-10-28","현대자동차(주)","i40","2012"
"2020-10-28","한국지엠(주)","라세티 1.8 DOHC","2010"
"2020-10-29","현대자동차(주)","싼타페(SANTAFE)","2018"
"2020-10-28","현대자동차(주)","투싼(TUCSON)","2011"
"2020-10-28","기아자동차(주)","포르테","2011"
"2020-10-27","현대자동차(주)","GV80","2020"
"2020-10-28","(주)재규어랜드로버코리아","디스커버리 스포츠 2.0D","2016"
"2020-10-28","아우디폭스바겐코리아(주)","Passat 2.0 TSI","2018"
"2020-10-28","현대자동차(주)","그랜저(GRANDEUR)","2020"
"2020-10-28","아우디폭스바겐코리아(주)","Passat 2.0 TSI","2018"
"2020-10-27","아우디폭스바겐코리아(주)","Passat 2.0 TSI","2018"
"2020-10-28","한국지엠(주)","말리부 2.4 DOHC","2015"
"2020-10-27","현대자동차(주)","그랜저(GRANDEUR)","2018"
"2020-10-29","한국지엠(주)","스파크 1.0","2016"
"2020-10-27","아우디폭스바겐코리아(주)","Passat 2.0 TSI","2018"
"2020-10-27","기아자동차(주)","K7 하이브리드","2020"
"2020-10-28","메르세데스벤츠코리아(주)","C200 CGI","2012"
"2020-10-27","기아자동차(주)","K7","2017"
"2020-10-28","르노삼성자동차(주)","SM6","2016"
"2020-10-29","한국지엠(주)","스파크 1.0","2016"
"2020-10-28","(주)재규어랜드로버코리아","디스커버리4 3.0D","2016"
"2020-10-27","현대자동차(주)","그랜저(GRANDEUR)","2017"
"2020-10-27","현대자동차(주)","투싼(TUCSON)","2017"
"2020-10-28","(주)재규어랜드로버코리아","디스커버리 스포츠 2.0D","2016"
"2020-10-29","한국지엠(주)","스파크 1.0","2016"
"2020-10-27","현대자동차(주)","그랜저(GRANDEUR)","2011"
"2020-10-28","한국지엠(주)","말리부 2.4 DOHC","2015"
"2020-10-27","아우디폭스바겐코리아(주)","Passat 2.0 TSI","2018"
"2020-10-29","한국지엠(주)","스파크 1.0","2016"
"2020-10-28","르노삼성자동차(주)","SM3","2010"
"2020-10-28","(주)재규어랜드로버코리아","재규어 XE 2.0D","2016"
"2020-10-28","(주)재규어랜드로버코리아","디스커버리 스포츠 2.0D","2016"
"2020-10-27","기아자동차(주)","K3","2016"
"2020-10-28","한불모터스(주)","Peugeot 5008 1.5 BlueHDi","2019"
"2020-10-27","아우디폭스바겐코리아(주)","Passat 2.0 TSI","2018"
"2020-10-26","비엠더블유코리아(주)","BMW X1 xDrive20d","2012"
"2020-10-27","기아자동차(주)","K5","2020"
"2020-10-27","메르세데스벤츠코리아(주)","C200 CGI","2012"
"2020-10-27","아우디폭스바겐코리아(주)","Passat 2.0 TSI","2018"
"2020-10-28","르노삼성자동차(주)","XM3","2020"
"2020-10-27","기아자동차(주)","쏘렌토","2020"
"2020-10-26","아우디폭스바겐코리아(주)","Passat 2.0 TSI","2018"
"2020-10-26","현대자동차(주)","쏘나타(SONATA)","2020"
"2020-10-27","현대자동차(주)","투싼(TUCSON)","2016"
"2020-10-27","기아자동차(주)","카렌스","2017"
"2020-10-26","아우디폭스바겐코리아(주)","Passat 2.0 TSI","2018"
"2020-10-27","르노삼성자동차(주)","QM6","2020"
"2020-10-27","르노삼성자동차(주)","SM3","2015"
"2020-10-27","메르세데스벤츠코리아(주)","C200 CGI","2012"
"2020-10-28","현대자동차(주)","그랜저(GRANDEUR)","2014"
"2020-10-27","현대자동차(주)","그랜저(GRANDEUR)","2012"
"2020-10-26","현대자동차(주)","그랜저(GRANDEUR)","2012"
"2020-10-27","아우디폭스바겐코리아(주)","Tiguan 2.0 TDI Blue Motion","2014"
"2020-10-26","현대자동차(주)","그랜저(GRANDEUR)","2020"
"2020-10-26","한불모터스(주)","푸조 508SW 2.0 HDi","2016"
"2020-10-26","현대자동차(주)","투싼(TUCSON)","2016"
"2020-10-26","기아자동차(주)","K7","2013"
"2020-10-26","비엠더블유코리아(주)","BMW 730i","2007"
"2020-10-26","아우디폭스바겐코리아(주)","Passat 2.0 TSI","2018"
"2020-10-26","기아자동차(주)","K5","2011"
"2020-10-26","아우디폭스바겐코리아(주)","A6 45 TDI quattro","2020"
"2020-10-26","현대자동차(주)","싼타페(SANTAFE)","2021"
"2020-10-26","한국쓰리축공업(주)","한쓰6.5톤극플러스트럭","2017"
"2020-10-23","아우디폭스바겐코리아(주)","Passat 2.0 TSI","2018"
"2020-10-26","아우디폭스바겐코리아(주)","Passat 2.0 TSI","2018"
"2020-10-26","아우디폭스바겐코리아(주)","Passat 2.0 TSI","2018"
"2020-10-23","르노삼성자동차(주)","QM6","2020"
"2020-10-26","현대자동차(주)","투싼(TUCSON)","2017"
"2020-10-23","아우디폭스바겐코리아(주)","Jetta 2.0 TDI","2012"
"2020-10-26","현대자동차(주)","코나 일렉트릭 (KONA ELECTRIC)","2019"
"2020-10-26","아우디폭스바겐코리아(주)","Passat 2.0 TSI","2018"
"2020-10-26","한국지엠(주)","캡티바 2.0D 디젤","2013"
"2020-10-26","한국지엠(주)","말리부 2.0 DOHC","2013"
"2020-10-23","아우디폭스바겐코리아(주)","Passat 2.0 TSI","2018"
"2020-10-26","아우디폭스바겐코리아(주)","Passat 2.0 TSI","2018"
"2020-10-26","지엠대우오토앤테크놀로지(주)","CHEVROLET IMPALA 2.5","2016"
"2020-10-26","아우디폭스바겐코리아(주)","Passat 2.0 TSI","2018"
"2020-10-23","현대자동차(주)","유니버스(UNIVERSE)","2012"
"2020-10-26","현대자동차(주)","코나 일렉트릭 (KONA ELECTRIC)","2019"
"2020-10-26","르노삼성자동차(주)","SM3","2014"
"2020-10-23","르노삼성자동차(주)","XM3","2020"
"2020-10-23","현대자동차(주)","투싼(TUCSON)","2016"
"2020-10-26","한국지엠(주)","올란도 2.0 디젤","2012"
"2020-10-26","한국지엠(주)","아베오 1.6 DOHC","2012"
"2020-10-22","아우디폭스바겐코리아(주)","Passat 2.0 TSI","2018"
"2020-10-22","아우디폭스바겐코리아(주)","Passat 2.0 TSI","2018"
"2020-10-22","현대자동차(주)","코나 일렉트릭 (KONA ELECTRIC)","2019"
"2020-10-23","메르세데스벤츠코리아(주)","GLK220 CDI 4Matic","2013"
"2020-10-22","아우디폭스바겐코리아(주)","Passat 2.0 TSI","2018"
"2020-10-23","현대자동차(주)","아반떼 하이브리드(AVANTE HYBRID)","2010"
"2020-10-22","현대자동차(주)","i40","2012"
"2020-10-23","한불모터스(주)","푸조 508 1.6 e-HDi","2016"
"2020-10-23","현대자동차(주)","i40","2012"
"2020-10-23","아우디폭스바겐코리아(주)","Passat 2.0 TSI","2018"
"2020-10-23","아우디폭스바겐코리아(주)","Tiguan 2.0 TDI Blue Motion","2015"
"2020-10-23","한국지엠(주)","올란도 2.0 LPG","2013"
"2020-10-23","기아자동차(주)","K5","2011"
"2020-10-22","아우디폭스바겐코리아(주)","Passat 2.0 TSI","2018"
"2020-10-26","기아자동차(주)","스포티지","2016"
"2020-10-22","기아자동차(주)","레이","2016"
"2020-10-22","지엠대우오토앤테크놀로지(주)","CHEVROLET IMPALA 3.6","2016"
"2020-10-22","메르세데스벤츠코리아(주)","C200","2015"
"2020-10-22","현대자동차(주)","쏘나타(SONATA)","2021"
"2020-10-22","쌍용자동차(주)","코란도","2019"
"2020-10-22","한국지엠(주)","말리부 2.0 DOHC","2013"
"2020-10-22","지엠대우오토앤테크놀로지(주)","CHEVROLET IMPALA 2.5","2016"
"2020-10-21","아우디폭스바겐코리아(주)","Passat 2.0 TSI","2018"
"2020-10-22","기아자동차(주)","K5","2011"
"2020-10-21","자일대우상용차주식회사","BX212","2020"
"2020-10-21","(주)재규어랜드로버코리아","레인지로버 스포츠 SDV6","2020"
"2020-10-21","메르세데스벤츠코리아(주)","CLS400 d 4Matic","2019"
"2020-10-21","아우디폭스바겐코리아(주)","Passat 2.0 TSI","2018"
"2020-10-23","기아자동차(주)","쏘렌토","2016"
"2020-10-21","메르세데스벤츠코리아(주)","GLK220 CDI 4Matic","2011"
"2020-10-21","주식회사 와코","2K2","2020"
"2020-10-21","현대자동차(주)","코나 일렉트릭 (KONA ELECTRIC)","2019"
"2020-10-21","기아자동차(주)","카니발","2018"
"2020-10-22","기아자동차(주)","스토닉","2018"
"2020-10-21","르노삼성자동차(주)","SM6","2019"
"2020-10-22","한국지엠(주)","라세티 1.6 DOHC","2009"
"2020-10-21","비엠더블유코리아(주)","BMW 520d xDrive Luxury","2019"
"2020-10-22","(주)볼보자동차코리아","볼보 S60T5","2020"
"2020-10-23","아우디폭스바겐코리아(주)","Passat 2.0 TSI","2018"
"2020-10-22","현대자동차(주)","그랜저(GRANDEUR)","2015"
"2020-10-22","포드세일즈서비스코리아(유)","익스플로러","2014"
"2020-10-22","현대자동차(주)","그랜저(GRANDEUR)","2020"
"2020-10-22","아우디폭스바겐코리아(주)","Passat 2.0 TSI","2018"
"2020-10-21","아우디폭스바겐코리아(주)","EOS 2.0 TSI","2009"
"2020-10-21","현대자동차(주)","코나 하이브리드(KONA HYBRID)","2020"
"2020-10-21","비엠더블유코리아(주)","BMW 528i","2013"
"2020-10-20","한국지엠(주)","말리부 2.0 DOHC","2015"
"2020-10-20","크라이슬러코리아(주)","짚 체로키 2.4","2017"
"2020-10-21","비엠더블유코리아(주)","BMW 520d","2014"
"2020-10-20","기아자동차(주)","K7","2013"
"2020-10-20","현대자동차(주)","그랜드 스타렉스(GRAND STAREX)","2020"
"2020-10-21","아우디폭스바겐코리아(주)","Q7 45 TDI quattro","2016"
"2020-10-21","비엠더블유코리아(주)","BMW 530e iPerformance Luxury","2020"
"2020-10-22","(주)볼보자동차코리아","볼보 XC40T4 AWD","2020"
"2020-10-22","비엠더블유코리아(주)","BMW 520d xDrive","2017"
"2020-10-21","아우디폭스바겐코리아(주)","Tiguan 2.0 TDI Blue Motion","2015"
"2020-10-21","기아자동차(주)","K7","2011"
"2020-10-21","르노삼성자동차(주)","SM6","2016"
"2020-10-21","르노삼성자동차(주)","QM6","2019"
"2020-10-21","기아자동차(주)","카렌스","2007"
"2020-10-21","기아자동차(주)","카렌스","2007"
"2020-10-20","지엠대우오토앤테크놀로지(주)","CHEVROLET IMPALA 2.5","2016"
"2020-10-20","아우디폭스바겐코리아(주)","Golf 2.0 TDI BMT","2014"
"2020-10-20","현대자동차(주)","코나 일렉트릭 (KONA ELECTRIC)","2020"
"2020-10-20","현대자동차(주)","맥스크루즈 (MAXCRUZ)","2015"
"2020-10-19","현대자동차(주)","포터Ⅱ (PORTERⅡ)","2017"
"2020-10-19","기아자동차(주)","쏘렌토 하이브리드","2021"
"2020-10-20","현대자동차(주)","아반떼 하이브리드(AVANTE HYBRID)","2010"
"2020-10-19","르노삼성자동차(주)","SM3 Z.E.","2019"
"2020-10-21","기아자동차(주)","쏘렌토","2019"
"2020-10-20","현대자동차(주)","아반떼 하이브리드(AVANTE HYBRID)","2010"
"2020-10-19","메르세데스벤츠코리아(주)","E300","2019"
"2020-10-20","현대자동차(주)","아반떼 하이브리드(AVANTE HYBRID)","2010"
"2020-10-20","현대자동차(주)","G80","2021"
"2020-10-20","(주)재규어랜드로버코리아","재규어 XF 3.0D","2011"
"2020-10-19","현대자동차(주)","아반떼(AVANTE)","2021"
"2020-10-19","현대자동차(주)","아반떼 하이브리드(AVANTE HYBRID)","2010"
"2020-10-19","메르세데스벤츠코리아(주)","GLK220 CDI 4Matic","2010"
"2020-10-20","르노삼성자동차(주)","XM3","2020"
"2020-10-19","르노삼성자동차(주)","QM6","2017"
"2020-10-19","아우디폭스바겐코리아(주)","Passat 2.0 TSI","2018"
"2020-10-20","아우디폭스바겐코리아(주)","Passat 2.0 TSI","2018"
"2020-10-20","르노삼성자동차(주)","XM3","2020"
"2020-10-19","기아자동차(주)","K5","2019"
"2020-10-20","기아자동차(주)","K5","2012"
"2020-10-19","메르세데스벤츠코리아(주)","GLK220 CDI 4Matic","2013"
"2020-10-19","메르세데스벤츠코리아(주)","CLA200 CDI","2014"
"2020-10-19","기아자동차(주)","쏘렌토","2019"
"2020-10-19","기아자동차(주)","K7","2013"
"2020-10-19","메르세데스벤츠코리아(주)","GLK220 CDI 4Matic","2010"
"2020-10-19","현대자동차(주)","아반떼(AVANTE)","2019"
"2020-10-19","르노삼성자동차(주)","SM7","2017"
"2020-10-19","르노삼성자동차(주)","SM6","2016"
"2020-10-19","기아자동차(주)","스토닉","2018"
"2020-10-19","지엠대우오토앤테크놀로지(주)","CHEVROLET EQUINOX FWD","2019"
"2020-10-16","르노삼성자동차(주)","TWIZY","2020"
"2020-10-19","메르세데스벤츠코리아(주)","GLK220 CDI 4Matic","2013"
"2020-10-16","현대자동차(주)","코나 일렉트릭 (KONA ELECTRIC)","2020"
"2020-10-16","비엠더블유코리아(주)","BMW 320d","2014"
"2020-10-19","르노삼성자동차(주)","QM6","2020"
"2020-10-19","아우디폭스바겐코리아(주)","Passat 1.8 TSI","2016"
"2020-10-19","아우디폭스바겐코리아(주)","Golf 1.6 TDI BMT","2015"
"2020-10-19","지엠대우오토앤테크놀로지(주)","CHEVROLET IMPALA 2.5","2016"
"2020-10-19","기아자동차(주)","K5","2020"
"2020-10-19","현대자동차(주)","G80","2017"
"2020-10-16","기아자동차(주)","니로 하이브리드","2020"
"2020-10-19","현대자동차(주)","G80","2021"
"2020-10-19","크라이슬러코리아(주)","짚 체로키 2.4 FWD","2020"
"2020-10-16","현대자동차(주)","코나 일렉트릭 (KONA ELECTRIC)","2019"
"2020-10-19","기아자동차(주)","카렌스","2014"
"2020-10-19","비엠더블유코리아(주)","BMW i8 Roadster","2019"
"2020-10-19","르노삼성자동차(주)","SM6","2019"
"2020-10-16","현대자동차(주)","엑센트 (ACCENT)","2019"
"2020-10-16","현대자동차(주)","그랜저(GRANDEUR)","2020"
"2020-10-16","메르세데스벤츠코리아(주)","GLK220 CDI 4Matic","2013"
"2020-10-15","주식회사 와코","2K2","2019"
"2020-10-16","메르세데스벤츠코리아(주)","GLK220 CDI 4Matic","2014"
"2020-10-15","기아자동차(주)","니로 하이브리드","2020"
"2020-10-16","메르세데스벤츠코리아(주)","GLK220 CDI 4Matic","2013"
"2020-10-16","한국지엠(주)","올란도 2.0 LPG","2014"
"2020-10-16","현대자동차(주)","투싼(TUCSON)","2016"
"2020-10-15","현대자동차(주)","쏘나타(SONATA)","2020"
"2020-10-16","아우디폭스바겐코리아(주)","Golf GTD","2012"
"2020-10-16","지엠대우오토앤테크놀로지(주)","CHEVROLET IMPALA 2.5","2016"
"2020-10-15","현대자동차(주)","싼타페(SANTAFE)","2020"
"2020-10-15","현대자동차(주)","그랜드 스타렉스(GRAND STAREX)","2012"
"2020-10-16","한국지엠(주)","말리부 1.5 TURBO","2018"
"2020-10-15","기아자동차(주)","니로 하이브리드","2020"
"2020-10-16","현대자동차(주)","투싼(TUCSON)","2019"
"2020-10-15","메르세데스벤츠코리아(주)","GLK220 CDI 4Matic","2013"
"2020-10-15","크라이슬러코리아(주)","짚 체로키 2.4 AWD","2020"
"2020-10-16","비엠더블유코리아(주)","BMW 320d Gran Turismo","2014"
"2020-10-15","기아자동차(주)","카니발","2015"
"2020-10-15","현대자동차(주)","투싼(TUCSON)","2016"
"2020-10-15","한국지엠(주)","크루즈 2.0 디젤","2014"
"2020-10-15","메르세데스벤츠코리아(주)","E250 BlueTEC 4Matic","2015"
"2020-10-15","포드세일즈서비스코리아(유)","Mustang 2.3 Convertible","2020"
"2020-10-15","현대자동차(주)","쏘나타(SONATA)","2016"
"2020-10-15","기아자동차(주)","K9","2013"
"2020-10-16","기아자동차(주)","K5","2014"
"2020-10-15","기아자동차(주)","K5","2013"
"2020-10-15","기아자동차(주)","스포티지","2016"
"2020-10-15","메르세데스벤츠코리아(주)","GLK220 CDI 4Matic","2013"
"2020-10-15","기아자동차(주)","K7","2020"
"2020-10-14","지엠대우오토앤테크놀로지(주)","CHEVROLET IMPALA 2.5","2016"
"2020-10-15","아우디폭스바겐코리아(주)","TT Roadster 45 TFSI quattro","2016"
"2020-10-15","르노삼성자동차(주)","QM6","2017"
"2020-10-14","현대자동차(주)","아반떼(AVANTE)","2018"
"2020-10-13","기아자동차(주)","스토닉","2019"
"2020-10-14","메르세데스벤츠코리아(주)","GLK220 CDI 4Matic","2012"
"2020-10-15","메르세데스벤츠코리아(주)","GLK220 CDI 4Matic","2014"
"2020-10-14","메르세데스벤츠코리아(주)","C200","2017"
"2020-10-14","기아자동차(주)","쏘렌토 하이브리드","2021"
"2020-10-14","아우디폭스바겐코리아(주)","Golf 2.0 TDI BMT","2016"
"2020-10-14","현대자동차(주)","투싼(TUCSON)","2016"
"2020-10-14","메르세데스벤츠코리아(주)","GLK220 CDI 4Matic","2012"
"2020-10-15","기아자동차(주)","쏘렌토 하이브리드","2021"
"2020-10-14","르노삼성자동차(주)","SM6","2017"
"2020-10-14","메르세데스벤츠코리아(주)","E300","2011"
"2020-10-14","아우디폭스바겐코리아(주)","Passat 2.5","2013"
"2020-10-14","메르세데스벤츠코리아(주)","GLK220 CDI 4Matic","2014"
"2020-10-14","메르세데스벤츠코리아(주)","GLK220 CDI 4Matic","2013"
"2020-10-14","아우디폭스바겐코리아(주)","Tiguan 2.0 TDI BMT","2016"
"2020-10-14","비엠더블유코리아(주)","BMW 1 Series Urban","2015"
"2020-10-15","현대자동차(주)","i30","2019"
"2020-10-14","지엠대우오토앤테크놀로지(주)","CHEVROLET IMPALA 2.5","2016"
"2020-10-14","메르세데스벤츠코리아(주)","GLK220 CDI 4Matic","2013"
"2020-10-13","한국지엠(주)","올란도 1.6 디젤","2018"
"2020-10-14","기아자동차(주)","카렌스","2014"
"2020-10-12","아우디폭스바겐코리아(주)","Passat 2.0 TSI","2018"
"2020-10-13","기아자동차(주)","카니발","2015"
"2020-10-13","메르세데스벤츠코리아(주)","GLK220 CDI 4Matic","2013"
"2020-10-13","르노삼성자동차(주)","QM3","2019"
"2020-10-13","기아자동차(주)","K7","2013"
"2020-10-13","메르세데스벤츠코리아(주)","GLK220 CDI 4Matic","2010"
"2020-10-12","기아자동차(주)","쏘렌토","2021"
"2020-10-14","기아자동차(주)","스토닉","2018"
"2020-10-13","메르세데스벤츠코리아(주)","GLK220 CDI 4Matic","2015"
"2020-10-13","한국지엠(주)","말리부 2.0 DOHC","2012"
"2020-10-14","기아자동차(주)","스토닉","2018"
"2020-10-14","기아자동차(주)","K5","2018"
"2020-10-13","현대자동차(주)","아반떼 하이브리드(AVANTE HYBRID)","2010"
"2020-10-14","한국닛산(주)","ALTIMA 2.5","2016"
"2020-10-14","기아자동차(주)","카니발 리무진","2021"
"2020-10-13","지엠대우오토앤테크놀로지(주)","CHEVROLET BOLT EV","2018"
"2020-10-13","현대자동차(주)","아반떼 하이브리드(AVANTE HYBRID)","2010"
"2020-10-13","르노삼성자동차(주)","SM7","2012"
"2020-10-13","아우디폭스바겐코리아(주)","Passat 2.0 TSI","2018"
"2020-10-13","기아자동차(주)","K7","2012"
"2020-10-13","한국지엠(주)","말리부 2.0 DOHC","2012"
"2020-10-13","지엠대우오토앤테크놀로지(주)","CHEVROLET IMPALA 2.5","2016"
"2020-10-13","기아자동차(주)","K5","2011"
"2020-10-14","기아자동차(주)","쏘렌토 하이브리드","2021"
"2020-10-13","한국지엠(주)","라세티 1.6 DOHC","2009"
"2020-10-13","르노삼성자동차(주)","XM3","2020"
"2020-10-13","지엠대우오토앤테크놀로지(주)","CHEVROLET IMPALA 2.5","2016"
"2020-10-14","한불모터스(주)","DS7 Crossback 2.0 BlueHDi","2019"
"2020-10-13","한국지엠(주)","올란도 2.0 디젤","2012"
"2020-10-13","현대자동차(주)","투싼(TUCSON)","2018"
"2020-10-13","기아자동차(주)","스팅어","2018"
"2020-10-13","르노삼성자동차(주)","SM6","2016"
"2020-10-13","지엠대우오토앤테크놀로지(주)","CHEVROLET IMPALA 2.5","2016"
"2020-10-14","기아자동차(주)","쏘렌토 하이브리드","2021"
"2020-10-13","한국지엠(주)","올란도 1.6 디젤","2016"
"2020-10-13","르노삼성자동차(주)","SM3","2010"
"2020-10-12","한국지엠(주)","말리부 1.5 TURBO","2017"
"2020-10-13","아우디폭스바겐코리아(주)","Golf 2.0 TDI BMT","2015"
"2020-10-12","현대자동차(주)","그랜저(GRANDEUR)","2011"
"2020-10-13","한국지엠(주)","올란도 2.0 디젤","2012"
"2020-10-12","메르세데스벤츠코리아(주)","C220 CDI","2013"
"2020-10-12","아우디폭스바겐코리아(주)","Passat 2.0 TSI","2018"
"2020-10-12","아우디폭스바겐코리아(주)","TT Roadster 45 TFSI quattro","2016"
"2020-10-12","현대자동차(주)","투싼(TUCSON)","2016"
"2020-10-13","아우디폭스바겐코리아(주)","Golf 2.0 TDI BMT","2015"
"2020-10-12","기아자동차(주)","카니발 리무진","2021"
"2020-10-12","지엠대우오토앤테크놀로지(주)","CHEVROLET IMPALA 2.5","2016"
"2020-10-12","현대자동차(주)","아반떼 하이브리드(AVANTE HYBRID)","2011"
"2020-10-12","르노삼성자동차(주)","QM6","2017"
"2020-10-12","비엠더블유코리아(주)","BMW 320d ED","2012"
"2020-10-08","혼다코리아(주)","ACCORD 2.4","2017"
"2020-10-12","아우디폭스바겐코리아(주)","Tiguan 2.0 TDI BMT","2016"
"2020-10-12","지엠대우오토앤테크놀로지(주)","CHEVROLET BOLT EV","2018"
"2020-10-08","기아자동차(주)","쏘렌토 하이브리드","2021"
"2020-10-12","아우디폭스바겐코리아(주)","Passat 2.0 TSI","2018"
"2020-10-08","아우디폭스바겐코리아(주)","Passat 2.0 TSI","2018"
"2020-10-13","아우디폭스바겐코리아(주)","TT Roadster 45 TFSI quattro","2016"
"2020-10-12","아우디폭스바겐코리아(주)","Golf 2.0 TDI BMT","2015"
"2020-10-12","아우디폭스바겐코리아(주)","Tiguan 2.0 TDI Blue Motion","2015"
"2020-10-12","혼다코리아(주)","ACCORD 2.4","2014"
"2020-10-12","비엠더블유코리아(주)","BMW X1 xDrive20d xLine","2019"
"2020-10-12","아우디폭스바겐코리아(주)","Passat 2.0 TSI","2018"
"2020-10-12","메르세데스벤츠코리아(주)","E200 CGI","2013"
"2020-10-08","한국지엠(주)","올란도 2.0 LPG","2014"
"2020-10-12","한불모터스(주)","Peugeot 3008 1.6 Blue-HDi","2017"
"2020-10-13","혼다코리아(주)","ACCORD 2.4","2017"
"2020-10-12","현대자동차(주)","G80","2021"
"2020-10-08","기아자동차(주)","카니발 리무진","2021"
"2020-10-08","기아자동차(주)","모하비","2020"
"2020-10-08","현대자동차(주)","아반떼 하이브리드(AVANTE HYBRID)","2010"
"2020-10-08","현대자동차(주)","코나 일렉트릭 (KONA ELECTRIC)","2019"
"2020-10-07","현대자동차(주)","팰리세이드(PALISADE)","2020"
"2020-10-08","현대자동차(주)","코나 일렉트릭 (KONA ELECTRIC)","2019"
"2020-10-08","현대자동차(주)","아반떼 하이브리드(AVANTE HYBRID)","2010"
"2020-10-08","아우디폭스바겐코리아(주)","Passat 2.0 TSI","2018"
"2020-10-08","현대자동차(주)","코나 일렉트릭 (KONA ELECTRIC)","2019"
"2020-10-08","현대자동차(주)","쏘나타(SONATA)","2021"
"2020-10-08","르노삼성자동차(주)","SM6","2021"
"2020-10-08","현대자동차(주)","코나 일렉트릭 (KONA ELECTRIC)","2019"
"2020-10-07","기아자동차(주)","카니발 리무진","2021"
"2020-10-07","한국지엠(주)","스파크 1.0 DOHC","2015"
"2020-10-07","기아자동차(주)","카니발","2021"
"2020-10-08","르노삼성자동차(주)","SM6","2016"
"2020-10-12","현대자동차(주)","코나 일렉트릭 (KONA ELECTRIC)","2019"
"2020-10-08","현대자동차(주)","코나 일렉트릭 (KONA ELECTRIC)","2019"
"2020-10-07","기아자동차(주)","모하비","2020"
"2020-10-08","현대자동차(주)","아반떼 하이브리드(AVANTE HYBRID)","2010"
"2020-10-08","아우디폭스바겐코리아(주)","TT Roadster 45 TFSI quattro","2016"
"2020-10-12","비엠더블유코리아(주)","BMW X5 xDrive30d","2011"
"2020-10-08","현대자동차(주)","코나 일렉트릭 (KONA ELECTRIC)","2020"
"2020-10-08","기아자동차(주)","쏘울 전기차","2019"
"2020-10-08","현대자동차(주)","코나 일렉트릭 (KONA ELECTRIC)","2019"
"2020-10-07","현대자동차(주)","팰리세이드(PALISADE)","2021"
"2020-10-07","기아자동차(주)","카니발","2021"
"2020-10-08","아우디폭스바겐코리아(주)","Passat 2.0 TSI","2018"
"2020-10-08","현대자동차(주)","코나 일렉트릭 (KONA ELECTRIC)","2019"
"2020-10-07","르노삼성자동차(주)","QM6","2020"
"2020-10-08","현대자동차(주)","코나 일렉트릭 (KONA ELECTRIC)","2019"
"2020-10-08","한국지엠(주)","말리부 2.0 DOHC","2013"
"2020-10-08","현대자동차(주)","코나 일렉트릭 (KONA ELECTRIC)","2020"
"2020-10-08","아우디폭스바겐코리아(주)","Passat 2.0 TSI","2018"
"2020-10-08","기아자동차(주)","니로 EV","2019"
"2020-10-08","크라이슬러코리아(주)","짚랭글러 3.6 루비콘","2016"
"2020-10-08","현대자동차(주)","코나 일렉트릭 (KONA ELECTRIC)","2019"
"2020-10-08","현대자동차(주)","코나 일렉트릭 (KONA ELECTRIC)","2019"
"2020-10-06","르노삼성자동차(주)","SM6","2016"
"2020-10-08","아우디폭스바겐코리아(주)","Passat 2.0 TSI","2018"
"2020-10-08","현대자동차(주)","코나 일렉트릭 (KONA ELECTRIC)","2019"
"2020-10-06","아우디폭스바겐코리아(주)","A6 35 TDI quattro","2018"
"2020-10-08","현대자동차(주)","코나 일렉트릭 (KONA ELECTRIC)","2020"
"2020-10-06","기아자동차(주)","카니발","2019"
"2020-10-12","르노삼성자동차(주)","QM6","2020"
"2020-10-12","기아자동차(주)","카렌스","2017"
"2020-10-08","현대자동차(주)","코나 일렉트릭 (KONA ELECTRIC)","2019"
"2020-10-06","아우디폭스바겐코리아(주)","Passat 2.0 TSI","2018"
"2020-10-08","기아자동차(주)","카렌스","2015"
"2020-10-08","기아자동차(주)","니로 EV","2019"
"2020-10-08","기아자동차(주)","니로 하이브리드","2018"
"2020-10-08","지엠대우오토앤테크놀로지(주)","CHEVROLET IMPALA 2.5","2018"
"2020-10-08","기아자동차(주)","카렌스","2015"
"2020-10-06","현대자동차(주)","쏘나타(SONATA)","2020"
"2020-10-08","아우디폭스바겐코리아(주)","Jetta 1.6 TDI Blue Motion","2014"
"2020-10-08","르노삼성자동차(주)","QM6","2020"
"2020-10-08","크라이슬러코리아(주)","짚 레니게이드 2.4","2018"
"2020-10-08","기아자동차(주)","K5","2012"
"2020-10-08","현대자동차(주)","싼타페(SANTAFE)","2019"
"2020-10-07","현대자동차(주)","코나 일렉트릭 (KONA ELECTRIC)","2019"
"2020-10-07","현대자동차(주)","코나 일렉트릭 (KONA ELECTRIC)","2019"
"2020-10-05","주식회사 와코","2K2","2019"
"2020-10-07","현대자동차(주)","코나 일렉트릭 (KONA ELECTRIC)","2020"
"2020-10-05","다임러트럭코리아(주)","Actros","2017"
"2020-10-07","현대자동차(주)","코나 일렉트릭 (KONA ELECTRIC)","2019"
"2020-10-07","기아자동차(주)","니로 EV","2020"
"2020-10-07","르노삼성자동차(주)","QM3","2015"
"2020-10-07","현대자동차(주)","코나 일렉트릭 (KONA ELECTRIC)","2020"
"2020-10-07","현대자동차(주)","코나 일렉트릭 (KONA ELECTRIC)","2019"
"2020-10-07","현대자동차(주)","코나 일렉트릭 (KONA ELECTRIC)","2019"
"2020-10-07","현대자동차(주)","코나 일렉트릭 (KONA ELECTRIC)","2020"
"2020-10-07","현대자동차(주)","G80","2017"
"2020-10-08","현대자동차(주)","코나 일렉트릭 (KONA ELECTRIC)","2019"
"2020-10-07","현대자동차(주)","그랜저(GRANDEUR)","2020"
"2020-10-07","현대자동차(주)","코나 일렉트릭 (KONA ELECTRIC)","2020"
"2020-10-07","현대자동차(주)","아반떼(AVANTE)","2021"
"2020-10-07","르노삼성자동차(주)","SM6","2017"
"2020-10-07","현대자동차(주)","코나 일렉트릭 (KONA ELECTRIC)","2019"
"2020-10-07","아우디폭스바겐코리아(주)","Passat 2.0 TSI","2018"
"2020-10-08","기아자동차(주)","쏘렌토 하이브리드","2021"
"2020-10-07","현대자동차(주)","코나 일렉트릭 (KONA ELECTRIC)","2019"
"2020-10-07","현대자동차(주)","코나 일렉트릭 (KONA ELECTRIC)","2020"
"2020-10-07","현대자동차(주)","코나 일렉트릭 (KONA ELECTRIC)","2019"
"2020-10-07","현대자동차(주)","아반떼 하이브리드(AVANTE HYBRID)","2011"
"2020-10-05","아우디폭스바겐코리아(주)","Touareg 3.0 TDI Blue Motion","2015"
"2020-10-07","기아자동차(주)","카니발","2015"
"2020-10-07","현대자동차(주)","코나 일렉트릭 (KONA ELECTRIC)","2020"
"2020-10-08","현대자동차(주)","코나 일렉트릭 (KONA ELECTRIC)","2019"
"2020-10-07","현대자동차(주)","코나 일렉트릭 (KONA ELECTRIC)","2019"
"2020-10-07","지엠대우오토앤테크놀로지(주)","CHEVROLET IMPALA 2.5","2017"
"2020-10-07","현대자동차(주)","그랜저(GRANDEUR)","2018"
"2020-10-07","한불모터스(주)","푸조 508SW 1.6 e-HDi","2012"
"2020-10-07","현대자동차(주)","코나 일렉트릭 (KONA ELECTRIC)","2019"
"2020-10-07","현대자동차(주)","코나 일렉트릭 (KONA ELECTRIC)","2019"
"2020-10-05","기아자동차(주)","니로 하이브리드","2020"
"2020-10-05","기아자동차(주)","K5 하이브리드","2017"
"2020-10-07","현대자동차(주)","코나 일렉트릭 (KONA ELECTRIC)","2019"
"2020-10-07","현대자동차(주)","코나 일렉트릭 (KONA ELECTRIC)","2020"
"2020-10-06","현대자동차(주)","코나 일렉트릭 (KONA ELECTRIC)","2019"
"2020-10-06","현대자동차(주)","코나 일렉트릭 (KONA ELECTRIC)","2019"
"2020-10-06","현대자동차(주)","코나 일렉트릭 (KONA ELECTRIC)","2020"
"2020-10-06","현대자동차(주)","코나 일렉트릭 (KONA ELECTRIC)","2019"
"2020-10-07","현대자동차(주)","코나 일렉트릭 (KONA ELECTRIC)","2019"
"2020-10-06","현대자동차(주)","코나 일렉트릭 (KONA ELECTRIC)","2019"
"2020-10-06","현대자동차(주)","코나 일렉트릭 (KONA ELECTRIC)","2019"
"2020-10-07","아우디폭스바겐코리아(주)","A6 45 TDI quattro","2015"
"2020-10-06","현대자동차(주)","코나 일렉트릭 (KONA ELECTRIC)","2019"
"2020-10-06","현대자동차(주)","코나 일렉트릭 (KONA ELECTRIC)","2019"
"2020-10-07","기아자동차(주)","니로 EV","2019"
"2020-10-06","현대자동차(주)","코나 일렉트릭 (KONA ELECTRIC)","2020"
"2020-10-06","현대자동차(주)","코나 일렉트릭 (KONA ELECTRIC)","2019"
"2020-10-06","현대자동차(주)","코나 일렉트릭 (KONA ELECTRIC)","2019"
"2020-10-06","현대자동차(주)","코나 일렉트릭 (KONA ELECTRIC)","2020"
"2020-10-06","르노삼성자동차(주)","SM6","2016"
"2020-10-06","현대자동차(주)","코나 일렉트릭 (KONA ELECTRIC)","2019"
"2020-10-06","현대자동차(주)","그랜드스타렉스(GRAND STAREX)","2008"
"2020-10-06","현대자동차(주)","코나 일렉트릭 (KONA ELECTRIC)","2019"
"2020-10-06","현대자동차(주)","코나 일렉트릭 (KONA ELECTRIC)","2020"
"2020-10-07","현대자동차(주)","코나 일렉트릭 (KONA ELECTRIC)","2019"
"2020-10-06","지엠대우오토앤테크놀로지(주)","CHEVROLET IMPALA 2.5","2016"
"2020-10-06","한불모터스(주)","Peugeot 308 1.6 Blue-HDi","2016"
"2020-10-06","한국지엠(주)","크루즈 1.8 DOHC","2013"
"2020-10-06","지엠대우오토앤테크놀로지(주)","CHEVROLET BOLT EV","2018"
"2020-10-06","기아자동차(주)","K5 하이브리드","2020"
"2020-10-05","기아자동차(주)","스포티지","2017"
"2020-10-06","기아자동차(주)","K5","2016"
"2020-10-05","기아자동차(주)","쏘울","2010"
"2020-10-05","현대자동차(주)","아반떼(AVANTE)","2019"
"2020-10-05","기아자동차(주)","K7","2020"
"2020-10-05","르노삼성자동차(주)","XM3","2020"
"2020-10-05","메르세데스벤츠코리아(주)","C220 d 4Matic","2019"
"2020-10-05","기아자동차(주)","K3","2019"
"2020-10-05","아우디폭스바겐코리아(주)","A7 50 TDI quattro","2020"
"2020-10-05","비엠더블유코리아(주)","BMW 520d xDrive","2017"
"2020-10-05","한국지엠(주)","말리부 2.0 TURBO","2017"
"2020-10-05","아우디폭스바겐코리아(주)","A7 50 TDI quattro","2020"
"2020-10-05","지엠대우오토앤테크놀로지(주)","CHEVROLET IMPALA 3.6","2017"
"2020-10-05","한국지엠(주)","말리부 1.5 TURBO","2017"
"2020-10-05","기아자동차(주)","K9","2014"
"2020-10-05","기아자동차(주)","K5","2018"
"2020-10-05","","루나(LUNAR)캠핑트레일러","2018"
"2020-10-05","메르세데스벤츠코리아(주)","S350 CGI L","2012"
"2020-10-05","기아자동차(주)","K5","2020"
"2020-09-29","기아자동차(주)","쏘렌토 하이브리드","2021"
"2020-10-05","기아자동차(주)","니로 하이브리드","2018"
"2020-10-05","르노삼성자동차(주)","QM6","2019"
"2020-10-05","아우디폭스바겐코리아(주)","Q7 35 TDI quattro","2015"
"2020-10-05","기아자동차(주)","카렌스","2014"
"2020-10-05","아우디폭스바겐코리아(주)","A6 40 TDI quattro","2016"
"2020-09-29","현대자동차(주)","투싼(TUCSON)","2016"
"2020-10-05","르노삼성자동차(주)","SM6","2016"
"2020-09-29","메르세데스벤츠코리아(주)","BENZ CLK240","2003"
"2020-10-07","(주)볼보자동차코리아","볼보 XC70D5","2006"
"2020-09-29","비엠더블유코리아(주)","BMW 320d M Sport Package","2019"
"2020-10-05","크라이슬러코리아(주)","짚그랜드체로키","2015"
"2020-10-05","기아자동차(주)","K7","2012"
"2020-09-29","한국닛산(주)","MURANO","2016"
"2020-09-29","한국닛산(주)","MURANO","2016"
"2020-09-28","기아자동차(주)","K5","2020"
"2020-09-29","현대자동차(주)","포터Ⅱ (PORTERⅡ)","2020"
"2020-09-29","기아자동차(주)","니로 EV","2019"
"2020-09-28","현대자동차(주)","G80","2018"
"2020-09-29","메르세데스벤츠코리아(주)","C250","2011"
"2020-09-29","아우디폭스바겐코리아(주)","A6 45 TFSI","2020"
"2020-09-29","현대자동차(주)","싼타페(SANTAFE)","2015"
"2020-09-28","기아자동차(주)","쏘울 EV","2017"
"2020-09-28","기아자동차(주)","니로 EV","2019"
"2020-09-29","르노삼성자동차(주)","QM6","2017"
"2020-09-29","기아자동차(주)","카니발","2019"
"2020-09-28","비엠더블유코리아(주)","BMW i3","2015"
"2020-09-29","한국지엠(주)","말리부 1.5 TURBO","2017"
"2020-09-28","쌍용자동차(주)","G4 렉스턴","2020"
"2020-09-29","아우디폭스바겐코리아(주)","Golf 2.0 TDI BMT","2015"
"2020-09-28","현대자동차(주)","싼타페(SANTAFE)","2020"
"2020-09-28","기아자동차(주)","쏘렌토","2007"
"2020-09-29","현대자동차(주)","쏘나타 (SONATA)","2012"
"2020-09-28","기아자동차(주)","니로 EV","2019"
"2020-09-29","르노삼성자동차(주)","SM6","2021"
"2020-09-29","현대자동차(주)","코나 일렉트릭 (KONA ELECTRIC)","2019"
"2020-09-29","현대자동차(주)","그랜저(GRANDEUR)","2020"
"2020-09-29","아우디폭스바겐코리아(주)","Tiguan 2.0 TDI Blue Motion","2014"
"2020-09-29","르노삼성자동차(주)","SM6","2021"
"2020-09-29","지엠대우오토앤테크놀로지(주)","CHEVROLET IMPALA 2.5","2016"
"2020-09-29","르노삼성자동차(주)","SM6","2021"
"2020-09-29","아우디폭스바겐코리아(주)","A6 35 TDI","2016"
"2020-09-29","르노삼성자동차(주)","SM6","2019"
"2020-09-29","르노삼성자동차(주)","SM6","2016"
"2020-09-29","현대자동차(주)","아반떼(AVANTE)","2016"
"2020-09-29","르노삼성자동차(주)","SM6","2021"
"2020-09-29","지엠대우오토앤테크놀로지(주)","CHEVROLET IMPALA 2.5","2016"
"2020-09-29","현대자동차(주)","G80","2021"
"2020-09-29","비엠더블유코리아(주)","BMW 528i xDrive","2015"
"2020-09-28","르노삼성자동차(주)","XM3","2020"
"2020-09-28","지엠대우오토앤테크놀로지(주)","CHEVROLET IMPALA 2.5","2016"
"2020-09-29","현대자동차(주)","그랜저(GRANDEUR) 하이브리드","2014"
"2020-09-29","현대자동차(주)","코나 일렉트릭 (KONA ELECTRIC)","2019"
"2020-09-28","크라이슬러코리아(주)","짚 체로키 2.4","2015"
"2020-09-29","기아자동차(주)","쏘렌토","2021"
"2020-09-29","현대자동차(주)","그랜저 하이브리드(GRANDEUR HYBRID)","2020"
"2020-09-29","현대자동차(주)","코나 일렉트릭 (KONA ELECTRIC)","2019"
"2020-09-28","현대자동차(주)","그랜저(GRANDEUR)","2012"
"2020-09-28","기아자동차(주)","스포티지","2016"
"2020-09-29","현대자동차(주)","그랜저(GRANDEUR)","2015"
"2020-09-28","현대자동차(주)","그랜저 하이브리드(GRANDEUR HYBRID)","2020"
"2020-09-28","현대자동차(주)","아반떼 하이브리드(AVANTE HYBRID)","2011"
"2020-09-28","현대자동차(주)","에쿠스(EQUUS)","2010"
"2020-09-29","르노삼성자동차(주)","QM6","2017"
"2020-09-28","현대자동차(주)","투싼(TUCSON)","2016"
"2020-09-29","한불모터스(주)","Peugeot 308SW 1.6 Blue-HDi","2016"
"2020-09-28","비엠더블유코리아(주)","BMW 630i xDrive Luxury","2020"
"2020-09-28","메르세데스벤츠코리아(주)","벤츠 CLS450 4Matic","2020"
"2020-09-28","기아자동차(주)","스포티지","2016"
"2020-09-28","(주)재규어랜드로버코리아","디스커버리 스포츠 2.0D","2016"
"2020-09-28","포드세일즈서비스코리아(유)","링컨MKX","2013"
"2020-09-28","기아자동차(주)","카렌스","2014"
"2020-09-28","메르세데스벤츠코리아(주)","E300 4Matic","2019"
"2020-09-25","르노삼성자동차(주)","SM7","2017"
"2020-09-28","메르세데스벤츠코리아(주)","벤츠 GLE450 4Matic","2019"
"2020-09-28","아우디폭스바겐코리아(주)","A6 40 TDI quattro","2016"
"2020-09-29","크라이슬러코리아(주)","짚 레니게이드 1.6","2020"
"2020-09-28","메르세데스벤츠코리아(주)","GLK220 CDI 4Matic","2013"
"2020-09-29","비엠더블유코리아(주)","BMW 520d xDrive","2014"
"2020-09-28","비엠더블유코리아(주)","BMW 640d xDrive Gran Coupe","2015"
"2020-09-25","비엠더블유코리아(주)","BMW 640d xDrive Gran Coupe","2015"
"2020-09-25","기아자동차(주)","K7","2020"
"2020-09-25","르노삼성자동차(주)","SM6","2016"
"2020-09-28","비엠더블유코리아(주)","BMW X5 xDrive30d","2018"
"2020-09-28","현대자동차(주)","아반떼(AVANTE)","2021"
"2020-09-25","현대자동차(주)","쏘나타 하이브리드(SONATA HYBRID)","2018"
"2020-09-24","한국지엠(주)","트랙스 1.6 디젤","2020"
"2020-09-25","르노삼성자동차(주)","QM6","2020"
"2020-09-25","현대자동차(주)","G80","2021"
"2020-09-25","쌍용자동차(주)","코란도C","2014"
"2020-09-24","쌍용자동차(주)","G4 렉스턴","2020"
"2020-09-28","비엠더블유코리아(주)","BMW 118d","2015"
"2020-09-25","기아자동차(주)","K5 하이브리드","2012"
"2020-09-25","현대자동차(주)","아반떼(AVANTE)","2021"
"2020-09-24","현대자동차(주)","G80","2021"
"2020-09-25","한국지엠(주)","말리부 1.5 TURBO","2017"
"2020-09-28","비엠더블유코리아(주)","BMW X5 xDrive30d","2018"
"2020-09-25","현대자동차(주)","코나 일렉트릭 (KONA ELECTRIC)","2020"
"2020-09-25","현대자동차(주)","투싼(TUCSON)","2011"
"2020-09-25","현대자동차(주)","투싼(TUCSON)","2016"
"2020-09-28","현대자동차(주)","쏘나타 (SONATA)","2011"
"2020-09-24","기아자동차(주)","K7","2013"
"2020-09-24","기아자동차(주)","카렌스","2017"
"2020-09-24","기아자동차(주)","카렌스","2017"
"2020-09-23","기아자동차(주)","봉고Ⅲ 일반덤프","2010"
"2020-09-23","비엠더블유코리아(주)","BMW S1000RR","2017"
"2020-09-24","기아자동차(주)","니로 EV","2019"
"2020-09-24","한불모터스(주)","Citroen Grand C4 Picasso 1.6 BlueHDi","2019"
"2020-09-25","한국닛산(주)","ALTIMA 2.5","2017"
"2020-09-23","아우디폭스바겐코리아(주)","A6 40 TDI quattro","2016"
"2020-09-25","현대자동차(주)","아반떼(AVANTE)","2016"
"2020-09-24","비엠더블유코리아(주)","BMW 520d xDrive","2017"
"2020-09-25","르노삼성자동차(주)","SM6","2017"
"2020-09-24","아우디폭스바겐코리아(주)","Tiguan 2.0 TDI Blue Motion","2015"
"2020-09-23","아우디폭스바겐코리아(주)","A6 40 TDI quattro","2016"
"2020-09-24","비엠더블유코리아(주)","BMW X5 xDrive30d","2018"
"2020-09-24","혼다코리아(주)","CR-V 4WD","2015"
"2020-09-23","메르세데스벤츠코리아(주)","C200 CGI","2012"
"2020-09-25","아우디폭스바겐코리아(주)","A6 40 TDI quattro","2016"
"2020-09-24","포드세일즈서비스코리아(유)","익스플로러","2013"
"2020-09-24","기아자동차(주)","그랜드 카니발","2008"
"2020-09-24","기아자동차(주)","K5","2020"
"2020-09-24","한불모터스(주)","Peugeot 3008 1.5 BlueHDi","2020"
"2020-09-24","기아자동차(주)","카렌스","2018"
"2020-09-23","기아자동차(주)","카렌스","2014"
"2020-09-23","기아자동차(주)","카렌스","2016"
"2020-09-24","아우디폭스바겐코리아(주)","Jetta 2.0 TDI BMT","2015"
"2020-09-24","현대자동차(주)","i40 Saloon","2016"
"2020-09-22","현대자동차(주)","i40","2012"
"2020-09-24","기아자동차(주)","카렌스","2018"
"2020-09-23","기아자동차(주)","카렌스","2014"
"2020-09-24","기아자동차(주)","카렌스","2015"
"2020-09-23","현대자동차(주)","아반떼(AVANTE)","2021"
"2020-09-23","(주)볼보자동차코리아","볼보 S60T5","2020"
"2020-09-23","현대자동차(주)","코나 일렉트릭 (KONA ELECTRIC)","2020"
"2020-09-23","기아자동차(주)","카렌스","2014"
"2020-09-23","기아자동차(주)","카렌스","2014"
"2020-09-23","기아자동차(주)","카렌스","2014"
"2020-09-23","르노삼성자동차(주)","QM6","2017"
"2020-09-23","기아자동차(주)","쏘렌토","2016"
"2020-09-23","기아자동차(주)","니로 하이브리드","2018"
"2020-09-24","기아자동차(주)","카렌스","2014"
"2020-09-23","현대자동차(주)","싼타페(SANTAFE)","2015"
"2020-09-23","르노삼성자동차(주)","QM6","2017"
"2020-09-22","(주)재규어랜드로버코리아","디스커버리 스포츠 2.0D","2016"
"2020-09-23","기아자동차(주)","카렌스","2014"
"2020-09-23","기아자동차(주)","카렌스","2016"
"2020-09-23","아우디폭스바겐코리아(주)","Tiguan 2.0 TDI Blue Motion","2015"
"2020-09-23","한국지엠(주)","말리부 2.0 TURBO","2017"
"2020-09-22","메르세데스벤츠코리아(주)","E200","2014"
"2020-09-22","기아자동차(주)","봉고Ⅲ 일반덤프","2014"
"2020-09-22","아우디폭스바겐코리아(주)","A6 50 TDI quattro","2016"
"2020-09-22","현대자동차(주)","i30","2020"
"2020-09-21","현대자동차(주)","쏘나타 (SONATA)","2011"
"2020-09-22","기아자동차(주)","쏘렌토","2016"
"2020-09-21","현대자동차(주)","그랜저 하이브리드(GRANDEUR HYBRID)","2020"
"2020-09-21","기아자동차(주)","쏘렌토","2017"
"2020-09-22","(주)재규어랜드로버코리아","디스커버리 스포츠 2.0D","2018"
"2020-09-23","기아자동차(주)","쏘렌토","2016"
"2020-09-22","현대자동차(주)","맥스크루즈 (MAXCRUZ)","2016"
"2020-09-23","기아자동차(주)","카렌스","2014"
"2020-09-23","기아자동차(주)","카렌스","2016"
"2020-09-21","현대자동차(주)","투싼(TUCSON)","2016"
"2020-09-22","아우디폭스바겐코리아(주)","A4 30 TDI","2015"
"2020-09-22","기아자동차(주)","카렌스","2014"
"2020-09-23","한국토요타자동차(주)","토요타 SIENNA","2012"
"2020-09-22","메르세데스벤츠코리아(주)","Mercedes-AMG GLC43 4Matic","2017"
"2020-09-22","메르세데스벤츠코리아(주)","S400 4Matic L","2016"
"2020-09-22","기아자동차(주)","카렌스","2015"
"2020-09-23","기아자동차(주)","카렌스","2015"
"2020-09-21","르노삼성자동차(주)","QM3","2016"
"2020-09-21","(주)한국토미","토미파비스12.5톤카고","2020"
"2020-09-21","아우디폭스바겐코리아(주)","A6 45 TFSI quattro","2020"
"2020-09-21","현대자동차(주)","그랜저(GRANDEUR)","2020"
"2020-09-21","한국지엠(주)","말리부 1.5 TURBO","2017"
"2020-09-22","현대자동차(주)","제네시스(GENESIS)","2015"
"2020-09-22","쌍용자동차(주)","티볼리","2021"
"2020-09-21","현대자동차(주)","아반떼(AVANTE)","2021"
"2020-09-21","한국지엠(주)","말리부 2.0 DOHC","2012"
"2020-09-22","르노삼성자동차(주)","XM3","2020"
"2020-09-22","현대자동차(주)","i30","2019"
"2020-09-21","르노삼성자동차(주)","SM6","2016"
"2020-09-21","르노삼성자동차(주)","XM3","2020"
"2020-09-21","한국지엠(주)","말리부 2.0 TURBO","2017"
"2020-09-22","현대자동차(주)","아반떼(AVANTE)","2021"
"2020-09-22","기아자동차(주)","스포티지","2007"
"2020-09-21","기아자동차(주)","카렌스","2014"
"2020-09-21","비엠더블유코리아(주)","BMW M2","2018"
"2020-09-21","현대자동차(주)","G80","2021"
"2020-09-21","현대자동차(주)","G80","2021"
"2020-09-21","현대자동차(주)","투싼(TUCSON)","2018"
"2020-09-22","아우디폭스바겐코리아(주)","A6 40 TDI quattro","2016"
"2020-09-22","현대자동차(주)","코나 일렉트릭 (KONA ELECTRIC)","2019"
"2020-09-21","한국지엠(주)","말리부 2.0 TURBO","2017"
"2020-09-21","현대자동차(주)","에쿠스(EQUUS)","2010"
"2020-09-21","지엠대우오토앤테크놀로지(주)","CHEVROLET IMPALA 2.5","2016"
"2020-09-18","기아자동차(주)","K5","2011"
"2020-09-21","현대자동차(주)","제네시스(GENESIS)","2015"
"2020-09-21","현대자동차(주)","제네시스(GENESIS)","2015"
"2020-09-21","르노삼성자동차(주)","SM6","2016"
"2020-09-18","한국지엠(주)","트레일블레이저 1.35 TURBO FWD","2021"
"2020-09-21","현대자동차(주)","G80","2021"
"2020-09-21","현대자동차(주)","제네시스(GENESIS)","2015"
"2020-09-18","기아자동차(주)","K5","2019"
"2020-09-21","르노삼성자동차(주)","SM6","2016"
"2020-09-18","르노삼성자동차(주)","SM6","2017"
"2020-09-21","현대자동차(주)","아이오닉 하이브리드(IONIQ HYBRID)","2016"
"2020-09-21","(주)볼보자동차코리아","볼보 XC60T6 AWD","2020"
"2020-09-21","현대자동차(주)","제네시스(GENESIS)","2015"
"2020-09-21","기아자동차(주)","니로 하이브리드","2018"
"2020-09-18","현대자동차(주)","i30","2010"
"2020-09-21","현대자동차(주)","맥스크루즈 (MAXCRUZ)","2015"
"2020-09-21","현대자동차(주)","제네시스(GENESIS)","2015"
"2020-09-18","아우디폭스바겐코리아(주)","A6 40 TDI quattro","2016"
"2020-09-17","비엠더블유코리아(주)","BMW X5 xDrive30d","2017"
"2020-09-18","쌍용자동차(주)","코란도","2019"
"2020-09-18","크라이슬러코리아(주)","짚랭글러 3.6 루비콘","2016"
"2020-09-18","비엠더블유코리아(주)","MINI Cooper D","2015"
"2020-09-18","현대자동차(주)","그랜저(GRANDEUR)","2020"
"2020-09-18","비엠더블유코리아(주)","BMW 520d xDrive","2018"
"2020-09-17","기아자동차(주)","셀토스","2020"
"2020-09-18","한국지엠(주)","말리부 1.5 TURBO","2017"
"2020-09-18","(주)재규어랜드로버코리아","디스커버리 스포츠 2.0D","2016"
"2020-09-17","르노삼성자동차(주)","SM6","2016"
"2020-09-18","쌍용자동차(주)","코란도","2021"
"2020-09-21","기아자동차(주)","쏘울 전기차","2019"
"2020-09-18","기아자동차(주)","셀토스","2021"
"2020-09-17","메르세데스벤츠코리아(주)","C200 d","2016"
"2020-09-18","르노삼성자동차(주)","SM520","2003"
"2020-09-17","현대자동차(주)","그랜저(GRANDEUR)","2019"
"2020-09-21","아우디폭스바겐코리아(주)","Tiguan 2.0 TDI Blue Motion","2014"
"2020-09-18","현대자동차(주)","아반떼(AVANTE)","2021"
"2020-09-18","현대자동차(주)","쏘나타(SONATA)","2016"
"2020-09-18","비엠더블유코리아(주)","MINI Cooper D Countryman","2012"
"2020-09-18","지엠대우오토앤테크놀로지(주)","CHEVROLET COLORADO AWD","2020"
"2020-09-16","비엠더블유코리아(주)","BMW C 400 X","2019"
"2020-09-17","현대자동차(주)","투싼(TUCSON)","2016"
"2020-09-18","현대자동차(주)","맥스크루즈 (MAXCRUZ)","2014"
"2020-09-18","(주)재규어랜드로버코리아","디스커버리 스포츠 2.0D","2016"
"2020-09-16","현대자동차(주)","그랜저(GRANDEUR)","2020"
"2020-09-17","기아자동차(주)","니로 하이브리드","2020"
"2020-09-18","기아자동차(주)","카니발","2018"
"2020-09-16","한국쓰리축공업(주)","한쓰6.5톤극플러스트럭","2017"
"2020-09-17","현대자동차(주)","투싼(TUCSON)","2016"
"2020-09-18","쌍용자동차(주)","코란도","2020"
"2020-09-17","현대자동차(주)","싼타페(SANTAFE)","2013"
"2020-09-16","아우디폭스바겐코리아(주)","Touareg 3.0 TDI Blue Motion","2015"
"2020-09-21","기아자동차(주)","카니발","2016"
"2020-09-17","한국지엠(주)","말리부 2.0 TURBO","2017"
"2020-09-17","현대자동차(주)","그랜저(GRANDEUR)","2020"
"2020-09-17","현대자동차(주)","제네시스(GENESIS)","2009"
"2020-09-16","르노삼성자동차(주)","SM6","2017"
"2020-09-16","기아자동차(주)","스팅어","2019"
"2020-09-16","지엠대우오토앤테크놀로지(주)","CHEVROLET IMPALA 2.5","2016"
"2020-09-16","현대자동차(주)","싼타페(SANTAFE)","2021"
"2020-09-16","현대자동차(주)","아반떼(AVANTE)","2021"
"2020-09-16","현대자동차(주)","코나 일렉트릭 (KONA ELECTRIC)","2020"
"2020-09-15","비엠더블유코리아(주)","BMW 520d","2013"
"2020-09-16","아우디폭스바겐코리아(주)","Golf 2.0 TDI BMT","2016"
"2020-09-16","현대자동차(주)","코나 일렉트릭 (KONA ELECTRIC)","2019"
"2020-09-16","현대자동차(주)","제네시스(GENESIS)","2016"
"2020-09-16","현대자동차(주)","맥스크루즈 (MAXCRUZ)","2015"
"2020-09-15","기아자동차(주)","K7","2012"
"2020-09-16","현대자동차(주)","맥스크루즈 (MAXCRUZ)","2017"
"2020-09-16","(주)재규어랜드로버코리아","재규어 XE 2.0D","2016"
"2020-09-16","(주)재규어랜드로버코리아","재규어 XE 20d","2017"
"2020-09-16","현대자동차(주)","쏘나타(SONATA)","2013"
"2020-09-16","기아자동차(주)","K7","2014"
"2020-09-15","메르세데스벤츠코리아(주)","벤츠 A220","2019"
"2020-09-16","현대자동차(주)","그랜저(GRANDEUR)","2014"
"2020-09-16","지엠대우오토앤테크놀로지(주)","CHEVROLET IMPALA 2.5","2017"
"2020-09-16","현대자동차(주)","코나 일렉트릭 (KONA ELECTRIC)","2020"
"2020-09-15","현대자동차(주)","쏘나타(SONATA)","2007"
"2020-09-17","기아자동차(주)","K5","2019"
"2020-09-16","현대자동차(주)","아반떼(AVANTE)","2011"
"2020-09-15","아우디폭스바겐코리아(주)","Touareg V6 3.0 TDI BMT","2016"
"2020-09-16","기아자동차(주)","쏘렌토","2016"
"2020-09-16","메르세데스벤츠코리아(주)","E220 d Cabriolet","2019"
"2020-09-14","기아자동차(주)","K7","2020"
"2020-09-15","비엠더블유코리아(주)","BMW 520d xDrive","2018"
"2020-09-15","한국지엠(주)","스파크 EV","2015"
"2020-09-15","현대자동차(주)","맥스크루즈 (MAXCRUZ)","2016"
"2020-09-15","크라이슬러코리아(주)","짚 컴패스 2.4","2019"
"2020-09-15","현대자동차(주)","G80","2021"
"2020-09-15","현대자동차(주)","벨로스터(VELOSTER)","2012"
"2020-09-14","르노삼성자동차(주)","XM3","2020"
"2020-09-15","현대자동차(주)","G80","2021"
"2020-09-15","비엠더블유코리아(주)","BMW 420i Gran Coupe LEVIII","2020"
"2020-09-15","르노삼성자동차(주)","SM6","2020"
"2020-09-14","현대자동차(주)","i40","2012"
"2020-09-15","현대자동차(주)","투싼(TUCSON)","2016"
"2020-09-15","현대자동차(주)","투싼(TUCSON)","2016"
"2020-09-16","한국지엠(주)","스파크 1.0","2016"
"2020-09-15","기아자동차(주)","K7","2020"
"2020-09-16","현대자동차(주)","아이오닉 일렉트릭(IONIQ ELECTRIC)","2017"
"2020-09-14","현대자동차(주)","쏘나타 (SONATA)","2008"
"2020-09-16","현대자동차(주)","코나(KONA)","2018"
"2020-09-15","크라이슬러코리아(주)","짚랭글러 3.6 루비콘","2017"
"2020-09-14","현대자동차(주)","그랜저(GRANDEUR)","2020"
"2020-09-14","쌍용자동차(주)","코란도스포츠","2014"
"2020-09-15","기아자동차(주)","니로 EV","2019"
"2020-09-15","기아자동차(주)","셀토스","2020"
"2020-09-15","현대자동차(주)","코나 일렉트릭 (KONA ELECTRIC)","2020"
"2020-09-15","현대자동차(주)","아반떼(AVANTE)","2021"
"2020-09-15","현대자동차(주)","코나 일렉트릭 (KONA ELECTRIC)","2020"
"2020-09-16","기아자동차(주)","카니발","2018"
"2020-09-15","기아자동차(주)","니로 EV","2019"
"2020-09-15","현대자동차(주)","코나 일렉트릭 (KONA ELECTRIC)","2019"
"2020-09-15","현대자동차(주)","코나 일렉트릭 (KONA ELECTRIC)","2020"
"2020-09-16","기아자동차(주)","스포티지","2017"
"2020-09-15","기아자동차(주)","K7","2014"
"2020-09-15","기아자동차(주)","니로 EV","2020"
"2020-09-15","현대자동차(주)","투싼(TUCSON)","2016"
"2020-09-15","한국지엠(주)","말리부 2.4 DOHC","2014"
"2020-09-15","르노삼성자동차(주)","SM6","2016"
"2020-09-15","현대자동차(주)","제네시스(GENESIS)","2013"
"2020-09-15","비엠더블유코리아(주)","BMW 530e iPerformance M Sport Package","2020"
"2020-09-14","현대자동차(주)","코나 일렉트릭 (KONA ELECTRIC)","2019"
"2020-09-14","르노삼성자동차(주)","CAPTUR","2020"
"2020-09-14","기아자동차(주)","그랜드 카니발","2010"
"2020-09-14","기아자동차(주)","쏘울 전기차","2021"
"2020-09-14","현대자동차(주)","G80","2021"
"2020-09-14","기아자동차(주)","니로 EV","2019"
"2020-09-11","기아자동차(주)","쏘렌토","2018"
"2020-09-14","현대자동차(주)","코나 일렉트릭 (KONA ELECTRIC)","2020"
"2020-09-14","현대자동차(주)","코나 일렉트릭 (KONA ELECTRIC)","2020"
"2020-09-14","현대자동차(주)","코나 일렉트릭 (KONA ELECTRIC)","2019"
"2020-09-11","현대자동차(주)","그랜저(GRANDEUR)","2020"
"2020-09-14","르노삼성자동차(주)","QM6","2019"
"2020-09-14","현대자동차(주)","코나 일렉트릭 (KONA ELECTRIC)","2019"
"2020-09-14","현대자동차(주)","코나 일렉트릭 (KONA ELECTRIC)","2019"
"2020-09-14","기아자동차(주)","니로 EV","2020"
"2020-09-14","현대자동차(주)","코나 일렉트릭 (KONA ELECTRIC)","2019"
"2020-09-14","현대자동차(주)","그랜저(GRANDEUR)","2020"
"2020-09-14","현대자동차(주)","코나 일렉트릭 (KONA ELECTRIC)","2019"
"2020-09-14","기아자동차(주)","니로 EV","2019"
"2020-09-14","비엠더블유코리아(주)","BMW 530e iPerformance M Sport Package","2020"
"2020-09-14","현대자동차(주)","코나 일렉트릭 (KONA ELECTRIC)","2019"
"2020-09-11","르노삼성자동차(주)","QM3","2019"
"2020-09-14","기아자동차(주)","니로 EV","2019"
"2020-09-11","메리트특장차주식회사","메리트9.5톤트럭","2020"
"2020-09-14","현대자동차(주)","코나 일렉트릭 (KONA ELECTRIC)","2019"
"2020-09-14","아우디폭스바겐코리아(주)","Tiguan 2.0 TDI Blue Motion","2015"
"2020-09-14","기아자동차(주)","니로 EV","2019"
"2020-09-14","한국지엠(주)","말리부 1.5 TURBO","2017"
"2020-09-14","기아자동차(주)","쏘렌토","2021"
"2020-09-11","기아자동차(주)","셀토스","2020"
"2020-09-14","(주)한성특장","한성4.5톤플러스카고","2018"
"2020-09-15","현대자동차(주)","투싼(TUCSON)","2016"
"2020-09-14","현대자동차(주)","코나 일렉트릭 (KONA ELECTRIC)","2019"
"2020-09-15","기아자동차(주)","스팅어","2020"
"2020-09-14","기아자동차(주)","니로 EV","2019"
"2020-09-15","비엠더블유코리아(주)","BMW 530e iPerformance M Sport Package","2020"
"2020-09-14","현대자동차(주)","코나 일렉트릭 (KONA ELECTRIC)","2019"
"2020-09-14","현대자동차(주)","코나 일렉트릭 (KONA ELECTRIC)","2019"
"2020-09-14","현대자동차(주)","코나 일렉트릭 (KONA ELECTRIC)","2019"
"2020-09-14","현대자동차(주)","코나 일렉트릭 (KONA ELECTRIC)","2019"
"2020-09-14","현대자동차(주)","코나 일렉트릭 (KONA ELECTRIC)","2019"
"2020-09-14","현대자동차(주)","코나 일렉트릭 (KONA ELECTRIC)","2020"
"2020-09-14","기아자동차(주)","니로 EV","2020"
"2020-09-14","기아자동차(주)","니로 EV","2019"
"2020-09-14","기아자동차(주)","니로 EV","2019"
"2020-09-14","아우디폭스바겐코리아(주)","Arteon 2.0 TDI","2019"
"2020-09-14","현대자동차(주)","코나 일렉트릭 (KONA ELECTRIC)","2020"
"2020-09-14","현대자동차(주)","아반떼 하이브리드(AVANTE HYBRID)","2012"
"2020-09-15","기아자동차(주)","쏘울 전기차","2019"
"2020-09-14","현대자동차(주)","코나 일렉트릭 (KONA ELECTRIC)","2019"
"2020-09-14","현대자동차(주)","쏘나타(SONATA)","2007"
"2020-09-11","기아자동차(주)","니로 EV","2019"
"2020-09-14","현대자동차(주)","코나 일렉트릭 (KONA ELECTRIC)","2019"
"2020-09-11","기아자동차(주)","니로 EV","2019"
"2020-09-11","한불모터스(주)","Peugeot 5008 1.5 BlueHDi","2020"
"2020-09-11","현대자동차(주)","코나 일렉트릭 (KONA ELECTRIC)","2019"
"2020-09-11","기아자동차(주)","니로 EV","2019"
"2020-09-14","기아자동차(주)","니로 EV","2019"
"2020-09-14","기아자동차(주)","니로 EV","2019"
"2020-09-14","기아자동차(주)","니로 EV","2019"
"2020-09-11","현대자동차(주)","아반떼(AVANTE)","2021"
"2020-09-11","현대자동차(주)","그랜저(GRANDEUR)","2020"
"2020-09-11","쌍용자동차(주)","티볼리","2020"
"2020-09-11","기아자동차(주)","셀토스","2021"
"2020-09-10","혼다코리아(주)","ACCORD HYBRID","2018"
"2020-09-11","한국지엠(주)","말리부 2.0 DOHC","2013"
"2020-09-14","현대자동차(주)","코나 일렉트릭 (KONA ELECTRIC)","2019"
"2020-09-14","기아자동차(주)","니로 EV","2019"
"2020-09-14","쌍용자동차(주)","렉스턴","2014"
"2020-09-11","기아자동차(주)","니로 EV","2019"
"2020-09-14","기아자동차(주)","니로 EV","2019"
"2020-09-11","현대자동차(주)","코나 일렉트릭 (KONA ELECTRIC)","2020"
"2020-09-11","쌍용자동차(주)","티볼리","2020"
"2020-09-11","현대자동차(주)","제네시스(GENESIS)","2016"
"2020-09-14","현대자동차(주)","코나 일렉트릭 (KONA ELECTRIC)","2019"
"2020-09-11","기아자동차(주)","니로 EV","2019"
"2020-09-14","기아자동차(주)","니로 EV","2019"
"2020-09-11","기아자동차(주)","니로 EV","2019"
"2020-09-11","현대자동차(주)","아반떼 하이브리드(AVANTE HYBRID)","2010"
"2020-09-11","현대자동차(주)","코나 일렉트릭 (KONA ELECTRIC)","2019"
"2020-09-11","기아자동차(주)","쏘울 전기차","2019"
"2020-09-11","현대자동차(주)","코나 일렉트릭 (KONA ELECTRIC)","2020"
"2020-09-11","현대자동차(주)","코나 일렉트릭 (KONA ELECTRIC)","2020"
"2020-09-11","지엠대우오토앤테크놀로지(주)","CHEVROLET IMPALA 2.5","2016"
"2020-09-11","메르세데스벤츠코리아(주)","C200","2017"
"2020-09-11","현대자동차(주)","코나 일렉트릭 (KONA ELECTRIC)","2019"
"2020-09-10","메르세데스벤츠코리아(주)","Mercedes-Benz E 250","2020"
"2020-09-11","현대자동차(주)","코나 일렉트릭 (KONA ELECTRIC)","2020"
"2020-09-14","현대자동차(주)","쏘나타(SONATA)","2020"
"2020-09-11","현대자동차(주)","싼타페(SANTAFE)","2013"
"2020-09-11","기아자동차(주)","니로 EV","2019"
"2020-09-14","현대자동차(주)","코나 일렉트릭 (KONA ELECTRIC)","2019"
"2020-09-11","기아자동차(주)","니로 EV","2019"
"2020-09-14","기아자동차(주)","니로 EV","2019"
"2020-09-11","현대자동차(주)","코나 일렉트릭 (KONA ELECTRIC)","2020"
"2020-09-11","현대자동차(주)","코나 일렉트릭 (KONA ELECTRIC)","2020"
"2020-09-11","기아자동차(주)","K7","2020"
"2020-09-11","메르세데스벤츠코리아(주)","E350","2010"
"2020-09-10","기아자동차(주)","K7","2020"
"2020-09-10","현대자동차(주)","코나 일렉트릭 (KONA ELECTRIC)","2020"
"2020-09-09","메르세데스벤츠코리아(주)","E220 d","2018"
"2020-09-10","기아자동차(주)","니로 EV","2019"
"2020-09-10","르노삼성자동차(주)","SM6","2016"
"2020-09-10","현대자동차(주)","베뉴(VENUE)","2020"
"2020-09-10","기아자동차(주)","니로 EV","2019"
"2020-09-10","현대자동차(주)","코나 일렉트릭 (KONA ELECTRIC)","2019"
"2020-09-09","메르세데스벤츠코리아(주)","E200","2018"
"2020-09-11","기아자동차(주)","쏘렌토","2015"
"2020-09-09","아우디폭스바겐코리아(주)","A6 45 TFSI","2020"
"2020-09-10","현대자동차(주)","포터Ⅱ (PORTERⅡ)","2016"
"2020-09-09","현대자동차(주)","그랜저(GRANDEUR)","2020"
"2020-09-10","기아자동차(주)","스포티지","2016"
"2020-09-10","현대자동차(주)","투싼(TUCSON)","2016"
"2020-09-09","현대자동차(주)","쏘나타(SONATA)","2020"
"2020-09-11","현대자동차(주)","코나 일렉트릭 (KONA ELECTRIC)","2020"
"2020-09-10","현대자동차(주)","코나 일렉트릭 (KONA ELECTRIC)","2019"
"2020-09-10","현대자동차(주)","쏘나타(SONATA)","2020"
"2020-09-10","현대자동차(주)","코나 일렉트릭 (KONA ELECTRIC)","2020"
"2020-09-10","기아자동차(주)","셀토스","2020"
"2020-09-09","한불모터스(주)","Peugeot 308 1.6 Blue-HDi","2017"
"2020-09-10","현대자동차(주)","코나 일렉트릭 (KONA ELECTRIC)","2020"
"2020-09-10","기아자동차(주)","K7","2014"
"2020-09-10","현대자동차(주)","아반떼(AVANTE)","2021"
"2020-09-08","현대자동차(주)","아반떼(AVANTE)","2021"
"2020-09-08","비엠더블유코리아(주)","BMW i3","2015"
"2020-09-09","기아자동차(주)","니로 EV","2019"
"2020-09-09","현대자동차(주)","그랜저 하이브리드(GRANDEUR HYBRID)","2020"
"2020-09-08","아우디폭스바겐코리아(주)","A4 30 TDI","2015"
"2020-09-09","한국지엠(주)","말리부 1.35 TURBO","2020"
"2020-09-10","아우디폭스바겐코리아(주)","Tiguan Allspace 2.0 TDI","2018"
"2020-09-09","현대자동차(주)","아반떼(AVANTE)","2021"
"2020-09-09","현대자동차(주)","i30","2020"
"2020-09-09","(주)재규어랜드로버코리아","디스커버리4 3.0D","2016"
"2020-09-09","기아자동차(주)","K7","2013"
"2020-09-10","현대자동차(주)","i30","2020"
"2020-09-10","현대자동차(주)","그랜저(GRANDEUR) 하이브리드","2015"
"2020-09-09","기아자동차(주)","쏘렌토","2021"
"2020-09-09","현대자동차(주)","i30","2020"
"2020-09-09","기아자동차(주)","셀토스","2020"
"2020-09-09","기아자동차(주)","스포티지","2016"
"2020-09-10","한국지엠(주)","캡티바 2.0D 디젤","2015"
"2020-09-08","메르세데스벤츠코리아(주)","E350 d","2017"
"2020-09-08","쌍용자동차(주)","코란도C","2013"
"2020-09-09","현대자동차(주)","싼타페(SANTAFE)","2015"
"2020-09-08","기아자동차(주)","K7","2020"
"2020-09-09","한국지엠(주)","말리부 2.0 TURBO","2019"
"2020-09-09","르노삼성자동차(주)","SM6","2016"
"2020-09-10","비엠더블유코리아(주)","BMW X6 xDrive30d","2017"
"2020-09-09","기아자동차(주)","카니발","2019"
"2020-09-09","메르세데스벤츠코리아(주)","S400 4Matic L","2016"
"2020-09-08","기아자동차(주)","셀토스","2020"
"2020-09-09","현대자동차(주)","싼타페(SANTAFE)","2020"
"2020-09-08","현대자동차(주)","투싼(TUCSON)","2016"
"2020-09-08","현대자동차(주)","아반떼(AVANTE)","2021"
"2020-09-08","현대자동차(주)","G80","2021"
"2020-09-08","르노삼성자동차(주)","QM6","2020"
"2020-09-07","기아자동차(주)","쏘렌토","2020"
"2020-09-09","메르세데스벤츠코리아(주)","S400 4Matic L","2016"
"2020-09-08","르노삼성자동차(주)","SM6","2019"
"2020-09-08","현대자동차(주)","G80","2021"
"2020-09-07","한국토요타자동차(주)","토요타 CAMRY Hybrid","2011"
"2020-09-08","현대자동차(주)","아반떼(AVANTE)","2021"
"2020-09-07","현대자동차(주)","싼타페(SANTAFE)","2014"
"2020-09-09","현대자동차(주)","아반떼(AVANTE)","2021"
"2020-09-07","현대자동차(주)","그랜저(GRANDEUR)","2020"
"2020-09-08","현대자동차(주)","G80","2021"
"2020-09-09","르노삼성자동차(주)","QM6","2020"
"2020-09-08","지엠대우오토앤테크놀로지(주)","CHEVROLET IMPALA 2.5","2017"
"2020-09-08","한국지엠(주)","말리부 1.5 TURBO","2017"
"2020-09-07","(주)볼보자동차코리아","볼보 V60CCD4","2018"
"2020-09-08","현대자동차(주)","G80","2021"
"2020-09-08","르노삼성자동차(주)","QM6","2018"
"2020-09-09","아우디폭스바겐코리아(주)","Tiguan 2.0 TDI Blue Motion","2015"
"2020-09-07","한국지엠(주)","말리부 1.35 TURBO","2019"
"2020-09-08","기아자동차(주)","K5","2016"
"2020-09-09","한국지엠(주)","트랙스 1.4","2014"
"2020-09-07","현대자동차(주)","그랜저(GRANDEUR)","2014"
"2020-09-08","현대자동차(주)","G80","2021"
"2020-09-08","아우디폭스바겐코리아(주)","Touareg 3.0 TDI Blue Motion","2015"
"2020-09-09","기아자동차(주)","K5","2011"
"2020-09-08","현대자동차(주)","맥스크루즈 (MAXCRUZ)","2014"
"2020-09-08","현대자동차(주)","아반떼(AVANTE)","2019"
"2020-09-08","쌍용자동차(주)","G4 렉스턴","2020"
"2020-09-08","현대자동차(주)","투싼(TUCSON)","2016"
"2020-09-08","크라이슬러코리아(주)","짚 체로키 2.2","2017"
"2020-09-09","르노삼성자동차(주)","QM6","2019"
"2020-09-08","현대자동차(주)","G80","2021"
"2020-09-08","현대자동차(주)","쏘나타(SONATA)","2020"
"2020-09-09","아우디폭스바겐코리아(주)","Golf 2.0 TDI BMT","2015"
"2020-09-08","현대자동차(주)","쏘나타(SONATA)","2020"
"2020-09-08","르노삼성자동차(주)","SM7","2015"
"2020-09-08","르노삼성자동차(주)","QM6","2020"
"2020-09-08","현대자동차(주)","투싼(TUCSON)","2016"
"2020-09-08","현대자동차(주)","G80","2021"
"2020-09-08","현대자동차(주)","G80","2021"
"2020-09-08","현대자동차(주)","G80","2021"
"2020-09-07","아우디폭스바겐코리아(주)","Tiguan 2.0 TDI Blue Motion","2015"
"2020-09-08","한국지엠(주)","말리부 1.5 TURBO","2017"
"2020-09-09","현대자동차(주)","그랜저(GRANDEUR)","2020"
"2020-09-08","기아자동차(주)","니로 하이브리드","2020"
"2020-09-08","한국닛산(주)","INFINITI QX60 3.5 AWD","2014"
"2020-09-07","르노삼성자동차(주)","QM6","2020"
"2020-09-07","현대자동차(주)","G80","2021"
"2020-09-07","르노삼성자동차(주)","SM6","2017"
"2020-09-07","현대자동차(주)","G80","2021"
"2020-09-07","르노삼성자동차(주)","CAPTUR","2020"
"2020-09-08","아우디폭스바겐코리아(주)","A6 45 TFSI quattro","2020"
"2020-09-07","아우디폭스바겐코리아(주)","Tiguan 2.0 TDI Blue Motion","2015"
"2020-09-07","현대자동차(주)","쏘나타(SONATA)","2018"
"2020-09-04","현대자동차(주)","그랜저(GRANDEUR)","2007"
"2020-09-07","기아자동차(주)","K7","2020"
"2020-09-07","현대자동차(주)","그랜저(GRANDEUR)","2020"
"2020-09-07","현대자동차(주)","그랜저 하이브리드","2018"
"2020-09-04","아우디폭스바겐코리아(주)","Polo 1.6 TDI","2014"
"2020-09-07","현대자동차(주)","G80","2021"
"2020-09-07","현대자동차(주)","아반떼(AVANTE)","2021"
"2020-09-07","지엠대우오토앤테크놀로지(주)","CHEVROLET IMPALA 3.6","2016"
"2020-09-07","기아자동차(주)","K7","2017"
"2020-09-07","메르세데스벤츠코리아(주)","S400 L","2015"
"2020-09-07","현대자동차(주)","쏘나타(SONATA)","2018"
"2020-09-04","현대자동차(주)","그랜저(GRANDEUR)","2020"
"2020-09-07","현대자동차(주)","G80","2021"
"2020-09-07","지엠대우오토앤테크놀로지(주)","CHEVROLET BOLT EV","2018"
"2020-09-07","현대자동차(주)","G80","2021"
"2020-09-04","테슬라코리아 유한회사","Model S 75D","2018"
"2020-09-07","현대자동차(주)","그랜저(GRANDEUR)","2020"
"2020-09-07","현대자동차(주)","포터Ⅱ 일렉트릭 (PORTERⅡ ELECTRIC)","2020"
"2020-09-07","현대자동차(주)","G80","2021"
"2020-09-07","한국지엠(주)","말리부 2.0 TURBO","2017"
"2020-09-07","르노삼성자동차(주)","SM6","2017"
"2020-09-07","기아자동차(주)","니로 하이브리드","2018"
"2020-09-07","한국지엠(주)","말리부 1.5 TURBO","2017"
"2020-09-07","기아자동차(주)","카렌스","2015"
"2020-09-07","르노삼성자동차(주)","SM3","2014"
"2020-09-07","한국지엠(주)","트랙스 1.4","2017"
"2020-09-08","현대자동차(주)","코나 일렉트릭 (KONA ELECTRIC)","2020"
"2020-09-08","현대자동차(주)","그랜저(GRANDEUR)","2020"
"2020-09-07","현대자동차(주)","i40 Saloon","2012"
"2020-09-07","현대자동차(주)","G80","2021"
"2020-09-04","아우디폭스바겐코리아(주)","A7 45 TDI quattro","2020"
"2020-09-04","기아자동차(주)","니로 EV","2020"
"2020-09-04","현대자동차(주)","G80","2021"
"2020-09-04","현대자동차(주)","G80","2021"
"2020-09-07","기아자동차(주)","카렌스","2014"
"2020-09-03","현대자동차(주)","맥스크루즈 (MAXCRUZ)","2014"
"2020-09-07","기아자동차(주)","니로 EV","2019"
"2020-09-04","현대자동차(주)","G80","2021"
"2020-09-04","기아자동차(주)","K3","2015"
"2020-09-07","현대자동차(주)","G80","2021"
"2020-09-04","한국지엠(주)","말리부 1.5 TURBO","2017"
"2020-09-03","르노삼성자동차(주)","QM6","2020"
"2020-09-04","현대자동차(주)","코나 일렉트릭 (KONA ELECTRIC)","2019"
"2020-09-04","현대자동차(주)","G80","2021"
"2020-09-04","쌍용자동차(주)","G4 렉스턴","2020"
"2020-09-04","아우디폭스바겐코리아(주)","A6 3.0 TFSI quattro","2013"
"2020-09-04","현대자동차(주)","G80","2021"
"2020-09-04","현대자동차(주)","G80","2021"
"2020-09-07","현대자동차(주)","그랜저(GRANDEUR)","2020"
"2020-09-03","(주)볼보자동차코리아","볼보 XC60T6 AWD","2020"
"2020-09-04","아우디폭스바겐코리아(주)","Tiguan 2.0 TDI BMT","2016"
"2020-09-03","쌍용자동차(주)","티볼리 에어","2019"
"2020-09-04","현대자동차(주)","G80","2021"
"2020-09-04","르노삼성자동차(주)","QM6","2017"
"2020-09-07","현대자동차(주)","제네시스(GENESIS)","2015"
"2020-09-04","현대자동차(주)","아반떼(AVANTE)","2021"
"2020-09-07","기아자동차(주)","K5","2014"
"2020-09-04","현대자동차(주)","G80","2021"
"2020-09-03","기아자동차(주)","봉고Ⅲ 1톤","2019"
"2020-09-04","현대자동차(주)","투싼(TUCSON)","2017"
"2020-09-04","현대자동차(주)","G80","2021"
"2020-09-04","현대자동차(주)","포터Ⅱ내장탑차 (PORTER Ⅱ)","2018"
"2020-09-03","(주)재규어랜드로버코리아","레인지로버 4.4D","2017"
"2020-09-04","현대자동차(주)","G80","2021"
"2020-09-04","현대자동차(주)","G80","2021"
"2020-09-04","기아자동차(주)","니로 EV","2019"
"2020-09-04","르노삼성자동차(주)","QM6","2018"
"2020-09-07","쌍용자동차(주)","코란도C","2012"
"2020-09-04","아우디폭스바겐코리아(주)","A6 2.0 TDI","2014"
"2020-09-04","현대자동차(주)","그랜저(GRANDEUR)","2020"
"2020-09-03","현대자동차(주)","G80","2021"
"2020-09-02","크라이슬러코리아(주)","짚 체로키","2015"
"2020-09-03","현대자동차(주)","G80","2021"
"2020-09-03","현대자동차(주)","포터Ⅱ 일렉트릭 (PORTERⅡ ELECTRIC)","2020"
"2020-09-07","한국지엠(주)","말리부 2.0 DOHC","2015"
"2020-09-03","현대자동차(주)","코나 일렉트릭 (KONA ELECTRIC)","2019"
"2020-09-03","현대자동차(주)","G80","2021"
"2020-09-04","기아자동차(주)","쏘울 전기차","2019"
"2020-09-03","현대자동차(주)","코나 일렉트릭 (KONA ELECTRIC)","2020"
"2020-09-02","현대자동차(주)","그랜저(GRANDEUR)","2020"
"2020-09-04","메르세데스벤츠코리아(주)","B200","2007"
"2020-09-03","현대자동차(주)","코나 일렉트릭 (KONA ELECTRIC)","2019"
"2020-09-03","현대자동차(주)","G80","2021"
"2020-09-03","현대자동차(주)","코나 일렉트릭 (KONA ELECTRIC)","2019"
"2020-09-03","르노삼성자동차(주)","QM6","2020"
"2020-09-03","현대자동차(주)","그랜저(GRANDEUR)","2020"
"2020-09-02","메르세데스벤츠코리아(주)","Mercedes-Benz E 300 4MATIC","2020"
"2020-09-03","기아자동차(주)","니로 EV","2019"
"2020-09-03","기아자동차(주)","카렌스","2014"
"2020-09-03","메르세데스벤츠코리아(주)","E300","2019"
"2020-09-03","현대자동차(주)","코나 일렉트릭 (KONA ELECTRIC)","2019"
"2020-09-04","현대자동차(주)","제네시스(GENESIS)","2014"
"2020-09-04","현대자동차(주)","그랜저(GRANDEUR)","2020"
"2020-09-03","현대자동차(주)","코나 일렉트릭 (KONA ELECTRIC)","2019"
"2020-09-03","르노삼성자동차(주)","QM6","2020"
"2020-09-04","기아자동차(주)","니로 EV","2019"
"2020-09-03","현대자동차(주)","코나 일렉트릭 (KONA ELECTRIC)","2020"
"2020-09-04","현대자동차(주)","아반떼(AVANTE)","2017"
"2020-09-03","기아자동차(주)","쏘렌토 하이브리드","2021"
"2020-09-03","현대자동차(주)","G80","2021"
"2020-09-04","기아자동차(주)","카니발","2018"
"2020-09-02","한국지엠(주)","아베오 1.4 RS","2016"
"2020-09-03","한국지엠(주)","말리부 2.0 TURBO","2020"
"2020-09-04","기아자동차(주)","K7","2020"
"2020-09-03","현대자동차(주)","아반떼(AVANTE)","2021"
"2020-09-03","현대자동차(주)","G80","2021"
"2020-09-02","현대자동차(주)","싼타페(SANTAFE)","2013"
"2020-09-02","쌍용자동차(주)","G4 렉스턴","2020"
"2020-09-04","현대자동차(주)","코나 일렉트릭 (KONA ELECTRIC)","2020"
"2020-09-04","현대자동차(주)","코나 일렉트릭 (KONA ELECTRIC)","2019"
"2020-09-03","현대자동차(주)","그랜저(GRANDEUR)","2020"
"2020-09-03","현대자동차(주)","코나 일렉트릭 (KONA ELECTRIC)","2020"
"2020-09-04","르노삼성자동차(주)","QM6","2020"
"2020-09-04","아우디폭스바겐코리아(주)","Golf 2.0 TDI BMT","2015"
"2020-09-04","현대자동차(주)","그랜저(GRANDEUR)","2017"
"2020-09-04","현대자동차(주)","코나 일렉트릭 (KONA ELECTRIC)","2020"
"2020-09-02","쌍용자동차(주)","렉스턴스포츠","2020"
"2020-09-04","현대자동차(주)","코나 일렉트릭 (KONA ELECTRIC)","2020"
"2020-09-03","현대자동차(주)","코나 일렉트릭 (KONA ELECTRIC)","2019"
"2020-09-03","현대자동차(주)","G80","2021"
"2020-09-03","현대자동차(주)","그랜저(GRANDEUR)","2014"
"2020-09-04","현대자동차(주)","코나 일렉트릭 (KONA ELECTRIC)","2019"
"2020-09-01","현대자동차(주)","그랜저(GRANDEUR)","2014"
"2020-09-01","기아자동차(주)","K5 하이브리드","2013"
"2020-09-01","(주)재규어랜드로버코리아","디스커버리 SD4","2018"
"2020-09-02","기아자동차(주)","니로 EV","2019"
"2020-09-01","비엠더블유코리아(주)","BMW X6 xDrive30d","2018"
"2020-09-02","현대자동차(주)","G80","2021"
"2020-09-03","기아자동차(주)","스포티지","2016"
"2020-09-02","한국지엠(주)","알페온 3.0 DOHC","2011"
"2020-09-01","한국지엠(주)","말리부 2.0 LPG","2014"
"2020-09-01","비엠더블유코리아(주)","BMW 520d","2013"
"2020-09-01","기아자동차(주)","스포티지","2008"
"2020-09-02","기아자동차(주)","쏘렌토 하이브리드","2021"
"2020-09-02","지엠대우오토앤테크놀로지(주)","CHEVROLET IMPALA 2.5","2016"
"2020-09-02","현대자동차(주)","G80","2021"
"2020-09-02","현대자동차(주)","그랜저(GRANDEUR)","2020"
"2020-09-02","한국지엠(주)","올란도 2.0 디젤","2014"
"2020-09-02","르노삼성자동차(주)","QM6","2020"
"2020-09-02","현대자동차(주)","G80","2021"
"2020-09-02","현대자동차(주)","그랜저(GRANDEUR)","2020"
"2020-09-01","(주)재규어랜드로버코리아","디스커버리 SD4","2018"
"2020-09-01","(주)재규어랜드로버코리아","디스커버리 스포츠 2.0D","2017"
"2020-09-02","현대자동차(주)","그랜저(GRANDEUR)","2020"
"2020-09-02","현대자동차(주)","투싼(TUCSON)","2017"
"2020-09-02","현대자동차(주)","G80","2021"
"2020-09-01","메르세데스벤츠코리아(주)","C200 d","2016"
"2020-09-02","현대자동차(주)","G80","2021"
"2020-09-03","현대자동차(주)","G80","2021"
"2020-09-02","현대자동차(주)","그랜저(GRANDEUR)","2020"
"2020-09-02","현대자동차(주)","G80","2021"
"2020-09-01","현대자동차(주)","그랜저(GRANDEUR)","2020"
"2020-09-01","아우디폭스바겐코리아(주)","Touareg 3.0 TDI Blue Motion","2015"
"2020-09-02","기아자동차(주)","K7","2020"
"2020-09-02","기아자동차(주)","니로 EV","2019"
"2020-09-02","현대자동차(주)","G80","2021"
"2020-09-02","비엠더블유코리아(주)","BMW 530e iPerformance M Sport Package","2020"
"2020-09-01","한국지엠(주)","올란도 2.0 디젤","2015"
"2020-09-02","현대자동차(주)","그랜저(GRANDEUR)","2020"
"2020-09-02","현대자동차(주)","투싼(TUCSON)","2016"
"2020-09-01","현대자동차(주)","그랜저(GRANDEUR)","2016"
"2020-09-03","현대자동차(주)","제네시스(GENESIS)","2016"
"2020-08-31","한불모터스(주)","Citroen Grand C4 Picasso 1.6 BlueHDi","2019"
"2020-09-03","기아자동차(주)","쏘렌토 하이브리드","2021"
"2020-09-01","비엠더블유코리아(주)","BMW 520d xDrive","2014"
"2020-09-01","현대자동차(주)","그랜저(GRANDEUR)","2016"
"2020-09-03","현대자동차(주)","제네시스(GENESIS)","2016"
"2020-09-01","현대자동차(주)","투싼(TUCSON)","2016"
"2020-08-31","르노삼성자동차(주)","QM6","2019"
"2020-09-01","기아자동차(주)","카니발","2015"
"2020-09-01","기아자동차(주)","쏘렌토 하이브리드","2021"
"2020-08-31","대림자동차공업(주)","EG300","2019"
"2020-08-31","(주)호룡","호룡엘리카고가사다리차","2020"
"2020-09-03","르노삼성자동차(주)","QM6","2020"
"2020-09-03","한국지엠(주)","스파크 1.0","2021"
"2020-08-31","현대자동차(주)","투싼(TUCSON)","2017"
"2020-09-01","르노삼성자동차(주)","SM6","2019"
"2020-09-01","한불모터스(주)","Peugeot 3008 1.5 BlueHDi","2019"
"2020-09-01","비엠더블유코리아(주)","BMW X5 xDrive30d M Sport Package","2020"
"2020-09-01","현대자동차(주)","싼타페(SANTAFE)","2010"
"2020-09-01","아우디폭스바겐코리아(주)","A4 2.0 TFSI Quattro","2011"
"2020-08-31","르노삼성자동차(주)","QM6","2020"
"2020-09-01","지엠대우오토앤테크놀로지(주)","CHEVROLET IMPALA 2.5","2016"
"2020-09-01","르노삼성자동차(주)","XM3","2020"
"2020-09-01","메르세데스벤츠코리아(주)","벤츠 CLS450 4Matic","2019"
"2020-09-01","르노삼성자동차(주)","QM6","2020"
"2020-09-01","한국지엠(주)","트레일블레이저 1.35 TURBO AWD","2021"
"2020-08-31","현대자동차(주)","투싼(TUCSON)","2017"
"2020-09-02","기아자동차(주)","쏘렌토 하이브리드","2021"
"2020-09-02","기아자동차(주)","쏘렌토 하이브리드","2021"
"2020-09-02","한국지엠(주)","트랙스 1.4","2019"
"2020-09-01","지엠대우오토앤테크놀로지(주)","CHEVROLET IMPALA 3.6","2016"
"2020-09-01","현대자동차(주)","그랜저 하이브리드(GRANDEUR HYBRID)","2020"
"2020-09-01","현대자동차(주)","투싼(TUCSON)","2016"
"2020-09-01","기아자동차(주)","쏘렌토","2021"
"2020-09-01","현대자동차(주)","쏘나타 하이브리드(SONATA HYBRID)","2016"
"2020-09-01","지엠대우오토앤테크놀로지(주)","CHEVROLET IMPALA 2.5","2016"
"2020-09-01","아우디폭스바겐코리아(주)","Touareg 3.0 TDI Blue Motion","2015"
"2020-08-31","현대자동차(주)","제네시스(GENESIS)","2016"
"2020-09-01","보현모터스(주)","벤츠C300","2008"
"2020-08-31","르노삼성자동차(주)","SM6","2020"
"2020-08-31","기아자동차(주)","쏘렌토 하이브리드","2021"
"2020-08-31","르노삼성자동차(주)","QM6","2020"
"2020-08-31","르노삼성자동차(주)","SM3","2010"
"2020-08-31","기아자동차(주)","쏘렌토 하이브리드","2021"
"2020-09-01","기아자동차(주)","카렌스","2016"
"2020-08-31","기아자동차(주)","쏘렌토 하이브리드","2021"
"2020-09-01","현대자동차(주)","G80","2021"
"2020-08-31","현대자동차(주)","맥스크루즈 (MAXCRUZ)","2014"
"2020-08-31","현대자동차(주)","그랜저(GRANDEUR)","2020"
"2020-08-31","현대자동차(주)","투싼(TUCSON)","2017"
"2020-08-28","기아자동차(주)","레이","2013"
"2020-08-31","르노삼성자동차(주)","QM6","2020"
"2020-08-31","한국지엠(주)","말리부 1.5 TURBO","2017"
"2020-08-31","현대자동차(주)","맥스크루즈 (MAXCRUZ)","2014"
"2020-08-28","한국지엠(주)","말리부 2.0 DOHC","2014"
"2020-08-31","자기인증면제차량","MERCEDES BENZ C250","2011"
"2020-09-01","기아자동차(주)","K7","2020"
"2020-08-28","기아자동차(주)","K7","2018"
"2020-08-31","현대자동차(주)","투싼(TUCSON)","2017"
"2020-08-31","르노삼성자동차(주)","QM6","2017"
"2020-08-31","현대자동차(주)","제네시스(GENESIS)","2016"
"2020-08-31","현대자동차(주)","맥스크루즈 (MAXCRUZ)","2017"
"2020-08-31","기아자동차(주)","쏘렌토 하이브리드","2021"
"2020-08-31","현대자동차(주)","에쿠스(EQUUS)","2010"
"2020-08-31","기아자동차(주)","쏘렌토 하이브리드","2021"
"2020-08-27","르노삼성자동차(주)","SM5LPLi","2011"
"2020-08-31","현대자동차(주)","G80","2021"
"2020-08-31","현대자동차(주)","G80","2021"
"2020-08-28","기아자동차(주)","쏘렌토 하이브리드","2021"
"2020-08-27","혼다코리아(주)","PILOT","2019"
"2020-08-27","비엠더블유코리아(주)","BMW S1000RR","2018"
"2020-08-28","기아자동차(주)","쏘렌토 하이브리드","2021"
"2020-08-27","르노삼성자동차(주)","TWIZY","2019"
"2020-08-28","현대자동차(주)","제네시스(GENESIS)","2016"
"2020-08-28","비엠더블유코리아(주)","BMW 640d xDrive Gran Coupe","2014"
"2020-08-31","기아자동차(주)","쏘렌토 하이브리드","2021"
"2020-08-27","비엠더블유코리아(주)","BMW 330Ci","2019"
"2020-08-28","현대자동차(주)","그랜저(GRANDEUR)","2020"
"2020-08-31","현대자동차(주)","그랜저(GRANDEUR)","2020"
"2020-08-28","기아자동차(주)","카렌스","2017"
"2020-08-28","아우디폭스바겐코리아(주)","Tiguan Allspace 2.0 TDI","2018"
"2020-08-31","기아자동차(주)","K5","2014"
"2020-08-28","현대자동차(주)","제네시스(GENESIS)","2015"
"2020-08-28","기아자동차(주)","쏘렌토 하이브리드","2021"
"2020-08-28","현대자동차(주)","그랜저(GRANDEUR)","2020"
"2020-08-28","아우디폭스바겐코리아(주)","A6 45 TFSI","2020"
"2020-08-31","현대자동차(주)","i40","2012"
"2020-08-27","비엠더블유코리아(주)","BMW 520d","2017"
"2020-08-28","현대자동차(주)","그랜저(GRANDEUR)","2020"
"2020-08-28","한국지엠(주)","트레일블레이저 1.35 TURBO FWD","2021"
"2020-08-31","기아자동차(주)","모닝","2012"
"2020-08-27","한국지엠(주)","말리부 2.0 DOHC","2013"
"2020-08-31","현대자동차(주)","제네시스(GENESIS)","2016"
"2020-08-28","기아자동차(주)","쏘렌토 하이브리드","2021"
"2020-08-28","기아자동차(주)","쏘렌토 하이브리드","2021"
"2020-08-27","기아자동차(주)","뉴그랜버드(NEW GRANBIRD)","2016"
"2020-08-28","현대자동차(주)","엑센트 (ACCENT)","2016"
"2020-08-27","테슬라코리아 유한회사","Model S 100D","2018"
"2020-08-26","기아자동차(주)","K7","2016"
"2020-08-27","기아자동차(주)","쏘렌토 하이브리드","2021"
"2020-08-28","기아자동차(주)","쏘렌토 하이브리드","2021"
"2020-08-27","기아자동차(주)","쏘렌토 하이브리드","2021"
"2020-08-28","기아자동차(주)","쏘렌토 하이브리드","2021"
"2020-08-27","현대자동차(주)","제네시스(GENESIS)","2014"
"2020-08-26","한국지엠(주)","올란도 2.0 LPG","2015"
"2020-08-28","기아자동차(주)","쏘렌토 하이브리드","2021"
"2020-08-26","쌍용자동차(주)","코란도스포츠","2014"
"2020-08-28","기아자동차(주)","쏘렌토","2020"
"2020-08-28","기아자동차(주)","쏘렌토 하이브리드","2021"
"2020-08-27","기아자동차(주)","쏘렌토 하이브리드","2021"
"2020-08-27","기아자동차(주)","쏘렌토 하이브리드","2021"
"2020-08-28","한국지엠(주)","크루즈 1.8 DOHC","2013"
"2020-08-27","기아자동차(주)","니로 EV","2019"
"2020-08-26","기아자동차(주)","봉고Ⅲ 4륜구동","2015"
"2020-08-27","기아자동차(주)","쏘렌토 하이브리드","2021"
"2020-08-26","아우디폭스바겐코리아(주)","Tiguan 2.0 TDI","2020"
"2020-08-27","기아자동차(주)","쏘렌토 하이브리드","2021"
"2020-08-26","현대자동차(주)","그랜저(GRANDEUR)","2017"
"2020-08-28","현대자동차(주)","G80","2021"
"2020-08-26","쌍용자동차(주)","코란도C","2011"
"2020-08-26","현대자동차(주)","팰리세이드(PALISADE)","2020"
"2020-08-26","지엠대우오토앤테크놀로지(주)","CHEVROLET IMPALA 3.6","2016"
"2020-08-27","기아자동차(주)","쏘렌토 하이브리드","2021"
"2020-08-27","기아자동차(주)","쏘렌토 하이브리드","2021"
"2020-08-28","기아자동차(주)","쏘렌토 하이브리드","2021"
"2020-08-28","기아자동차(주)","쏘렌토 하이브리드","2021"
"2020-08-28","기아자동차(주)","쏘렌토 하이브리드","2021"
"2020-08-28","기아자동차(주)","쏘렌토 하이브리드","2021"
"2020-08-27","기아자동차(주)","니로 EV","2019"
"2020-08-27","르노삼성자동차(주)","QM6","2020"
"2020-08-25","르노삼성자동차(주)","CLIO","2018"
"2020-08-27","기아자동차(주)","쏘렌토 하이브리드","2021"
"2020-08-25","아우디폭스바겐코리아(주)","Tiguan 2.0 TDI","2020"
"2020-08-27","아우디폭스바겐코리아(주)","Golf 2.0 TDI BMT","2015"
"2020-08-27","현대자동차(주)","아반떼 하이브리드(AVANTE HYBRID)","2012"
"2020-08-27","르노삼성자동차(주)","SM6","2019"
"2020-08-27","지엠대우오토앤테크놀로지(주)","CHEVROLET IMPALA 2.5","2016"
"2020-08-27","르노삼성자동차(주)","XM3","2020"
"2020-08-28","지엠대우오토앤테크놀로지(주)","CHEVROLET IMPALA 2.5","2016"
"2020-08-28","지엠대우오토앤테크놀로지(주)","CHEVROLET IMPALA 2.5","2016"
"2020-08-27","한국지엠(주)","말리부 2.0 TURBO","2017"
"2020-08-27","기아자동차(주)","쏘렌토","2015"
"2020-08-27","지엠대우오토앤테크놀로지(주)","CHEVROLET IMPALA 2.5","2016"
"2020-08-28","현대자동차(주)","에쿠스(EQUUS)","2010"
"2020-08-25","포드세일즈서비스코리아(유)","토러스","2014"
"2020-08-26","메르세데스벤츠코리아(주)","E200","2017"
"2020-08-26","지엠대우오토앤테크놀로지(주)","CHEVROLET IMPALA 2.5","2016"
"2020-08-26","아우디폭스바겐코리아(주)","A6 45 TDI quattro","2020"
"2020-08-26","르노삼성자동차(주)","QM6","2017"
"2020-08-27","쌍용자동차(주)","코란도C","2015"
"2020-08-24","현대자동차(주)","그랜저(GRANDEUR)","2020"
"2020-08-26","메르세데스벤츠코리아(주)","SLK200","2012"
"2020-08-24","대림자동차공업(주)","XQ250","2021"
"2020-08-26","한국지엠(주)","스파크 1.0","2020"
"2020-08-27","현대자동차(주)","투싼(TUCSON)","2016"
"2020-08-26","현대자동차(주)","맥스크루즈 (MAXCRUZ)","2014"
"2020-08-26","르노삼성자동차(주)","XM3","2020"
"2020-08-26","한국지엠(주)","트랙스 1.4","2016"
"2020-08-27","비엠더블유코리아(주)","BMW X5 xDrive30d","2018"
"2020-08-26","현대자동차(주)","그랜저(GRANDEUR)","2012"
"2020-08-26","기아자동차(주)","스팅어","2018"
"2020-08-26","아우디폭스바겐코리아(주)","Tiguan 2.0 TDI Blue Motion","2015"
"2020-08-24","현대자동차(주)","그랜저(GRANDEUR)","2020"
"2020-08-24","크라이슬러코리아(주)","짚 레니게이드","2018"
"2020-08-26","비엠더블유코리아(주)","BMW X6 xDrive30d","2018"
"2020-08-28","한국지엠(주)","말리부 2.0 DOHC","2013"
"2020-08-26","아우디폭스바겐코리아(주)","A7 45 TDI quattro","2020"
"2020-08-26","아우디폭스바겐코리아(주)","A6 45 TFSI quattro","2020"
"2020-08-25","현대자동차(주)","G80","2021"
"2020-08-25","현대자동차(주)","i40","2012"
"2020-08-26","현대자동차(주)","코나 하이브리드(KONA HYBRID)","2020"
"2020-08-25","한국지엠(주)","말리부 2.0 TURBO","2017"
"2020-08-25","현대자동차(주)","투싼(TUCSON)","2016"
"2020-08-25","한국지엠(주)","말리부 1.5 TURBO","2017"
"2020-08-25","현대자동차(주)","그랜저(GRANDEUR)","2011"
"2020-08-26","현대자동차(주)","G80","2021"
"2020-08-26","기아자동차(주)","K7","2020"
"2020-08-25","르노삼성자동차(주)","QM6","2020"
"2020-08-25","지엠대우오토앤테크놀로지(주)","CHEVROLET COLORADO AWD","2020"
"2020-08-25","현대자동차(주)","G80","2017"
"2020-08-25","현대자동차(주)","제네시스(GENESIS)","2015"
"2020-08-25","현대자동차(주)","그랜저(GRANDEUR)","2020"
"2020-08-26","현대자동차(주)","그랜저(GRANDEUR)","2020"
"2020-08-25","현대자동차(주)","그랜저(GRANDEUR)","2020"
"2020-08-25","메르세데스벤츠코리아(주)","C200 Cabriolet","2017"
"2020-08-21","기아자동차(주)","쏘렌토","2021"
"2020-08-26","지엠대우오토앤테크놀로지(주)","CHEVROLET IMPALA 2.5","2016"
"2020-08-26","한국지엠(주)","말리부 2.0 DOHC","2014"
"2020-08-26","쌍용자동차(주)","코란도C","2015"
"2020-08-25","현대자동차(주)","아반떼 하이브리드(AVANTE HYBRID)","2011"
"2020-08-25","현대자동차(주)","제네시스(GENESIS)","2014"
"2020-08-21","쌍용자동차(주)","티볼리","2021"
"2020-08-25","(주)재규어랜드로버코리아","디스커버리 스포츠 2.0D","2017"
"2020-08-26","현대자동차(주)","싼타페(SANTAFE)","2019"
"2020-08-25","현대자동차(주)","아반떼(AVANTE)","2021"
"2020-08-25","비엠더블유코리아(주)","BMW 520d","2013"
"2020-08-25","현대자동차(주)","싼타페(SANTAFE)","2015"
"2020-08-26","현대자동차(주)","그랜저(GRANDEUR)","2020"
"2020-08-25","쌍용자동차(주)","렉스턴스포츠 칸","2019"
"2020-08-26","현대자동차(주)","제네시스(GENESIS)","2015"
"2020-08-21","한국지엠(주)","알페온 2.4 하이브리드","2012"
"2020-08-26","기아자동차(주)","K7","2020"
"2020-08-25","한국지엠(주)","올란도 2.0 디젤","2014"
"2020-08-20","한국지엠(주)","트랙스 1.4","2015"
"2020-08-26","쌍용자동차(주)","코란도 투리스모","2018"
"2020-08-24","기아자동차(주)","니로 EV","2019"
"2020-08-26","한국지엠(주)","트랙스 1.4","2015"
"2020-08-24","르노삼성자동차(주)","SM7","2012"
"2020-08-20","한국지엠(주)","크루즈 1.8 DOHC","2013"
"2020-08-20","쌍용자동차(주)","렉스턴스포츠","2021"
"2020-08-24","기아자동차(주)","니로 EV","2019"
"2020-08-24","아우디폭스바겐코리아(주)","Tiguan 2.0 TDI BMT","2016"
"2020-08-24","현대자동차(주)","맥스크루즈 (MAXCRUZ)","2014"
"2020-08-26","현대자동차(주)","G80","2021"
"2020-08-20","아우디폭스바겐코리아(주)","Touareg 3.0 TDI Blue Motion","2015"
"2020-08-24","르노삼성자동차(주)","QM6","2018"
"2020-08-26","쌍용자동차(주)","코란도스포츠","2015"
"2020-08-27","아우디폭스바겐코리아(주)","A4 2.0 TFSI","2010"
"2020-08-26","아우디폭스바겐코리아(주)","Tiguan 2.0 TDI Blue Motion","2014"
"2020-08-24","아우디폭스바겐코리아(주)","Golf 2.0 TDI BMT","2016"
"2020-08-26","지엠대우오토앤테크놀로지(주)","CHEVROLET IMPALA 2.5","2016"
"2020-08-25","르노삼성자동차(주)","XM3","2020"
"2020-08-19","르노삼성자동차(주)","QM6","2020"
"2020-08-19","메르세데스벤츠코리아(주)","Mercedes-Benz E 250","2020"
"2020-08-24","아우디폭스바겐코리아(주)","Jetta 2.0 TDI BMT","2016"
"2020-08-24","현대자동차(주)","맥스크루즈 (MAXCRUZ)","2015"
"2020-08-25","한국지엠(주)","말리부 2.0 TURBO","2017"
"2020-08-24","지엠대우오토앤테크놀로지(주)","CHEVROLET BOLT EV","2018"
"2020-08-26","한국지엠(주)","말리부 2.0 DOHC","2013"
"2020-08-25","기아자동차(주)","카렌스","2015"
"2020-08-24","한국지엠(주)","말리부 1.5 TURBO","2017"
"2020-08-26","아우디폭스바겐코리아(주)","Tiguan 2.0 TDI","2020"
"2020-08-24","르노삼성자동차(주)","SM6","2016"
"2020-08-19","(주)재규어랜드로버코리아","레인지로버 스포츠 3.0D 하이브리드","2016"
"2020-08-24","르노삼성자동차(주)","QM6","2018"
"2020-08-24","지엠코리아(주)","캐딜락CTS AWD","2016"
"2020-08-26","한국지엠(주)","말리부 1.5 TURBO","2017"
"2020-08-24","르노삼성자동차(주)","SM6","2016"
"2020-08-24","비엠더블유코리아(주)","BMW 320d xDrive","2013"
"2020-08-24","현대자동차(주)","투싼(TUCSON)","2016"
"2020-08-24","현대자동차(주)","그랜드스타렉스(GRAND STAREX)","2009"
"2020-08-24","한국지엠(주)","트랙스 1.4","2015"
"2020-08-19","비엠더블유코리아(주)","BMW C 400 GT","2019"
"2020-08-25","르노삼성자동차(주)","SM6","2016"
"2020-08-24","지엠코리아(주)","캐딜락CTS AWD","2016"
"2020-08-24","르노삼성자동차(주)","QM6","2018"
"2020-08-24","한국지엠(주)","말리부 1.5 TURBO","2017"
"2020-08-24","한국지엠(주)","말리부 2.0 DOHC","2012"
"2020-08-24","지엠대우오토앤테크놀로지(주)","CHEVROLET IMPALA 2.5","2016"
"2020-08-24","기아자동차(주)","니로 EV","2019"
"2020-08-19","혼다코리아(주)","WW125","2020"
"2020-08-25","현대자동차(주)","투싼(TUCSON)","2016"
"2020-08-24","아우디폭스바겐코리아(주)","Tiguan 2.0 TDI Blue Motion","2012"
"2020-08-24","한국지엠(주)","말리부 1.5 TURBO","2017"
"2020-08-24","기아자동차(주)","K5","2016"
"2020-08-26","아우디폭스바겐코리아(주)","Tiguan 2.0 TDI","2020"
"2020-08-19","기아자동차(주)","봉고Ⅲ 1톤","2020"
"2020-08-24","비엠더블유코리아(주)","MINI Cooper S","2012"
"2020-08-25","한국지엠(주)","말리부 1.5 TURBO","2017"
"2020-08-24","한국지엠(주)","말리부 1.5 TURBO","2017"
"2020-08-24","한국지엠(주)","올란도 2.0 LPG","2013"
"2020-08-24","르노삼성자동차(주)","QM3","2016"
"2020-08-19","현대자동차(주)","그랜저(GRANDEUR)","2020"
"2020-08-24","기아자동차(주)","카니발","2010"
"2020-08-24","기아자동차(주)","K5","2016"
"2020-08-24","르노삼성자동차(주)","SM3","2013"
"2020-08-24","아우디폭스바겐코리아(주)","A6 45 TDI quattro","2020"
"2020-08-18","현대자동차(주)","그랜저(GRANDEUR)","2020"
"2020-08-18","현대자동차(주)","그랜저(GRANDEUR)","2013"
"2020-08-18","메르세데스벤츠코리아(주)","Mercedes-Benz E300 e 4MATIC","2020"
"2020-08-21","비엠더블유코리아(주)","BMW i3","2014"
"2020-08-21","기아자동차(주)","K5","2016"
"2020-08-24","한국지엠(주)","말리부 1.5 TURBO","2017"
"2020-08-21","르노삼성자동차(주)","QM6","2017"
"2020-08-18","아우디폭스바겐코리아(주)","A6 45 TFSI","2020"
"2020-08-24","지엠대우오토앤테크놀로지(주)","CHEVROLET IMPALA 2.5","2016"
"2020-08-24","한국지엠(주)","말리부 2.0 DOHC","2013"
"2020-08-21","르노삼성자동차(주)","QM6","2020"
"2020-08-24","비엠더블유코리아(주)","BMW 640d xDrive Gran Coupe","2016"
"2020-08-18","한국지엠(주)","말리부 1.5 TURBO","2017"
"2020-08-18","크라이슬러코리아(주)","짚그랜드체로키","2019"
"2020-08-21","메르세데스벤츠코리아(주)","E300","2017"
"2020-08-18","비엠더블유코리아(주)","BMW 520d","2012"
"2020-08-18","메르세데스벤츠코리아(주)","E220 CDI","2013"
"2020-08-18","메르세데스벤츠코리아(주)","S350 BlueTEC 4Matic L","2015"
"2020-08-24","지엠대우오토앤테크놀로지(주)","CHEVROLET IMPALA 2.5","2016"
"2020-08-21","기아자동차(주)","니로 EV","2019"
"2020-08-21","기아자동차(주)","니로 EV","2019"
"2020-08-18","현대자동차(주)","그랜저(GRANDEUR)","2020"
"2020-08-21","비엠더블유코리아(주)","BMW 320d","2016"
"2020-08-21","크라이슬러코리아(주)","짚랭글러 3.6 루비콘","2016"
"2020-08-21","기아자동차(주)","니로 EV","2019"
"2020-08-18","현대자동차(주)","쏘나타 하이브리드(SONATA HYBRID)","2016"
"2020-08-21","르노삼성자동차(주)","QM6","2017"
"2020-08-24","르노삼성자동차(주)","QM6","2020"
"2020-08-21","현대자동차(주)","i40","2012"
"2020-08-21","비엠더블유코리아(주)","BMW i3","2015"
"2020-08-21","현대자동차(주)","그랜저(GRANDEUR)","2020"
"2020-08-21","르노삼성자동차(주)","QM6","2020"
"2020-08-24","한국지엠(주)","스파크 1.0 DOHC","2014"
"2020-08-18","비엠더블유코리아(주)","BMW 120d","2011"
"2020-08-21","(주)볼보자동차코리아","볼보 V40D2","2015"
"2020-08-21","비엠더블유코리아(주)","BMW i3","2015"
"2020-08-21","기아자동차(주)","스포티지","2016"
"2020-08-24","한국지엠(주)","말리부 1.5 TURBO","2017"
"2020-08-24","한국지엠(주)","말리부 1.5 TURBO","2017"
"2020-08-21","기아자동차(주)","K7","2013"
"2020-08-21","르노삼성자동차(주)","XM3","2020"
"2020-08-24","기아자동차(주)","K5","2012"
"2020-08-21","한국지엠(주)","말리부 2.0 DOHC","2015"
"2020-08-21","르노삼성자동차(주)","QM6","2017"
"2020-08-21","현대자동차(주)","그랜저(GRANDEUR)","2020"
"2020-08-21","현대자동차(주)","그랜저(GRANDEUR)","2020"
"2020-08-21","르노삼성자동차(주)","QM6","2020"
"2020-08-21","르노삼성자동차(주)","SM6","2019"
"2020-08-21","한국지엠(주)","말리부 1.5 TURBO","2017"
"2020-08-21","기아자동차(주)","K5 하이브리드","2013"
"2020-08-24","한국지엠(주)","말리부 2.0 TURBO","2017"
"2020-08-21","르노삼성자동차(주)","QM6","2020"
"2020-08-21","르노삼성자동차(주)","QM6","2018"
"2020-08-21","기아자동차(주)","카렌스","2014"
"2020-08-21","기아자동차(주)","니로 EV","2019"
"2020-08-21","기아자동차(주)","니로 EV","2019"
"2020-08-21","르노삼성자동차(주)","QM6","2020"
"2020-08-21","지엠대우오토앤테크놀로지(주)","CHEVROLET IMPALA 3.6","2016"
"2020-08-21","르노삼성자동차(주)","QM6","2017"
"2020-08-21","한국지엠(주)","말리부 1.5 TURBO","2017"
"2020-08-21","르노삼성자동차(주)","SM6","2016"
"2020-08-21","기아자동차(주)","스포티지","2013"
"2020-08-21","메르세데스벤츠코리아(주)","C200 CGI","2012"
"2020-08-24","기아자동차(주)","카렌스","2016"
"2020-08-21","한국지엠(주)","크루즈 1.8 DOHC","2015"
"2020-08-21","르노삼성자동차(주)","SM6","2016"
"2020-08-21","현대자동차(주)","그랜저(GRANDEUR)","2020"
"2020-08-21","르노삼성자동차(주)","SM6","2016"
"2020-08-21","르노삼성자동차(주)","QM6","2017"
"2020-08-21","아우디폭스바겐코리아(주)","A6 45 TFSI","2020"
"2020-08-21","비엠더블유코리아(주)","BMW i3","2014"
"2020-08-21","르노삼성자동차(주)","QM6","2017"
"2020-08-24","르노삼성자동차(주)","SM6","2016"
"2020-08-24","쌍용자동차(주)","티볼리","2016"
"2020-08-24","기아자동차(주)","봉고Ⅲ 1.2톤","2020"
"2020-08-24","크라이슬러코리아(주)","짚 체로키 2.4","2017"
"2020-08-20","아우디폭스바겐코리아(주)","A3 Sportback 35 TDI","2015"
"2020-08-20","기아자동차(주)","니로 EV","2019"
"2020-08-20","한불모터스(주)","DS3 Crossback 1.5 BlueHDi","2020"
"2020-08-14","아우디폭스바겐코리아(주)","Jetta 2.0 TDI BMT","2015"
"2020-08-20","르노삼성자동차(주)","SM6","2016"
"2020-08-20","르노삼성자동차(주)","QM6","2017"
"2020-08-14","기아자동차(주)","쏘렌토","2019"
"2020-08-14","기아자동차(주)","그랜드 카니발","2013"
"2020-08-20","아우디폭스바겐코리아(주)","Golf 2.0 TDI BMT","2015"
"2020-08-21","자일대우상용차주식회사","레스타-어린이운송차","2017"
"2020-08-14","현대자동차(주)","쏘나타 하이브리드(SONATA HYBRID)","2016"
"2020-08-21","메르세데스벤츠코리아(주)","C220 CDI","2014"
"2020-08-14","현대자동차(주)","그랜저(GRANDEUR)","2020"
"2020-08-21","기아자동차(주)","니로 EV","2019"
"2020-08-21","아우디폭스바겐코리아(주)","Tiguan 2.0 TDI Blue Motion","2015"
"2020-08-14","한국지엠(주)","라세티5 MT","2008"
"2020-08-20","르노삼성자동차(주)","QM6","2017"
"2020-08-20","기아자동차(주)","니로 EV","2019"
"2020-08-20","르노삼성자동차(주)","SM6","2016"
"2020-08-20","기아자동차(주)","니로 EV","2019"
"2020-08-20","르노삼성자동차(주)","QM6","2017"
"2020-08-21","현대자동차(주)","아반떼 (AVANTE)","2012"
"2020-08-14","자일대우상용차주식회사","FX116","2015"
"2020-08-14","현대자동차(주)","넥쏘 (NEXO) 수소전기차","2019"
"2020-08-20","르노삼성자동차(주)","QM6","2019"
"2020-08-20","기아자동차(주)","니로 EV","2019"
"2020-08-20","한국지엠(주)","트랙스 1.4","2015"
"2020-08-20","아우디폭스바겐코리아(주)","Passat GT 2.0 TDI","2018"
"2020-08-14","쌍용자동차(주)","티볼리","2015"
"2020-08-21","아우디폭스바겐코리아(주)","Tiguan 2.0 TDI","2020"
"2020-08-14","기아자동차(주)","K5","2019"
"2020-08-20","현대자동차(주)","그랜저(GRANDEUR)","2020"
"2020-08-20","르노삼성자동차(주)","QM6","2019"
"2020-08-21","기아자동차(주)","니로 EV","2019"
"2020-08-20","르노삼성자동차(주)","QM6","2018"
"2020-08-21","현대자동차(주)","아반떼(AVANTE)","2021"
"2020-08-14","비엠더블유코리아(주)","BMW 530i xDrive","2018"
"2020-08-20","르노삼성자동차(주)","QM6","2017"
"2020-08-13","비엠더블유코리아(주)","BMW 428i Convertible","2014"
"2020-08-21","비엠더블유코리아(주)","BMW 530i xDrive","2017"
"2020-08-20","기아자동차(주)","카니발","2011"
"2020-08-20","르노삼성자동차(주)","SM6","2019"
"2020-08-20","기아자동차(주)","그랜드 카니발","2011"
"2020-08-20","현대자동차(주)","그랜저(GRANDEUR)","2020"
"2020-08-20","(주)볼보자동차코리아","볼보 S90D4","2018"
"2020-08-20","기아자동차(주)","그랜드 카니발","2012"
"2020-08-13","현대자동차(주)","투싼(TUCSON)","2016"
"2020-08-20","르노삼성자동차(주)","QM6","2017"
"2020-08-20","지엠대우오토앤테크놀로지(주)","CHEVROLET IMPALA 3.6","2016"
"2020-08-20","기아자동차(주)","K7","2012"
"2020-08-20","(주)볼보자동차코리아","볼보 S90D4","2018"
"2020-08-20","한국지엠(주)","말리부 2.4 DOHC","2012"
"2020-08-13","현대자동차(주)","포터Ⅱ냉동탑차 (PORTER Ⅱ)","2019"
"2020-08-13","기아자동차(주)","그랜드 카니발","2010"
"2020-08-13","르노삼성자동차(주)","XM3","2020"
"2020-08-20","르노삼성자동차(주)","QM6","2017"
"2020-08-20","한국토요타자동차(주)","렉서스 ES300h","2017"
"2020-08-21","메르세데스벤츠코리아(주)","E300","2011"
"2020-08-20","기아자동차(주)","그랜드카니발 리무진","2010"
"2020-08-21","르노삼성자동차(주)","SM6","2016"
"2020-08-13","비엠더블유코리아(주)","BMW X6 xDrive30d","2017"
"2020-08-20","기아자동차(주)","그랜드 카니발","2014"
"2020-08-20","한국지엠(주)","말리부 2.0 DOHC","2012"
"2020-08-20","기아자동차(주)","그랜드카니발 리무진","2012"
"2020-08-20","르노삼성자동차(주)","QM6","2017"
"2020-08-20","르노삼성자동차(주)","QM6","2017"
"2020-08-21","크라이슬러코리아(주)","짚 레니게이드 2.4","2018"
"2020-08-20","르노삼성자동차(주)","QM6","2017"
"2020-08-19","기아자동차(주)","모닝","2020"
"2020-08-20","현대자동차(주)","맥스크루즈 (MAXCRUZ)","2014"
"2020-08-20","르노삼성자동차(주)","QM6","2018"
"2020-08-19","르노삼성자동차(주)","QM6","2017"
"2020-08-19","쌍용자동차(주)","렉스턴","2013"
"2020-08-12","테슬라코리아 유한회사","Model X 100D","2018"
"2020-08-20","르노삼성자동차(주)","SM7","2014"
"2020-08-19","르노삼성자동차(주)","XM3","2020"
"2020-08-19","르노삼성자동차(주)","QM6","2017"
"2020-08-19","르노삼성자동차(주)","QM6","2017"
"2020-08-19","메르세데스벤츠코리아(주)","벤츠 CLS450 4Matic","2020"
"2020-08-19","르노삼성자동차(주)","QM6","2017"
"2020-08-19","르노삼성자동차(주)","QM6","2017"
"2020-08-20","현대자동차(주)","그랜저(GRANDEUR)","2020"
"2020-08-19","르노삼성자동차(주)","QM6","2020"
"2020-08-19","르노삼성자동차(주)","SM6","2016"
"2020-08-20","르노삼성자동차(주)","QM6","2017"
"2020-08-19","르노삼성자동차(주)","QM6","2017"
"2020-08-19","르노삼성자동차(주)","QM6","2017"
"2020-08-20","기아자동차(주)","셀토스","2021"
"2020-08-19","메리트특장차주식회사","메리트8.5톤트럭","2020"
"2020-08-19","르노삼성자동차(주)","QM6","2017"
"2020-08-12","르노삼성자동차(주)","QM3","2014"
"2020-08-19","현대자동차(주)","그랜저(GRANDEUR)","2020"
"2020-08-20","르노삼성자동차(주)","QM6","2017"
"2020-08-20","기아자동차(주)","카니발","2017"
"2020-08-20","르노삼성자동차(주)","QM6","2017"
"2020-08-12","한국지엠(주)","말리부 2.0 DOHC","2012"
"2020-08-19","르노삼성자동차(주)","QM6","2018"
"2020-08-21","기아자동차(주)","K5","2011"
"2020-08-21","한국지엠(주)","크루즈 1.4","2015"
"2020-08-19","르노삼성자동차(주)","QM6","2019"
"2020-08-24","르노삼성자동차(주)","QM6","2020"
"2020-08-19","르노삼성자동차(주)","QM6","2017"
"2020-08-20","크라이슬러코리아(주)","짚랭글러 3.6 루비콘","2016"
"2020-08-12","현대자동차(주)","그랜저(GRANDEUR)","2020"
"2020-08-19","한불모터스(주)","Peugeot 3008 1.5 BlueHDi","2019"
"2020-08-20","현대자동차(주)","쏘나타(SONATA)","2016"
"2020-08-19","르노삼성자동차(주)","SM6","2019"
"2020-08-20","르노삼성자동차(주)","QM6","2017"
"2020-08-19","기아자동차(주)","셀토스","2021"
"2020-08-19","르노삼성자동차(주)","QM6","2020"
"2020-08-19","(주)재규어랜드로버코리아","디스커버리 스포츠 2.0D","2016"
"2020-08-18","현대자동차(주)","에쿠스(EQUUS)","2010"
"2020-08-18","르노삼성자동차(주)","QM6","2020"
"2020-08-19","아우디폭스바겐코리아(주)","Tiguan 2.0 TDI","2020"
"2020-08-20","르노삼성자동차(주)","QM6","2020"
"2020-08-19","기아자동차(주)","셀토스","2021"
"2020-08-19","한국지엠(주)","말리부 1.35 TURBO","2020"
"2020-08-19","르노삼성자동차(주)","QM6","2017"
"2020-08-18","르노삼성자동차(주)","SM6","2017"
"2020-08-18","르노삼성자동차(주)","SM6","2017"
"2020-08-20","기아자동차(주)","셀토스","2020"
"2020-08-24","한국토요타자동차(주)","렉서스 LS600hL","2010"
"2020-08-18","르노삼성자동차(주)","QM6","2017"
"2020-08-18","르노삼성자동차(주)","QM6","2017"
"2020-08-18","기아자동차(주)","쏘울 EV","2018"
"2020-08-20","현대자동차(주)","그랜저(GRANDEUR)","2020"
"2020-08-18","르노삼성자동차(주)","SM6","2019"
"2020-08-18","현대자동차(주)","아반떼(AVANTE)","2021"
"2020-08-19","기아자동차(주)","모닝","2020"
"2020-08-11","현대자동차(주)","아반떼(AVANTE)","2021"
"2020-08-19","아우디폭스바겐코리아(주)","A4 40 TFSI","2019"
"2020-08-19","르노삼성자동차(주)","QM6","2019"
"2020-08-18","기아자동차(주)","카렌스","2015"
"2020-08-19","현대자동차(주)","아반떼(AVANTE)","2021"
"2020-08-20","르노삼성자동차(주)","SM6","2020"
"2020-08-11","현대자동차(주)","아반떼(AVANTE)","2017"
"2020-08-19","르노삼성자동차(주)","QM6","2018"
"2020-08-19","현대자동차(주)","코나 하이브리드(KONA HYBRID)","2020"
"2020-08-18","르노삼성자동차(주)","QM6","2017"
"2020-08-19","르노삼성자동차(주)","QM6","2019"
"2020-08-19","기아자동차(주)","셀토스","2020"
"2020-08-11","쌍용자동차(주)","티볼리","2021"
"2020-08-18","르노삼성자동차(주)","QM6","2017"
"2020-08-18","르노삼성자동차(주)","QM6","2017"
"2020-08-18","현대자동차(주)","그랜저(GRANDEUR)","2020"
"2020-08-18","르노삼성자동차(주)","QM6","2017"
"2020-08-19","현대자동차(주)","에쿠스(EQUUS)","2010"
"2020-08-18","비엠더블유코리아(주)","BMW 520i","2018"
"2020-08-19","현대자동차(주)","투싼(TUCSON)","2016"
"2020-08-18","르노삼성자동차(주)","SM6","2020"
"2020-08-19","기아자동차(주)","카렌스","2018"
"2020-08-18","르노삼성자동차(주)","QM6","2017"
"2020-08-18","르노삼성자동차(주)","QM6","2017"
"2020-08-18","현대자동차(주)","코나 하이브리드(KONA HYBRID)","2020"
"2020-08-11","현대자동차(주)","그랜저(GRANDEUR)","2020"
"2020-08-19","르노삼성자동차(주)","XM3","2020"
"2020-08-11","아우디폭스바겐코리아(주)","A6 35 TDI","2016"
"2020-08-18","르노삼성자동차(주)","QM6","2019"
"2020-08-19","르노삼성자동차(주)","QM6","2018"
"2020-08-19","르노삼성자동차(주)","SM6","2016"
"2020-08-18","한국지엠(주)","트랙스 1.4","2015"
"2020-08-20","현대자동차(주)","그랜저(GRANDEUR)","2020"
"2020-08-19","르노삼성자동차(주)","SM7","2015"
"2020-08-18","기아자동차(주)","셀토스","2021"
"2020-08-18","르노삼성자동차(주)","QM6","2017"
"2020-08-14","르노삼성자동차(주)","QM6","2017"
"2020-08-20","르노삼성자동차(주)","QM6","2020"
"2020-08-18","르노삼성자동차(주)","QM6","2020"
"2020-08-14","기아자동차(주)","K5","2012"
"2020-08-18","르노삼성자동차(주)","QM6","2017"
"2020-08-18","르노삼성자동차(주)","QM6","2017"
"2020-08-18","기아자동차(주)","레이","2015"
"2020-08-10","르노삼성자동차(주)","QM6","2017"
"2020-08-18","쌍용자동차(주)","코란도C","2014"
"2020-08-14","르노삼성자동차(주)","QM6","2020"
"2020-08-14","지엠대우오토앤테크놀로지(주)","CHEVROLET IMPALA 2.5","2016"
"2020-08-18","르노삼성자동차(주)","QM6","2020"
"2020-08-20","메르세데스벤츠코리아(주)","Mercedes-Benz E 250","2020"
"2020-08-20","르노삼성자동차(주)","XM3","2020"
"2020-08-18","현대자동차(주)","아반떼(AVANTE)","2021"
"2020-08-14","현대자동차(주)","아반떼(AVANTE)","2021"
"2020-08-19","현대자동차(주)","그랜저 하이브리드(GRANDEUR HYBRID)","2020"
"2020-08-14","르노삼성자동차(주)","SM6","2016"
"2020-08-19","현대자동차(주)","그랜저(GRANDEUR)","2020"
"2020-08-10","한국상용트럭(주)","한국상용25톤트럭","2020"
"2020-08-18","한국지엠(주)","트랙스 1.4","2015"
"2020-08-10","비엠더블유코리아(주)","BMW 120d","2012"
"2020-08-14","메르세데스벤츠코리아(주)","Mercedes-Benz GLC300 4MATIC","2020"
"2020-08-14","르노삼성자동차(주)","SM7","2012"
"2020-08-10","현대자동차(주)","쏘나타(SONATA)","2019"
"2020-08-10","크라이슬러코리아(주)","짚랭글러 3.6 루비콘","2015"
"2020-08-20","메르세데스벤츠코리아(주)","Mercedes-Benz E 250","2020"
"2020-08-18","아우디폭스바겐코리아(주)","A6 45 TFSI","2020"
"2020-08-10","한국지엠(주)","말리부 2.0 DOHC","2013"
"2020-08-18","현대자동차(주)","그랜저(GRANDEUR)","2020"
"2020-08-19","현대자동차(주)","그랜저(GRANDEUR)","2020"
"2020-08-18","크라이슬러코리아(주)","짚랭글러 3.6 스포츠","2016"
"2020-08-18","르노삼성자동차(주)","QM6","2018"
"2020-08-18","현대자동차(주)","그랜저(GRANDEUR)","2020"
"2020-08-18","메르세데스벤츠코리아(주)","C200","2016"
"2020-08-19","한국지엠(주)","스파크 1.0","2017"
"2020-08-14","르노삼성자동차(주)","QM6","2017"
"2020-08-19","르노삼성자동차(주)","QM6","2020"
"2020-08-24","비엠더블유코리아(주)","MINI Cooper five-door","2018"
"2020-08-14","한국지엠(주)","말리부 1.5 TURBO","2017"
"2020-08-18","르노삼성자동차(주)","SM6","2019"
"2020-08-14","기아자동차(주)","K5","2020"
"2020-08-14","현대자동차(주)","아반떼(AVANTE)","2021"
"2020-08-19","기아자동차(주)","카니발","2019"
"2020-08-14","아우디폭스바겐코리아(주)","Tiguan 2.0 TDI","2018"
"2020-08-14","르노삼성자동차(주)","QM6","2017"
"2020-08-19","한국지엠(주)","캡티바 2.0D 디젤","2014"
"2020-08-18","르노삼성자동차(주)","QM6","2020"
"2020-08-19","현대자동차(주)","아반떼(AVANTE)","2021"
"2020-08-18","르노삼성자동차(주)","SM6","2016"
"2020-08-14","르노삼성자동차(주)","QM6","2017"
"2020-08-14","기아자동차(주)","카니발","2016"
"2020-08-14","르노삼성자동차(주)","SM6","2016"
"2020-08-14","르노삼성자동차(주)","SM3","2011"
"2020-08-14","한국지엠(주)","캡티바 2.0D 디젤","2014"
"2020-08-14","지엠대우오토앤테크놀로지(주)","CHEVROLET IMPALA 2.5","2017"
"2020-08-18","르노삼성자동차(주)","SM6","2016"
"2020-08-14","메르세데스벤츠코리아(주)","Mercedes-AMG S63 4Matic L","2017"
"2020-08-19","기아자동차(주)","K7","2020"
"2020-08-14","르노삼성자동차(주)","QM6","2017"
"2020-08-14","르노삼성자동차(주)","QM6","2017"
"2020-08-14","지엠대우오토앤테크놀로지(주)","CHEVROLET IMPALA 2.5","2016"
"2020-08-14","르노삼성자동차(주)","QM6","2017"
"2020-08-14","르노삼성자동차(주)","QM6","2017"
"2020-08-14","르노삼성자동차(주)","QM6","2017"
"2020-08-24","르노삼성자동차(주)","SM7","2012"
"2020-08-14","르노삼성자동차(주)","QM6","2019"
"2020-08-19","현대자동차(주)","G80","2021"
"2020-08-10","르노삼성자동차(주)","QM6","2017"
"2020-08-14","현대자동차(주)","아이오닉 하이브리드(IONIQ HYBRID)","2016"
"2020-08-14","비엠더블유코리아(주)","BMW 520d","2011"
"2020-08-18","르노삼성자동차(주)","SM6","2017"
"2020-08-18","르노삼성자동차(주)","SM6","2019"
"2020-08-14","르노삼성자동차(주)","QM6","2018"
"2020-08-19","기아자동차(주)","K3","2019"
"2020-08-18","르노삼성자동차(주)","SM6","2017"
"2020-08-18","르노삼성자동차(주)","QM6","2020"
"2020-08-24","기아자동차(주)","K7 하이브리드","2019"
"2020-08-24","현대자동차(주)","싼타페(SANTAFE)","2017"
"2020-08-19","한국지엠(주)","말리부 2.0 DOHC","2014"
"2020-08-14","르노삼성자동차(주)","QM6","2017"
"2020-08-14","르노삼성자동차(주)","QM6","2017"
"2020-08-14","르노삼성자동차(주)","QM6","2017"
"2020-08-19","현대자동차(주)","i40 Saloon","2012"
"2020-08-14","현대자동차(주)","에쿠스(EQUUS)","2010"
"2020-08-14","르노삼성자동차(주)","QM6","2017"
"2020-08-13","르노삼성자동차(주)","SM6","2016"
"2020-08-13","르노삼성자동차(주)","SM6","2016"
"2020-08-18","르노삼성자동차(주)","QM6","2017"
"2020-08-14","현대자동차(주)","그랜저(GRANDEUR)","2020"
"2020-08-13","르노삼성자동차(주)","SM6","2016"
"2020-08-13","르노삼성자동차(주)","SM6","2016"
"2020-08-13","르노삼성자동차(주)","SM6","2016"
"2020-08-07","고흥모터스 주식회사","고흥모터스21.5톤저상트레일러","2020"
"2020-08-13","메르세데스벤츠코리아(주)","벤츠 CLS450 4Matic","2019"
"2020-08-13","르노삼성자동차(주)","QM6","2017"
"2020-08-13","르노삼성자동차(주)","QM6","2019"
"2020-08-14","르노삼성자동차(주)","SM6","2016"
"2020-08-13","르노삼성자동차(주)","SM6","2016"
"2020-08-13","르노삼성자동차(주)","SM6","2016"
"2020-08-13","르노삼성자동차(주)","QM6","2017"
"2020-08-13","르노삼성자동차(주)","QM6","2018"
"2020-08-13","르노삼성자동차(주)","SM6","2020"
"2020-08-07","메르세데스벤츠코리아(주)","E220 d","2019"
"2020-08-13","한국지엠(주)","트레일블레이저 1.2 TURBO FWD","2021"
"2020-08-13","르노삼성자동차(주)","QM6","2017"
"2020-08-13","르노삼성자동차(주)","QM6","2017"
"2020-08-13","르노삼성자동차(주)","SM6","2016"
"2020-08-13","르노삼성자동차(주)","QM6","2017"
"2020-08-07","쌍용자동차(주)","코란도스포츠","2017"
"2020-08-13","르노삼성자동차(주)","QM6","2017"
"2020-08-13","르노삼성자동차(주)","SM6","2016"
"2020-08-13","기아자동차(주)","K7","2020"
"2020-08-24","현대자동차(주)","쏘나타(SONATA)","2013"
"2020-08-13","르노삼성자동차(주)","QM6","2017"
"2020-08-13","르노삼성자동차(주)","SM6","2016"
"2020-08-13","르노삼성자동차(주)","SM6","2016"
"2020-08-13","현대자동차(주)","그랜저(GRANDEUR)","2020"
"2020-08-13","르노삼성자동차(주)","QM6","2018"
"2020-08-13","르노삼성자동차(주)","QM6","2017"
"2020-08-13","르노삼성자동차(주)","SM6","2016"
"2020-08-07","메르세데스벤츠코리아(주)","C220 CDI","2014"
"2020-08-13","르노삼성자동차(주)","SM6","2020"
"2020-08-13","르노삼성자동차(주)","QM6","2017"
"2020-08-13","르노삼성자동차(주)","QM6","2017"
"2020-08-13","아우디폭스바겐코리아(주)","Golf 2.0 TDI BMT","2016"
"2020-08-13","지엠대우오토앤테크놀로지(주)","CHEVROLET IMPALA 2.5","2016"
"2020-08-13","르노삼성자동차(주)","QM6","2017"
"2020-08-13","르노삼성자동차(주)","SM6","2016"
"2020-08-13","르노삼성자동차(주)","SM6","2016"
"2020-08-13","현대자동차(주)","i40","2012"
"2020-08-07","기아자동차(주)","카니발","2015"
"2020-08-14","르노삼성자동차(주)","SM6","2017"
"2020-08-13","르노삼성자동차(주)","QM6","2017"
"2020-08-13","비엠더블유코리아(주)","BMW 640d xDrive Gran Coupe","2016"
"2020-08-13","르노삼성자동차(주)","QM6","2018"
"2020-08-07","고흥모터스 주식회사","고흥모터스20톤저상트레일러","2020"
"2020-08-13","르노삼성자동차(주)","QM6","2017"
"2020-08-13","르노삼성자동차(주)","SM6","2016"
"2020-08-13","르노삼성자동차(주)","SM7","2013"
"2020-08-13","현대자동차(주)","아반떼(AVANTE)","2021"
"2020-08-13","르노삼성자동차(주)","SM6","2020"
"2020-08-11","르노삼성자동차(주)","QM6","2017"
"2020-08-11","르노삼성자동차(주)","QM6","2018"
"2020-08-06","비엠더블유코리아(주)","BMW X6 xDrive30d M Sport Package","2020"
"2020-08-13","메르세데스벤츠코리아(주)","Mercedes-Benz GLE 450 4MATIC","2020"
"2020-08-11","르노삼성자동차(주)","QM6","2017"
"2020-08-11","아우디폭스바겐코리아(주)","A6 45 TFSI quattro","2020"
"2020-08-11","기아자동차(주)","카렌스","2014"
"2020-08-13","기아자동차(주)","카렌스","2016"
"2020-08-11","아우디폭스바겐코리아(주)","Q8 45 TDI quattro","2020"
"2020-08-06","현대자동차(주)","포터Ⅱ (PORTERⅡ)","2017"
"2020-08-11","르노삼성자동차(주)","SM6","2017"
"2020-08-12","현대자동차(주)","아반떼(AVANTE)","2021"
"2020-08-11","아우디폭스바겐코리아(주)","A6 45 TFSI","2020"
"2020-08-11","기아자동차(주)","K7","2014"
"2020-08-11","아우디폭스바겐코리아(주)","Golf 2.0 TDI BMT","2015"
"2020-08-06","(주)모터뱅크","TRICITY 125","2015"
"2020-08-11","아우디폭스바겐코리아(주)","Golf 2.0 TDI BMT","2015"
"2020-08-11","르노삼성자동차(주)","QM6","2017"
"2020-08-13","한국지엠(주)","말리부 2.0 TURBO","2017"
"2020-08-11","기아자동차(주)","카렌스","2016"
"2020-08-11","현대자동차(주)","아반떼 하이브리드(AVANTE HYBRID)","2012"
"2020-08-12","현대자동차(주)","아반떼(AVANTE)","2021"
"2020-08-11","지엠대우오토앤테크놀로지(주)","CHEVROLET IMPALA 2.5","2016"
"2020-08-11","현대자동차(주)","맥스크루즈 (MAXCRUZ)","2014"
"2020-08-13","기아자동차(주)","카렌스","2014"
"2020-08-11","르노삼성자동차(주)","SM3","2011"
"2020-08-06","쌍용자동차(주)","체어맨W","2013"
"2020-08-13","현대자동차(주)","맥스크루즈 (MAXCRUZ)","2015"
"2020-08-11","기아자동차(주)","카렌스","2014"
"2020-08-12","기아자동차(주)","카렌스","2014"
"2020-08-11","아우디폭스바겐코리아(주)","A6 45 TFSI","2020"
"2020-08-11","르노삼성자동차(주)","QM6","2018"
"2020-08-11","르노삼성자동차(주)","SM6","2017"
"2020-08-06","현대자동차(주)","그랜저(GRANDEUR)","2014"
"2020-08-13","기아자동차(주)","쏘렌토","2021"
"2020-08-11","크라이슬러코리아(주)","짚 컴패스 2.4","2019"
"2020-08-06","기아자동차(주)","카니발","2017"
"2020-08-13","르노삼성자동차(주)","QM6","2017"
"2020-08-11","아우디폭스바겐코리아(주)","A6 45 TFSI","2020"
"2020-08-12","르노삼성자동차(주)","QM6","2017"
"2020-08-13","현대자동차(주)","포터Ⅱ(PORTERⅡ)","2011"
"2020-08-12","비엠더블유코리아(주)","BMW i3","2015"
"2020-08-11","아우디폭스바겐코리아(주)","Tiguan 2.0 TDI Blue Motion","2014"
"2020-08-11","르노삼성자동차(주)","QM6","2018"
"2020-08-06","현대자동차(주)","그랜저(GRANDEUR)","2020"
"2020-08-13","기아자동차(주)","카렌스","2014"
"2020-08-10","르노삼성자동차(주)","QM6","2017"
"2020-08-10","르노삼성자동차(주)","SM3","2016"
"2020-08-10","현대자동차(주)","아반떼(AVANTE)","2021"
"2020-08-10","기아자동차(주)","봉고Ⅲ 1.2톤","2020"
"2020-08-10","르노삼성자동차(주)","QM6","2017"
"2020-08-10","르노삼성자동차(주)","QM6","2017"
"2020-08-11","현대자동차(주)","제네시스(GENESIS)","2015"
"2020-08-10","기아자동차(주)","카렌스","2014"
"2020-08-12","현대자동차(주)","아반떼(AVANTE)","2021"
"2020-08-10","쌍용자동차(주)","코란도C","2012"
"2020-08-11","아우디폭스바겐코리아(주)","Passat GT 2.0 TDI","2018"
"2020-08-11","르노삼성자동차(주)","QM6","2020"
"2020-08-05","비엠더블유코리아(주)","BMW 520d","2018"
"2020-08-11","르노삼성자동차(주)","XM3","2020"
"2020-08-05","한국지엠(주)","트랙스 1.4","2020"
"2020-08-10","르노삼성자동차(주)","QM6","2019"
"2020-08-11","기아자동차(주)","K5","2011"
"2020-08-10","현대자동차(주)","포터Ⅱ냉동탑차 (PORTER Ⅱ)","2015"
"2020-08-10","비엠더블유코리아(주)","MINI Cooper S","2015"
"2020-08-10","르노삼성자동차(주)","QM6","2017"
"2020-08-10","포드세일즈서비스코리아(유)","Explorer 2.3","2020"
"2020-08-11","르노삼성자동차(주)","XM3","2020"
"2020-08-10","아우디폭스바겐코리아(주)","A6 45 TFSI quattro","2020"
"2020-08-10","르노삼성자동차(주)","QM6","2020"
"2020-08-11","현대자동차(주)","아반떼(AVANTE)","2021"
"2020-08-10","르노삼성자동차(주)","QM6","2020"
"2020-08-10","현대자동차(주)","아반떼(AVANTE)","2021"
"2020-08-10","르노삼성자동차(주)","QM6","2017"
"2020-08-10","르노삼성자동차(주)","QM6","2020"
"2020-08-10","기아자동차(주)","카렌스","2014"
"2020-08-13","기아자동차(주)","쏘렌토","2019"
"2020-08-10","지엠대우오토앤테크놀로지(주)","CHEVROLET IMPALA 2.5","2016"
"2020-08-10","아우디폭스바겐코리아(주)","Golf GTD BMT","2015"
"2020-08-10","기아자동차(주)","K7","2016"
"2020-08-10","현대자동차(주)","아반떼(AVANTE)","2021"
"2020-08-10","르노삼성자동차(주)","QM6","2019"
"2020-08-05","크라이슬러코리아(주)","짚 체로키 2.4","2015"
"2020-08-10","르노삼성자동차(주)","QM6","2017"
"2020-08-05","비엠더블유코리아(주)","MINI Cooper five-door","2017"
"2020-08-11","르노삼성자동차(주)","SM3","2013"
"2020-08-10","르노삼성자동차(주)","QM6","2018"
"2020-08-11","르노삼성자동차(주)","QM6","2018"
"2020-08-10","한국지엠(주)","트랙스 1.4","2015"
"2020-08-04","메르세데스벤츠코리아(주)","C200 CGI","2012"
"2020-08-07","르노삼성자동차(주)","QM6","2017"
"2020-08-07","만트럭버스코리아(주)","TGX","2017"
"2020-08-07","한국지엠(주)","캡티바 2.0D 디젤","2015"
"2020-08-07","르노삼성자동차(주)","QM6","2018"
"2020-08-07","르노삼성자동차(주)","QM6","2017"
"2020-08-07","르노삼성자동차(주)","QM6","2017"
"2020-08-07","르노삼성자동차(주)","QM6","2020"
"2020-08-07","르노삼성자동차(주)","SM7","2012"
"2020-08-13","기아자동차(주)","K7","2020"
"2020-08-07","한국지엠(주)","캡티바 2.0D 디젤","2015"
"2020-08-07","르노삼성자동차(주)","QM6","2017"
"2020-08-07","르노삼성자동차(주)","QM6","2017"
"2020-08-11","크라이슬러코리아(주)","짚랭글러 3.6","2014"
"2020-08-07","르노삼성자동차(주)","QM6","2020"
"2020-08-04","현대자동차(주)","그랜저(GRANDEUR)","2020"
"2020-08-07","르노삼성자동차(주)","QM6","2020"
"2020-08-07","르노삼성자동차(주)","QM6","2020"
"2020-08-07","르노삼성자동차(주)","QM6","2017"
"2020-08-07","한국지엠(주)","캡티바 2.0D 디젤","2015"
"2020-08-11","한국닛산(주)","ALTIMA 2.5","2018"
"2020-08-07","크라이슬러코리아(주)","짚랭글러 3.6 스포츠","2016"
"2020-08-07","르노삼성자동차(주)","QM6","2020"
"2020-08-10","크라이슬러코리아(주)","짚랭글러 3.6 루비콘","2015"
"2020-08-07","르노삼성자동차(주)","QM6","2017"
"2020-08-11","아우디폭스바겐코리아(주)","Golf 1.4 TSI","2016"
"2020-08-07","아우디폭스바겐코리아(주)","Tiguan Allspace 2.0 TDI","2018"
"2020-08-07","크라이슬러코리아(주)","짚랭글러 3.6 루비콘","2016"
"2020-08-10","현대자동차(주)","엑시언트(XCIENT)","2018"
"2020-08-04","(주)재규어랜드로버코리아","레인지로버 스포츠 3.0D","2016"
"2020-08-07","르노삼성자동차(주)","QM6","2020"
"2020-08-07","르노삼성자동차(주)","QM6","2018"
"2020-08-07","르노삼성자동차(주)","QM6","2017"
"2020-08-07","르노삼성자동차(주)","QM6","2017"
"2020-08-07","아우디폭스바겐코리아(주)","A6 45 TFSI quattro","2020"
"2020-08-10","크라이슬러코리아(주)","짚랭글러 3.6 루비콘","2016"
"2020-08-04","한국지엠(주)","알페온2.4DOHC","2011"
"2020-08-07","지엠대우오토앤테크놀로지(주)","CHEVROLET IMPALA 2.5","2016"
"2020-08-07","르노삼성자동차(주)","SM7","2012"
"2020-08-07","크라이슬러코리아(주)","짚랭글러 3.6","2012"
"2020-08-07","크라이슬러코리아(주)","짚랭글러 3.6","2014"
"2020-08-07","현대자동차(주)","아반떼(AVANTE)","2021"
"2020-08-07","르노삼성자동차(주)","QM6","2020"
"2020-08-07","르노삼성자동차(주)","QM6","2017"
"2020-08-07","아우디폭스바겐코리아(주)","A6 45 TFSI quattro","2020"
"2020-08-07","비엠더블유코리아(주)","BMW 530i","2018"
"2020-08-07","현대자동차(주)","그랜저(GRANDEUR)","2020"
"2020-08-07","르노삼성자동차(주)","QM6","2020"
"2020-08-07","르노삼성자동차(주)","QM6","2018"
"2020-08-07","르노삼성자동차(주)","QM6","2017"
"2020-08-07","크라이슬러코리아(주)","짚랭글러 3.6 스포츠","2017"
"2020-08-07","르노삼성자동차(주)","QM6","2017"
"2020-08-07","아우디폭스바겐코리아(주)","A6 45 TFSI quattro","2020"
"2020-08-07","르노삼성자동차(주)","QM6","2017"
"2020-08-10","현대자동차(주)","투싼(TUCSON)","2016"
"2020-08-07","르노삼성자동차(주)","QM6","2020"
"2020-08-07","르노삼성자동차(주)","QM6","2020"
"2020-08-10","지엠대우오토앤테크놀로지(주)","CHEVROLET IMPALA 2.5","2016"
"2020-08-07","르노삼성자동차(주)","QM6","2020"
"2020-08-07","르노삼성자동차(주)","QM6","2017"
"2020-08-07","현대자동차(주)","그랜저(GRANDEUR)","2020"
"2020-08-07","르노삼성자동차(주)","QM6","2017"
"2020-08-04","현대자동차(주)","투싼(TUCSON)","2017"
"2020-08-03","기아자동차(주)","K7","2020"
"2020-08-06","기아자동차(주)","스팅어","2020"
"2020-08-07","르노삼성자동차(주)","SM6","2016"
"2020-08-07","현대자동차(주)","에쿠스(EQUUS)","2010"
"2020-08-06","르노삼성자동차(주)","QM3","2015"
"2020-08-06","르노삼성자동차(주)","QM6","2017"
"2020-08-03","기아자동차(주)","니로 하이브리드","2018"
"2020-08-06","메르세데스벤츠코리아(주)","C200 Cabriolet","2017"
"2020-08-06","르노삼성자동차(주)","QM6","2017"
"2020-08-06","아우디폭스바겐코리아(주)","A6 45 TFSI quattro","2020"
"2020-08-07","아우디폭스바겐코리아(주)","Passat 2.0 TDI","2010"
"2020-08-07","르노삼성자동차(주)","QM6","2017"
"2020-08-06","아우디폭스바겐코리아(주)","Tiguan Allspace 2.0 TDI","2018"
"2020-08-03","기아자동차(주)","K5","2020"
"2020-08-06","쌍용자동차(주)","렉스턴스포츠 칸","2020"
"2020-08-06","현대자동차(주)","코나 일렉트릭 (KONA ELECTRIC)","2019"
"2020-08-03","현대자동차(주)","그랜드 스타렉스(GRAND STAREX)","2021"
"2020-08-06","메르세데스벤츠코리아(주)","C220 d 4Matic","2019"
"2020-08-03","르노삼성자동차(주)","SM5 LPLi","2015"
"2020-08-06","르노삼성자동차(주)","QM6","2017"
"2020-08-03","기아자동차(주)","니로 하이브리드","2018"
"2020-08-06","르노삼성자동차(주)","QM6","2017"
"2020-08-10","현대자동차(주)","아반떼(AVANTE)","2021"
"2020-08-06","현대자동차(주)","그랜저(GRANDEUR)","2020"
"2020-08-06","메르세데스벤츠코리아(주)","CLA250 4Matic","2017"
"2020-08-06","현대자동차(주)","맥스크루즈 (MAXCRUZ)","2014"
"2020-08-06","(주)볼보자동차코리아","볼보 S60T5","2020"
"2020-08-06","르노삼성자동차(주)","QM6","2017"
"2020-08-03","메르세데스벤츠코리아(주)","S500 4Matic L","2015"
"2020-08-06","한국닛산(주)","ALTIMA 2.5","2017"
"2020-08-07","현대자동차(주)","싼타페(SANTAFE)","2020"
"2020-08-06","르노삼성자동차(주)","CAPTUR","2020"
"2020-08-06","르노삼성자동차(주)","CAPTUR","2020"
"2020-08-03","현대자동차(주)","아반떼(AVANTE)","2021"
"2020-08-03","(주)재규어랜드로버코리아","레인지로버 이보크 2.0D","2018"
"2020-08-06","현대자동차(주)","그랜저(GRANDEUR)","2020"
"2020-08-06","현대자동차(주)","그랜저(GRANDEUR)","2015"
"2020-08-05","르노삼성자동차(주)","XM3","2020"
"2020-08-07","르노삼성자동차(주)","SM6","2017"
"2020-08-05","아우디폭스바겐코리아(주)","Golf 2.0 TDI BMT","2016"
"2020-08-06","르노삼성자동차(주)","SM6","2016"
"2020-08-07","메르세데스벤츠코리아(주)","Mercedes-Benz E 250","2020"
"2020-08-05","메르세데스벤츠코리아(주)","Mercedes-Benz C200","2020"
"2020-08-06","아우디폭스바겐코리아(주)","Tiguan 2.0 TDI BMT","2016"
"2020-08-07","현대자동차(주)","베뉴(VENUE)","2020"
"2020-08-06","르노삼성자동차(주)","SM6","2016"
"2020-08-05","비엠더블유코리아(주)","BMW X6 xDrive30d","2018"
"2020-08-07","기아자동차(주)","K5","2020"
"2020-08-07","(주)재규어랜드로버코리아","디스커버리 스포츠 2.0D","2016"
"2020-08-06","현대자동차(주)","그랜저(GRANDEUR)","2020"
"2020-08-04","현대자동차(주)","제네시스(GENESIS)","2015"
"2020-08-06","기아자동차(주)","로체","2010"
"2020-08-04","기아자동차(주)","K7","2020"
"2020-08-04","아우디폭스바겐코리아(주)","A6 45 TFSI quattro","2019"
"2020-08-04","한불모터스(주)","Peugeot 5008 1.5 BlueHDi","2019"
"2020-08-05","현대자동차(주)","아반떼(AVANTE)","2021"
"2020-08-06","기아자동차(주)","K5 하이브리드","2020"
"2020-08-04","한국지엠(주)","트랙스 1.4","2015"
"2020-08-04","기아자동차(주)","K7","2020"
"2020-08-05","현대자동차(주)","쏘나타(SONATA)","2020"
"2020-08-04","쌍용자동차(주)","G4 렉스턴","2020"
"2020-08-05","르노삼성자동차(주)","QM6","2018"
"2020-07-31","기아자동차(주)","스포티지","2007"
"2020-08-05","쌍용자동차(주)","렉스턴","2014"
"2020-08-04","르노삼성자동차(주)","QM6","2020"
"2020-08-04","현대자동차(주)","투싼(TUCSON)","2016"
"2020-08-06","현대자동차(주)","코나 일렉트릭 (KONA ELECTRIC)","2019"
"2020-08-04","한국지엠(주)","말리부 2.0 DOHC","2014"
"2020-08-04","현대자동차(주)","코나 일렉트릭 (KONA ELECTRIC)","2020"
"2020-08-04","현대자동차(주)","포터Ⅱ파워게이트 (PORTER Ⅱ)","2018"
"2020-08-04","르노삼성자동차(주)","QM6","2020"
"2020-08-04","아우디폭스바겐코리아(주)","A7 50 TDI quattro","2020"
"2020-08-05","기아자동차(주)","K3","2018"
"2020-08-06","기아자동차(주)","스토닉","2019"
"2020-08-04","현대자동차(주)","그랜저(GRANDEUR)","2020"
"2020-08-05","한국지엠(주)","아베오 1.4","2015"
"2020-07-31","르노삼성자동차(주)","XM3","2020"
"2020-08-03","(주)이엔쓰리","나노메딕스구조소방차","2019"
"2020-08-03","현대자동차(주)","그랜저(GRANDEUR)","2020"
"2020-08-03","아우디폭스바겐코리아(주)","Tiguan 2.0 TDI Blue Motion","2012"
"2020-08-03","르노삼성자동차(주)","QM6","2017"
"2020-08-04","르노삼성자동차(주)","QM6","2020"
"2020-08-03","한국지엠(주)","라세티 2.0 디젤","2009"
"2020-08-03","한국지엠(주)","말리부 2.0 DOHC","2014"
"2020-08-03","르노삼성자동차(주)","QM6","2020"
"2020-08-03","르노삼성자동차(주)","QM6","2020"
"2020-07-30","한국지엠(주)","알페온 2.4 하이브리드","2012"
"2020-08-04","르노삼성자동차(주)","SM7","2012"
"2020-08-03","지엠대우오토앤테크놀로지(주)","CHEVROLET IMPALA 3.6","2016"
"2020-08-03","르노삼성자동차(주)","QM6","2017"
"2020-07-30","메르세데스벤츠코리아(주)","E220 d","2019"
"2020-08-03","현대자동차(주)","그랜저(GRANDEUR)","2020"
"2020-08-03","한국지엠(주)","말리부 2.0 DOHC","2014"
"2020-07-30","현대자동차(주)","그랜저(GRANDEUR)","2011"
"2020-08-03","기아자동차(주)","K5","2020"
"2020-08-05","르노삼성자동차(주)","QM6","2017"
"2020-07-30","한국지엠(주)","트랙스 1.4","2020"
"2020-07-30","메르세데스벤츠코리아(주)","Mercedes-AMG C63","2017"
"2020-08-03","한국지엠(주)","말리부 2.0 DOHC","2013"
"2020-08-04","비엠더블유코리아(주)","BMW 320d Gran Turismo RDE2","2020"
"2020-08-03","기아자동차(주)","K5","2013"
"2020-08-03","기아자동차(주)","K5","2013"
"2020-08-03","현대자동차(주)","i40","2012"
"2020-07-30","기아자동차(주)","봉고Ⅲ 4륜구동","2020"
"2020-07-30","한국지엠(주)","알페온2.4DOHC","2011"
"2020-08-03","지엠대우오토앤테크놀로지(주)","CHEVROLET TRAVERSE AWD","2020"
"2020-08-03","기아자동차(주)","K7","2020"
"2020-08-03","지엠대우오토앤테크놀로지(주)","CHEVROLET IMPALA 2.5","2016"
"2020-08-03","르노삼성자동차(주)","SM7","2012"
"2020-08-03","한국지엠(주)","말리부 2.0 DOHC","2013"
"2020-07-29","한국지엠(주)","말리부 2.0 DOHC","2013"
"2020-07-29","현대자동차(주)","포터Ⅱ (PORTERⅡ)","2019"
"2020-07-29","기아자동차(주)","봉고Ⅲ 4륜구동","2013"
"2020-08-04","현대자동차(주)","아반떼 하이브리드(AVANTE HYBRID)","2010"
"2020-07-31","르노삼성자동차(주)","SM6","2016"
"2020-07-31","기아자동차(주)","쏘렌토","2015"
"2020-07-29","크라이슬러코리아(주)","짚 랭글러 루비콘","2019"
"2020-07-31","르노삼성자동차(주)","QM6","2020"
"2020-07-29","현대자동차(주)","싼타페(SANTAFE)","2020"
"2020-07-31","지엠대우오토앤테크놀로지(주)","CHEVROLET IMPALA 2.5","2016"
"2020-07-29","비엠더블유코리아(주)","BMW 620d M Sport Package","2020"
"2020-08-03","아우디폭스바겐코리아(주)","A6 45 TFSI quattro","2020"
"2020-07-31","기아자동차(주)","K7","2020"
"2020-07-31","현대자동차(주)","GV80","2020"
"2020-08-05","한국토요타자동차(주)","렉서스 LS460L","2010"
"2020-07-30","한국지엠(주)","말리부 2.0 LPG","2014"
"2020-07-31","르노삼성자동차(주)","QM6","2020"
"2020-07-29","기아자동차(주)","K7","2017"
"2020-07-31","크라이슬러코리아(주)","짚 레니게이드 2.4","2017"
"2020-07-29","기아자동차(주)","그랜드 카니발","2010"
"2020-07-30","기아자동차(주)","모하비","2020"
"2020-07-31","현대자동차(주)","베뉴(VENUE)","2020"
"2020-07-31","한국지엠(주)","스파크 1.0","2019"
"2020-07-31","기아자동차(주)","셀토스","2020"
"2020-07-31","한국지엠(주)","말리부 2.0 DOHC","2013"
"2020-07-31","현대자동차(주)","그랜저(GRANDEUR)","2020"
"2020-07-31","한국지엠(주)","말리부 2.0 DOHC","2013"
"2020-07-31","르노삼성자동차(주)","SM6","2017"
"2020-08-03","현대자동차(주)","베뉴(VENUE)","2020"
"2020-07-31","현대자동차(주)","맥스크루즈 (MAXCRUZ)","2015"
"2020-07-30","지엠대우오토앤테크놀로지(주)","CHEVROLET TRAVERSE AWD","2020"
"2020-08-03","현대자동차(주)","그랜저(GRANDEUR)","2020"
"2020-07-28","기아자동차(주)","K7","2019"
"2020-07-28","한국지엠(주)","말리부 2.0 DOHC","2013"
"2020-07-31","현대자동차(주)","코나 하이브리드(KONA HYBRID)","2020"
"2020-07-30","메르세데스벤츠코리아(주)","E220 d","2017"
"2020-08-04","현대자동차(주)","코나 하이브리드(KONA HYBRID)","2020"
"2020-07-30","현대자동차(주)","GV80","2020"
"2020-07-28","한국지엠(주)","올란도 2.0 LPG","2017"
"2020-07-31","현대자동차(주)","아반떼(AVANTE)","2021"
"2020-07-28","(주) 한국모터트레이딩","GPD125","2015"
"2020-07-30","현대자동차(주)","그랜저(GRANDEUR)","2020"
"2020-07-30","(주)재규어랜드로버코리아","레인지로버 이보크 2.0D","2016"
"2020-07-30","현대자동차(주)","코나 하이브리드(KONA HYBRID)","2020"
"2020-07-30","현대자동차(주)","그랜저(GRANDEUR)","2020"
"2020-07-30","기아자동차(주)","모하비","2020"
"2020-07-30","현대자동차(주)","그랜저(GRANDEUR)","2020"
"2020-08-04","한국지엠(주)","말리부 2.0 디젤","2015"
"2020-07-31","현대자동차(주)","그랜저(GRANDEUR)","2020"
"2020-07-31","한국지엠(주)","트랙스 1.6 디젤","2016"
"2020-07-31","한국지엠(주)","트랙스 1.6 디젤","2016"
"2020-08-03","한불모터스(주)","Peugeot 508 2.0 BlueHDi","2019"
"2020-08-03","르노삼성자동차(주)","SM3 Z.E.","2014"
"2020-07-28","현대자동차(주)","그랜저(GRANDEUR)","2020"
"2020-07-30","르노삼성자동차(주)","SM7","2016"
"2020-07-28","기아자동차(주)","K5","2012"
"2020-07-28","한불모터스(주)","Citroen C4 Cactus 1.6 BlueHDi","2017"
"2020-07-31","메르세데스벤츠코리아(주)","벤츠 GLE450 4Matic","2019"
"2020-07-30","현대자동차(주)","벨로스터(VELOSTER)","2013"
"2020-07-30","아우디폭스바겐코리아(주)","Golf 2.0 TDI BMT","2015"
"2020-07-30","비엠더블유코리아(주)","MINI Cooper D","2016"
"2020-07-28","메르세데스벤츠코리아(주)","Mercedes-AMG CLA45 4Matic","2016"
"2020-07-28","자일대우상용차주식회사","레스타-어린이운송차","2019"
"2020-07-30","현대자동차(주)","그랜저(GRANDEUR)","2020"
"2020-07-27","르노삼성자동차(주)","QM6","2017"
"2020-07-29","비엠더블유코리아(주)","BMW 320d Gran Turismo","2014"
"2020-07-27","크라이슬러코리아(주)","짚 체로키 2.2","2016"
"2020-07-29","르노삼성자동차(주)","SM6","2016"
"2020-07-27","비엠더블유코리아(주)","MINI Cooper S Coupe","2012"
"2020-07-30","한국지엠(주)","말리부 2.0 DOHC","2013"
"2020-07-27","메르세데스벤츠코리아(주)","Mercedes-AMG E43 4Matic","2018"
"2020-07-29","르노삼성자동차(주)","QM6","2020"
"2020-07-30","현대자동차(주)","쏘나타 하이브리드(SONATA HYBRID)","2018"
"2020-07-29","비엠더블유코리아(주)","BMW 520d","2015"
"2020-07-29","현대자동차(주)","싼타페(SANTAFE)","2020"
"2020-07-27","한국토요타자동차(주)","렉서스 LS460L","2010"
"2020-07-27","기아자동차(주)","K7","2020"
"2020-07-29","르노삼성자동차(주)","QM6","2020"
"2020-07-29","비엠더블유코리아(주)","MINI Cooper five-door","2018"
"2020-07-27","쌍용자동차(주)","코란도","2020"
"2020-07-29","현대자동차(주)","GV80","2020"
"2020-07-29","기아자동차(주)","K9","2013"
"2020-07-29","한국지엠(주)","올란도 2.0 LPG","2012"
"2020-07-29","기아자동차(주)","K3","2016"
"2020-07-29","아우디폭스바겐코리아(주)","Tiguan 2.0 TDI Blue Motion","2015"
"2020-07-28","지엠대우오토앤테크놀로지(주)","CHEVROLET IMPALA 2.5","2016"
"2020-07-29","한국지엠(주)","말리부 2.0 DOHC","2013"
"2020-07-31","아우디폭스바겐코리아(주)","Tiguan 2.0 TDI Blue Motion","2015"
"2020-07-29","르노삼성자동차(주)","SM6","2016"
"2020-07-29","아우디폭스바겐코리아(주)","A6 45 TFSI quattro","2020"
"2020-07-29","아우디폭스바겐코리아(주)","A6 45 TFSI quattro","2020"
"2020-07-29","현대자동차(주)","그랜저(GRANDEUR)","2020"
"2020-07-27","현대자동차(주)","그랜저(GRANDEUR)","2020"
"2020-07-30","현대자동차(주)","투싼(TUCSON)","2016"
"2020-07-31","르노삼성자동차(주)","SM7","2012"
"2020-07-30","한국지엠(주)","크루즈 1.8 DOHC","2013"
"2020-07-30","아우디폭스바겐코리아(주)","Tiguan 2.0 TDI 4Motion","2020"
"2020-07-28","현대자동차(주)","쏘나타(SONATA)","2017"
"2020-07-28","르노삼성자동차(주)","QM6","2019"
"2020-07-27","쌍용자동차(주)","코란도","2020"
"2020-07-30","현대자동차(주)","아반떼(AVANTE)","2021"
"2020-07-28","아우디폭스바겐코리아(주)","A6 45 TFSI","2020"
"2020-07-28","현대자동차(주)","그랜저(GRANDEUR)","2020"
"2020-07-30","현대자동차(주)","그랜저(GRANDEUR)","2020"
"2020-07-28","현대자동차(주)","그랜저(GRANDEUR)","2020"
"2020-07-28","현대자동차(주)","그랜저 하이브리드(GRANDEUR HYBRID)","2020"
"2020-07-28","현대자동차(주)","그랜저(GRANDEUR)","2020"
"2020-07-29","르노삼성자동차(주)","QM6","2020"
"2020-07-30","르노삼성자동차(주)","QM6","2020"
"2020-07-28","현대자동차(주)","GV80","2020"
"2020-07-28","비엠더블유코리아(주)","BMW 530i xDrive","2017"
"2020-07-28","르노삼성자동차(주)","SM7","2012"
"2020-07-28","현대자동차(주)","그랜저(GRANDEUR)","2020"
"2020-07-27","현대자동차(주)","그랜저(GRANDEUR)","2020"
"2020-07-27","현대자동차(주)","맥스크루즈 (MAXCRUZ)","2014"
"2020-07-28","현대자동차(주)","그랜저(GRANDEUR)","2020"
"2020-07-27","현대자동차(주)","베뉴(VENUE)","2020"
"2020-07-29","현대자동차(주)","그랜저(GRANDEUR)","2020"
"2020-07-27","한국지엠(주)","크루즈 1.4","2014"
"2020-07-27","현대자동차(주)","제네시스(GENESIS)","2016"
"2020-07-24","현대자동차(주)","제네시스(GENESIS)","2016"
"2020-07-29","쌍용자동차(주)","G4 렉스턴","2018"
"2020-07-29","기아자동차(주)","스포티지","2020"
"2020-07-27","르노삼성자동차(주)","SM5 LPLi","2010"
"2020-07-29","르노삼성자동차(주)","QM6","2020"
"2020-07-28","현대자동차(주)","그랜저(GRANDEUR)","2020"
"2020-07-27","현대자동차(주)","그랜저(GRANDEUR)","2020"
"2020-07-24","메르세데스벤츠코리아(주)","ML350 BlueTEC 4Matic","2014"
"2020-07-27","현대자동차(주)","그랜저(GRANDEUR)","2020"
"2020-07-27","현대자동차(주)","그랜저(GRANDEUR)","2020"
"2020-07-24","포드세일즈서비스코리아(유)","Explorer 2.3 AWD","2019"
"2020-07-28","크라이슬러코리아(주)","짚 체로키 2.2","2016"
"2020-07-27","기아자동차(주)","K7","2013"
"2020-07-27","기아자동차(주)","스포티지","2016"
"2020-07-24","기아자동차(주)","스포티지","2012"
"2020-07-27","쌍용자동차(주)","G4 렉스턴","2018"
"2020-07-27","현대자동차(주)","맥스크루즈 (MAXCRUZ)","2017"
"2020-07-23","기아자동차(주)","K5 하이브리드","2013"
"2020-07-28","현대자동차(주)","아반떼 (AVANTE)","2014"
"2020-07-29","르노삼성자동차(주)","SM6","2016"
"2020-07-27","현대자동차(주)","아반떼(AVANTE)","2021"
"2020-07-28","르노삼성자동차(주)","QM6","2020"
"2020-07-27","지엠대우오토앤테크놀로지(주)","CHEVROLET IMPALA 2.5","2016"
"2020-07-23","현대자동차(주)","제네시스(GENESIS)","2015"
"2020-07-27","메르세데스벤츠코리아(주)","E220 d 4Matic","2017"
"2020-07-27","르노삼성자동차(주)","SM6","2017"
"2020-07-23","비엠더블유코리아(주)","BMW 525d xDrive","2013"
"2020-07-27","기아자동차(주)","K7 하이브리드","2020"
"2020-07-29","현대자동차(주)","에쿠스(EQUUS)","2010"
"2020-07-27","아우디폭스바겐코리아(주)","Q8 50 TDI quattro","2020"
"2020-07-29","지엠대우오토앤테크놀로지(주)","CHEVROLET IMPALA 2.5","2016"
"2020-07-27","현대자동차(주)","그랜저 하이브리드(GRANDEUR HYBRID)","2020"
"2020-07-27","비엠더블유코리아(주)","MINI Cooper five-door","2016"
"2020-07-23","한국지엠(주)","말리부 1.5 TURBO","2017"
"2020-07-23","현대자동차(주)","그랜저(GRANDEUR)","2020"
"2020-07-29","현대자동차(주)","그랜저(GRANDEUR)","2020"
"2020-07-27","현대자동차(주)","GV80","2020"
"2020-07-27","메르세데스벤츠코리아(주)","Mercedes-Benz GLE 450 4MATIC","2020"
"2020-07-23","기아자동차(주)","모하비","2018"
"2020-07-27","현대자동차(주)","투싼(TUCSON)","2016"
"2020-07-29","쌍용자동차(주)","코란도C","2012"
"2020-07-29","르노삼성자동차(주)","CAPTUR","2020"
"2020-07-23","비엠더블유코리아(주)","BMW 320d M Sport Package","2020"
"2020-07-27","현대자동차(주)","그랜저(GRANDEUR)","2020"
"2020-07-29","현대자동차(주)","투싼(TUCSON)","2016"
"2020-07-27","현대자동차(주)","아반떼(AVANTE)","2011"
"2020-07-29","현대자동차(주)","GV80","2020"
"2020-07-27","아우디폭스바겐코리아(주)","Tiguan Allspace 2.0 TDI","2018"
"2020-07-29","현대자동차(주)","그랜저(GRANDEUR)","2020"
"2020-07-22","기아자동차(주)","로체","2008"
"2020-07-24","현대자동차(주)","그랜저(GRANDEUR)","2020"
"2020-07-24","현대자동차(주)","그랜저(GRANDEUR)","2020"
"2020-07-22","르노삼성자동차(주)","XM3","2020"
"2020-07-24","르노삼성자동차(주)","QM6","2020"
"2020-07-24","현대자동차(주)","그랜저 하이브리드(GRANDEUR HYBRID)","2020"
"2020-07-22","기아자동차(주)","프라이드","2014"
"2020-07-22","현대자동차(주)","그랜저(GRANDEUR)","2020"
"2020-07-22","현대자동차(주)","아반떼(AVANTE)","2019"
"2020-07-23","기아자동차(주)","K5 하이브리드","2013"
"2020-07-24","르노삼성자동차(주)","QM6","2020"
"2020-07-24","현대자동차(주)","제네시스(GENESIS)","2016"
"2020-07-22","한국지엠(주)","캡티바 2.0D 디젤","2013"
"2020-07-24","현대자동차(주)","그랜저(GRANDEUR)","2020"
"2020-07-24","기아자동차(주)","K7","2014"
"2020-07-22","기아자동차(주)","K7","2014"
"2020-07-27","아우디폭스바겐코리아(주)","Tiguan 2.0 TDI Blue Motion","2012"
"2020-07-28","현대자동차(주)","아반떼(AVANTE)","2021"
"2020-07-22","르노삼성자동차(주)","QM6","2017"
"2020-07-24","르노삼성자동차(주)","SM3","2014"
"2020-07-22","현대자동차(주)","싼타페(SANTAFE)","2019"
"2020-07-24","한국지엠(주)","윈스톰2.0S디젤","2008"
"2020-07-24","현대자동차(주)","그랜저(GRANDEUR)","2020"
"2020-07-24","비엠더블유코리아(주)","BMW 530i","2018"
"2020-07-24","현대자동차(주)","그랜저(GRANDEUR)","2020"
"2020-07-27","비엠더블유코리아(주)","BMW 530e iPerformance Luxury","2020"
"2020-07-27","지엠대우오토앤테크놀로지(주)","CHEVROLET IMPALA 2.5","2016"
"2020-07-27","한국지엠(주)","크루즈 1.8 DOHC","2014"
"2020-07-27","르노삼성자동차(주)","SM7","2012"
"2020-07-21","지엠대우오토앤테크놀로지(주)","CHEVROLET BOLT EV","2017"
"2020-07-23","현대자동차(주)","GV80","2020"
"2020-07-27","기아자동차(주)","K7","2013"
"2020-07-23","기아자동차(주)","K5","2011"
"2020-07-23","현대자동차(주)","GV80","2020"
"2020-07-23","현대자동차(주)","싼타페(SANTAFE)","2015"
"2020-07-23","현대자동차(주)","그랜저(GRANDEUR)","2020"
"2020-07-23","르노삼성자동차(주)","XM3","2020"
"2020-07-23","현대자동차(주)","투싼(TUCSON)","2016"
"2020-07-21","메르세데스벤츠코리아(주)","C220 d 4Matic","2019"
"2020-07-23","현대자동차(주)","그랜저(GRANDEUR)","2020"
"2020-07-23","현대자동차(주)","투싼(TUCSON)","2016"
"2020-07-23","아우디폭스바겐코리아(주)","Tiguan 2.0 TDI Blue Motion","2015"
"2020-07-21","비엠더블유코리아(주)","BMW 520d M Sport Package","2019"
"2020-07-21","기아자동차(주)","K7","2020"
"2020-07-24","현대자동차(주)","i40","2012"
"2020-07-24","현대자동차(주)","그랜저(GRANDEUR)","2020"
"2020-07-23","쌍용자동차(주)","티볼리 에어","2019"
"2020-07-24","현대자동차(주)","GV80","2020"
"2020-07-21","자기인증면제차량","랜드로버 레인지로버 SPORT HSE","2010"
"2020-07-23","르노삼성자동차(주)","QM6","2020"
"2020-07-21","르노삼성자동차(주)","SM3","2014"
"2020-07-23","현대자동차(주)","그랜저(GRANDEUR)","2020"
"2020-07-23","한국지엠(주)","윈스톰2.0S디젤","2010"
"2020-07-23","현대자동차(주)","GV80","2020"
"2020-07-23","한국지엠(주)","말리부 2.4 DOHC","2014"
"2020-07-27","현대자동차(주)","그랜저(GRANDEUR)","2020"
"2020-07-23","현대자동차(주)","아반떼(AVANTE)","2021"
"2020-07-21","기아자동차(주)","K7","2020"
"2020-07-22","현대자동차(주)","그랜저(GRANDEUR)","2020"
"2020-07-22","현대자동차(주)","i30","2012"
"2020-07-22","현대자동차(주)","아반떼(AVANTE)","2009"
"2020-07-22","현대자동차(주)","i30","2012"
"2020-07-23","테슬라코리아 유한회사","Model 3 Long Range","2020"
"2020-07-22","현대자동차(주)","그랜저(GRANDEUR)","2020"
"2020-07-22","기아자동차(주)","카니발 리무진","2016"
"2020-07-24","아우디폭스바겐코리아(주)","A6 45 TFSI","2020"
"2020-07-22","비엠더블유코리아(주)","BMW 528i","2014"
"2020-07-20","현대자동차(주)","아반떼(AVANTE)","2016"
"2020-07-23","르노삼성자동차(주)","XM3","2020"
"2020-07-22","현대자동차(주)","그랜저(GRANDEUR)","2020"
"2020-07-22","크라이슬러코리아(주)","짚그랜드체로키","2014"
"2020-07-24","비엠더블유코리아(주)","BMW 520i Luxury","2019"
"2020-07-24","현대자동차(주)","아반떼(AVANTE)","2021"
"2020-07-20","기아자동차(주)","K7","2016"
"2020-07-24","아우디폭스바겐코리아(주)","Golf 2.0 TDI BMT","2016"
"2020-07-22","르노삼성자동차(주)","XM3","2020"
"2020-07-22","현대자동차(주)","맥스크루즈 (MAXCRUZ)","2016"
"2020-07-24","아우디폭스바겐코리아(주)","A6 45 TFSI quattro","2020"
"2020-07-22","르노삼성자동차(주)","XM3","2020"
"2020-07-22","메르세데스벤츠코리아(주)","벤츠 CLS450 4Matic","2020"
"2020-07-24","현대자동차(주)","아반떼(AVANTE)","2021"
"2020-07-22","현대자동차(주)","그랜저(GRANDEUR)","2020"
"2020-07-22","현대자동차(주)","GV80","2020"
"2020-07-20","르노삼성자동차(주)","QM6","2020"
"2020-07-22","한국지엠(주)","말리부 2.0 LPG","2013"
"2020-07-22","비엠더블유코리아(주)","BMW 520i Luxury","2020"
"2020-07-22","비엠더블유코리아(주)","BMW 520i Luxury","2020"
"2020-07-22","한국지엠(주)","말리부 2.0 DOHC","2012"
"2020-07-24","현대자동차(주)","그랜저(GRANDEUR)","2020"
"2020-07-20","쌍용자동차(주)","렉스턴스포츠 칸","2020"
"2020-07-23","비엠더블유코리아(주)","MINI Cooper Clubman","2016"
"2020-07-23","현대자동차(주)","GV80","2020"
"2020-07-22","아우디폭스바겐코리아(주)","A6 35 TDI","2018"
"2020-07-22","현대자동차(주)","아반떼(AVANTE)","2021"
"2020-07-21","기아자동차(주)","스포티지","2019"
"2020-07-21","현대자동차(주)","아반떼(AVANTE)","2021"
"2020-07-21","기아자동차(주)","K7","2013"
"2020-07-22","현대자동차(주)","그랜저 하이브리드(GRANDEUR HYBRID)","2020"
"2020-07-21","르노삼성자동차(주)","SM6","2016"
"2020-07-21","기아자동차(주)","K7","2013"
"2020-07-23","르노삼성자동차(주)","CAPTUR","2020"
"2020-07-21","현대자동차(주)","i30","2014"
"2020-07-21","한국지엠(주)","스파크 1.0","2017"
"2020-07-21","현대자동차(주)","아반떼(AVANTE)","2021"
"2020-07-21","현대자동차(주)","싼타페(SANTAFE)","2015"
"2020-07-21","한국지엠(주)","말리부 2.4 DOHC","2014"
"2020-07-21","비엠더블유코리아(주)","MINI Cooper D Countryman ALL4","2013"
"2020-07-21","르노삼성자동차(주)","SM7","2012"
"2020-07-21","현대자동차(주)","그랜저(GRANDEUR)","2020"
"2020-07-21","현대자동차(주)","그랜저(GRANDEUR)","2020"
"2020-07-21","현대자동차(주)","아반떼(AVANTE)","2021"
"2020-07-20","메르세데스벤츠코리아(주)","Mercedes-AMG E53 4Matic +","2019"
"2020-07-22","현대자동차(주)","그랜저(GRANDEUR)","2020"
"2020-07-20","한국지엠(주)","트레일블레이저 1.35 TURBO FWD","2021"
"2020-07-17","기아자동차(주)","쏘렌토","2021"
"2020-07-21","현대자동차(주)","그랜저(GRANDEUR)","2020"
"2020-07-20","현대자동차(주)","아반떼(AVANTE)","2021"
"2020-07-23","현대자동차(주)","아반떼(AVANTE)","2021"
"2020-07-22","현대자동차(주)","GV80","2020"
"2020-07-20","르노삼성자동차(주)","SM6","2016"
"2020-07-20","현대자동차(주)","그랜저(GRANDEUR)","2020"
"2020-07-20","현대자동차(주)","GV80","2020"
"2020-07-21","기아자동차(주)","K5","2011"
"2020-07-17","기아자동차(주)","니로 하이브리드","2020"
"2020-07-20","현대자동차(주)","GV80","2020"
"2020-07-17","비엠더블유코리아(주)","MINI Cooper D Countryman","2012"
"2020-07-21","현대자동차(주)","아반떼(AVANTE)","2021"
"2020-07-21","기아자동차(주)","쏘렌토","2012"
"2020-07-17","비엠더블유코리아(주)","BMW 520d","2013"
"2020-07-21","한국지엠(주)","캡티바 2.0 디젤","2016"
"2020-07-20","한국지엠(주)","트랙스 1.6 디젤","2016"
"2020-07-20","한국지엠(주)","트레일블레이저 1.35 TURBO FWD","2021"
"2020-07-17","기아자동차(주)","스포티지","2016"
"2020-07-20","한국지엠(주)","말리부 2.0 DOHC","2014"
"2020-07-20","현대자동차(주)","GV80","2020"
"2020-07-17","(주)한국쓰리축","한국쓰리축6.5톤트럭","2015"
"2020-07-22","기아자동차(주)","K7","2014"
"2020-07-20","한국지엠(주)","윈스톰2.0S디젤","2010"
"2020-07-20","현대자동차(주)","GV80","2020"
"2020-07-20","현대자동차(주)","아반떼(AVANTE)","2021"
"2020-07-17","(주) 한국모터트레이딩","MT-03","2017"
"2020-07-22","기아자동차(주)","K5","2016"
"2020-07-17","아우디폭스바겐코리아(주)","Golf 2.0 TDI BMT","2015"
"2020-07-16","비엠더블유코리아(주)","BMW X6 xDrive30d","2016"
"2020-07-16","현대자동차(주)","i30","2020"
"2020-07-16","르노삼성자동차(주)","SM6","2016"
"2020-07-17","현대자동차(주)","G80","2018"
"2020-07-22","현대자동차(주)","아반떼(AVANTE)","2021"
"2020-07-20","쌍용자동차(주)","렉스턴스포츠 칸","2020"
"2020-07-17","한국지엠(주)","말리부 1.5 TURBO","2017"
"2020-07-16","아우디폭스바겐코리아(주)","A6 50 TDI quattro","2016"
"2020-07-17","현대자동차(주)","GV80","2020"
"2020-07-16","현대자동차(주)","그랜저(GRANDEUR)","2011"
"2020-07-20","현대자동차(주)","투싼(TUCSON)","2016"
"2020-07-16","현대자동차(주)","그랜저(GRANDEUR)","2020"
"2020-07-17","현대자동차(주)","쏘나타(SONATA)","2017"
"2020-07-17","한국지엠(주)","트랙스 1.4","2015"
"2020-07-16","현대자동차(주)","그랜저(GRANDEUR)","2020"
"2020-07-16","현대자동차(주)","그랜저(GRANDEUR)","2020"
"2020-07-16","아우디폭스바겐코리아(주)","A6 50 TDI quattro","2016"
"2020-07-17","아우디폭스바겐코리아(주)","Golf 1.4 TSI","2014"
"2020-07-17","현대자동차(주)","투싼(TUCSON)","2016"
"2020-07-20","한국지엠(주)","윈스톰2.0S디젤","2010"
"2020-07-16","비엠더블유코리아(주)","ML350","2014"
"2020-07-17","기아자동차(주)","니로 하이브리드","2020"
"2020-07-21","아우디폭스바겐코리아(주)","Golf 2.0 TDI BMT","2016"
"2020-07-21","르노삼성자동차(주)","SM3","2016"
"2020-07-16","메르세데스벤츠코리아(주)","E300","2012"
"2020-07-20","르노삼성자동차(주)","SM3","2014"
"2020-07-20","현대자동차(주)","그랜저(GRANDEUR)","2020"
"2020-07-17","르노삼성자동차(주)","SM3","2014"
"2020-07-16","현대자동차(주)","i40","2012"
"2020-07-17","현대자동차(주)","그랜저(GRANDEUR)","2020"
"2020-07-17","르노삼성자동차(주)","XM3","2020"
"2020-07-17","비엠더블유코리아(주)","BMW 530i xDrive M Sport Package Plus","2019"
"2020-07-17","르노삼성자동차(주)","QM6","2020"
"2020-07-21","비엠더블유코리아(주)","BMW X3 xDrive20d","2012"
"2020-07-15","쌍용자동차(주)","렉스턴스포츠 칸","2020"
"2020-07-17","르노삼성자동차(주)","SM7","2015"
"2020-07-17","르노삼성자동차(주)","SM7","2012"
"2020-07-20","크라이슬러코리아(주)","피아트 500X","2016"
"2020-07-17","기아자동차(주)","K5","2016"
"2020-07-21","르노삼성자동차(주)","QM6","2020"
"2020-07-15","주식회사 천하","천하사다리차","2020"
"2020-07-20","현대자동차(주)","아반떼(AVANTE)","2021"
"2020-07-17","르노삼성자동차(주)","XM3","2020"
"2020-07-17","르노삼성자동차(주)","SM3","2011"
"2020-07-21","한국지엠(주)","윈스톰2.0S디젤","2010"
"2020-07-15","현대자동차(주)","그랜저(GRANDEUR)","2014"
"2020-07-15","한국토요타자동차(주)","렉서스 ES300h","2014"
"2020-07-16","현대자동차(주)","그랜저(GRANDEUR)","2020"
"2020-07-21","한국지엠(주)","말리부 1.35 TURBO","2020"
"2020-07-15","현대자동차(주)","그랜저(GRANDEUR)","2020"
"2020-07-15","쌍용자동차(주)","G4 렉스턴","2019"
"2020-07-15","기아자동차(주)","카니발 아웃도어","2017"
"2020-07-17","현대자동차(주)","맥스크루즈 (MAXCRUZ)","2014"
"2020-07-15","비엠더블유코리아(주)","BMW X6 xDrive30d","2018"
"2020-07-15","현대자동차(주)","팰리세이드(PALISADE)","2020"
"2020-07-15","현대자동차(주)","i30","2018"
"2020-07-15","쌍용자동차(주)","코란도C","2013"
"2020-07-16","르노삼성자동차(주)","SM3","2014"
"2020-07-16","현대자동차(주)","쏘나타(SONATA)","2020"
"2020-07-16","현대자동차(주)","그랜저(GRANDEUR)","2020"
"2020-07-14","현대자동차(주)","그랜저(GRANDEUR)","2010"
"2020-07-16","현대자동차(주)","쏘나타(SONATA)","2020"
"2020-07-14","(주)대창모터스","Danigo","2018"
"2020-07-20","현대자동차(주)","그랜저(GRANDEUR)","2020"
"2020-07-16","현대자동차(주)","제네시스(GENESIS)","2016"
"2020-07-16","르노삼성자동차(주)","QM6","2020"
"2020-07-17","현대자동차(주)","G80","2021"
"2020-07-16","크라이슬러코리아(주)","짚 체로키","2015"
"2020-07-17","현대자동차(주)","아반떼(AVANTE)","2021"
"2020-07-17","한국지엠(주)","말리부 2.4 DOHC","2013"
"2020-07-14","기아자동차(주)","K7","2019"
"2020-07-16","기아자동차(주)","K9","2021"
"2020-07-15","현대자동차(주)","i40","2012"
"2020-07-16","현대자동차(주)","투싼(TUCSON)","2016"
"2020-07-16","르노삼성자동차(주)","XM3","2020"
"2020-07-14","현대자동차(주)","쏘나타(SONATA)","2018"
"2020-07-16","한불모터스(주)","Grand C4 Picasso 1.6 Blue-HDi","2017"
"2020-07-17","르노삼성자동차(주)","SM3","2014"
"2020-07-14","아우디폭스바겐코리아(주)","A6 45 TFSI","2020"
"2020-07-16","현대자동차(주)","그랜저(GRANDEUR)","2020"
"2020-07-15","주식회사 캠시스","CEVO-C","2020"
"2020-07-13","현대자동차(주)","싼타페","2002"
"2020-07-15","현대자동차(주)","그랜저(GRANDEUR)","2020"
"2020-07-15","현대자동차(주)","아반떼(AVANTE)","2021"
"2020-07-16","기아자동차(주)","셀토스","2020"
"2020-07-13","기아자동차(주)","봉고Ⅲ 4륜구동","2012"
"2020-07-13","르노삼성자동차(주)","XM3","2020"
"2020-07-13","현대자동차(주)","그랜저(GRANDEUR)","2020"
"2020-07-16","테슬라코리아 유한회사","Model 3 Standard Range Plus RWD","2020"
"2020-07-13","기아자동차(주)","K7","2012"
"2020-07-13","현대자동차(주)","그랜저(GRANDEUR)","2020"
"2020-07-15","기아자동차(주)","K9","2020"
"2020-07-15","아우디폭스바겐코리아(주)","Tiguan 2.0 TDI 4Motion","2018"
"2020-07-15","현대자동차(주)","그랜저(GRANDEUR)","2020"
"2020-07-17","현대자동차(주)","그랜저(GRANDEUR)","2020"
"2020-07-13","르노삼성자동차(주)","SM3","2011"
"2020-07-15","기아자동차(주)","카니발 아웃도어","2016"
"2020-07-15","기아자동차(주)","K7","2013"
"2020-07-16","현대자동차(주)","아반떼(AVANTE)","2021"
"2020-07-15","현대자동차(주)","그랜저(GRANDEUR)","2020"
"2020-07-17","현대자동차(주)","아반떼(AVANTE)","2021"
"2020-07-15","아우디폭스바겐코리아(주)","Tiguan 2.0 TDI 4Motion","2020"
"2020-07-15","현대자동차(주)","아반떼(AVANTE)","2021"
"2020-07-15","크라이슬러코리아(주)","짚 레니게이드","2019"
"2020-07-16","르노삼성자동차(주)","SM6","2016"
"2020-07-16","기아자동차(주)","셀토스","2020"
"2020-07-15","현대자동차(주)","그랜저(GRANDEUR)","2020"
"2020-07-15","르노삼성자동차(주)","SM3","2013"
"2020-07-16","현대자동차(주)","아반떼(AVANTE)","2021"
"2020-07-13","현대자동차(주)","코나 일렉트릭 (KONA ELECTRIC)","2019"
"2020-07-15","아우디폭스바겐코리아(주)","A6 45 TFSI quattro","2020"
"2020-07-13","르노삼성자동차(주)","SM6","2017"
"2020-07-14","아우디폭스바겐코리아(주)","A6 45 TFSI quattro","2020"
"2020-07-15","현대자동차(주)","i40","2012"
"2020-07-14","현대자동차(주)","아반떼(AVANTE)","2021"
"2020-07-15","현대자동차(주)","GV80","2020"
"2020-07-14","기아자동차(주)","K5","2020"
"2020-07-16","르노삼성자동차(주)","XM3","2020"
"2020-07-14","기아자동차(주)","K7","2020"
"2020-07-14","한국지엠(주)","트랙스 1.4","2014"
"2020-07-14","르노삼성자동차(주)","SM6","2016"
"2020-07-14","르노삼성자동차(주)","SM6","2016"
"2020-07-14","현대자동차(주)","투싼(TUCSON)","2016"
"2020-07-14","현대자동차(주)","그랜저(GRANDEUR)","2020"
"2020-07-14","한불모터스(주)","Grand C4 Picasso 2.0 Blue-HDi","2015"
"2020-07-16","아우디폭스바겐코리아(주)","A6 45 TFSI","2020"
"2020-07-14","메리트특장차주식회사","메리트8.5톤트럭","2020"
"2020-07-14","르노삼성자동차(주)","XM3","2020"
"2020-07-15","현대자동차(주)","GV80","2020"
"2020-07-14","현대자동차(주)","아반떼(AVANTE)","2011"
"2020-07-14","한국지엠(주)","트랙스 1.4","2014"
"2020-07-14","(주)동일이앤시","동일이앤시이동업무차","2019"
"2020-07-14","르노삼성자동차(주)","XM3","2020"
"2020-07-15","한국지엠(주)","윈스톰2.0S디젤","2010"
"2020-07-13","기아자동차(주)","K5","2020"
"2020-07-10","현대자동차(주)","그랜저(GRANDEUR)","2020"
"2020-07-14","현대자동차(주)","싼타페(SANTAFE)","2013"
"2020-07-14","한국지엠(주)","말리부 2.0 DOHC","2015"
"2020-07-13","아우디폭스바겐코리아(주)","Golf 2.0 TDI BMT","2016"
"2020-07-10","아우디폭스바겐코리아(주)","A6 45 TFSI quattro","2020"
"2020-07-13","아우디폭스바겐코리아(주)","Golf 2.0 TDI BMT","2015"
"2020-07-10","아우디폭스바겐코리아(주)","Touareg 3.0 TDI Blue Motion","2015"
"2020-07-10","르노삼성자동차(주)","SM3","2013"
"2020-07-13","르노삼성자동차(주)","SM6","2016"
"2020-07-10","비엠더블유코리아(주)","BMW X6 xDrive30d","2017"
"2020-07-10","르노삼성자동차(주)","XM3","2020"
"2020-07-13","현대자동차(주)","투싼(TUCSON)","2016"
"2020-07-10","메르세데스벤츠코리아(주)","Mercedes-Benz C200","2020"
"2020-07-14","현대자동차(주)","i40 Saloon","2012"
"2020-07-13","지엠대우오토앤테크놀로지(주)","CHEVROLET IMPALA 2.5","2016"
"2020-07-14","르노삼성자동차(주)","XM3","2020"
"2020-07-13","기아자동차(주)","스포티지","2018"
"2020-07-13","쌍용자동차(주)","렉스턴스포츠","2020"
"2020-07-13","메르세데스벤츠코리아(주)","벤츠 CLS450 4Matic","2020"
"2020-07-13","기아자동차(주)","K5","2011"
"2020-07-09","한국지엠(주)","트랙스 1.4","2015"
"2020-07-13","현대자동차(주)","쏘나타(SONATA)","2013"
"2020-07-13","현대자동차(주)","그랜저(GRANDEUR)","2020"
"2020-07-09","현대자동차(주)","그랜저(GRANDEUR)","2020"
"2020-07-09","르노삼성자동차(주)","SM5 D","2016"
"2020-07-14","쌍용자동차(주)","코란도C","2015"
"2020-07-13","현대자동차(주)","아반떼(AVANTE)","2021"
"2020-07-09","기아자동차(주)","K7","2013"
"2020-07-13","르노삼성자동차(주)","XM3","2020"
"2020-07-13","현대자동차(주)","아반떼(AVANTE)","2021"
"2020-07-09","메르세데스벤츠코리아(주)","SLK200","2012"
"2020-07-13","한국지엠(주)","캡티바 2.0 디젤","2016"
"2020-07-14","르노삼성자동차(주)","QM3","2017"
"2020-07-15","지엠대우오토앤테크놀로지(주)","CHEVROLET IMPALA 2.5","2016"
"2020-07-15","현대자동차(주)","아반떼(AVANTE)","2021"
"2020-07-13","기아자동차(주)","카니발","2019"
"2020-07-13","현대자동차(주)","그랜저(GRANDEUR)","2020"
"2020-07-09","현대자동차(주)","쏘나타(SONATA)","2016"
"2020-07-13","르노삼성자동차(주)","SM6","2017"
"2020-07-13","기아자동차(주)","K9","2014"
"2020-07-14","기아자동차(주)","쏘렌토","2012"
"2020-07-13","현대자동차(주)","그랜저(GRANDEUR)","2020"
"2020-07-09","현대자동차(주)","그랜저(GRANDEUR)","2020"
"2020-07-15","아우디폭스바겐코리아(주)","A6 40 TDI quattro","2016"
"2020-07-10","메르세데스벤츠코리아(주)","E220 CDI","2013"
"2020-07-08","현대자동차(주)","그랜드스타렉스어린이버스(GRAND STAREX)","2020"
"2020-07-10","르노삼성자동차(주)","SM6","2016"
"2020-07-10","아우디폭스바겐코리아(주)","A6 45 TFSI","2020"
"2020-07-10","크라이슬러코리아(주)","짚그랜드체로키","2013"
"2020-07-13","현대자동차(주)","아반떼(AVANTE)","2021"
"2020-07-08","한국지엠(주)","말리부 2.0 DOHC","2015"
"2020-07-10","르노삼성자동차(주)","XM3","2020"
"2020-07-10","아우디폭스바겐코리아(주)","A6 45 TFSI quattro","2020"
"2020-07-15","현대자동차(주)","그랜저(GRANDEUR)","2020"
"2020-07-10","한국지엠(주)","트랙스 1.4","2014"
"2020-07-15","지엠대우오토앤테크놀로지(주)","CHEVROLET IMPALA 2.5","2016"
"2020-07-10","르노삼성자동차(주)","SM6","2016"
"2020-07-14","현대자동차(주)","아반떼(AVANTE)","2021"
"2020-07-10","아우디폭스바겐코리아(주)","A6 45 TFSI quattro","2020"
"2020-07-13","르노삼성자동차(주)","XM3","2020"
"2020-07-14","기아자동차(주)","쏘렌토","2011"
"2020-07-10","르노삼성자동차(주)","SM6","2017"
"2020-07-10","기아자동차(주)","K9","2021"
"2020-07-10","현대자동차(주)","그랜저(GRANDEUR)","2020"
"2020-07-10","쌍용자동차(주)","티볼리","2016"
"2020-07-08","르노삼성자동차(주)","SM6","2016"
"2020-07-08","현대자동차(주)","아반떼(AVANTE)","2021"
"2020-07-09","현대자동차(주)","아반떼(AVANTE)","2021"
"2020-07-07","지엠코리아(주)","캐딜락CTS","2016"
"2020-07-07","크라이슬러코리아(주)","300C","2015"
"2020-07-09","한국지엠(주)","크루즈 1.8 DOHC","2014"
"2020-07-07","기아자동차(주)","K9","2013"
"2020-07-13","현대자동차(주)","아반떼(AVANTE)","2021"
"2020-07-09","르노삼성자동차(주)","XM3","2020"
"2020-07-09","현대자동차(주)","아반떼(AVANTE)","2021"
"2020-07-13","쌍용자동차(주)","코란도","2019"
"2020-07-07","현대자동차(주)","그랜저(GRANDEUR)","2020"
"2020-07-14","르노삼성자동차(주)","XM3","2020"
"2020-07-10","지엠코리아(주)","캐딜락 XT5","2019"
"2020-07-09","지엠코리아(주)","캐딜락 CT6 3.6","2019"
"2020-07-13","한국지엠(주)","라세티 2.0 디젤","2011"
"2020-07-13","쌍용자동차(주)","코란도","2019"
"2020-07-09","(주)재규어랜드로버코리아","디스커버리 스포츠 2.0D","2016"
"2020-07-07","현대자동차(주)","그랜저(GRANDEUR)","2020"
"2020-07-09","현대자동차(주)","아반떼(AVANTE)","2021"
"2020-07-09","현대자동차(주)","맥스크루즈 (MAXCRUZ)","2014"
"2020-07-10","현대자동차(주)","쏘나타 (SONATA) 하이브리드","2012"
"2020-07-10","현대자동차(주)","그랜저(GRANDEUR)","2020"
"2020-07-09","포르쉐코리아 주식회사","카이엔 E-하이브리드 COUPE","2020"
"2020-07-13","쌍용자동차(주)","코란도","2019"
"2020-07-09","기아자동차(주)","K7","2019"
"2020-07-09","지엠대우오토앤테크놀로지(주)","CHEVROLET IMPALA 2.5","2016"
"2020-07-09","(주)한성특장","한성3.5톤카고","2018"
"2020-07-09","현대자동차(주)","그랜저(GRANDEUR)","2020"
"2020-07-10","현대자동차(주)","G80","2021"
"2020-07-08","현대자동차(주)","아반떼(AVANTE)","2021"
"2020-07-08","르노삼성자동차(주)","XM3","2020"
"2020-07-09","현대자동차(주)","아반떼(AVANTE)","2021"
"2020-07-06","메르세데스벤츠코리아(주)","C200 d","2017"
"2020-07-09","현대자동차(주)","베뉴(VENUE)","2020"
"2020-07-08","현대자동차(주)","아반떼(AVANTE)","2021"
"2020-07-08","비엠더블유코리아(주)","BMW X4 xDrive20d M Sport Package","2020"
"2020-07-06","기아자동차(주)","그랜드 카니발","2009"
"2020-07-10","현대자동차(주)","아반떼(AVANTE)","2021"
"2020-07-09","아우디폭스바겐코리아(주)","A6 45 TFSI quattro","2020"
"2020-07-08","현대자동차(주)","아반떼(AVANTE)","2021"
"2020-07-09","르노삼성자동차(주)","XM3","2020"
"2020-07-09","르노삼성자동차(주)","XM3","2020"
"2020-07-10","현대자동차(주)","아반떼(AVANTE)","2009"
"2020-07-08","르노삼성자동차(주)","SM3","2014"
"2020-07-10","아우디폭스바겐코리아(주)","A6 40 TDI","2020"
"2020-07-08","현대자동차(주)","아반떼(AVANTE)","2021"
"2020-07-06","현대자동차(주)","제네시스(GENESIS)","2015"
"2020-07-08","기아자동차(주)","스팅어","2020"
"2020-07-09","(주)재규어랜드로버코리아","디스커버리 스포츠 2.0D","2016"
"2020-07-10","현대자동차(주)","그랜저(GRANDEUR)","2020"
"2020-07-08","르노삼성자동차(주)","XM3","2020"
"2020-07-08","르노삼성자동차(주)","XM3","2020"
"2020-07-06","현대자동차(주)","그랜저(GRANDEUR)","2020"
"2020-07-06","현대자동차(주)","그랜저(GRANDEUR)","2020"
"2020-07-08","현대자동차(주)","그랜저(GRANDEUR)","2020"
"2020-07-06","크라이슬러코리아(주)","짚 체로키 2.4","2016"
"2020-07-09","르노삼성자동차(주)","XM3","2020"
"2020-07-08","기아자동차(주)","K7","2020"
"2020-07-09","현대자동차(주)","아반떼(AVANTE)","2021"
"2020-07-09","현대자동차(주)","아반떼(AVANTE)","2021"
"2020-07-06","기아자동차(주)","모닝","2015"
"2020-07-09","현대자동차(주)","맥스크루즈 (MAXCRUZ)","2017"
"2020-07-08","기아자동차(주)","K9","2013"
"2020-07-06","현대자동차(주)","그랜저(GRANDEUR)","2020"
"2020-07-07","한국지엠(주)","말리부 2.0 TURBO","2017"
"2020-07-08","현대자동차(주)","그랜저 하이브리드(GRANDEUR HYBRID)","2020"
"2020-07-07","현대자동차(주)","그랜저 하이브리드","2018"
"2020-07-07","현대자동차(주)","그랜저(GRANDEUR)","2020"
"2020-07-07","르노삼성자동차(주)","XM3","2020"
"2020-07-07","한국지엠(주)","말리부 1.5 TURBO","2017"
"2020-07-07","아우디폭스바겐코리아(주)","A6 45 TFSI quattro","2020"
"2020-07-07","르노삼성자동차(주)","XM3","2020"
"2020-07-09","현대자동차(주)","투싼(TUCSON)","2016"
"2020-07-07","지엠대우오토앤테크놀로지(주)","CHEVROLET IMPALA 2.5","2016"
"2020-07-07","아우디폭스바겐코리아(주)","A6 45 TFSI quattro","2020"
"2020-07-08","한국지엠(주)","캡티바 2.0 디젤","2017"
"2020-07-08","르노삼성자동차(주)","XM3","2020"
"2020-07-09","르노삼성자동차(주)","XM3","2020"
"2020-07-09","지엠대우오토앤테크놀로지(주)","CHEVROLET IMPALA 2.5","2017"
"2020-07-07","기아자동차(주)","쏘렌토","2021"
"2020-07-07","현대자동차(주)","아반떼(AVANTE)","2021"
"2020-07-07","현대자동차(주)","그랜저(GRANDEUR)","2019"
"2020-07-07","비엠더블유코리아(주)","BMW X3 xDrive20d xLine WLTP","2019"
"2020-07-08","르노삼성자동차(주)","XM3","2020"
"2020-07-03","현대자동차(주)","그랜저(GRANDEUR)","2020"
"2020-07-08","현대자동차(주)","아반떼(AVANTE)","2021"
"2020-07-07","지엠대우오토앤테크놀로지(주)","CHEVROLET IMPALA 2.5","2016"
"2020-07-06","현대자동차(주)","맥스크루즈 (MAXCRUZ)","2016"
"2020-07-08","한불모터스(주)","Grand C4 Picasso 2.0 Blue-HDi","2015"
"2020-07-06","르노삼성자동차(주)","XM3","2020"
"2020-07-08","지엠대우오토앤테크놀로지(주)","CHEVROLET IMPALA 2.5","2017"
"2020-07-06","르노삼성자동차(주)","SM7","2013"
"2020-07-06","한국지엠(주)","알페온 2.4 DOHC","2015"
"2020-07-06","아우디폭스바겐코리아(주)","Golf 2.0 TDI BMT","2016"
"2020-07-06","기아자동차(주)","K7","2020"
"2020-07-03","비엠더블유코리아(주)","BMW X5 3.0si","2007"
"2020-07-03","현대자동차(주)","그랜저(GRANDEUR)","2020"
"2020-07-03","현대자동차(주)","아반떼(AVANTE)","2021"
"2020-07-07","현대자동차(주)","아반떼(AVANTE)","2021"
"2020-07-08","현대자동차(주)","아반떼(AVANTE)","2021"
"2020-07-07","아우디폭스바겐코리아(주)","A6 40 TDI","2020"
"2020-07-06","지엠대우오토앤테크놀로지(주)","CHEVROLET IMPALA 2.5","2016"
"2020-07-07","지엠대우오토앤테크놀로지(주)","CHEVROLET IMPALA 3.6","2017"
"2020-07-06","한국지엠(주)","올란도 2.0 LPG","2013"
"2020-07-06","현대자동차(주)","아반떼(AVANTE)","2021"
"2020-07-06","현대자동차(주)","투싼(TUCSON)","2016"
"2020-07-06","르노삼성자동차(주)","XM3","2020"
"2020-07-06","르노삼성자동차(주)","XM3","2020"
"2020-07-06","현대자동차(주)","그랜저(GRANDEUR)","2020"
"2020-07-07","르노삼성자동차(주)","XM3","2020"
"2020-07-06","현대자동차(주)","쏘나타(SONATA)","2016"
"2020-07-06","현대자동차(주)","쏘나타(SONATA)","2016"
"2020-07-06","지엠대우오토앤테크놀로지(주)","CHEVROLET COLORADO AWD","2020"
"2020-07-02","비엠더블유코리아(주)","BMW 520d","2017"
"2020-07-06","기아자동차(주)","봉고Ⅲ 1톤","2020"
"2020-07-02","현대자동차(주)","그랜저(GRANDEUR)","2020"
"2020-07-06","현대자동차(주)","아반떼(AVANTE)","2021"
"2020-07-02","현대자동차(주)","포터Ⅱ 일렉트릭 (PORTERⅡ ELECTRIC)","2020"
"2020-07-06","현대자동차(주)","그랜저(GRANDEUR)","2020"
"2020-07-07","르노삼성자동차(주)","SM6","2016"
"2020-07-02","메르세데스벤츠코리아(주)","C200 d","2016"
"2020-07-06","기아자동차(주)","봉고Ⅲ 1톤","2020"
"2020-07-06","르노삼성자동차(주)","CAPTUR","2020"
"2020-07-06","메르세데스벤츠코리아(주)","S350 L","2019"
"2020-07-06","현대자동차(주)","아반떼(AVANTE)","2021"
"2020-07-06","아우디폭스바겐코리아(주)","A6 45 TFSI quattro","2020"
"2020-07-02","현대자동차(주)","쏘나타(SONATA)","2018"
"2020-07-06","기아자동차(주)","K3","2021"
"2020-07-08","르노삼성자동차(주)","XM3","2020"
"2020-07-02","기아자동차(주)","카니발","2008"
"2020-07-06","르노삼성자동차(주)","SM6","2016"
"2020-07-07","르노삼성자동차(주)","XM3","2020"
"2020-07-06","현대자동차(주)","에쿠스(EQUUS)","2010"
"2020-07-08","현대자동차(주)","맥스크루즈 (MAXCRUZ)","2017"
"2020-07-03","르노삼성자동차(주)","SM5","2016"
"2020-07-03","아우디폭스바겐코리아(주)","Polo 5 FL 1.4 TDI BMT","2016"
"2020-07-03","르노삼성자동차(주)","XM3","2020"
"2020-07-07","메르세데스벤츠코리아(주)","E200 CGI","2013"
"2020-07-03","르노삼성자동차(주)","SM6","2020"
"2020-07-03","한국지엠(주)","크루즈 1.4","2015"
"2020-07-06","현대자동차(주)","싼타페(SANTAFE)","2016"
"2020-07-03","현대자동차(주)","그랜저(GRANDEUR)","2020"
"2020-07-07","비엠더블유코리아(주)","BMW 520d xDrive","2016"
"2020-07-03","기아자동차(주)","쏘렌토","2021"
"2020-07-03","현대자동차(주)","그랜저(GRANDEUR)","2020"
"2020-07-03","기아자동차(주)","쏘렌토","2015"
"2020-07-03","기아자동차(주)","쏘렌토 하이브리드","2021"
"2020-07-07","아우디폭스바겐코리아(주)","A6 45 TDI quattro","2020"
"2020-07-07","르노삼성자동차(주)","XM3","2020"
"2020-07-03","한국지엠(주)","트랙스 1.4","2014"
"2020-07-03","기아자동차(주)","쏘렌토 하이브리드","2021"
"2020-07-03","현대자동차(주)","i30","2010"
"2020-07-03","르노삼성자동차(주)","XM3","2020"
"2020-07-03","기아자동차(주)","K5","2020"
"2020-07-03","한국지엠(주)","말리부 2.0 디젤","2015"
"2020-07-03","현대자동차(주)","아반떼(AVANTE)","2021"
"2020-07-03","현대자동차(주)","그랜저(GRANDEUR)","2020"
"2020-07-06","르노삼성자동차(주)","CAPTUR","2020"
"2020-07-03","한국지엠(주)","말리부 1.5 TURBO","2017"
"2020-07-03","현대자동차(주)","아반떼(AVANTE)","2021"
"2020-07-02","한국지엠(주)","말리부 2.4 DOHC","2014"
"2020-06-30","현대자동차(주)","싼타페(SANTAFE)","2019"
"2020-07-03","현대자동차(주)","아반떼(AVANTE)","2021"
"2020-07-06","(주)재규어랜드로버코리아","디스커버리 스포츠 2.0D","2016"
"2020-07-06","르노삼성자동차(주)","XM3","2020"
"2020-06-30","기아자동차(주)","쏘렌토","2021"
"2020-06-30","현대자동차(주)","그랜저(GRANDEUR)","2020"
"2020-07-02","기아자동차(주)","K7","2010"
"2020-07-02","르노삼성자동차(주)","XM3","2020"
"2020-06-30","한국지엠(주)","스파크 1.0 DOHC","2014"
"2020-07-02","비엠더블유코리아(주)","MINI Cooper five-door","2015"
"2020-07-02","현대자동차(주)","코나 일렉트릭 (KONA ELECTRIC)","2019"
"2020-07-02","현대자동차(주)","그랜저(GRANDEUR)","2016"
"2020-07-06","현대자동차(주)","투싼(TUCSON)","2016"
"2020-07-03","현대자동차(주)","아반떼(AVANTE)","2021"
"2020-07-02","아우디폭스바겐코리아(주)","A6 40 TDI quattro","2020"
"2020-07-03","르노삼성자동차(주)","SM3","2014"
"2020-06-30","르노삼성자동차(주)","SM7","2016"
"2020-07-02","한국지엠(주)","트레일블레이저 1.2 TURBO FWD","2021"
"2020-06-30","기아자동차(주)","스팅어","2020"
"2020-06-30","르노삼성자동차(주)","XM3","2020"
"2020-07-02","현대자동차(주)","아반떼(AVANTE)","2021"
"2020-07-06","현대자동차(주)","아반떼(AVANTE)","2021"
"2020-07-02","지엠대우오토앤테크놀로지(주)","CHEVROLET COLORADO AWD","2020"
"2020-07-06","포드세일즈서비스코리아(유)","Kuga 2.0 AWD","2017"
"2020-06-30","기아자동차(주)","K5","2014"
"2020-07-02","현대자동차(주)","아반떼(AVANTE)","2021"
"2020-06-30","크라이슬러코리아(주)","짚 체로키 2.4","2016"
"2020-07-02","현대자동차(주)","아반떼(AVANTE)","2021"
"2020-07-03","르노삼성자동차(주)","XM3","2020"
"2020-07-03","현대자동차(주)","아반떼(AVANTE)","2021"
"2020-06-30","르노삼성자동차(주)","XM3","2020"
"2020-07-02","메르세데스벤츠코리아(주)","C200 CGI","2013"
"2020-06-29","현대자동차(주)","그랜저(GRANDEUR)","2020"
"2020-07-02","르노삼성자동차(주)","SM7","2016"
"2020-06-29","현대자동차(주)","그랜저(GRANDEUR)","2020"
"2020-06-29","현대자동차(주)","G80","2021"
"2020-07-02","현대자동차(주)","i 30","2009"
"2020-06-29","현대자동차(주)","싼타페(SANTAFE)","2019"
"2020-06-29","한국지엠(주)","토스카 2.0 DOHC","2008"
"2020-07-03","기아자동차(주)","레이","2012"
"2020-07-02","기아자동차(주)","카니발","2016"
"2020-06-29","기아자동차(주)","K5","2020"
"2020-07-02","현대자동차(주)","그랜저(GRANDEUR)","2020"
"2020-07-02","현대자동차(주)","그랜저(GRANDEUR)","2011"
"2020-07-02","쌍용자동차(주)","티볼리","2018"
"2020-07-02","르노삼성자동차(주)","XM3","2020"
"2020-07-02","르노삼성자동차(주)","SM7","2013"
"2020-07-02","아우디폭스바겐코리아(주)","A6 45 TDI quattro","2015"
"2020-07-02","르노삼성자동차(주)","SM7","2015"
"2020-06-29","현대자동차(주)","그랜저(GRANDEUR)","2020"
"2020-07-06","르노삼성자동차(주)","SM7","2012"
"2020-06-29","기아자동차(주)","셀토스","2020"
"2020-07-02","현대자동차(주)","그랜저(GRANDEUR)","2020"
"2020-06-29","현대자동차(주)","그랜저(GRANDEUR)","2020"
"2020-07-02","기아자동차(주)","스포티지","2007"
"2020-06-29","(주)한성특장","한성4.5톤카고","2017"
"2020-06-29","한국지엠(주)","크루즈 1.8 DOHC","2013"
"2020-07-02","기아자동차(주)","K5","2011"
"2020-06-30","기아자동차(주)","K5","2014"
"2020-07-02","기아자동차(주)","그랜드 카니발","2013"
"2020-06-29","기아자동차(주)","스토닉","2018"
"2020-07-03","현대자동차(주)","그랜저(GRANDEUR)","2020"
"2020-07-02","르노삼성자동차(주)","XM3","2020"
"2020-06-30","현대자동차(주)","그랜저(GRANDEUR)","2020"
"2020-06-30","현대자동차(주)","아반떼(AVANTE)","2021"
"2020-06-30","기아자동차(주)","K7","2020"
"2020-06-30","기아자동차(주)","K7","2015"
"2020-06-30","기아자동차(주)","K7","2020"
"2020-06-30","현대자동차(주)","그랜저(GRANDEUR)","2020"
"2020-07-02","현대자동차(주)","투싼(TUCSON)","2016"
"2020-06-30","기아자동차(주)","K7","2020"
"2020-07-02","메르세데스벤츠코리아(주)","C220 CDI","2010"
"2020-06-30","기아자동차(주)","K5","2017"
"2020-06-30","기아자동차(주)","K7","2018"
"2020-06-30","아우디폭스바겐코리아(주)","A5 2.0 TFSI Quattro","2009"
"2020-06-30","르노삼성자동차(주)","SM3","2011"
"2020-07-02","기아자동차(주)","K5","2013"
"2020-06-29","쌍용자동차(주)","코란도C","2015"
"2020-06-26","아우디폭스바겐코리아(주)","Passat 2.0 TDI","2012"
"2020-06-26","아우디폭스바겐코리아(주)","Tiguan 2.0 TDI Blue Motion","2014"
"2020-07-02","르노삼성자동차(주)","XM3","2020"
"2020-06-29","쌍용자동차(주)","코란도C","2013"
"2020-07-02","기아자동차(주)","K5","2017"
"2020-06-26","기아자동차(주)","쏘렌토","2017"
"2020-06-29","르노삼성자동차(주)","XM3","2020"
"2020-06-26","아우디폭스바겐코리아(주)","Passat 2.0 TDI","2014"
"2020-06-26","현대자동차(주)","그랜저(GRANDEUR)","2020"
"2020-07-03","한국지엠(주)","스파크 1.0","2016"
"2020-07-02","기아자동차(주)","K7","2020"
"2020-07-02","르노삼성자동차(주)","SM6","2016"
"2020-06-26","기아자동차(주)","K7","2020"
"2020-06-29","현대자동차(주)","그랜저(GRANDEUR)","2020"
"2020-06-29","르노삼성자동차(주)","XM3","2020"
"2020-06-30","한국지엠(주)","스파크 1.0","2016"
"2020-07-02","쌍용자동차(주)","티볼리","2018"
"2020-06-26","르노삼성자동차(주)","XM3","2020"
"2020-07-02","현대자동차(주)","GV80","2020"
"2020-07-02","혼다코리아(주)","ACCORD HYBRID","2019"
"2020-06-30","르노삼성자동차(주)","CAPTUR","2020"
"2020-06-29","현대자동차(주)","아반떼(AVANTE)","2016"
"2020-06-26","비엠더블유코리아(주)","BMW X3 xDrive20i Luxury","2020"
"2020-06-29","(주)재규어랜드로버코리아","디스커버리 스포츠 TD4 150PS","2019"
"2020-06-30","쌍용자동차(주)","코란도","2019"
"2020-06-29","르노삼성자동차(주)","CAPTUR","2020"
"2020-06-29","현대자동차(주)","그랜저(GRANDEUR)","2020"
"2020-06-29","르노삼성자동차(주)","SM3","2014"
"2020-06-30","현대자동차(주)","그랜저(GRANDEUR)","2020"
"2020-07-02","아우디폭스바겐코리아(주)","Tiguan Allspace 2.0 TDI","2018"
"2020-06-25","아우디폭스바겐코리아(주)","Golf 2.0 TDI BMT","2016"
"2020-06-26","르노삼성자동차(주)","XM3","2020"
"2020-06-26","기아자동차(주)","쏘렌토","2016"
"2020-06-29","메르세데스벤츠코리아(주)","E220 d 4Matic","2017"
"2020-06-25","현대자동차(주)","코나 일렉트릭 (KONA ELECTRIC)","2019"
"2020-06-26","현대자동차(주)","그랜저(GRANDEUR)","2020"
"2020-06-25","현대자동차(주)","그랜저(GRANDEUR)","2020"
"2020-06-25","한국지엠(주)","라세티 1.8 DOHC","2010"
"2020-06-30","현대자동차(주)","그랜저(GRANDEUR)","2020"
"2020-06-29","기아자동차(주)","쏘렌토","2021"
"2020-06-25","아우디폭스바겐코리아(주)","Q7 45 TDI quattro","2020"
"2020-06-25","현대자동차(주)","그랜저(GRANDEUR)","2020"
"2020-06-25","기아자동차(주)","K3","2017"
"2020-06-26","기아자동차(주)","K7","2020"
"2020-06-25","현대자동차(주)","투싼(TUCSON)","2016"
"2020-06-26","한국지엠(주)","라세티 1.6 DOHC","2009"
"2020-06-26","르노삼성자동차(주)","XM3","2020"
"2020-06-30","현대자동차(주)","투싼(TUCSON)","2016"
"2020-06-26","현대자동차(주)","그랜저(GRANDEUR)","2020"
"2020-06-26","한국지엠(주)","말리부 2.0 LPG","2016"
"2020-06-26","현대자동차(주)","맥스크루즈 (MAXCRUZ)","2014"
"2020-06-26","비엠더블유코리아(주)","BMW 420i Gran Coupe","2020"
"2020-06-26","현대자동차(주)","그랜저(GRANDEUR)","2020"
"2020-06-26","쌍용자동차(주)","코란도C","2015"
"2020-06-24","쌍용자동차(주)","렉스턴스포츠","2020"
"2020-06-26","르노삼성자동차(주)","XM3","2020"
"2020-06-29","기아자동차(주)","K5","2011"
"2020-06-26","현대자동차(주)","투싼(TUCSON)","2016"
"2020-06-26","현대자동차(주)","그랜저(GRANDEUR)","2020"
"2020-06-26","비엠더블유코리아(주)","MINI Cooper D Clubman","2016"
"2020-06-29","현대자동차(주)","그랜저(GRANDEUR)","2020"
"2020-06-26","현대자동차(주)","그랜저(GRANDEUR)","2020"
"2020-06-26","르노삼성자동차(주)","SM6","2017"
"2020-06-26","현대자동차(주)","그랜저(GRANDEUR)","2020"
"2020-06-26","아우디폭스바겐코리아(주)","Golf 2.0 TDI BMT","2015"
"2020-06-30","현대자동차(주)","그랜저(GRANDEUR)","2020"
"2020-06-24","비엠더블유코리아(주)","BMW 520d xDrive","2018"
"2020-06-26","한국지엠(주)","트랙스 1.6 디젤","2019"
"2020-06-26","기아자동차(주)","스팅어","2020"
"2020-06-26","르노삼성자동차(주)","SM7","2012"
"2020-06-26","현대자동차(주)","그랜저(GRANDEUR)","2020"
"2020-06-26","기아자동차(주)","봉고Ⅲ 1톤","2020"
"2020-06-26","현대자동차(주)","그랜저(GRANDEUR)","2020"
"2020-06-24","르노삼성자동차(주)","XM3","2020"
"2020-06-24","기아자동차(주)","쏘렌토","2010"
"2020-06-26","한국지엠(주)","말리부 2.0 디젤","2015"
"2020-06-26","아우디폭스바겐코리아(주)","A6 45 TFSI quattro","2020"
"2020-06-24","르노삼성자동차(주)","XM3","2020"
"2020-06-25","르노삼성자동차(주)","XM3","2020"
"2020-06-25","기아자동차(주)","K7","2020"
"2020-06-25","현대자동차(주)","그랜저(GRANDEUR)","2020"
"2020-06-30","르노삼성자동차(주)","SM6","2019"
"2020-06-25","르노삼성자동차(주)","XM3","2020"
"2020-06-30","현대자동차(주)","싼타페(SANTAFE)","2015"
"2020-06-25","르노삼성자동차(주)","SM6","2016"
"2020-06-25","현대자동차(주)","그랜저(GRANDEUR)","2020"
"2020-06-25","현대자동차(주)","그랜저(GRANDEUR)","2020"
"2020-06-25","기아자동차(주)","K7","2020"
"2020-06-25","기아자동차(주)","K7","2020"
"2020-06-25","르노삼성자동차(주)","SM3","2012"
"2020-06-25","현대자동차(주)","맥스크루즈 (MAXCRUZ)","2015"
"2020-06-23","기아자동차(주)","스토닉","2018"
"2020-06-25","기아자동차(주)","K7","2020"
"2020-06-26","현대자동차(주)","쏘나타(SONATA)","2016"
"2020-06-26","아우디폭스바겐코리아(주)","A6 45 TFSI quattro","2020"
"2020-06-25","현대자동차(주)","그랜저(GRANDEUR)","2020"
"2020-06-26","기아자동차(주)","K7","2020"
"2020-06-25","현대자동차(주)","그랜저(GRANDEUR)","2020"
"2020-06-25","기아자동차(주)","K7","2020"
"2020-06-25","현대자동차(주)","그랜저(GRANDEUR)","2020"
"2020-06-26","현대자동차(주)","그랜저(GRANDEUR)","2020"
"2020-06-23","현대자동차(주)","i40","2012"
"2020-06-23","기아자동차(주)","K7","2020"
"2020-06-23","쌍용자동차(주)","코란도","2020"
"2020-06-25","현대자동차(주)","에쿠스(EQUUS)","2012"
"2020-06-25","르노삼성자동차(주)","SM6","2016"
"2020-06-23","기아자동차(주)","봉고Ⅲ 플러스내장차","2020"
"2020-06-25","르노삼성자동차(주)","XM3","2020"
"2020-06-25","한국지엠(주)","말리부 1.5 TURBO","2017"
"2020-06-26","르노삼성자동차(주)","XM3","2020"
"2020-06-25","르노삼성자동차(주)","XM3","2020"
"2020-06-29","르노삼성자동차(주)","SM6","2016"
"2020-06-29","기아자동차(주)","K7","2020"
"2020-06-25","르노삼성자동차(주)","XM3","2020"
"2020-06-23","비엠더블유코리아(주)","BMW 528i","2011"
"2020-06-25","현대자동차(주)","그랜저(GRANDEUR)","2020"
"2020-06-26","현대자동차(주)","그랜저(GRANDEUR)","2020"
"2020-06-25","현대자동차(주)","그랜저(GRANDEUR)","2020"
"2020-06-25","르노삼성자동차(주)","XM3","2020"
"2020-06-23","아우디폭스바겐코리아(주)","A6 45 TDI quattro","2020"
"2020-06-25","현대자동차(주)","그랜저(GRANDEUR)","2020"
"2020-06-23","르노삼성자동차(주)","XM3","2020"
"2020-06-25","르노삼성자동차(주)","XM3","2020"
"2020-06-29","현대자동차(주)","아반떼 (AVANTE)","2015"
"2020-06-29","현대자동차(주)","그랜저(GRANDEUR)","2020"
"2020-06-23","현대자동차(주)","그랜저(GRANDEUR)","2020"
"2020-06-29","현대자동차(주)","투싼(TUCSON)","2016"
"2020-06-23","비엠더블유코리아(주)","MINI Cooper S","2011"
"2020-06-29","아우디폭스바겐코리아(주)","Golf 2.0 TDI BMT","2015"
"2020-06-26","기아자동차(주)","K5","2011"
"2020-06-23","기아자동차(주)","K5","2012"
"2020-06-23","현대자동차(주)","베라크루즈(VERACRUZ)","2010"
"2020-06-24","메르세데스벤츠코리아(주)","Mercedes-AMG S63 4Matic + L","2019"
"2020-06-22","현대자동차(주)","그랜저(GRANDEUR)","2020"
"2020-06-22","아우디폭스바겐코리아(주)","Q7 35 TDI quattro","2016"
"2020-06-24","현대자동차(주)","그랜저(GRANDEUR)","2020"
"2020-06-24","현대자동차(주)","포터Ⅱ (PORTERⅡ)","2013"
"2020-06-26","한국지엠(주)","트랙스 1.4","2015"
"2020-06-24","현대자동차(주)","그랜저(GRANDEUR)","2020"
"2020-06-26","르노삼성자동차(주)","XM3","2020"
"2020-06-24","르노삼성자동차(주)","XM3","2020"
"2020-06-22","기아자동차(주)","쏘렌토","2019"
"2020-06-24","현대자동차(주)","그랜저(GRANDEUR)","2020"
"2020-06-24","한국지엠(주)","스파크 1.0","2020"
"2020-06-25","르노삼성자동차(주)","XM3","2020"
"2020-06-24","현대자동차(주)","그랜저 하이브리드(GRANDEUR HYBRID)","2020"
"2020-06-24","(주)재규어랜드로버코리아","레인지로버 스포츠 3.0D","2011"
"2020-06-22","르노삼성자동차(주)","XM3","2020"
"2020-06-24","현대자동차(주)","그랜저(GRANDEUR)","2020"
"2020-06-22","현대자동차(주)","그랜저(GRANDEUR)","2020"
"2020-06-22","현대자동차(주)","그랜저(GRANDEUR)","2020"
"2020-06-22","현대자동차(주)","그랜저 하이브리드(GRANDEUR HYBRID)","2020"
"2020-06-26","현대자동차(주)","쏘나타(SONATA)","2021"
"2020-06-25","현대자동차(주)","그랜저(GRANDEUR)","2020"
"2020-06-24","르노삼성자동차(주)","SM3","2015"
"2020-06-24","한국지엠(주)","스파크 1.0","2017"
"2020-06-24","현대자동차(주)","그랜저(GRANDEUR)","2020"
"2020-06-22","현대자동차(주)","그랜저(GRANDEUR)","2020"
"2020-06-24","현대자동차(주)","그랜저(GRANDEUR)","2020"
"2020-06-24","현대자동차(주)","그랜저(GRANDEUR)","2020"
"2020-06-24","현대자동차(주)","그랜저(GRANDEUR)","2020"
"2020-06-26","르노삼성자동차(주)","XM3","2020"
"2020-06-26","현대자동차(주)","쏘나타 (SONATA)","2011"
"2020-06-24","현대자동차(주)","그랜저(GRANDEUR)","2020"
"2020-06-22","현대자동차(주)","그랜저(GRANDEUR)","2020"
"2020-06-24","현대자동차(주)","그랜저(GRANDEUR)","2020"
"2020-06-24","현대자동차(주)","그랜저(GRANDEUR)","2020"
"2020-06-24","현대자동차(주)","투싼(TUCSON)","2016"
"2020-06-25","아우디폭스바겐코리아(주)","A6 45 TDI quattro","2015"
"2020-06-22","기아자동차(주)","쏘렌토","2019"
"2020-06-24","기아자동차(주)","카니발 리무진","2016"
"2020-06-23","현대자동차(주)","그랜저(GRANDEUR)","2020"
"2020-06-23","포드세일즈서비스코리아(유)","포커스","2012"
"2020-06-23","르노삼성자동차(주)","XM3","2020"
"2020-06-23","기아자동차(주)","K7","2020"
"2020-06-23","르노삼성자동차(주)","SM6","2016"
"2020-06-23","현대자동차(주)","그랜저(GRANDEUR)","2020"
"2020-06-25","기아자동차(주)","K7","2020"
"2020-06-23","르노삼성자동차(주)","CAPTUR","2020"
"2020-06-23","기아자동차(주)","스토닉","2018"
"2020-06-24","현대자동차(주)","그랜저(GRANDEUR)","2020"
"2020-06-24","쌍용자동차(주)","티볼리","2019"
"2020-06-23","르노삼성자동차(주)","XM3","2020"
"2020-06-23","르노삼성자동차(주)","CAPTUR","2020"
"2020-06-25","르노삼성자동차(주)","CAPTUR","2020"
"2020-06-23","르노삼성자동차(주)","XM3","2020"
"2020-06-23","르노삼성자동차(주)","XM3","2020"
"2020-06-23","르노삼성자동차(주)","CAPTUR","2020"
"2020-06-23","기아자동차(주)","K5","2013"
"2020-06-25","아우디폭스바겐코리아(주)","Tiguan 2.0 TDI Blue Motion","2014"
"2020-06-23","한국지엠(주)","올란도 2.0 LPG","2012"
"2020-06-23","현대자동차(주)","그랜저(GRANDEUR)","2020"
"2020-06-23","현대자동차(주)","그랜저(GRANDEUR)","2020"
"2020-06-23","기아자동차(주)","카니발","2020"
"2020-06-23","르노삼성자동차(주)","XM3","2020"
"2020-06-23","르노삼성자동차(주)","XM3","2020"
"2020-06-23","르노삼성자동차(주)","SM7","2015"
"2020-06-23","현대자동차(주)","그랜저(GRANDEUR)","2020"
"2020-06-25","현대자동차(주)","그랜저(GRANDEUR)","2020"
"2020-06-25","르노삼성자동차(주)","XM3","2020"
"2020-06-23","르노삼성자동차(주)","XM3","2020"
"2020-06-23","현대자동차(주)","투싼(TUCSON)","2016"
"2020-06-25","한국지엠(주)","말리부 1.5 TURBO","2017"
"2020-06-24","르노삼성자동차(주)","SM7","2016"
"2020-06-25","현대자동차(주)","투싼(TUCSON)","2016"
"2020-06-23","한국지엠(주)","크루즈 1.8 DOHC","2011"
"2020-06-19","현대자동차(주)","그랜저(GRANDEUR)","2014"
"2020-06-19","기아자동차(주)","스포티지","2011"
"2020-06-22","르노삼성자동차(주)","XM3","2020"
"2020-06-22","르노삼성자동차(주)","XM3","2020"
"2020-06-23","르노삼성자동차(주)","XM3","2020"
"2020-06-22","비엠더블유코리아(주)","BMW 320d xDrive","2014"
"2020-06-19","(주)에프엠케이","마세라티 콰트로포르테 디젤","2017"
"2020-06-19","현대자동차(주)","그랜저(GRANDEUR)","2020"
"2020-06-19","현대자동차(주)","그랜저(GRANDEUR)","2020"
"2020-06-22","(주)재규어랜드로버코리아","레인지로버 이보크 2.0GTDi","2013"
"2020-06-22","현대자동차(주)","그랜저(GRANDEUR)","2015"
"2020-06-22","르노삼성자동차(주)","SM7","2017"
"2020-06-22","기아자동차(주)","K7","2020"
"2020-06-19","현대자동차(주)","그랜저(GRANDEUR)","2020"
"2020-06-19","현대자동차(주)","그랜저(GRANDEUR)","2020"
"2020-06-22","현대자동차(주)","그랜저(GRANDEUR)","2020"
"2020-06-22","현대자동차(주)","i30","2016"
"2020-06-22","현대자동차(주)","그랜저(GRANDEUR)","2020"
"2020-06-19","현대자동차(주)","그랜저(GRANDEUR)","2015"
"2020-06-19","포드세일즈서비스코리아(유)","Mondeo 2.0","2019"
"2020-06-19","현대자동차(주)","그랜저(GRANDEUR)","2020"
"2020-06-22","현대자동차(주)","그랜저 하이브리드(GRANDEUR HYBRID)","2020"
"2020-06-24","기아자동차(주)","쏘렌토","2011"
"2020-06-22","르노삼성자동차(주)","XM3","2020"
"2020-06-22","혼다코리아(주)","ACCORD HYBRID","2019"
"2020-06-19","현대자동차(주)","그랜저(GRANDEUR)","2020"
"2020-06-22","기아자동차(주)","K7","2014"
"2020-06-24","현대자동차(주)","그랜저(GRANDEUR)","2020"
"2020-06-24","르노삼성자동차(주)","SM7","2012"
"2020-06-23","메르세데스벤츠코리아(주)","C220 BlueTEC","2015"
"2020-06-22","아우디폭스바겐코리아(주)","A6 45 TFSI quattro","2020"
"2020-06-24","현대자동차(주)","그랜저(GRANDEUR)","2020"
"2020-06-24","현대자동차(주)","그랜저(GRANDEUR)","2020"
"2020-06-22","현대자동차(주)","쏘나타(SONATA)","2013"
"2020-06-24","기아자동차(주)","K7","2020"
"2020-06-23","기아자동차(주)","K5","2016"
"2020-06-22","현대자동차(주)","그랜저(GRANDEUR)","2020"
"2020-06-23","현대자동차(주)","그랜저(GRANDEUR)","2020"
"2020-06-22","르노삼성자동차(주)","SM7","2013"
"2020-06-25","현대자동차(주)","그랜저(GRANDEUR)","2020"
"2020-06-22","현대자동차(주)","그랜저(GRANDEUR)","2020"
"2020-06-22","비엠더블유코리아(주)","BMW X5 xDrive40d","2014"
"2020-06-22","현대자동차(주)","그랜저(GRANDEUR)","2020"
"2020-06-22","현대자동차(주)","그랜저(GRANDEUR)","2020"
"2020-06-22","현대자동차(주)","그랜저(GRANDEUR)","2020"
"2020-06-22","현대자동차(주)","그랜저(GRANDEUR)","2020"
"2020-06-22","현대자동차(주)","그랜저(GRANDEUR)","2020"
"2020-06-23","아우디폭스바겐코리아(주)","A7 50 TDI quattro","2016"
"2020-06-22","현대자동차(주)","그랜저(GRANDEUR)","2020"
"2020-06-24","현대자동차(주)","그랜저 하이브리드(GRANDEUR HYBRID)","2020"
"2020-06-23","현대자동차(주)","그랜저(GRANDEUR)","2020"
"2020-06-18","현대자동차(주)","그랜저(GRANDEUR)","2020"
"2020-06-24","현대자동차(주)","투싼(TUCSON)","2016"
"2020-06-22","현대자동차(주)","그랜저(GRANDEUR)","2020"
"2020-06-18","현대자동차(주)","그랜저(GRANDEUR)","2020"
"2020-06-18","메르세데스벤츠코리아(주)","E300","2010"
"2020-06-22","아우디폭스바겐코리아(주)","Golf 2.0 TDI BMT","2015"
"2020-06-24","르노삼성자동차(주)","XM3","2020"
"2020-06-22","현대자동차(주)","그랜저(GRANDEUR)","2019"
"2020-06-22","현대자동차(주)","그랜저(GRANDEUR)","2020"
"2020-06-19","기아자동차(주)","K7","2020"
"2020-06-19","기아자동차(주)","스토닉","2018"
"2020-06-23","현대자동차(주)","투싼(TUCSON)","2016"
"2020-06-17","현대자동차(주)","그랜저(GRANDEUR)","2019"
"2020-06-17","한국지엠(주)","크루즈 1.8 DOHC","2012"
"2020-06-23","기아자동차(주)","K7","2020"
"2020-06-19","현대자동차(주)","투싼(TUCSON)","2016"
"2020-06-19","현대자동차(주)","그랜저(GRANDEUR)","2016"
"2020-06-22","현대자동차(주)","그랜저(GRANDEUR)","2020"
"2020-06-17","현대자동차(주)","그랜저(GRANDEUR)","2020"
"2020-06-19","쌍용자동차(주)","티볼리","2020"
"2020-06-19","현대자동차(주)","에쿠스(EQUUS)","2010"
"2020-06-23","현대자동차(주)","투싼(TUCSON)","2016"
"2020-06-19","기아자동차(주)","스팅어","2018"
"2020-06-19","르노삼성자동차(주)","XM3","2020"
"2020-06-23","현대자동차(주)","그랜저(GRANDEUR)","2020"
"2020-06-19","르노삼성자동차(주)","SM7","2015"
"2020-06-23","아우디폭스바겐코리아(주)","A6 45 TFSI quattro","2020"
"2020-06-19","한국지엠(주)","트랙스 1.4","2014"
"2020-06-17","현대자동차(주)","그랜저(GRANDEUR)","2020"
"2020-06-19","현대자동차(주)","그랜저(GRANDEUR)","2020"
"2020-06-17","(주)볼보자동차코리아","레인지로버 스포츠 TDV6","2007"
"2020-06-19","지엠코리아(주)","캐딜락 CT6","2017"
"2020-06-19","현대자동차(주)","코나 일렉트릭 (KONA ELECTRIC)","2019"
"2020-06-17","비엠더블유코리아(주)","BMW 520d","2018"
"2020-06-23","르노삼성자동차(주)","SM7","2012"
"2020-06-19","기아자동차(주)","K7","2012"
"2020-06-19","현대자동차(주)","코나 일렉트릭 (KONA ELECTRIC)","2019"
"2020-06-22","현대자동차(주)","그랜저(GRANDEUR)","2020"
"2020-06-19","현대자동차(주)","그랜저(GRANDEUR)","2020"
"2020-06-19","르노삼성자동차(주)","XM3","2020"
"2020-06-19","르노삼성자동차(주)","SM7","2015"
"2020-06-22","르노삼성자동차(주)","XM3","2020"
"2020-06-19","현대자동차(주)","그랜저(GRANDEUR)","2020"
"2020-06-23","르노삼성자동차(주)","XM3","2020"
"2020-06-19","르노삼성자동차(주)","XM3","2020"
"2020-06-19","르노삼성자동차(주)","SM6","2016"
"2020-06-19","르노삼성자동차(주)","CAPTUR","2020"
"2020-06-18","르노삼성자동차(주)","SM7","2012"
"2020-06-18","비엠더블유코리아(주)","BMW X3 xDrive20d","2014"
"2020-06-19","현대자동차(주)","투싼(TUCSON)","2017"
"2020-06-16","기아자동차(주)","K7","2012"
"2020-06-18","아우디폭스바겐코리아(주)","A6 45 TFSI quattro","2020"
"2020-06-18","쌍용자동차(주)","티볼리","2015"
"2020-06-19","한국지엠(주)","말리부 1.5 TURBO","2017"
"2020-06-18","아우디폭스바겐코리아(주)","A6 45 TFSI quattro","2020"
"2020-06-16","기아자동차(주)","K5","2012"
"2020-06-16","르노삼성자동차(주)","SM5 D","2016"
"2020-06-18","현대자동차(주)","아반떼(AVANTE)","2021"
"2020-06-19","기아자동차(주)","K7 하이브리드","2020"
"2020-06-18","기아자동차(주)","쏘렌토","2020"
"2020-06-18","아우디폭스바겐코리아(주)","A6 40 TDI quattro","2020"
"2020-06-18","기아자동차(주)","K7 하이브리드","2020"
"2020-06-18","르노삼성자동차(주)","SM7","2012"
"2020-06-18","현대자동차(주)","그랜저(GRANDEUR)","2020"
"2020-06-18","한국지엠(주)","크루즈 2.0 디젤","2014"
"2020-06-18","한국지엠(주)","말리부 2.0 DOHC","2012"
"2020-06-23","메르세데스벤츠코리아(주)","C200 CGI","2012"
"2020-06-18","현대자동차(주)","투싼(TUCSON)","2016"
"2020-06-18","아우디폭스바겐코리아(주)","A6 45 TFSI quattro","2020"
"2020-06-22","한국지엠(주)","크루즈 2.0 디젤","2014"
"2020-06-23","현대자동차(주)","G80","2021"
"2020-06-18","기아자동차(주)","카니발","2019"
"2020-06-16","르노삼성자동차(주)","XM3","2020"
"2020-06-16","크라이슬러코리아(주)","짚 랭글러 사하라","2019"
"2020-06-16","르노삼성자동차(주)","SM6","2016"
"2020-06-18","포드세일즈서비스코리아(유)","익스플로러","2015"
"2020-06-16","기아자동차(주)","쏘렌토","2021"
"2020-06-16","현대자동차(주)","그랜저(GRANDEUR)","2020"
"2020-06-22","르노삼성자동차(주)","SM7","2015"
"2020-06-18","르노삼성자동차(주)","SM7","2013"
"2020-06-18","크라이슬러코리아(주)","짚 레니게이드","2019"
"2020-06-19","현대자동차(주)","그랜저(GRANDEUR)","2018"
"2020-06-23","르노삼성자동차(주)","XM3","2020"
"2020-06-18","르노삼성자동차(주)","SM7","2015"
"2020-06-18","르노삼성자동차(주)","SM6","2016"
"2020-06-19","아우디폭스바겐코리아(주)","A6 45 TFSI quattro","2020"
"2020-06-19","르노삼성자동차(주)","SM3","2014"
"2020-06-18","아우디폭스바겐코리아(주)","Tiguan 2.0 TDI Blue Motion","2014"
"2020-06-19","현대자동차(주)","투싼(TUCSON)","2016"
"2020-06-18","기아자동차(주)","K5","2011"
"2020-06-18","르노삼성자동차(주)","XM3","2020"
"2020-06-17","르노삼성자동차(주)","QM6","2020"
"2020-06-19","아우디폭스바겐코리아(주)","Tiguan 2.0 TDI BMT","2016"
"2020-06-17","현대자동차(주)","아반떼(AVANTE)","2021"
"2020-06-17","아우디폭스바겐코리아(주)","A4 30 TDI","2015"
"2020-06-17","현대자동차(주)","에쿠스(EQUUS)","2010"
"2020-06-15","한국지엠(주)","트랙스 1.4","2015"
"2020-06-17","한국지엠(주)","아베오 1.4","2015"
"2020-06-17","르노삼성자동차(주)","XM3","2020"
"2020-06-17","르노삼성자동차(주)","XM3","2020"
"2020-06-16","기아자동차(주)","카렌스","2007"
"2020-06-18","기아자동차(주)","K7","2020"
"2020-06-18","메르세데스벤츠코리아(주)","C200 CGI","2013"
"2020-06-15","(주)한성특장","한성8.5톤플러스카고","2020"
"2020-06-15","현대자동차(주)","G80","2020"
"2020-06-15","르노삼성자동차(주)","XM3","2020"
"2020-06-19","르노삼성자동차(주)","MASTER","2019"
"2020-06-17","현대자동차(주)","그랜저(GRANDEUR)","2020"
"2020-06-17","르노삼성자동차(주)","CAPTUR","2020"
"2020-06-18","(주)한성특장","한성8.5톤플러스카고","2020"
"2020-06-17","르노삼성자동차(주)","XM3","2020"
"2020-06-17","기아자동차(주)","K3","2019"
"2020-06-17","현대자동차(주)","에쿠스(EQUUS)","2010"
"2020-06-15","볼보그룹코리아(주)트럭","FH 트랙터","2018"
"2020-06-15","현대자동차(주)","그랜저(GRANDEUR)","2020"
"2020-06-15","쌍용자동차(주)","로디우스","2005"
"2020-06-19","(주)볼보자동차코리아","볼보 S60T5","2014"
"2020-06-18","쌍용자동차(주)","코란도C","2012"
"2020-06-17","르노삼성자동차(주)","XM3","2020"
"2020-06-15","아우디폭스바겐코리아(주)","Touareg 3.0 TDI Blue Motion","2015"
"2020-06-16","비엠더블유코리아(주)","BMW X5 xDrive30d M Sport Package","2020"
"2020-06-18","르노삼성자동차(주)","XM3","2020"
"2020-06-15","비엠더블유코리아(주)","BMW X5 xDrive30d","2018"
"2020-06-18","르노삼성자동차(주)","CAPTUR","2020"
"2020-06-17","르노삼성자동차(주)","XM3","2020"
"2020-06-17","르노삼성자동차(주)","QM6","2020"
"2020-06-17","현대자동차(주)","쏘나타(SONATA)","2020"
"2020-06-17","현대자동차(주)","그랜저(GRANDEUR)","2020"
"2020-06-18","현대자동차(주)","그랜저(GRANDEUR)","2020"
"2020-06-17","르노삼성자동차(주)","XM3","2020"
"2020-06-17","현대자동차(주)","에쿠스(EQUUS)","2010"
"2020-06-19","현대자동차(주)","에쿠스(EQUUS)","2012"
"2020-06-17","크라이슬러코리아(주)","짚 체로키 2.4","2019"
"2020-06-15","르노삼성자동차(주)","XM3","2020"
"2020-06-15","현대자동차(주)","그랜저(GRANDEUR)","2015"
"2020-06-16","현대자동차(주)","에쿠스(EQUUS)","2014"
"2020-06-16","르노삼성자동차(주)","XM3","2020"
"2020-06-17","르노삼성자동차(주)","SM3","2014"
"2020-06-16","현대자동차(주)","아반떼(AVANTE)","2021"
"2020-06-17","현대자동차(주)","쏘나타 (SONATA)","2011"
"2020-06-16","기아자동차(주)","K5","2011"
"2020-06-16","르노삼성자동차(주)","XM3","2020"
"2020-06-16","르노삼성자동차(주)","XM3","2020"
"2020-06-16","르노삼성자동차(주)","XM3","2020"
"2020-06-16","르노삼성자동차(주)","SM6","2016"
"2020-06-16","기아자동차(주)","K5","2011"
"2020-06-17","현대자동차(주)","에쿠스(EQUUS)","2011"
"2020-06-16","아우디폭스바겐코리아(주)","A5 2.0 TFSI Quattro","2010"
"2020-06-17","르노삼성자동차(주)","XM3","2020"
"2020-06-16","기아자동차(주)","K7","2016"
"2020-06-15","르노삼성자동차(주)","XM3","2020"
"2020-06-16","기아자동차(주)","쏘렌토","2021"
"2020-06-15","기아자동차(주)","K5","2016"
"2020-06-15","아우디폭스바겐코리아(주)","A6 45 TFSI quattro","2020"
"2020-06-15","르노삼성자동차(주)","XM3","2020"
"2020-06-15","현대자동차(주)","그랜저(GRANDEUR)","2020"
"2020-06-15","현대자동차(주)","i30","2010"
"2020-06-17","르노삼성자동차(주)","XM3","2020"
"2020-06-17","르노삼성자동차(주)","XM3","2020"
"2020-06-17","현대자동차(주)","아반떼(AVANTE)","2011"
"2020-06-15","르노삼성자동차(주)","XM3","2020"
"2020-06-15","르노삼성자동차(주)","XM3","2020"
"2020-06-15","현대자동차(주)","i40 Saloon","2013"
"2020-06-16","르노삼성자동차(주)","XM3","2020"
"2020-06-15","르노삼성자동차(주)","XM3","2020"
"2020-06-15","르노삼성자동차(주)","XM3","2020"
"2020-06-17","현대자동차(주)","G80","2021"
"2020-06-12","현대자동차(주)","싼타페(SANTAFE)","2015"
"2020-06-15","현대자동차(주)","G80","2017"
"2020-06-15","르노삼성자동차(주)","CAPTUR","2020"
"2020-06-12","쌍용자동차(주)","티볼리","2020"
"2020-06-15","현대자동차(주)","그랜저(GRANDEUR)","2020"
"2020-06-15","(주)재규어랜드로버코리아","디스커버리 스포츠 2.0D","2016"
"2020-06-17","비엠더블유코리아(주)","BMW 528i","2015"
"2020-06-15","르노삼성자동차(주)","XM3","2020"
"2020-06-15","현대자동차(주)","에쿠스(EQUUS)","2010"
"2020-06-12","지엠대우오토앤테크놀로지(주)","CHEVROLET BOLT EV","2019"
"2020-06-15","현대자동차(주)","i40 Saloon","2014"
"2020-06-15","르노삼성자동차(주)","XM3","2020"
"2020-06-15","르노삼성자동차(주)","XM3","2020"
"2020-06-15","쌍용자동차(주)","렉스턴","2013"
"2020-06-15","르노삼성자동차(주)","SM6","2016"
"2020-06-15","현대자동차(주)","제네시스(GENESIS)","2014"
"2020-06-12","현대자동차(주)","싼타페(SANTAFE)","2019"
"2020-06-15","르노삼성자동차(주)","XM3","2020"
"2020-06-15","기아자동차(주)","스포티지","2017"
"2020-06-12","현대자동차(주)","G80","2021"
"2020-06-12","한국지엠(주)","말리부 2.0 DOHC","2014"
"2020-06-12","르노삼성자동차(주)","XM3","2020"
"2020-06-11","기아자동차(주)","K9","2014"
"2020-06-12","르노삼성자동차(주)","XM3","2020"
"2020-06-11","현대자동차(주)","그랜저(GRANDEUR)","2020"
"2020-06-15","현대자동차(주)","에쿠스(EQUUS)","2010"
"2020-06-11","볼보그룹코리아(주)트럭","FH 트랙터","2019"
"2020-06-16","르노삼성자동차(주)","XM3","2020"
"2020-06-12","르노삼성자동차(주)","XM3","2020"
"2020-06-12","현대자동차(주)","맥스크루즈 (MAXCRUZ)","2014"
"2020-06-12","포르쉐코리아 주식회사","카이엔 디젤","2016"
"2020-06-15","기아자동차(주)","K7","2012"
"2020-06-15","르노삼성자동차(주)","XM3","2020"
"2020-06-15","르노삼성자동차(주)","XM3","2020"
"2020-06-12","한국지엠(주)","트랙스 1.4","2020"
"2020-06-12","아우디폭스바겐코리아(주)","A6 45 TFSI quattro","2020"
"2020-06-12","아우디폭스바겐코리아(주)","A6 45 TFSI quattro","2020"
"2020-06-16","기아자동차(주)","쏘렌토","2015"
"2020-06-15","한국지엠(주)","스파크 1.0","2016"
"2020-06-10","현대자동차(주)","그랜저(GRANDEUR)","2020"
"2020-06-12","아우디폭스바겐코리아(주)","A6 45 TFSI quattro","2020"
"2020-06-12","현대자동차(주)","그랜저(GRANDEUR)","2019"
"2020-06-12","지엠코리아(주)","캐딜락 CT6 2.0T","2018"
"2020-06-12","르노삼성자동차(주)","SM6","2016"
"2020-06-16","기아자동차(주)","쏘렌토","2021"
"2020-06-10","기아자동차(주)","봉고Ⅲ 플러스냉동차","2019"
"2020-06-12","르노삼성자동차(주)","SM6","2016"
"2020-06-16","현대자동차(주)","G80","2021"
"2020-06-12","현대자동차(주)","맥스크루즈 (MAXCRUZ)","2016"
"2020-06-12","아우디폭스바겐코리아(주)","A6 45 TFSI quattro","2020"
"2020-06-11","아우디폭스바겐코리아(주)","A6 45 TFSI quattro","2020"
"2020-06-15","르노삼성자동차(주)","XM3","2020"
"2020-06-11","현대자동차(주)","G80","2021"
"2020-06-11","현대자동차(주)","아반떼 하이브리드(AVANTE HYBRID)","2010"
"2020-06-09","현대자동차(주)","그랜저(GRANDEUR)","2020"
"2020-06-15","현대자동차(주)","제네시스(GENESIS)","2012"
"2020-06-09","볼보그룹코리아(주)트럭","Actros","2018"
"2020-06-11","비엠더블유코리아(주)","MINI Cooper Clubman","2017"
"2020-06-12","기아자동차(주)","K7","2013"
"2020-06-09","한국지엠(주)","윈스톰2.0S디젤","2009"
"2020-06-11","현대자동차(주)","그랜저 하이브리드(GRANDEUR HYBRID)","2020"
"2020-06-09","현대자동차(주)","그랜저(GRANDEUR)","2014"
"2020-06-11","한국지엠(주)","캡티바 2.0 디젤","2017"
"2020-06-15","현대자동차(주)","쏘나타(SONATA)","2019"
"2020-06-09","기아자동차(주)","K7","2013"
"2020-06-12","현대자동차(주)","그랜저(GRANDEUR)","2020"
"2020-06-11","르노삼성자동차(주)","XM3","2020"
"2020-06-09","(주)에프엠케이","마세라티 기블리 디젤","2016"
"2020-06-11","현대자동차(주)","그랜저(GRANDEUR)","2020"
"2020-06-09","현대자동차(주)","쏘나타(SONATA)","2018"
"2020-06-11","현대자동차(주)","그랜저(GRANDEUR)","2020"
"2020-06-09","기아자동차(주)","K7","2013"
"2020-06-11","현대자동차(주)","그랜저(GRANDEUR)","2020"
"2020-06-09","비엠더블유코리아(주)","BMW M5","2014"
"2020-06-09","현대자동차(주)","그랜저(GRANDEUR)","2020"
"2020-06-11","기아자동차(주)","K7","2020"
"2020-06-09","메르세데스벤츠코리아(주)","Mercedes-Benz E 250","2020"
"2020-06-09","기아자동차(주)","봉고Ⅲ 1톤","2020"
"2020-06-11","현대자동차(주)","그랜저(GRANDEUR)","2020"
"2020-06-11","기아자동차(주)","쏘렌토","2015"
"2020-06-11","현대자동차(주)","그랜저(GRANDEUR)","2020"
"2020-06-11","현대자동차(주)","베르나(VERNA)","2007"
"2020-06-09","현대자동차(주)","마이티","2019"
"2020-06-11","현대자동차(주)","G80","2021"
"2020-06-11","기아자동차(주)","쏘렌토","2021"
"2020-06-10","르노삼성자동차(주)","XM3","2020"
"2020-06-11","기아자동차(주)","니로 하이브리드","2018"
"2020-06-10","현대자동차(주)","그랜저(GRANDEUR)","2020"
"2020-06-10","현대자동차(주)","그랜저(GRANDEUR)","2020"
"2020-06-10","르노삼성자동차(주)","XM3","2020"
"2020-06-10","현대자동차(주)","베라크루즈(VERACRUZ)","2008"
"2020-06-08","비엠더블유코리아(주)","BMW 520i Luxury","2020"
"2020-06-10","비엠더블유코리아(주)","BMW 520d","2013"
"2020-06-10","현대자동차(주)","에쿠스(EQUUS)","2010"
"2020-06-10","르노삼성자동차(주)","XM3","2020"
"2020-06-10","르노삼성자동차(주)","XM3","2020"
"2020-06-08","현대자동차(주)","그랜저(GRANDEUR)","2020"
"2020-06-11","기아자동차(주)","K9","2014"
"2020-06-08","르노삼성자동차(주)","XM3","2020"
"2020-06-12","르노삼성자동차(주)","XM3","2020"
"2020-06-10","르노삼성자동차(주)","XM3","2020"
"2020-06-08","현대자동차(주)","GV80","2020"
"2020-06-10","르노삼성자동차(주)","XM3","2020"
"2020-06-10","르노삼성자동차(주)","XM3","2020"
"2020-06-10","기아자동차(주)","니로 하이브리드","2017"
"2020-06-08","기아자동차(주)","그랜드 카니발","2008"
"2020-06-08","현대자동차(주)","그랜저(GRANDEUR)","2020"
"2020-06-10","르노삼성자동차(주)","XM3","2020"
"2020-06-10","르노삼성자동차(주)","XM3","2020"
"2020-06-12","기아자동차(주)","쏘렌토","2021"
"2020-06-10","아우디폭스바겐코리아(주)","A6 45 TFSI quattro","2020"
"2020-06-10","기아자동차(주)","쏘렌토","2021"
"2020-06-08","현대자동차(주)","그랜저(GRANDEUR)","2020"
"2020-06-11","기아자동차(주)","쏘렌토","2021"
"2020-06-08","현대자동차(주)","그랜저(GRANDEUR)","2020"
"2020-06-11","쌍용자동차(주)","코란도C","2012"
"2020-06-15","기아자동차(주)","쏘렌토","2021"
"2020-06-12","한국지엠(주)","말리부 1.8 HYBRID","2017"
"2020-06-08","현대자동차(주)","그랜저(GRANDEUR)","2020"
"2020-06-11","아우디폭스바겐코리아(주)","A6 2.0 TDI","2014"
"2020-06-10","기아자동차(주)","카니발 하이리무진","2017"
"2020-06-08","기아자동차(주)","K5","2011"
"2020-06-10","아우디폭스바겐코리아(주)","Golf 2.0 TDI BMT","2015"
"2020-06-12","아우디폭스바겐코리아(주)","Golf 1.6 TDI BMT","2014"
"2020-06-08","기아자동차(주)","K7","2020"
"2020-06-10","르노삼성자동차(주)","SM6","2016"
"2020-06-10","현대자동차(주)","그랜저(GRANDEUR)","2020"
"2020-06-11","현대자동차(주)","그랜저(GRANDEUR)","2020"
"2020-06-09","르노삼성자동차(주)","XM3","2020"
"2020-06-09","르노삼성자동차(주)","XM3","2020"
"2020-06-09","르노삼성자동차(주)","XM3","2020"
"2020-06-09","기아자동차(주)","스포티지","2019"
"2020-06-09","현대자동차(주)","그랜저 하이브리드(GRANDEUR HYBRID)","2020"
"2020-06-10","기아자동차(주)","쏘렌토","2021"
"2020-06-09","르노삼성자동차(주)","XM3","2020"
"2020-06-10","르노삼성자동차(주)","CAPTUR","2020"
"2020-06-09","르노삼성자동차(주)","SM6","2017"
"2020-06-10","기아자동차(주)","쏘렌토","2021"
"2020-06-09","현대자동차(주)","맥스크루즈 (MAXCRUZ)","2014"
"2020-06-09","아우디폭스바겐코리아(주)","A6 45 TFSI quattro","2020"
"2020-06-10","현대자동차(주)","i40","2012"
"2020-06-09","르노삼성자동차(주)","XM3","2020"
"2020-06-09","현대자동차(주)","그랜저(GRANDEUR)","2020"
"2020-06-11","기아자동차(주)","쏘렌토","2021"
"2020-06-10","기아자동차(주)","K5 하이브리드","2016"
"2020-06-09","기아자동차(주)","쏘렌토","2021"
"2020-06-10","현대자동차(주)","싼타페(SANTAFE)","2019"
"2020-06-09","기아자동차(주)","쏘렌토","2021"
"2020-06-09","기아자동차(주)","쏘렌토","2021"
"2020-06-08","한국지엠(주)","말리부 2.0 DOHC","2014"
"2020-06-08","아우디폭스바겐코리아(주)","A6 45 TFSI quattro","2020"
"2020-06-09","아우디폭스바겐코리아(주)","A6 45 TFSI quattro","2020"
"2020-06-10","현대자동차(주)","쏘나타(SONATA)","2016"
"2020-06-08","기아자동차(주)","K7","2016"
"2020-06-08","메르세데스벤츠코리아(주)","E220 CDI","2014"
"2020-06-10","르노삼성자동차(주)","XM3","2020"
"2020-06-08","한국지엠(주)","알페온 2.4 DOHC","2015"
"2020-06-08","르노삼성자동차(주)","SM6","2016"
"2020-06-10","르노삼성자동차(주)","SM6","2017"
"2020-06-08","한국지엠(주)","트레일블레이저 1.2 TURBO FWD","2021"
"2020-06-08","현대자동차(주)","그랜저(GRANDEUR)","2020"
"2020-06-08","르노삼성자동차(주)","SM6","2016"
"2020-06-10","르노삼성자동차(주)","SM6","2016"
"2020-06-05","현대자동차(주)","i40","2012"
"2020-06-10","르노삼성자동차(주)","SM6","2017"
"2020-06-08","현대자동차(주)","투싼(TUCSON)","2015"
"2020-06-05","현대자동차(주)","GV80","2020"
"2020-06-08","메르세데스벤츠코리아(주)","S500L","2008"
"2020-06-09","현대자동차(주)","포터Ⅱ파워게이트 (PORTER Ⅱ)","2020"
"2020-06-08","르노삼성자동차(주)","XM3","2020"
"2020-06-08","현대자동차(주)","G80","2021"
"2020-06-08","르노삼성자동차(주)","XM3","2020"
"2020-06-08","르노삼성자동차(주)","SM6","2016"
"2020-06-05","현대자동차(주)","그랜저(GRANDEUR)","2020"
"2020-06-08","비엠더블유코리아(주)","BMW M340i","2020"
"2020-06-08","아우디폭스바겐코리아(주)","Tiguan 2.0 TDI","2020"
"2020-06-10","기아자동차(주)","쎄라토","2005"
"2020-06-08","쌍용자동차(주)","티볼리","2020"
"2020-06-08","현대자동차(주)","G80","2021"
"2020-06-08","현대자동차(주)","G80","2021"
"2020-06-08","현대자동차(주)","G80","2021"
"2020-06-08","인테리어다인","벤츠 SLK280","2006"
"2020-06-08","현대자동차(주)","그랜저(GRANDEUR)","2020"
"2020-06-08","한국지엠(주)","스파크 1.0","2017"
"2020-06-05","현대자동차(주)","쏘나타(SONATA)","2006"
"2020-06-09","아우디폭스바겐코리아(주)","A6 45 TFSI quattro","2020"
"2020-06-08","아우디폭스바겐코리아(주)","Touareg 3.0 TDI Blue Motion","2015"
"2020-06-05","현대자동차(주)","그랜저(GRANDEUR)","2020"
"2020-06-08","르노삼성자동차(주)","SM6","2016"
"2020-06-08","아우디폭스바겐코리아(주)","A6 45 TFSI quattro","2020"
"2020-06-09","르노삼성자동차(주)","XM3","2020"
"2020-06-08","현대자동차(주)","G80","2021"
"2020-06-08","아우디폭스바겐코리아(주)","A5 2.0 TFSI Quattro","2010"
"2020-06-10","르노삼성자동차(주)","MASTER","2019"
"2020-06-10","르노삼성자동차(주)","XM3","2020"
"2020-06-08","현대자동차(주)","그랜저(GRANDEUR)","2020"
"2020-06-08","현대자동차(주)","G80","2021"
"2020-06-08","현대자동차(주)","G80","2021"
"2020-06-09","현대자동차(주)","G80","2021"
"2020-06-08","현대자동차(주)","G80","2021"
"2020-06-08","현대자동차(주)","G80","2021"
"2020-06-08","기아자동차(주)","K7","2020"
"2020-06-04","아우디폭스바겐코리아(주)","Phaeton 3.0 TDI","2008"
"2020-06-04","현대자동차(주)","그랜저(GRANDEUR)","2020"
"2020-06-04","(유)기흥모터스","HARLEY-DAVIDSON FLFBS","2018"
"2020-06-05","기아자동차(주)","쏘렌토","2020"
"2020-06-10","쌍용자동차(주)","코란도C","2014"
"2020-06-05","현대자동차(주)","그랜저(GRANDEUR)","2020"
"2020-06-05","현대자동차(주)","트라고(TRAGO)","2012"
"2020-06-05","기아자동차(주)","K3","2019"
"2020-06-09","르노삼성자동차(주)","SM6","2016"
"2020-06-09","기아자동차(주)","K7","2020"
"2020-06-10","기아자동차(주)","K7","2020"
"2020-06-05","르노삼성자동차(주)","SM6","2017"
"2020-06-05","현대자동차(주)","코나 일렉트릭 (KONA ELECTRIC)","2019"
"2020-06-10","현대자동차(주)","코나 일렉트릭 (KONA ELECTRIC)","2019"
"2020-06-04","현대자동차(주)","그랜저(GRANDEUR)","2020"
"2020-06-04","아우디폭스바겐코리아(주)","A6 45 TFSI quattro","2020"
"2020-06-04","(유)기흥모터스","HARLEY-DAVIDSON FLFBS","2018"
"2020-06-04","아우디폭스바겐코리아(주)","A6 45 TFSI quattro","2020"
"2020-06-05","메르세데스벤츠코리아(주)","S400 하이브리드 L","2010"
"2020-06-05","아우디폭스바겐코리아(주)","Golf 2.0 TDI BMT","2016"
"2020-06-05","현대자동차(주)","그랜저(GRANDEUR)","2020"
"2020-06-09","르노삼성자동차(주)","SM6","2019"
"2020-06-04","쌍용자동차(주)","코란도C","2015"
"2020-06-05","한국지엠(주)","올란도 2.0 디젤","2013"
"2020-06-05","아우디폭스바겐코리아(주)","Golf 2.0 TDI BMT","2016"
"2020-06-05","르노삼성자동차(주)","SM6","2016"
"2020-06-09","르노삼성자동차(주)","SM6","2016"
"2020-06-09","현대자동차(주)","그랜저(GRANDEUR)","2020"
"2020-06-05","르노삼성자동차(주)","SM6","2016"
"2020-06-04","(유)기흥모터스","HARLEY-DAVIDSON FLFB","2020"
"2020-06-05","비엠더블유코리아(주)","BMW 730Ld xDrive","2016"
"2020-06-05","르노삼성자동차(주)","SM6","2016"
"2020-06-05","쌍용자동차(주)","코란도C","2018"
"2020-06-05","기아자동차(주)","니로 하이브리드","2020"
"2020-06-04","현대자동차(주)","그랜저(GRANDEUR)","2020"
"2020-06-04","아우디폭스바겐코리아(주)","A6 3.0 TDI quattro","2014"
"2020-06-09","기아자동차(주)","K7","2020"
"2020-06-04","르노삼성자동차(주)","SM6","2016"
"2020-06-04","현대자동차(주)","맥스크루즈 (MAXCRUZ)","2015"
"2020-06-03","현대자동차(주)","쏘나타(SONATA)","2018"
"2020-06-04","르노삼성자동차(주)","SM6","2017"
"2020-06-05","르노삼성자동차(주)","SM6","2016"
"2020-06-09","기아자동차(주)","스토닉","2020"
"2020-06-04","현대자동차(주)","아반떼(AVANTE)","2018"
"2020-06-04","현대자동차(주)","그랜저(GRANDEUR)","2020"
"2020-06-04","기아자동차(주)","카니발","2020"
"2020-06-03","비엠더블유코리아(주)","BMW 535i GT xDrive","2012"
"2020-06-04","쌍용자동차(주)","코란도C","2013"
"2020-06-04","르노삼성자동차(주)","XM3","2020"
"2020-06-03","비엠더블유코리아(주)","BMW X3 xDrive20d","2018"
"2020-06-04","아우디폭스바겐코리아(주)","A6 45 TFSI quattro","2020"
"2020-06-04","비엠더블유코리아(주)","BMW 520d","2013"
"2020-06-04","르노삼성자동차(주)","SM6","2016"
"2020-06-04","기아자동차(주)","니로 하이브리드","2018"
"2020-06-04","현대자동차(주)","쏘나타(SONATA)","2015"
"2020-06-03","현대자동차(주)","그랜저(GRANDEUR)","2020"
"2020-06-05","현대자동차(주)","쏘나타 하이브리드(SONATA HYBRID)","2018"
"2020-06-04","아우디폭스바겐코리아(주)","A6 45 TFSI quattro","2020"
"2020-06-04","아우디폭스바겐코리아(주)","Phaeton 3.0 TDI","2008"
"2020-06-04","아우디폭스바겐코리아(주)","A6 45 TFSI quattro","2020"
"2020-06-03","현대자동차(주)","그랜저(GRANDEUR)","2020"
"2020-06-04","아우디폭스바겐코리아(주)","A6 45 TFSI quattro","2020"
"2020-06-04","기아자동차(주)","모하비","2017"
"2020-06-09","현대자동차(주)","쏘나타(SONATA)","2020"
"2020-06-05","현대자동차(주)","그랜저(GRANDEUR)","2020"
"2020-06-03","지엠코리아(주)","캐딜락 Escalade","2019"
"2020-06-04","르노삼성자동차(주)","SM3","2014"
"2020-06-02","자일대우상용차주식회사","BS110CN","2020"
"2020-06-03","아우디폭스바겐코리아(주)","Passat 2.0 TSI","2018"
"2020-06-04","기아자동차(주)","K5","2011"
"2020-06-05","현대자동차(주)","투싼(TUCSON)","2016"
"2020-06-03","현대자동차(주)","G80","2021"
"2020-06-03","아우디폭스바겐코리아(주)","A6 40 TDI","2020"
"2020-06-03","아우디폭스바겐코리아(주)","A6 40 TDI","2020"
"2020-06-02","르노삼성자동차(주)","QM6","2017"
"2020-06-02","현대자동차(주)","그랜저(GRANDEUR)","2020"
"2020-06-02","현대자동차(주)","G80","2021"
"2020-06-02","기아자동차(주)","봉고Ⅲ 1.2톤","2020"
"2020-06-03","크라이슬러코리아(주)","짚 레니게이드","2015"
"2020-06-02","(주)볼보자동차코리아","볼보 XC60T6","2015"
"2020-06-02","한국지엠(주)","올란도 2.0 디젤","2012"
"2020-06-04","현대자동차(주)","투싼(TUCSON)","2016"
"2020-06-03","아우디폭스바겐코리아(주)","A6 45 TFSI quattro","2020"
"2020-06-03","아우디폭스바겐코리아(주)","A6 45 TFSI quattro","2020"
"2020-06-04","혼다코리아(주)","ACCORD HYBRID","2019"
"2020-06-03","기아자동차(주)","쏘울","2010"
"2020-06-05","현대자동차(주)","그랜저(GRANDEUR)","2020"
"2020-06-02","현대자동차(주)","그랜저(GRANDEUR)","2020"
"2020-06-04","아우디폭스바겐코리아(주)","A6 45 TFSI quattro","2020"
"2020-06-03","아우디폭스바겐코리아(주)","A6 45 TFSI quattro","2020"
"2020-06-02","현대자동차(주)","싼타페(SANTAFE)","2016"
"2020-06-01","지엠코리아(주)","캐딜락 XT5","2019"
"2020-06-01","현대자동차(주)","i40","2012"
"2020-06-02","크라이슬러코리아(주)","짚 체로키 2.2","2016"
"2020-06-02","아우디폭스바겐코리아(주)","Golf 2.0 TDI BMT","2016"
"2020-06-01","한국지엠(주)","스파크 1.0","2016"
"2020-06-02","현대자동차(주)","투싼(TUCSON)","2011"
"2020-06-04","크라이슬러코리아(주)","짚 체로키 2.4","2019"
"2020-06-02","기아자동차(주)","스포티지","2016"
"2020-06-02","아우디폭스바겐코리아(주)","Golf 2.0 TDI BMT","2015"
"2020-06-02","아우디폭스바겐코리아(주)","A6 45 TFSI quattro","2020"
"2020-06-02","아우디폭스바겐코리아(주)","A6 45 TFSI quattro","2020"
"2020-06-02","기아자동차(주)","K5","2020"
"2020-06-02","아우디폭스바겐코리아(주)","A6 45 TFSI quattro","2020"
"2020-06-04","한국지엠(주)","크루즈 1.4","2014"
"2020-06-02","현대자동차(주)","그랜저 하이브리드(GRANDEUR HYBRID)","2020"
"2020-06-03","비엠더블유코리아(주)","BMW X3 xDrive20i Luxury","2020"
"2020-06-01","쌍용자동차(주)","티볼리","2019"
"2020-06-02","메르세데스벤츠코리아(주)","E350 Coupe","2011"
"2020-06-01","현대자동차(주)","그랜저(GRANDEUR)","2020"
"2020-06-02","아우디폭스바겐코리아(주)","A6 45 TFSI quattro","2020"
"2020-06-02","아우디폭스바겐코리아(주)","Golf GTD BMT","2015"
"2020-06-02","현대자동차(주)","투싼(TUCSON)","2016"
"2020-06-02","아우디폭스바겐코리아(주)","Golf 2.0 TDI BMT","2015"
"2020-06-02","아우디폭스바겐코리아(주)","A6 45 TFSI quattro","2020"
"2020-06-02","현대자동차(주)","그랜저(GRANDEUR)","2020"
"2020-06-01","아우디폭스바겐코리아(주)","A6 45 TFSI quattro","2020"
"2020-06-02","아우디폭스바겐코리아(주)","A6 40 TDI","2020"
"2020-06-02","비엠더블유코리아(주)","BMW X4 xDrive20d M Sport Package","2020"
"2020-06-01","기아자동차(주)","모하비","2015"
"2020-06-03","쌍용자동차(주)","코란도C","2011"
"2020-06-01","아우디폭스바겐코리아(주)","Golf 2.0 TDI BMT","2015"
"2020-06-03","현대자동차(주)","맥스크루즈 (MAXCRUZ)","2017"
"2020-06-02","아우디폭스바겐코리아(주)","Golf 2.0 TDI BMT","2015"
"2020-06-01","르노삼성자동차(주)","SM6","2016"
"2020-06-01","아우디폭스바겐코리아(주)","A6 40 TDI","2020"
"2020-06-03","현대자동차(주)","맥스크루즈 (MAXCRUZ)","2017"
"2020-06-01","아우디폭스바겐코리아(주)","A6 45 TFSI quattro","2020"
"2020-06-01","아우디폭스바겐코리아(주)","A6 40 TDI quattro","2016"
"2020-06-01","쌍용자동차(주)","코란도C","2015"
"2020-06-02","현대자동차(주)","싼타페(SANTAFE)","2020"
"2020-06-01","현대자동차(주)","제네시스 쿠페(GENESIS Coupe)","2009"
"2020-06-03","한국지엠(주)","윈스톰2.0S디젤","2008"
"2020-06-01","아우디폭스바겐코리아(주)","A6 45 TFSI quattro","2020"
"2020-06-01","현대자동차(주)","G80","2021"
"2020-06-02","현대자동차(주)","그랜저(GRANDEUR)","2020"
"2020-06-01","지엠코리아(주)","캐딜락 XT5","2019"
"2020-06-01","현대자동차(주)","그랜저(GRANDEUR)","2020"
"2020-06-01","메르세데스벤츠코리아(주)","E300","2017"
"2020-06-01","한불모터스(주)","Grand C4 Picasso 2.0 Blue-HDi","2016"
"2020-06-01","아우디폭스바겐코리아(주)","A6 40 TDI","2020"
"2020-06-01","기아자동차(주)","K5","2020"
"2020-06-01","르노삼성자동차(주)","XM3","2020"
"2020-06-02","아우디폭스바겐코리아(주)","A7 55 TFSI quattro","2020"
"2020-06-01","르노삼성자동차(주)","XM3","2020"
"2020-06-01","현대자동차(주)","G80","2021"
"2020-06-03","현대자동차(주)","포터Ⅱ (PORTERⅡ)","2017"
"2020-06-01","현대자동차(주)","GV80","2020"
"2020-06-01","르노삼성자동차(주)","XM3","2020"
"2020-06-01","메르세데스벤츠코리아(주)","E300","2010"
"2020-05-29","한국지엠(주)","트랙스 1.4","2016"
"2020-05-29","비엠더블유코리아(주)","BMW C 400 X","2019"
"2020-06-02","한국지엠(주)","말리부 2.4 DOHC","2015"
"2020-06-02","한국지엠(주)","말리부 2.4 DOHC","2015"
"2020-06-02","아우디폭스바겐코리아(주)","A6 45 TFSI quattro","2020"
"2020-06-03","현대자동차(주)","그랜드스타렉스(GRAND STAREX)","2008"
"2020-05-29","아우디폭스바겐코리아(주)","A6 45 TFSI quattro","2020"
"2020-06-01","기아자동차(주)","K7","2020"
"2020-06-01","기아자동차(주)","K7","2020"
"2020-06-03","아우디폭스바겐코리아(주)","Polo 5 FL 1.4 TDI BMT","2015"
"2020-06-02","현대자동차(주)","그랜저(GRANDEUR)","2020"
"2020-06-01","르노삼성자동차(주)","SM7","2015"
"2020-06-01","현대자동차(주)","그랜저(GRANDEUR)","2020"
"2020-06-01","현대자동차(주)","그랜저(GRANDEUR)","2020"
"2020-05-29","혼다코리아(주)","NSS300A","2020"
"2020-06-03","르노삼성자동차(주)","XM3","2020"
"2020-05-29","다임러트럭코리아(주)","Actros","2016"
"2020-05-28","비엠더블유코리아(주)","BMW 740Li xDrive","2016"
"2020-05-29","아우디폭스바겐코리아(주)","A7 55 TDI quattro","2016"
"2020-06-02","기아자동차(주)","K5","2016"
"2020-05-29","아우디폭스바겐코리아(주)","A7 50 TDI quattro","2016"
"2020-05-29","기아자동차(주)","모하비","2010"
"2020-05-29","(주)재규어랜드로버코리아","디스커버리 스포츠 2.0D","2018"
"2020-06-03","현대자동차(주)","투싼(TUCSON)","2017"
"2020-05-29","쌍용자동차(주)","코란도C","2014"
"2020-05-29","메르세데스벤츠코리아(주)","벤츠 E 300 e","2019"
"2020-05-29","기아자동차(주)","니로 하이브리드","2018"
"2020-05-28","한불모터스(주)","3008 1.6 HDi MCP","2016"
"2020-05-29","르노삼성자동차(주)","XM3","2020"
"2020-05-28","비엠더블유코리아(주)","BMW X6 M50d WLTP","2018"
"2020-06-02","아우디폭스바겐코리아(주)","A6 45 TFSI quattro","2020"
"2020-05-29","현대자동차(주)","그랜저(GRANDEUR)","2020"
"2020-05-29","현대자동차(주)","쏘나타 (SONATA)","2011"
"2020-06-01","아우디폭스바겐코리아(주)","A6 45 TFSI quattro","2020"
"2020-05-29","현대자동차(주)","그랜저(GRANDEUR)","2020"
"2020-05-28","현대자동차(주)","그랜저(GRANDEUR)","2020"
"2020-05-29","현대자동차(주)","i40 Saloon","2012"
"2020-06-03","기아자동차(주)","쏘렌토","2010"
"2020-05-28","현대자동차(주)","그랜저(GRANDEUR)","2020"
"2020-05-28","비엠더블유코리아(주)","BMW X5 xDrive30d","2018"
"2020-05-28","(주)재규어랜드로버코리아","디스커버리 스포츠 2.0D","2017"
"2020-05-29","현대자동차(주)","아반떼 하이브리드(AVANTE HYBRID)","2010"
"2020-05-29","아우디폭스바겐코리아(주)","A6 40 TDI","2020"
"2020-06-03","아우디폭스바겐코리아(주)","A6 45 TFSI quattro","2020"
"2020-05-28","한국지엠(주)","말리부 2.0 DOHC","2014"
"2020-05-28","르노삼성자동차(주)","MASTER","2019"
"2020-05-29","아우디폭스바겐코리아(주)","A6 45 TFSI quattro","2020"
"2020-05-28","현대자동차(주)","i40 Saloon","2012"
"2020-05-29","기아자동차(주)","니로 하이브리드","2017"
"2020-05-27","한국지엠(주)","아베오 1.6 DOHC","2012"
"2020-05-28","현대자동차(주)","그랜저(GRANDEUR)","2020"
"2020-05-27","르노삼성자동차(주)","SM6","2016"
"2020-05-28","르노삼성자동차(주)","XM3","2020"
"2020-05-28","기아자동차(주)","니로 하이브리드","2020"
"2020-05-28","아우디폭스바겐코리아(주)","A7 55 TFSI quattro","2020"
"2020-05-27","기아자동차(주)","카니발 하이리무진","2017"
"2020-05-28","한국지엠(주)","캡티바 2.0 디젤","2016"
"2020-05-28","르노삼성자동차(주)","XM3","2020"
"2020-05-28","르노삼성자동차(주)","XM3","2020"
"2020-05-29","현대자동차(주)","맥스크루즈 (MAXCRUZ)","2016"
"2020-05-28","쌍용자동차(주)","코란도스포츠","2018"
"2020-05-28","르노삼성자동차(주)","XM3","2020"
"2020-05-28","현대자동차(주)","맥스크루즈 (MAXCRUZ)","2014"
"2020-05-29","르노삼성자동차(주)","XM3","2020"
"2020-05-29","현대자동차(주)","코나 일렉트릭 (KONA ELECTRIC)","2019"
"2020-05-27","현대자동차(주)","그랜저(GRANDEUR)","2020"
"2020-05-28","르노삼성자동차(주)","XM3","2020"
"2020-05-28","아우디폭스바겐코리아(주)","A6 40 TDI","2020"
"2020-05-28","현대자동차(주)","그랜저(GRANDEUR)","2020"
"2020-05-28","르노삼성자동차(주)","XM3","2020"
"2020-05-28","한국지엠(주)","캡티바 2.0D 디젤","2015"
"2020-05-29","현대자동차(주)","그랜저(GRANDEUR)","2020"
"2020-06-02","르노삼성자동차(주)","XM3","2020"
"2020-05-29","르노삼성자동차(주)","XM3","2020"
"2020-05-28","르노삼성자동차(주)","XM3","2020"
"2020-05-28","현대자동차(주)","그랜저(GRANDEUR)","2020"
"2020-05-29","르노삼성자동차(주)","XM3","2020"
"2020-05-28","르노삼성자동차(주)","XM3","2020"
"2020-05-29","아우디폭스바겐코리아(주)","Golf 2.0 TDI BMT","2015"
"2020-05-29","비엠더블유코리아(주)","BMW 320d","2017"
"2020-05-29","르노삼성자동차(주)","XM3","2020"
"2020-05-27","비엠더블유코리아(주)","BMW C 400 GT","2019"
"2020-05-29","한국지엠(주)","캡티바 2.0 디젤","2018"
"2020-05-27","아우디폭스바겐코리아(주)","A6 45 TFSI quattro","2020"
"2020-05-26","지엠대우오토앤테크놀로지(주)","CHEVROLET IMPALA 2.5","2016"
"2020-05-26","현대자동차(주)","그랜저(GRANDEUR)","2020"
"2020-05-27","한국지엠(주)","캡티바 2.0 디젤","2017"
"2020-05-26","현대자동차(주)","그랜저(GRANDEUR)","2020"
"2020-05-27","르노삼성자동차(주)","XM3","2020"
"2020-05-27","현대자동차(주)","그랜저(GRANDEUR)","2020"
"2020-05-27","기아자동차(주)","그랜드 카니발","2009"
"2020-05-26","혼다코리아(주)","ADV750L","2018"
"2020-05-27","한국지엠(주)","캡티바 2.0 디젤","2017"
"2020-05-27","르노삼성자동차(주)","XM3","2020"
"2020-05-27","현대자동차(주)","그랜저(GRANDEUR)","2014"
"2020-05-28","한국지엠(주)","캡티바 2.0 디젤","2017"
"2020-05-27","한국지엠(주)","크루즈 1.8 DOHC","2012"
"2020-05-26","현대자동차(주)","아반떼 하이브리드(AVANTE HYBRID)","2010"
"2020-05-27","기아자동차(주)","쏘렌토","2017"
"2020-05-26","현대자동차(주)","그랜저(GRANDEUR)","2010"
"2020-05-27","(주)재규어랜드로버코리아","디스커버리 스포츠 2.0D","2016"
"2020-05-27","르노삼성자동차(주)","SM3","2013"
"2020-05-26","아우디폭스바겐코리아(주)","A6 45 TFSI quattro","2020"
"2020-05-26","아우디폭스바겐코리아(주)","A6 45 TFSI quattro","2020"
"2020-05-27","비엠더블유코리아(주)","BMW 118d (17)","2020"
"2020-05-26","비엠더블유코리아(주)","BMW 118d","2018"
"2020-05-27","한국지엠(주)","캡티바 2.0 디젤","2016"
"2020-05-27","르노삼성자동차(주)","XM3","2020"
"2020-05-26","포드세일즈서비스코리아(유)","퓨전","2013"
"2020-05-29","한국지엠(주)","캡티바 2.0 디젤","2016"
"2020-05-27","아우디폭스바겐코리아(주)","A6 40 TDI quattro","2016"
"2020-05-25","만트럭버스코리아(주)","TGX","2016"
"2020-05-25","현대자동차(주)","제네시스(GENESIS)","2015"
"2020-05-26","아우디폭스바겐코리아(주)","A6 45 TFSI quattro","2020"
"2020-05-27","아우디폭스바겐코리아(주)","A6 45 TFSI quattro","2020"
"2020-05-26","현대자동차(주)","싼타페(SANTAFE)","2008"
"2020-05-25","기아자동차(주)","쏘렌토","2010"
"2020-05-26","기아자동차(주)","K5","2011"
"2020-05-25","볼보그룹코리아(주)트럭","FH 트랙터","2019"
"2020-05-26","르노삼성자동차(주)","SM5 LPLi","2013"
"2020-05-27","포드세일즈서비스코리아(유)","익스플로러","2015"
"2020-05-26","아우디폭스바겐코리아(주)","A6 45 TFSI quattro","2020"
"2020-05-25","볼보그룹코리아(주)트럭","FH 트랙터","2016"
"2020-05-26","비엠더블유코리아(주)","BMW 320d M Sport Package","2020"
"2020-05-26","르노삼성자동차(주)","XM3","2020"
"2020-05-28","현대자동차(주)","제네시스(GENESIS)","2015"
"2020-05-26","아우디폭스바겐코리아(주)","A6 45 TFSI quattro","2020"
"2020-05-26","신제일정공(주)","제일3.1톤윙바디","2016"
"2020-05-28","현대자동차(주)","그랜저 하이브리드","2018"
"2020-05-26","아우디폭스바겐코리아(주)","A6 45 TFSI quattro","2020"
"2020-05-25","아우디폭스바겐코리아(주)","A6 45 TFSI quattro","2020"
"2020-05-25","기아자동차(주)","K7","2013"
"2020-05-26","르노삼성자동차(주)","XM3","2020"
"2020-05-26","르노삼성자동차(주)","SM3","2010"
"2020-05-26","아우디폭스바겐코리아(주)","A6 45 TFSI quattro","2020"
"2020-05-25","(주) 한국모터트레이딩","YZF-R1","2015"
"2020-05-26","르노삼성자동차(주)","XM3","2020"
"2020-05-27","르노삼성자동차(주)","XM3","2020"
"2020-05-26","현대자동차(주)","그랜저(GRANDEUR)","2020"
"2020-05-25","현대자동차(주)","그랜저(GRANDEUR)","2020"
"2020-05-25","아우디폭스바겐코리아(주)","A6 45 TFSI quattro","2020"
"2020-05-25","아우디폭스바겐코리아(주)","A6 45 TFSI quattro","2020"
"2020-05-25","르노삼성자동차(주)","XM3","2020"
"2020-05-26","현대자동차(주)","그랜저(GRANDEUR)","2020"
"2020-05-27","아우디폭스바겐코리아(주)","A6 45 TFSI quattro","2020"
"2020-05-25","현대자동차(주)","맥스크루즈 (MAXCRUZ)","2014"
"2020-05-27","아우디폭스바겐코리아(주)","A6 45 TFSI quattro","2020"
"2020-05-25","아우디폭스바겐코리아(주)","A6 45 TFSI quattro","2020"
"2020-05-25","기아자동차(주)","K5","2020"
"2020-05-27","메르세데스벤츠코리아(주)","벤츠 E350 4Matic","2019"
"2020-05-25","아우디폭스바겐코리아(주)","A6 45 TFSI quattro","2020"
"2020-05-25","르노삼성자동차(주)","XM3","2020"
"2020-05-26","현대자동차(주)","맥스크루즈 (MAXCRUZ)","2015"
"2020-05-27","아우디폭스바겐코리아(주)","A6 40 TDI","2020"
"2020-05-27","아우디폭스바겐코리아(주)","A7 3.0 TDI quattro","2013"
"2020-05-26","현대자동차(주)","쏘나타(SONATA)","2016"
"2020-05-26","르노삼성자동차(주)","SM6","2017"
"2020-05-25","현대자동차(주)","그랜저(GRANDEUR)","2020"
"2020-05-25","아우디폭스바겐코리아(주)","A6 45 TFSI quattro","2020"
"2020-05-25","비엠더블유코리아(주)","BMW 530i Luxury","2020"
"2020-05-25","현대자동차(주)","투싼(TUCSON)","2018"
"2020-05-26","현대자동차(주)","투싼(TUCSON)","2015"
"2020-05-27","르노삼성자동차(주)","SM7","2007"
"2020-05-25","한국지엠(주)","말리부 2.0 DOHC","2015"
"2020-05-22","현대자동차(주)","투싼(TUCSON)","2019"
"2020-05-25","아우디폭스바겐코리아(주)","A6 45 TFSI quattro","2020"
"2020-05-25","아우디폭스바겐코리아(주)","A6 45 TFSI quattro","2020"
"2020-05-22","현대자동차(주)","싼타페(SANTAFE)","2014"
"2020-05-22","아우디폭스바겐코리아(주)","Golf 2.0 TDI BMT","2015"
"2020-05-25","현대자동차(주)","그랜저(GRANDEUR)","2020"
"2020-05-25","현대자동차(주)","에쿠스(EQUUS)","2010"
"2020-05-25","한국지엠(주)","트랙스 1.4","2014"
"2020-05-25","한국지엠(주)","크루즈 1.8 DOHC","2012"
"2020-05-25","현대자동차(주)","그랜저(GRANDEUR)","2020"
"2020-05-25","기아자동차(주)","포르테 쿱","2010"
"2020-05-25","아우디폭스바겐코리아(주)","Polo 5 FL 1.4 TDI BMT","2015"
"2020-05-25","아우디폭스바겐코리아(주)","A6 35 TDI","2016"
"2020-05-26","아우디폭스바겐코리아(주)","A6 45 TFSI quattro","2020"
"2020-05-25","아우디폭스바겐코리아(주)","Golf 1.4 TSI","2016"
"2020-05-26","현대자동차(주)","맥스크루즈 (MAXCRUZ)","2016"
"2020-05-25","아우디폭스바겐코리아(주)","A5 Sportback 45 TFSI quattro","2019"
"2020-05-22","한국지엠(주)","크루즈 1.8 DOHC","2014"
"2020-05-27","비엠더블유코리아(주)","BMW Gran Turismo EfficientDynamics Edition","2017"
"2020-05-25","비엠더블유코리아(주)","MINI Cooper S Countryman","2011"
"2020-05-26","기아자동차(주)","K7","2013"
"2020-05-22","현대자동차(주)","그랜저(GRANDEUR)","2020"
"2020-05-22","현대자동차(주)","맥스크루즈 (MAXCRUZ)","2014"
"2020-05-22","아우디폭스바겐코리아(주)","A6 45 TDI quattro","2015"
"2020-05-22","현대자동차(주)","쏘나타 하이브리드 (SONATA HYBRID)","2020"
"2020-05-21","아우디폭스바겐코리아(주)","A6 40 TDI quattro","2016"
"2020-05-21","현대자동차(주)","i40","2012"
"2020-05-21","현대자동차(주)","그랜저(GRANDEUR)","2020"
"2020-05-22","현대자동차(주)","그랜저(GRANDEUR)","2020"
"2020-05-22","현대자동차(주)","그랜저(GRANDEUR)","2020"
"2020-05-21","현대자동차(주)","그랜저(GRANDEUR)","2013"
"2020-05-22","아우디폭스바겐코리아(주)","A6 40 TDI","2020"
"2020-05-21","비엠더블유코리아(주)","BMWActiveHybrid7","2010"
"2020-05-25","비엠더블유코리아(주)","MINI Cooper S Countryman","2011"
"2020-05-22","아우디폭스바겐코리아(주)","A6 45 TFSI quattro","2020"
"2020-05-22","아우디폭스바겐코리아(주)","A6 45 TFSI quattro","2020"
"2020-05-22","볼보그룹코리아(주)트럭","FH 카고","2017"
"2020-05-22","아우디폭스바겐코리아(주)","A6 45 TFSI quattro","2020"
"2020-05-22","현대자동차(주)","투싼(TUCSON)","2010"
"2020-05-26","한국지엠(주)","말리부 2.4 DOHC","2015"
"2020-05-22","한국지엠(주)","트랙스 1.4","2014"
"2020-05-26","현대자동차(주)","그랜저(GRANDEUR)","2020"
"2020-05-21","기아자동차(주)","니로 EV","2019"
"2020-05-21","아우디폭스바겐코리아(주)","A4 35 TDI quattro","2015"
"2020-05-21","아우디폭스바겐코리아(주)","A6 45 TFSI quattro","2020"
"2020-05-20","현대자동차(주)","그랜저(GRANDEUR)","2020"
"2020-05-20","현대자동차(주)","그랜저(GRANDEUR)","2020"
"2020-05-21","아우디폭스바겐코리아(주)","Passat 1.8 TSI","2015"
"2020-05-22","현대자동차(주)","코나(KONA)","2018"
"2020-05-20","현대자동차(주)","코나 일렉트릭 (KONA ELECTRIC)","2019"
"2020-05-21","아우디폭스바겐코리아(주)","A6 35 TDI","2018"
"2020-05-21","아우디폭스바겐코리아(주)","A6 45 TFSI quattro","2020"
"2020-05-21","아우디폭스바겐코리아(주)","A6 3.0 TFSI quattro","2013"
"2020-05-21","(주)재규어랜드로버코리아","디스커버리 스포츠 2.0D","2016"
"2020-05-21","한국지엠(주)","트랙스 1.4","2013"
"2020-05-21","쌍용자동차(주)","렉스턴","2013"
"2020-05-21","아우디폭스바겐코리아(주)","A6 45 TFSI quattro","2020"
"2020-05-21","한국지엠(주)","올란도 2.0 LPG","2014"
"2020-05-20","현대자동차(주)","그랜저(GRANDEUR)","2020"
"2020-05-21","현대자동차(주)","그랜저(GRANDEUR)","2020"
"2020-05-20","아우디폭스바겐코리아(주)","A6 45 TFSI quattro","2020"
"2020-05-21","현대자동차(주)","투싼(TUCSON)","2010"
"2020-05-20","현대자동차(주)","그랜저(GRANDEUR)","2020"
"2020-05-26","현대자동차(주)","그랜저(GRANDEUR)","2020"
"2020-05-21","현대자동차(주)","쏘나타 하이브리드 (SONATA HYBRID)","2020"
"2020-05-20","현대자동차(주)","그랜저(GRANDEUR)","2020"
"2020-05-21","현대자동차(주)","G80","2021"
"2020-05-20","아우디폭스바겐코리아(주)","A6 3.0 TDI quattro","2013"
"2020-05-22","아우디폭스바겐코리아(주)","A6 45 TFSI quattro","2020"
"2020-05-21","현대자동차(주)","G80","2021"
"2020-05-21","아우디폭스바겐코리아(주)","A6 45 TFSI quattro","2019"
"2020-05-22","(주)에프엠케이","마세라티 기블리 디젤","2016"
"2020-05-21","아우디폭스바겐코리아(주)","Q5 2.0 TDI quattro","2010"
"2020-05-22","아우디폭스바겐코리아(주)","A6 40 TDI","2020"
"2020-05-21","아우디폭스바겐코리아(주)","A6 45 TFSI quattro","2020"
"2020-05-21","크라이슬러코리아(주)","짚 체로키","2015"
"2020-05-21","현대자동차(주)","그랜저(GRANDEUR)","2020"
"2020-05-21","현대자동차(주)","투싼(TUCSON)","2016"
"2020-05-21","기아자동차(주)","카니발","2015"
"2020-05-21","한국지엠(주)","말리부 2.0 DOHC","2013"
"2020-05-21","현대자동차(주)","맥스크루즈 (MAXCRUZ)","2016"
"2020-05-22","현대자동차(주)","쏘나타(SONATA)","2020"
"2020-05-20","현대자동차(주)","그랜저(GRANDEUR)","2020"
"2020-05-19","기아자동차(주)","셀토스","2020"
"2020-05-20","현대자동차(주)","그랜저(GRANDEUR)","2011"
"2020-05-19","한국지엠(주)","캡티바 2.0D 디젤","2014"
"2020-05-19","현대자동차(주)","그랜저(GRANDEUR)","2020"
"2020-05-21","기아자동차(주)","K5","2014"
"2020-05-19","비엠더블유코리아(주)","MINI Cooper D Countryman ALL4","2015"
"2020-05-20","(주)재규어랜드로버코리아","디스커버리 스포츠 2.0D","2016"
"2020-05-19","비엠더블유코리아(주)","BMW 320d xDrive Gran Turismo Sport WLTP","2018"
"2020-05-19","르노삼성자동차(주)","SM7","2012"
"2020-05-21","아우디폭스바겐코리아(주)","A6 45 TFSI quattro","2020"
"2020-05-20","현대자동차(주)","쏘나타 (SONATA)","2009"
"2020-05-19","현대자동차(주)","그랜저(GRANDEUR)","2020"
"2020-05-20","르노삼성자동차(주)","SM3","2015"
"2020-05-21","아우디폭스바겐코리아(주)","A6 45 TFSI quattro","2020"
"2020-05-20","아우디폭스바겐코리아(주)","A6 45 TFSI quattro","2020"
"2020-05-20","비엠더블유코리아(주)","BMW 320d M Sport Package","2020"
"2020-05-20","비엠더블유코리아(주)","BMW 620d xDrive M Sport Package","2020"
"2020-05-18","현대자동차(주)","그랜저(GRANDEUR)","2020"
"2020-05-19","비엠더블유코리아(주)","BMW 530e iPerformance M Sport Package","2020"
"2020-05-19","기아자동차(주)","K7","2013"
"2020-05-19","기아자동차(주)","봉고Ⅲ 파워게이트","2020"
"2020-05-19","현대자동차(주)","그랜저(GRANDEUR)","2020"
"2020-05-19","현대자동차(주)","그랜저 하이브리드(GRANDEUR HYBRID)","2020"
"2020-05-19","기아자동차(주)","그랜드 카니발","2012"
"2020-05-19","아우디폭스바겐코리아(주)","A5 Sportback 35 TDI quattro","2016"
"2020-05-22","기아자동차(주)","K7","2020"
"2020-05-19","비엠더블유코리아(주)","BMW X5 xDrive30d M Sport Package","2020"
"2020-05-19","기아자동차(주)","카니발 하이리무진","2019"
"2020-05-18","쌍용자동차(주)","렉스턴스포츠","2019"
"2020-05-18","기아자동차(주)","모하비","2020"
"2020-05-18","현대자동차(주)","그랜저(GRANDEUR)","2020"
"2020-05-19","비엠더블유코리아(주)","BMW 540i xDrive M Sport Package","2020"
"2020-05-20","현대자동차(주)","그랜저(GRANDEUR)","2020"
"2020-05-19","기아자동차(주)","K7 하이브리드","2020"
"2020-05-19","르노삼성자동차(주)","SM6","2016"
"2020-05-18","현대자동차(주)","그랜저(GRANDEUR)","2020"
"2020-05-18","현대자동차(주)","투싼(TUCSON)","2016"
"2020-05-18","현대자동차(주)","G80","2021"
"2020-05-19","아우디폭스바겐코리아(주)","A6 45 TFSI quattro","2020"
"2020-05-19","기아자동차(주)","K7 하이브리드","2020"
"2020-05-19","기아자동차(주)","K7","2020"
"2020-05-20","아우디폭스바겐코리아(주)","A7 50 TDI quattro","2016"
"2020-05-19","현대자동차(주)","투싼(TUCSON)","2018"
"2020-05-20","현대자동차(주)","i40 Saloon","2012"
"2020-05-19","현대자동차(주)","베라크루즈(VERACRUZ)","2015"
"2020-05-20","르노삼성자동차(주)","XM3","2020"
"2020-05-19","현대자동차(주)","그랜저(GRANDEUR)","2020"
"2020-05-19","비엠더블유코리아(주)","BMW 520d xDrive M Sport Package","2020"
"2020-05-21","현대자동차(주)","맥스크루즈 (MAXCRUZ)","2018"
"2020-05-20","비엠더블유코리아(주)","BMW 530i Luxury","2020"
"2020-05-19","현대자동차(주)","그랜저(GRANDEUR)","2020"
"2020-05-18","현대자동차(주)","그랜저(GRANDEUR)","2020"
"2020-05-20","아우디폭스바겐코리아(주)","A6 45 TFSI quattro","2020"
"2020-05-19","쌍용자동차(주)","코란도C","2015"
"2020-05-19","기아자동차(주)","K7","2020"
"2020-05-19","현대자동차(주)","그랜저(GRANDEUR)","2012"
"2020-05-20","아우디폭스바겐코리아(주)","A6 45 TFSI quattro","2020"
"2020-05-19","비엠더블유코리아(주)","BMW 320d M Sport Package","2020"
"2020-05-19","아우디폭스바겐코리아(주)","A6 45 TFSI quattro","2020"
"2020-05-19","아우디폭스바겐코리아(주)","A6 45 TFSI quattro","2020"
"2020-05-18","비엠더블유코리아(주)","BMW 330i Luxury","2020"
"2020-05-18","아우디폭스바겐코리아(주)","A6 45 TFSI quattro","2020"
"2020-05-18","기아자동차(주)","니로 하이브리드","2018"
"2020-05-18","현대자동차(주)","투싼(TUCSON)","2011"
"2020-05-18","현대자동차(주)","그랜저(GRANDEUR)","2020"
"2020-05-18","기아자동차(주)","K7","2020"
"2020-05-18","기아자동차(주)","K7","2020"
"2020-05-18","기아자동차(주)","니로 하이브리드","2018"
"2020-05-19","기아자동차(주)","니로 하이브리드","2017"
"2020-05-18","크라이슬러코리아(주)","짚 레니게이드 2.4","2016"
"2020-05-18","현대자동차(주)","맥스크루즈 (MAXCRUZ)","2017"
"2020-05-19","현대자동차(주)","맥스크루즈 (MAXCRUZ)","2016"
"2020-05-18","기아자동차(주)","K7","2020"
"2020-05-18","기아자동차(주)","셀토스","2020"
"2020-05-18","기아자동차(주)","K7","2020"
"2020-05-18","기아자동차(주)","K7","2020"
"2020-05-18","기아자동차(주)","니로 하이브리드","2018"
"2020-05-18","기아자동차(주)","K7","2020"
"2020-05-18","쌍용자동차(주)","코란도C","2012"
"2020-05-18","현대자동차(주)","맥스크루즈 (MAXCRUZ)","2017"
"2020-05-18","아우디폭스바겐코리아(주)","A6 45 TFSI quattro","2020"
"2020-05-18","아우디폭스바겐코리아(주)","Golf 2.0 TDI BMT","2016"
"2020-05-15","혼다코리아(주)","CR-V 4WD","2016"
"2020-05-18","기아자동차(주)","K7","2020"
"2020-05-15","현대자동차(주)","맥스크루즈 (MAXCRUZ)","2016"
"2020-05-18","기아자동차(주)","카니발","2016"
"2020-05-18","한국지엠(주)","말리부 2.0 DOHC","2015"
"2020-05-20","쌍용자동차(주)","코란도","2020"
"2020-05-18","기아자동차(주)","K7","2020"
"2020-05-15","비엠더블유코리아(주)","BMW C 400 X","2019"
"2020-05-18","기아자동차(주)","K7","2020"
"2020-05-19","아우디폭스바겐코리아(주)","A6 45 TFSI quattro","2020"
"2020-05-18","아우디폭스바겐코리아(주)","A6 45 TFSI quattro","2020"
"2020-05-18","(주)재규어랜드로버코리아","레인지로버 SDV8","2019"
"2020-05-18","(주)볼보자동차코리아","볼보 XC60D5","2017"
"2020-05-18","기아자동차(주)","K7 하이브리드","2020"
"2020-05-19","기아자동차(주)","K7 하이브리드","2020"
"2020-05-19","비엠더블유코리아(주)","MINI Cooper(15)","2020"
"2020-05-18","메르세데스벤츠코리아(주)","C220 CDI","2011"
"2020-05-18","기아자동차(주)","쏘렌토","2010"
"2020-05-18","기아자동차(주)","니로 하이브리드","2017"
"2020-05-15","현대자동차(주)","베라크루즈(VERACRUZ)","2015"
"2020-05-15","기아자동차(주)","니로 하이브리드","2020"
"2020-05-15","현대자동차(주)","쏘나타(SONATA)","2020"
"2020-05-14","아우디폭스바겐코리아(주)","Tiguan 2.0 TDI","2011"
"2020-05-14","한국지엠(주)","라보롱카고","2020"
"2020-05-15","기아자동차(주)","K7","2020"
"2020-05-15","한국지엠(주)","말리부 2.0 DOHC","2013"
"2020-05-15","기아자동차(주)","K7 하이브리드","2020"
"2020-05-15","현대자동차(주)","i40 Saloon","2012"
"2020-05-15","현대자동차(주)","투싼(TUCSON)","2016"
"2020-05-15","현대자동차(주)","맥스크루즈 (MAXCRUZ)","2014"
"2020-05-14","현대자동차(주)","쏘나타 (SONATA)","2010"
"2020-05-14","현대자동차(주)","투싼(TUCSON)","2007"
"2020-05-18","현대자동차(주)","싼타페(SANTAFE)","2013"
"2020-05-15","기아자동차(주)","K7","2014"
"2020-05-19","아우디폭스바겐코리아(주)","A6 35 TDI","2016"
"2020-05-15","기아자동차(주)","K7","2020"
"2020-05-15","아우디폭스바겐코리아(주)","A6 45 TFSI quattro","2020"
"2020-05-15","아우디폭스바겐코리아(주)","A5 Sportback 2.0 TDI quattro","2013"
"2020-05-15","기아자동차(주)","K7","2020"
"2020-05-14","기아자동차(주)","쏘렌토","2018"
"2020-05-15","기아자동차(주)","K7","2020"
"2020-05-15","현대자동차(주)","투싼(TUCSON)","2011"
"2020-05-14","테슬라코리아 유한회사","Model 3 Long Range","2019"
"2020-05-15","기아자동차(주)","K7","2020"
"2020-05-15","기아자동차(주)","K7 하이브리드","2020"
"2020-05-15","메르세데스벤츠코리아(주)","S400 L","2015"
"2020-05-14","기아자동차(주)","K7","2020"
"2020-05-14","아우디폭스바겐코리아(주)","A6 45 TFSI quattro","2020"
"2020-05-14","기아자동차(주)","K7 하이브리드","2020"
"2020-05-14","기아자동차(주)","K5","2011"
"2020-05-14","한국지엠(주)","올란도 2.0 디젤","2013"
"2020-05-14","아우디폭스바겐코리아(주)","A6 45 TFSI quattro","2020"
"2020-05-13","르노삼성자동차(주)","MASTER","2019"
"2020-05-13","현대자동차(주)","쏘나타(SONATA)","2020"
"2020-05-14","르노삼성자동차(주)","SM7","2012"
"2020-05-14","아우디폭스바겐코리아(주)","A6 45 TFSI quattro","2020"
"2020-05-13","크라이슬러코리아(주)","짚 레니게이드 2.4","2015"
"2020-05-14","아우디폭스바겐코리아(주)","A6 40 TDI","2020"
"2020-05-14","비엠더블유코리아(주)","BMW X6 xDrive30d","2018"
"2020-05-14","르노삼성자동차(주)","SM6","2016"
"2020-05-13","현대자동차(주)","투싼(TUCSON)","2011"
"2020-05-14","기아자동차(주)","K7","2020"
"2020-05-14","아우디폭스바겐코리아(주)","A6 45 TFSI quattro","2020"
"2020-05-15","기아자동차(주)","K7","2020"
"2020-05-13","메르세데스벤츠코리아(주)","Mercedes-Benz C200","2020"
"2020-05-14","아우디폭스바겐코리아(주)","A6 45 TFSI quattro","2020"
"2020-05-15","기아자동차(주)","K7","2020"
"2020-05-14","기아자동차(주)","K7","2020"
"2020-05-18","기아자동차(주)","K7 하이브리드","2020"
"2020-05-13","현대자동차(주)","포터Ⅱ (PORTERⅡ)","2020"
"2020-05-14","(주)볼보자동차코리아","볼보 S60T5","2020"
"2020-05-13","쌍용자동차(주)","렉스턴","2013"
"2020-05-13","비엠더블유코리아(주)","BMW X5 xDrive30d","2018"
"2020-05-13","아우디폭스바겐코리아(주)","A6 45 TFSI quattro","2020"
"2020-05-13","기아자동차(주)","봉고Ⅲ 파워게이트","2020"
"2020-05-13","기아자동차(주)","K7","2020"
"2020-05-13","(주)볼보자동차코리아","볼보 S60T5","2020"
"2020-05-13","르노삼성자동차(주)","SM3","2014"
"2020-05-13","아우디폭스바겐코리아(주)","A7 55 TFSI quattro","2020"
"2020-05-13","아우디폭스바겐코리아(주)","A7 55 TFSI quattro","2020"
"2020-05-14","(주)볼보자동차코리아","볼보 V60CCT5 AWD","2020"
"2020-05-14","아우디폭스바겐코리아(주)","Polo 5 FL 1.4 TDI BMT","2015"
"2020-05-13","(주)볼보자동차코리아","볼보 XC40T4 AWD","2019"
"2020-05-13","쌍용자동차(주)","코란도C","2013"
"2020-05-15","아우디폭스바겐코리아(주)","A6 45 TFSI quattro","2020"
"2020-05-12","포드세일즈서비스코리아(유)","토러스","2014"
"2020-05-12","기아자동차(주)","K5","2013"
"2020-05-13","아우디폭스바겐코리아(주)","A6 45 TFSI quattro","2020"
"2020-05-15","한국지엠(주)","트랙스 1.6 디젤","2017"
"2020-05-13","비엠더블유코리아(주)","BMW 520d","2016"
"2020-05-12","현대자동차(주)","코나 일렉트릭 (KONA ELECTRIC)","2018"
"2020-05-13","아우디폭스바겐코리아(주)","A7 55 TFSI quattro","2020"
"2020-05-11","현대자동차(주)","투싼(TUCSON)","2016"
"2020-05-11","포르쉐코리아 주식회사","카이엔 S 디젤","2014"
"2020-05-13","기아자동차(주)","K7","2020"
"2020-05-12","한국지엠(주)","캡티바 2.2D 디젤","2014"
"2020-05-12","현대자동차(주)","에쿠스(EQUUS)","2010"
"2020-05-11","르노삼성자동차(주)","SM6","2017"
"2020-05-14","기아자동차(주)","K7 하이브리드","2020"
"2020-05-12","기아자동차(주)","K7","2020"
"2020-05-12","기아자동차(주)","모하비","2020"
"2020-05-12","기아자동차(주)","카니발","2019"
"2020-05-11","아우디폭스바겐코리아(주)","A6 45 TFSI quattro","2020"
"2020-05-12","기아자동차(주)","K7","2013"
"2020-05-12","한국지엠(주)","트레일블레이저 1.35 TURBO FWD","2021"
"2020-05-12","기아자동차(주)","K7","2020"
"2020-05-12","르노삼성자동차(주)","QM6","2020"
"2020-05-12","한국지엠(주)","말리부 1.5 TURBO","2017"
"2020-05-12","기아자동차(주)","K7","2020"
"2020-05-12","아우디폭스바겐코리아(주)","A6 45 TFSI quattro","2020"
"2020-05-12","(주)볼보자동차코리아","볼보 XC90D5 AWD","2019"
"2020-05-12","기아자동차(주)","K7 하이브리드","2020"
"2020-05-12","테슬라코리아 유한회사","Model 3 Long Range","2020"
"2020-05-11","현대자동차(주)","투싼(TUCSON)","2011"
"2020-05-11","기아자동차(주)","K9","2020"
"2020-05-13","기아자동차(주)","K7 하이브리드","2020"
"2020-05-13","현대자동차(주)","싼타페(SANTAFE)","2020"
"2020-05-12","아우디폭스바겐코리아(주)","A6 45 TFSI quattro","2020"
"2020-05-12","한국지엠(주)","올란도 2.0 LPG","2018"
"2020-05-13","현대자동차(주)","투싼(TUCSON)","2016"
"2020-05-11","현대자동차(주)","쏘나타(SONATA)","2020"
"2020-05-12","현대자동차(주)","코나 일렉트릭 (KONA ELECTRIC)","2019"
"2020-05-12","(주)재규어랜드로버코리아","재규어 XE 2.0D","2016"
"2020-05-11","현대자동차(주)","맥스크루즈 (MAXCRUZ)","2014"
"2020-05-12","르노삼성자동차(주)","SM3","2015"
"2020-05-12","한국지엠(주)","트랙스 1.4","2014"
"2020-05-11","기아자동차(주)","K5","2012"
"2020-05-11","현대자동차(주)","그랜저(GRANDEUR)","2014"
"2020-05-13","한국토요타자동차(주)","렉서스 GS350","2013"
"2020-05-11","메르세데스벤츠코리아(주)","E200 CGI","2011"
"2020-05-13","현대자동차(주)","쏘나타 (SONATA)","2010"
"2020-05-11","한국지엠(주)","스파크 1.0","2017"
"2020-05-11","르노삼성자동차(주)","SM3","2013"
"2020-05-08","아우디폭스바겐코리아(주)","CC 2.0 TDI BMT","2016"
"2020-05-12","현대자동차(주)","G80","2021"
"2020-05-11","현대자동차(주)","GV80","2020"
"2020-05-12","현대자동차(주)","G80","2021"
"2020-05-11","(주)재규어랜드로버코리아","재규어 XE 2.0D","2016"
"2020-05-11","기아자동차(주)","스포티지","2016"
"2020-05-08","르노삼성자동차(주)","SM7","2012"
"2020-05-11","아우디폭스바겐코리아(주)","A6 45 TFSI quattro","2020"
"2020-05-08","아우디폭스바겐코리아(주)","A6 45 TFSI quattro","2020"
"2020-05-11","아우디폭스바겐코리아(주)","A6 45 TFSI quattro","2020"
"2020-05-12","현대자동차(주)","투싼(TUCSON)","2016"
"2020-05-11","현대자동차(주)","코나 일렉트릭 (KONA ELECTRIC)","2019"
"2020-05-11","기아자동차(주)","모하비","2020"
"2020-05-11","현대자동차(주)","투싼(TUCSON)","2016"
"2020-05-11","기아자동차(주)","K7","2020"
"2020-05-08","한국지엠(주)","크루즈 1.8 DOHC","2013"
"2020-05-08","아우디폭스바겐코리아(주)","A6 45 TFSI quattro","2020"
"2020-05-11","현대자동차(주)","투싼(TUCSON)","2016"
"2020-05-08","쌍용자동차(주)","코란도스포츠","2016"
"2020-05-08","(주)재규어랜드로버코리아","디스커버리 스포츠 2.0D","2016"
"2020-05-08","아우디폭스바겐코리아(주)","A6 45 TFSI quattro","2020"
"2020-05-08","기아자동차(주)","K7","2016"
"2020-05-08","현대자동차(주)","쏘나타 하이브리드 (SONATA HYBRID)","2020"
"2020-05-08","현대자동차(주)","그랜저(GRANDEUR)","2011"
"2020-05-12","아우디폭스바겐코리아(주)","A6 45 TFSI quattro","2020"
"2020-05-07","현대자동차(주)","싼타페(SANTAFE)","2010"
"2020-05-08","현대자동차(주)","투싼(TUCSON)","2016"
"2020-05-12","기아자동차(주)","K7","2015"
"2020-05-08","기아자동차(주)","스포티지","2016"
"2020-05-08","기아자동차(주)","K5","2014"
"2020-05-08","아우디폭스바겐코리아(주)","A6 45 TFSI quattro","2020"
"2020-05-08","아우디폭스바겐코리아(주)","A6 45 TFSI quattro","2020"
"2020-05-08","한국지엠(주)","말리부 1.5 TURBO","2018"
"2020-05-08","현대자동차(주)","쏘나타(SONATA)","2015"
"2020-05-07","쌍용자동차(주)","티볼리 에어","2017"
"2020-05-07","한국지엠(주)","말리부 2.0 DOHC","2014"
"2020-05-06","기아자동차(주)","모하비","2011"
"2020-05-11","아우디폭스바겐코리아(주)","A6 45 TFSI quattro","2020"
"2020-05-07","기아자동차(주)","K9","2014"
"2020-05-06","한국지엠(주)","라보롱카고","2020"
"2020-05-07","현대자동차(주)","싼타페(SANTAFE)","2020"
"2020-05-07","아우디폭스바겐코리아(주)","A6 45 TFSI quattro","2020"
"2020-05-06","비엠더블유코리아(주)","BMW 530i M Sport Package","2019"
"2020-05-07","현대자동차(주)","쏘나타 (SONATA)","2008"
"2020-05-06","메르세데스벤츠코리아(주)","C200 K","2009"
"2020-05-07","아우디폭스바겐코리아(주)","A6 45 TFSI quattro","2020"
"2020-05-07","아우디폭스바겐코리아(주)","A6 45 TFSI quattro","2020"
"2020-05-07","비엠더블유코리아(주)","BMW 320d","2014"
"2020-05-07","아우디폭스바겐코리아(주)","A6 45 TFSI quattro","2020"
"2020-05-07","메르세데스벤츠코리아(주)","S350 BlueTEC 4Matic L","2015"
"2020-05-07","아우디폭스바겐코리아(주)","A6 45 TFSI quattro","2020"
"2020-05-07","기아자동차(주)","K7 하이브리드","2020"
"2020-05-07","현대자동차(주)","코나 일렉트릭 (KONA ELECTRIC)","2019"
"2020-05-07","아우디폭스바겐코리아(주)","A6 45 TFSI quattro","2020"
"2020-05-07","아우디폭스바겐코리아(주)","A6 40 TDI quattro","2016"
"2020-05-07","아우디폭스바겐코리아(주)","A6 45 TFSI quattro","2020"
"2020-05-07","현대자동차(주)","코나 일렉트릭 (KONA ELECTRIC)","2019"
"2020-05-06","한국지엠(주)","트랙스 1.4","2015"
"2020-05-08","현대자동차(주)","싼타페(SANTAFE)","2016"
"2020-05-11","기아자동차(주)","쏘렌토","2008"
"2020-05-07","아우디폭스바겐코리아(주)","A6 45 TFSI quattro","2020"
"2020-05-07","아우디폭스바겐코리아(주)","A6 45 TFSI quattro","2020"
"2020-05-07","크라이슬러코리아(주)","짚 체로키","2015"
"2020-05-11","아우디폭스바겐코리아(주)","A6 45 TFSI quattro","2020"
"2020-05-07","아우디폭스바겐코리아(주)","A6 45 TFSI quattro","2020"
"2020-05-07","기아자동차(주)","K7 하이브리드","2020"
"2020-05-07","아우디폭스바겐코리아(주)","A6 3.0 TDI quattro","2014"
"2020-05-07","아우디폭스바겐코리아(주)","A6 45 TFSI quattro","2020"
"2020-05-07","현대자동차(주)","그랜저(GRANDEUR)","2012"
"2020-05-06","현대자동차(주)","투싼(TUCSON)","2016"
"2020-05-06","기아자동차(주)","K7","2013"
"2020-05-06","한국지엠(주)","말리부 2.0 DOHC","2015"
"2020-05-06","기아자동차(주)","카니발","2019"
"2020-05-06","(주)재규어랜드로버코리아","레인지로버 스포츠","2014"
"2020-05-04","현대자동차(주)","투싼(TUCSON)","2018"
"2020-05-04","한국지엠(주)","라세티 1.6 DOHC","2009"
"2020-05-06","비엠더블유코리아(주)","BMW X5 xDrive30d","2018"
"2020-05-04","기아자동차(주)","그랜드 카니발","2013"
"2020-05-06","아우디폭스바겐코리아(주)","A6 45 TFSI quattro","2020"
"2020-05-06","한국지엠(주)","트랙스 1.4","2014"
"2020-05-06","현대자동차(주)","그랜저(GRANDEUR)","2012"
"2020-05-06","기아자동차(주)","니로 하이브리드","2018"
"2020-05-07","크라이슬러코리아(주)","짚 레니게이드","2015"
"2020-05-04","현대자동차(주)","투싼(TUCSON)","2006"
"2020-05-04","비엠더블유코리아(주)","BMW 520d xDrive","2016"
"2020-05-06","현대자동차(주)","투싼(TUCSON)","2016"
"2020-05-06","르노삼성자동차(주)","SM6","2016"
"2020-05-06","르노삼성자동차(주)","XM3","2020"
"2020-05-07","기아자동차(주)","K7","2012"
"2020-05-06","현대자동차(주)","쏘나타(SONATA)","2016"
"2020-05-04","현대자동차(주)","쏘나타(SONATA)","2020"
"2020-05-06","현대자동차(주)","에쿠스(EQUUS)","2010"
"2020-05-06","한국지엠(주)","트랙스 1.4","2015"
"2020-05-04","기아자동차(주)","카니발 리무진","2019"
"2020-05-04","현대자동차(주)","쏘나타 하이브리드 (SONATA HYBRID)","2021"
"2020-05-04","기아자동차(주)","카니발 리무진","2019"
"2020-05-06","현대자동차(주)","그랜저 하이브리드(GRANDEUR HYBRID)","2020"
"2020-05-06","현대자동차(주)","쏘나타(SONATA)","2020"
"2020-05-04","현대자동차(주)","투싼(TUCSON)","2016"
"2020-05-04","현대자동차(주)","투싼(TUCSON)","2016"
"2020-05-04","한국지엠(주)","트랙스 1.4","2014"
"2020-05-04","현대자동차(주)","쏘나타(SONATA)","2020"
"2020-05-04","현대자동차(주)","GV80","2020"
"2020-05-04","현대자동차(주)","쏘나타(SONATA)","2020"
"2020-05-06","쌍용자동차(주)","코란도C","2012"
"2020-05-04","르노삼성자동차(주)","SM3","2014"
"2020-05-06","기아자동차(주)","쏘렌토","2016"
"2020-05-06","현대자동차(주)","쏘나타(SONATA)","2013"
"2020-05-04","르노삼성자동차(주)","SM3","2014"
"2020-05-04","현대자동차(주)","쏘나타(SONATA)","2020"
"2020-05-04","기아자동차(주)","K7","2020"
"2020-05-04","르노삼성자동차(주)","XM3","2020"
"2020-05-04","현대자동차(주)","쏘나타(SONATA)","2020"
"2020-05-04","아우디폭스바겐코리아(주)","Golf 2.0 TDI BMT","2015"
"2020-05-04","현대자동차(주)","쏘나타(SONATA)","2020"
"2020-05-04","현대자동차(주)","쏘나타(SONATA)","2020"
"2020-04-29","비엠더블유코리아(주)","MINI Cooper S Clubman","2016"
"2020-05-04","한불모터스(주)","Citroen Grand C4 Picasso 1.6 BlueHDi","2018"
"2020-05-06","현대자동차(주)","쏘나타(SONATA)","2020"
"2020-04-29","쌍용자동차(주)","코란도","2020"
"2020-05-04","기아자동차(주)","쏘렌토","2015"
"2020-05-04","현대자동차(주)","맥스크루즈 (MAXCRUZ)","2014"
"2020-05-04","아우디폭스바겐코리아(주)","A6 3.0 TDI quattro","2014"
"2020-04-29","현대자동차(주)","그랜저(GRANDEUR)","2020"
"2020-05-04","현대자동차(주)","그랜저(GRANDEUR)","2017"
"2020-04-29","(주)한국쓰리축","한국쓰리축윙바디","2018"
"2020-05-04","한국지엠(주)","말리부 2.0 DOHC","2013"
"2020-04-29","기아자동차(주)","K5","2020"
"2020-05-06","아우디폭스바겐코리아(주)","A3 Sportback 25 TDI","2015"
"2020-04-29","쌍용자동차(주)","렉스턴스포츠 칸","2019"
"2020-04-29","메르세데스벤츠코리아(주)","S560 4Matic L","2018"
"2020-04-29","혼다코리아(주)","CBR1000RA","2017"
"2020-05-04","기아자동차(주)","쏘렌토","2016"
"2020-04-28","(주)에프엠케이","마세라티 콰트로포르테 S Q4","2016"
"2020-04-29","현대자동차(주)","쏘나타(SONATA)","2020"
"2020-05-04","기아자동차(주)","K7","2020"
"2020-04-29","현대자동차(주)","쏘나타(SONATA)","2014"
"2020-04-29","(주)재규어랜드로버코리아","디스커버리4 3.0D","2016"
"2020-04-28","(주)재규어랜드로버코리아","레인지로버 벨라 D300","2018"
"2020-04-29","기아자동차(주)","쏘렌토","2021"
"2020-05-04","현대자동차(주)","싼타페(SANTAFE)","2019"
"2020-04-29","한국지엠(주)","라세티 1.6 DOHC","2009"
"2020-04-28","아우디폭스바겐코리아(주)","A6 40 TFSI","2018"
"2020-05-04","기아자동차(주)","K5","2011"
"2020-04-29","현대자동차(주)","쏘나타(SONATA)","2020"
"2020-04-29","현대자동차(주)","쏘나타(SONATA)","2020"
"2020-04-29","기아자동차(주)","모닝","2016"
"2020-05-04","현대자동차(주)","쏘나타(SONATA)","2020"
"2020-04-29","현대자동차(주)","투싼(TUCSON)","2016"
"2020-04-29","현대자동차(주)","쏘나타 하이브리드 (SONATA HYBRID)","2020"
"2020-04-29","한불모터스(주)","Grand C4 Picasso 1.6 Blue-HDi","2017"
"2020-04-28","르노삼성자동차(주)","SM6","2016"
"2020-04-28","한불모터스(주)","Grand C4 Picasso 2.0 Blue-HDi","2015"
"2020-04-27","쌍용자동차(주)","G4 렉스턴","2018"
"2020-04-28","현대자동차(주)","쏘나타(SONATA)","2020"
"2020-04-27","기아자동차(주)","쏘렌토","2020"
"2020-04-28","한불모터스(주)","Citroen Grand C4 SPACETOURER 1.5 BlueHDi","2019"
"2020-04-28","기아자동차(주)","쏘렌토","2016"
"2020-04-28","한국지엠(주)","트랙스 1.4","2014"
"2020-04-28","한불모터스(주)","Grand C4 Picasso 2.0 Blue-HDi","2015"
"2020-04-28","한국지엠(주)","말리부 2.0 DOHC","2013"
"2020-04-28","현대자동차(주)","쏘나타(SONATA)","2020"
"2020-04-28","한불모터스(주)","Grand C4 Picasso 2.0 Blue-HDi","2015"
"2020-04-29","현대자동차(주)","쏘나타(SONATA)","2020"
"2020-04-28","현대자동차(주)","쏘나타(SONATA)","2020"
"2020-04-28","현대자동차(주)","쏘나타(SONATA)","2020"
"2020-04-27","만트럭버스코리아(주)","TGX","2016"
"2020-05-04","현대자동차(주)","쏘나타(SONATA)","2020"
"2020-04-28","현대자동차(주)","쏘나타 하이브리드 (SONATA HYBRID)","2020"
"2020-04-28","현대자동차(주)","쏘나타 하이브리드 (SONATA HYBRID)","2020"
"2020-05-04","현대자동차(주)","쏘나타(SONATA)","2020"
"2020-04-28","한불모터스(주)","Citroen C4 Cactus 1.5 BlueHDi","2019"
"2020-04-28","현대자동차(주)","쏘나타(SONATA)","2020"
"2020-04-28","한불모터스(주)","Grand C4 Picasso 1.6 Blue-HDi","2017"
"2020-04-27","메르세데스벤츠코리아(주)","E300","2019"
"2020-04-28","한불모터스(주)","Grand C4 Picasso 2.0 Blue-HDi","2015"
"2020-04-27","현대자동차(주)","코나 일렉트릭 (KONA ELECTRIC)","2019"
"2020-04-28","현대자동차(주)","쏘나타(SONATA)","2020"
"2020-04-28","현대자동차(주)","쏘나타(SONATA)","2015"
"2020-04-28","현대자동차(주)","쏘나타(SONATA)","2020"
"2020-04-27","현대자동차(주)","쏘나타(SONATA)","2020"
"2020-04-27","기아자동차(주)","K7","2020"
"2020-04-29","현대자동차(주)","그랜저(GRANDEUR)","2008"
"2020-04-27","현대자동차(주)","쏘나타(SONATA)","2020"
"2020-04-27","현대자동차(주)","쏘나타(SONATA)","2020"
"2020-04-27","현대자동차(주)","쏘나타(SONATA)","2020"
"2020-04-27","한국지엠(주)","말리부 2.0 DOHC","2014"
"2020-04-28","현대자동차(주)","쏘나타(SONATA)","2020"
"2020-04-28","현대자동차(주)","쏘나타(SONATA)","2020"
"2020-04-27","현대자동차(주)","쏘나타(SONATA)","2020"
"2020-04-28","현대자동차(주)","쏘나타(SONATA)","2020"
"2020-04-27","현대자동차(주)","쏘나타(SONATA)","2020"
"2020-04-28","현대자동차(주)","쏘나타(SONATA)","2020"
"2020-04-27","아트원 주식회사","아트원더뉴글로밴리무진","2019"
"2020-04-29","현대자동차(주)","쏘나타(SONATA)","2020"
"2020-04-27","현대자동차(주)","쏘나타(SONATA)","2020"
"2020-04-28","현대자동차(주)","쏘나타(SONATA)","2020"
"2020-04-27","현대자동차(주)","쏘나타(SONATA)","2020"
"2020-04-28","현대자동차(주)","쏘나타(SONATA)","2020"
"2020-04-27","현대자동차(주)","쏘나타(SONATA)","2020"
"2020-04-27","현대자동차(주)","쏘나타(SONATA)","2020"
"2020-04-27","현대자동차(주)","에쿠스(EQUUS)","2011"
"2020-04-28","한국지엠(주)","트랙스 1.4","2014"
"2020-04-27","현대자동차(주)","쏘나타(SONATA)","2020"
"2020-04-29","현대자동차(주)","쏘나타 하이브리드 (SONATA HYBRID)","2020"
"2020-04-28","현대자동차(주)","쏘나타(SONATA)","2020"
"2020-04-27","현대자동차(주)","쏘나타(SONATA)","2020"
"2020-04-28","현대자동차(주)","그랜저(GRANDEUR)","2020"
"2020-04-28","현대자동차(주)","쏘나타(SONATA)","2020"
"2020-04-27","현대자동차(주)","쏘나타 (SONATA) 하이브리드","2012"
"2020-04-27","기아자동차(주)","K7","2020"
"2020-04-27","한국지엠(주)","올란도 1.6 디젤","2016"
"2020-04-27","현대자동차(주)","쏘나타(SONATA)","2020"
"2020-04-28","현대자동차(주)","투싼(TUCSON)","2011"
"2020-04-27","현대자동차(주)","쏘나타(SONATA)","2014"
"2020-04-27","한국지엠(주)","트랙스 1.4","2019"
"2020-04-24","현대자동차(주)","팰리세이드(PALISADE)","2019"
"2020-04-27","한국지엠(주)","트랙스 1.4","2015"
"2020-04-27","기아자동차(주)","K5","2018"
"2020-04-24","현대자동차(주)","그랜저(GRANDEUR)","2015"
"2020-04-27","한국지엠(주)","트랙스 1.6 디젤","2017"
"2020-04-27","기아자동차(주)","쏘렌토","2016"
"2020-04-27","현대자동차(주)","아반떼 하이브리드(AVANTE HYBRID)","2010"
"2020-04-24","기아자동차(주)","K7","2013"
"2020-04-24","현대자동차(주)","그랜저(GRANDEUR)","2011"
"2020-04-24","기아자동차(주)","K5","2011"
"2020-04-24","현대자동차(주)","쏘나타(SONATA)","2020"
"2020-04-24","지엠대우오토앤테크놀로지(주)","CHEVROLET CAMARO","2017"
"2020-04-27","기아자동차(주)","K7","2013"
"2020-04-24","기아자동차(주)","K7","2013"
"2020-04-23","아우디폭스바겐코리아(주)","Golf 2.0 TDI BMT","2015"
"2020-04-24","현대자동차(주)","투싼(TUCSON)","2016"
"2020-04-24","비엠더블유코리아(주)","BMW 520d Luxury","2020"
"2020-04-23","현대자동차(주)","쏘나타 (SONATA)","2010"
"2020-04-24","기아자동차(주)","봉고Ⅲ 1톤","2020"
"2020-04-27","기아자동차(주)","K7","2013"
"2020-04-24","현대자동차(주)","에쿠스(EQUUS)","2010"
"2020-04-24","현대자동차(주)","포터Ⅱ (PORTERⅡ)","2020"
"2020-04-24","기아자동차(주)","모닝","2012"
"2020-04-24","현대자동차(주)","G70","2018"
"2020-04-23","한국지엠(주)","트랙스 1.4","2020"
"2020-04-22","기아자동차(주)","K5","2011"
"2020-04-23","기아자동차(주)","봉고Ⅲ 1.2톤","2014"
"2020-04-23","기아자동차(주)","프라이드","2014"
"2020-04-22","기아자동차(주)","K5","2016"
"2020-04-22","현대자동차(주)","싼타페(SANTAFE)","2019"
"2020-04-23","현대자동차(주)","쏘나타(SONATA)","2020"
"2020-04-23","르노삼성자동차(주)","XM3","2020"
"2020-04-23","기아자동차(주)","K7","2020"
"2020-04-23","현대자동차(주)","맥스크루즈 (MAXCRUZ)","2014"
"2020-04-22","대림자동차공업(주)","EG300","2019"
"2020-04-22","르노삼성자동차(주)","SM7","2013"
"2020-04-23","한국지엠(주)","말리부 2.0 DOHC","2014"
"2020-04-23","메르세데스벤츠코리아(주)","E300","2017"
"2020-04-21","현대자동차(주)","제네시스(GENESIS)","2015"
"2020-04-22","한국지엠(주)","트랙스 1.4","2014"
"2020-04-21","기아자동차(주)","봉고Ⅲ 파워게이트","2019"
"2020-04-23","한불모터스(주)","푸조 2008 1.6 e-HDi","2015"
"2020-04-22","현대자동차(주)","싼타페(SANTAFE)","2013"
"2020-04-22","르노삼성자동차(주)","SM6","2016"
"2020-04-22","기아자동차(주)","쏘렌토","2021"
"2020-04-22","현대자동차(주)","넥쏘 (NEXO) 수소전기차","2020"
"2020-04-22","기아자동차(주)","쏘렌토 하이브리드","2021"
"2020-04-22","(주)재규어랜드로버코리아","레인지로버 SDV8","2019"
"2020-04-22","기아자동차(주)","K5","2013"
"2020-04-22","현대자동차(주)","에쿠스(EQUUS)","2010"
"2020-04-22","한국지엠(주)","트랙스 1.4","2014"
"2020-04-22","크라이슬러코리아(주)","짚 체로키","2015"
"2020-04-22","현대자동차(주)","에쿠스(EQUUS)","2010"
"2020-04-22","현대자동차(주)","그랜저 하이브리드","2018"
"2020-04-21","비엠더블유코리아(주)","BMW 118d Sport WLTP","2018"
"2020-04-20","기아자동차(주)","K7 하이브리드","2016"
"2020-04-20","(주)재규어랜드로버코리아","레인지로버 이보크 2.0D","2016"
"2020-04-20","한국지엠(주)","크루즈 1.8 DOHC","2014"
"2020-04-20","현대자동차(주)","i40 Saloon","2013"
"2020-04-21","기아자동차(주)","쏘렌토","2021"
"2020-04-21","기아자동차(주)","쏘렌토","2021"
"2020-04-21","현대자동차(주)","그랜저(GRANDEUR)","2011"
"2020-04-21","현대자동차(주)","블루온 (BLUEON)","2011"
"2020-04-21","한국지엠(주)","트랙스 1.4","2014"
"2020-04-21","현대자동차(주)","에쿠스(EQUUS)","2010"
"2020-04-21","현대자동차(주)","에쿠스(EQUUS)","2010"
"2020-04-23","한국지엠(주)","트랙스 1.4","2014"
"2020-04-21","지엠대우오토앤테크놀로지(주)","CHEVROLET TRAVERSE AWD","2020"
"2020-04-21","(주)한국쓰리축","한국쓰리축27톤트럭","2018"
"2020-04-20","현대자동차(주)","그랜저(GRANDEUR)","2014"
"2020-04-20","현대자동차(주)","에쿠스(EQUUS)","2010"
"2020-04-20","지엠코리아(주)","캐딜락 ATS RWD","2018"
"2020-04-21","기아자동차(주)","스포티지","2016"
"2020-04-20","기아자동차(주)","K7","2020"
"2020-04-20","현대자동차(주)","아반떼(AVANTE)","2010"
"2020-04-20","르노삼성자동차(주)","SM3","2013"
"2020-04-20","쌍용자동차(주)","코란도C","2013"
"2020-04-21","현대자동차(주)","그랜저 하이브리드(GRANDEUR HYBRID)","2020"
"2020-04-20","현대자동차(주)","쏘나타(SONATA)","2020"
"2020-04-20","한국지엠(주)","아베오 1.6 DOHC","2014"
"2020-04-21","기아자동차(주)","모하비","2019"
"2020-04-20","현대자동차(주)","싼타페(SANTAFE)","2013"
"2020-04-22","현대자동차(주)","아반떼 (AVANTE)","2012"
"2020-04-20","한국지엠(주)","캡티바 2.0D 디젤","2014"
"2020-04-20","현대자동차(주)","그랜저(GRANDEUR) 하이브리드","2015"
"2020-04-17","쌍용자동차(주)","G4 렉스턴","2018"
"2020-04-21","한국지엠(주)","말리부 2.0 DOHC","2013"
"2020-04-20","한국지엠(주)","캡티바 2.0D 디젤","2014"
"2020-04-20","르노삼성자동차(주)","SM3","2010"
"2020-04-20","기아자동차(주)","쏘렌토","2017"
"2020-04-22","기아자동차(주)","스포티지","2016"
"2020-04-17","한국지엠(주)","말리부 2.4 DOHC","2014"
"2020-04-20","현대자동차(주)","싼타페(SANTAFE)","2015"
"2020-04-20","아우디폭스바겐코리아(주)","Jetta 1.6 TDI Blue Motion","2013"
"2020-04-17","한국지엠(주)","스파크 EV","2014"
"2020-04-17","현대자동차(주)","에쿠스(EQUUS)","2010"
"2020-04-16","한국토요타자동차(주)","렉서스 UX250h 2WD","2019"
"2020-04-17","현대자동차(주)","투싼(TUCSON)","2016"
"2020-04-16","현대자동차(주)","싼타페(SANTAFE)","2013"
"2020-04-17","현대자동차(주)","쏘나타(SONATA)","2020"
"2020-04-17","기아자동차(주)","K7","2020"
"2020-04-17","현대자동차(주)","베뉴(VENUE)","2020"
"2020-04-17","쌍용자동차(주)","코란도 투리스모","2018"
"2020-04-21","기아자동차(주)","K5","2014"
"2020-04-17","현대자동차(주)","쏘나타(SONATA)","2015"
"2020-04-16","현대자동차(주)","싼타페(SANTAFE)","2018"
"2020-04-17","현대자동차(주)","쏘나타(SONATA)","2015"
"2020-04-20","현대자동차(주)","에쿠스(EQUUS)","2010"
"2020-04-17","한국지엠(주)","말리부 2.0 DOHC","2015"
"2020-04-20","르노삼성자동차(주)","SM6","2016"
"2020-04-17","현대자동차(주)","에쿠스(EQUUS)","2013"
"2020-04-17","한국지엠(주)","크루즈 1.8 DOHC","2013"
"2020-04-16","현대자동차(주)","싼타페(SANTAFE)","2016"
"2020-04-16","르노삼성자동차(주)","SM5","2011"
"2020-04-16","혼다코리아(주)","ACCORD HYBRID","2018"
"2020-04-16","한국지엠(주)","말리부 2.0 DOHC","2013"
"2020-04-16","현대자동차(주)","에쿠스(EQUUS)","2011"
"2020-04-16","아우디폭스바겐코리아(주)","Passat GT 2.0 TDI 4Motion","2018"
"2020-04-17","현대자동차(주)","싼타페(SANTAFE)","2015"
"2020-04-17","기아자동차(주)","니로 하이브리드","2018"
"2020-04-16","쌍용자동차(주)","코란도C","2012"
"2020-04-16","기아자동차(주)","K7 하이브리드","2020"
"2020-04-14","한국지엠(주)","스파크 1.0","2016"
"2020-04-17","현대자동차(주)","싼타페(SANTAFE)","2016"
"2020-04-16","현대자동차(주)","쏘나타(SONATA)","2015"
"2020-04-16","한불모터스(주)","Grand C4 Picasso 1.6 Blue-HDi","2016"
"2020-04-16","현대자동차(주)","아반떼(AVANTE)","2011"
"2020-04-14","현대자동차(주)","마이티","2016"
"2020-04-16","현대자동차(주)","EQ900","2017"
"2020-04-21","현대자동차(주)","그랜저(GRANDEUR)","2014"
"2020-04-16","한국지엠(주)","말리부 2.0 DOHC","2013"
"2020-04-14","스카니아코리아그룹(주)","스카니아트랙터","2020"
"2020-04-16","비엠더블유코리아(주)","BMW 320i","2016"
"2020-04-16","고흥모터스 주식회사","고흥모터스20톤저상트레일러","2020"
"2020-04-14","아우디폭스바겐코리아(주)","Jetta 1.6 TDI Blue Motion","2012"
"2020-04-14","현대자동차(주)","i30","2017"
"2020-04-14","기아자동차(주)","스포티지","2016"
"2020-04-14","지엠대우오토앤테크놀로지(주)","CHEVROLET IMPALA 3.6","2016"
"2020-04-13","테슬라코리아 유한회사","Model X 75D","2019"
"2020-04-13","쌍용자동차(주)","코란도","2020"
"2020-04-14","한국지엠(주)","트랙스 1.4","2014"
"2020-04-14","기아자동차(주)","K7","2020"
"2020-04-14","기아자동차(주)","카니발","2019"
"2020-04-16","기아자동차(주)","니로 하이브리드","2017"
"2020-04-14","현대자동차(주)","아반떼(AVANTE)","2010"
"2020-04-14","르노삼성자동차(주)","SM3","2014"
"2020-04-17","기아자동차(주)","K5","2020"
"2020-04-14","현대자동차(주)","쏘나타(SONATA)","2015"
"2020-04-14","한국지엠(주)","트랙스 1.4","2015"
"2020-04-13","한국지엠(주)","알페온2.4DOHC","2013"
"2020-04-14","현대자동차(주)","맥스크루즈 (MAXCRUZ)","2015"
"2020-04-10","기아자동차(주)","카니발 하이리무진","2019"
"2020-04-13","한국지엠(주)","트랙스 1.4","2015"
"2020-04-14","르노삼성자동차(주)","SM3","2014"
"2020-04-10","기아자동차(주)","K5","2020"
"2020-04-13","기아자동차(주)","카니발 하이리무진","2019"
"2020-04-16","한국지엠(주)","트랙스 1.4","2014"
"2020-04-10","기아자동차(주)","스포티지","2016"
"2020-04-13","기아자동차(주)","쏘렌토","2016"
"2020-04-13","한국지엠(주)","트랙스 1.4","2014"
"2020-04-13","기아자동차(주)","K7","2020"
"2020-04-13","현대자동차(주)","맥스크루즈 (MAXCRUZ)","2014"
"2020-04-13","한국지엠(주)","말리부 1.5 TURBO","2017"
"2020-04-10","한국지엠(주)","스파크 1.0","2016"
"2020-04-09","아우디폭스바겐코리아(주)","Q7 45 TFSI quattro","2019"
"2020-04-09","(주)엠뱅크특장","엠뱅크코란도언더리프트","2016"
"2020-04-10","한불모터스(주)","Peugeot 2008 1.6 BlueHDi","2016"
"2020-04-09","현대자동차(주)","그랜저(GRANDEUR)","2019"
"2020-04-10","한국지엠(주)","말리부 2.0 TURBO","2017"
"2020-04-09","현대자동차(주)","쏘나타 (SONATA)","2010"
"2020-04-10","현대자동차(주)","쏘나타(SONATA)","2015"
"2020-04-09","(유)기흥모터스","HARLEY-DAVIDSON FLFBS","2018"
"2020-04-10","기아자동차(주)","쏘렌토","2018"
"2020-04-10","한국지엠(주)","트랙스 1.4","2015"
"2020-04-10","비엠더블유코리아(주)","BMW 320d Gran Turismo","2015"
"2020-04-10","기아자동차(주)","스포티지","2016"
"2020-04-10","혼다코리아(주)","ACCORD HYBRID","2019"
"2020-04-09","아우디폭스바겐코리아(주)","A6 40 TDI quattro","2016"
"2020-04-10","현대자동차(주)","쏘나타(SONATA)","2013"
"2020-04-09","현대자동차(주)","그랜저(GRANDEUR)","2014"
"2020-04-13","기아자동차(주)","K5 하이브리드","2015"
"2020-04-09","기아자동차(주)","K5","2016"
"2020-04-08","기아자동차(주)","모하비","2017"
"2020-04-09","현대자동차(주)","쏘나타 (SONATA)","2011"
"2020-04-10","르노삼성자동차(주)","SM3","2015"
"2020-04-09","현대자동차(주)","쏘나타 (SONATA)","2012"
"2020-04-09","크라이슬러코리아(주)","짚 컴패스 2.4","2018"
"2020-04-08","메르세데스벤츠코리아(주)","E350 Coupe","2011"
"2020-04-09","한국지엠(주)","말리부 2.0 DOHC","2013"
"2020-04-08","현대자동차(주)","i40 Saloon","2013"
"2020-04-07","만트럭버스코리아(주)","TGX","2017"
"2020-04-08","메르세데스벤츠코리아(주)","벤츠 E 300 e","2019"
"2020-04-08","르노삼성자동차(주)","SM6","2019"
"2020-04-07","한국지엠(주)","알페온2.4DOHC","2013"
"2020-04-07","기아자동차(주)","K5","2019"
"2020-04-08","현대자동차(주)","아반떼 하이브리드(AVANTE HYBRID)","2010"
"2020-04-07","기아자동차(주)","레이","2013"
"2020-04-08","기아자동차(주)","K7","2011"
"2020-04-07","아우디폭스바겐코리아(주)","A6 45 TFSI quattro","2020"
"2020-04-07","비엠더블유코리아(주)","MINI Cooper D","2015"
"2020-04-08","(주)재규어랜드로버코리아","디스커버리 스포츠 2.0D","2016"
"2020-04-08","한국지엠(주)","말리부 2.0 DOHC","2014"
"2020-04-08","현대자동차(주)","제네시스(GENESIS)","2013"
"2020-04-07","(주)재규어랜드로버코리아","디스커버리 스포츠 2.0D","2016"
"2020-04-07","한국지엠(주)","말리부 2.0 DOHC","2015"
"2020-04-06","현대자동차(주)","쏘나타(SONATA)","2020"
"2020-04-07","아우디폭스바겐코리아(주)","A6 45 TFSI quattro","2020"
"2020-04-06","아우디폭스바겐코리아(주)","Golf 1.4 TSI","2012"
"2020-04-07","현대자동차(주)","그랜저(GRANDEUR)","2011"
"2020-04-07","한국지엠(주)","말리부 2.0 TURBO","2017"
"2020-04-07","기아자동차(주)","모하비","2019"
"2020-04-08","한국지엠(주)","말리부 2.0 DOHC","2013"
"2020-04-06","기아자동차(주)","K7","2020"
"2020-04-06","아우디폭스바겐코리아(주)","A7 50 TDI quattro","2016"
"2020-04-07","메르세데스벤츠코리아(주)","C200 CGI","2012"
"2020-04-07","기아자동차(주)","K9","2013"
"2020-04-06","현대자동차(주)","맥스크루즈 (MAXCRUZ)","2014"
"2020-04-06","현대자동차(주)","맥스크루즈 (MAXCRUZ)","2014"
"2020-04-07","한국지엠(주)","크루즈 1.8 DOHC","2013"
"2020-04-06","르노삼성자동차(주)","SM6","2020"
"2020-04-06","현대자동차(주)","팰리세이드(PALISADE)","2020"
"2020-04-06","한국지엠(주)","올란도 2.0 LPG","2014"
"2020-04-08","현대자동차(주)","쏘나타 (SONATA)","2011"
"2020-04-03","기아자동차(주)","K7","2015"
"2020-04-03","비엠더블유코리아(주)","BMW 620d M Sport Package","2020"
"2020-04-07","현대자동차(주)","그랜저(GRANDEUR)","2019"
"2020-04-03","한국지엠(주)","스파크 1.0 DOHC","2015"
"2020-04-03","고려특장(주)","고려특장11.2톤사료운반차","2020"
"2020-04-03","비엠더블유코리아(주)","BMW 520d xDrive","2017"
"2020-04-03","현대자동차(주)","아반떼 (AVANTE)","2012"
"2020-04-08","르노삼성자동차(주)","SM3","2015"
"2020-04-06","한국지엠(주)","말리부 2.0 DOHC","2013"
"2020-04-06","현대자동차(주)","싼타페(SANTAFE)","2015"
"2020-04-07","현대자동차(주)","쏘나타 (SONATA)","2010"
"2020-04-06","혼다코리아(주)","ACCORD HYBRID","2019"
"2020-04-06","한국지엠(주)","올란도 2.0 디젤","2012"
"2020-04-06","포드세일즈서비스코리아(유)","익스플로러","2014"
"2020-04-03","메르세데스벤츠코리아(주)","벤츠 S350 d 4MATIC","2019"
"2020-04-06","메르세데스벤츠코리아(주)","벤츠 GLE450 4Matic","2019"
"2020-04-02","현대자동차(주)","투싼(TUCSON)","2016"
"2020-04-02","현대자동차(주)","쏘나타 (SONATA)","2010"
"2020-04-02","현대자동차(주)","GV80","2020"
"2020-04-02","현대자동차(주)","쏘나타 (SONATA)","2010"
"2020-04-03","기아자동차(주)","스팅어","2018"
"2020-04-03","비엠더블유코리아(주)","BMW 620d xDrive M Sport Package","2020"
"2020-04-03","현대자동차(주)","쏘나타 (SONATA)","2010"
"2020-04-03","현대자동차(주)","포터Ⅱ (PORTERⅡ)","2020"
"2020-04-02","현대자동차(주)","아반떼(AVANTE)","2020"
"2020-04-02","현대자동차(주)","코나 일렉트릭 (KONA ELECTRIC)","2019"
"2020-04-02","현대자동차(주)","쏘나타(SONATA)","2020"
"2020-04-03","기아자동차(주)","셀토스","2020"
"2020-04-03","현대자동차(주)","아반떼(AVANTE)","2018"
"2020-04-02","비엠더블유코리아(주)","BMW 520d","2011"
"2020-04-02","현대자동차(주)","그랜저(GRANDEUR)","2012"
"2020-04-02","르노삼성자동차(주)","QM3","2015"
"2020-04-01","현대자동차(주)","i40","2012"
"2020-04-03","비엠더블유코리아(주)","BMW 528i xDrive","2016"
"2020-04-01","기아자동차(주)","K5","2013"
"2020-04-01","한국지엠(주)","말리부 2.0 DOHC","2015"
"2020-03-31","현대자동차(주)","팰리세이드(PALISADE)","2020"
"2020-04-01","르노삼성자동차(주)","SM3","2010"
"2020-03-31","현대자동차(주)","그랜저(GRANDEUR)","2019"
"2020-04-03","한국지엠(주)","라세티 웨곤 2.0 디젤","2007"
"2020-04-01","쌍용자동차(주)","코란도","2020"
"2020-03-31","기아자동차(주)","K7","2020"
"2020-03-31","에스케이네트웍스(주)","벤츠S550","2008"
"2020-03-30","(주)볼보자동차코리아","볼보 S60D2","2015"
"2020-03-31","현대자동차(주)","그랜저(GRANDEUR)","2017"
"2020-03-31","지엠대우오토앤테크놀로지(주)","CHEVROLET COLORADO AWD","2020"
"2020-03-31","현대자동차(주)","맥스크루즈 (MAXCRUZ)","2014"
"2020-03-31","기아자동차(주)","K7","2013"
"2020-03-30","현대자동차(주)","그랜드 스타렉스(GRAND STAREX)","2019"
"2020-03-31","기아자동차(주)","K7","2020"
"2020-03-30","기아자동차(주)","레이","2020"
"2020-03-30","기아자동차(주)","쏘렌토","2018"
"2020-04-01","아우디폭스바겐코리아(주)","A6 3.0 TDI quattro","2014"
"2020-03-30","현대자동차(주)","그랜드 스타렉스 어린이보호차(GRAND STAREX)","2009"
"2020-03-30","비엠더블유코리아(주)","BMW 620d M Sport Package","2020"
"2020-03-31","현대자동차(주)","아반떼 하이브리드(AVANTE HYBRID)","2010"
"2020-03-31","아우디폭스바겐코리아(주)","Jetta 2.0 TDI BMT Premium","2015"
"2020-03-30","(주)볼보자동차코리아","볼보 XC40T4 AWD","2020"
"2020-03-30","비엠더블유코리아(주)","BMW 730d xDrive Design Pure Excellence(20)","2020"
"2020-03-30","메르세데스벤츠코리아(주)","E220 CDI","2014"
"2020-03-30","현대자동차(주)","싼타페(SANTAFE)","2013"
"2020-03-30","현대자동차(주)","싼타페(SANTAFE)","2014"
"2020-03-30","르노삼성자동차(주)","QM6","2020"
"2020-03-30","현대자동차(주)","그랜저(GRANDEUR)","2020"
"2020-03-30","비엠더블유코리아(주)","MINI Cooper SD Countryman ALL4","2016"
"2020-03-27","현대자동차(주)","그랜저(GRANDEUR)","2015"
"2020-04-01","현대자동차(주)","싼타페(SANTAFE)","2020"
"2020-03-30","아우디폭스바겐코리아(주)","Golf 2.0 TDI BMT","2015"
"2020-03-30","기아자동차(주)","스포티지","2016"
"2020-03-30","기아자동차(주)","K7","2020"
"2020-03-27","현대자동차(주)","쏘나타 하이브리드 (SONATA HYBRID)","2020"
"2020-03-30","아우디폭스바겐코리아(주)","A7 3.0 TDI quattro","2013"
"2020-03-30","르노삼성자동차(주)","SM3","2013"
"2020-03-30","한국지엠(주)","말리부 2.0 TURBO","2017"
"2020-03-30","기아자동차(주)","K3","2015"
"2020-03-26","쌍용자동차(주)","코란도C","2014"
"2020-03-27","(주)재규어랜드로버코리아","레인지로버 이보크 D180","2020"
"2020-03-27","현대자동차(주)","팰리세이드(PALISADE)","2019"
"2020-03-26","자기인증면제차량","SANTAFE","2014"
"2020-03-27","현대자동차(주)","i40 Saloon","2013"
"2020-03-27","한국지엠(주)","트랙스 1.4","2017"
"2020-03-26","포드세일즈서비스코리아(유)","Explorer 2.3 AWD","2017"
"2020-03-27","현대자동차(주)","그랜저(GRANDEUR)","2014"
"2020-03-27","현대자동차(주)","아반떼(AVANTE)","2016"
"2020-03-27","기아자동차(주)","모하비","2018"
"2020-03-27","아우디폭스바겐코리아(주)","Golf 2.0 TDI BMT","2016"
"2020-03-27","한국지엠(주)","크루즈 1.4","2014"
"2020-03-26","타타대우상용차(주)","대우트랙터","2017"
"2020-03-26","스카니아코리아그룹(주)","스카니아트랙터","2020"
"2020-03-27","르노삼성자동차(주)","SM3","2013"
"2020-03-26","한국닛산(주)","Altima 2.5","2019"
"2020-03-27","기아자동차(주)","쏘렌토","2020"
"2020-03-25","한국지엠(주)","다마스","2005"
"2020-03-26","르노삼성자동차(주)","SM3","2015"
"2020-03-26","혼다코리아(주)","ACCORD 2.4","2015"
"2020-03-26","현대자동차(주)","베라크루즈(VERACRUZ)","2009"
"2020-03-26","크라이슬러코리아(주)","짚 체로키 2.2","2019"
"2020-03-25","현대자동차(주)","싼타페(SANTAFE)","2019"
"2020-03-25","(주)재규어랜드로버코리아","디스커버리 스포츠 2.0D","2016"
"2020-03-25","(주) 바이크코리아","AK550I","2018"
"2020-03-25","테슬라코리아 유한회사","Model X 75D","2019"
"2020-03-25","만트럭버스코리아(주)","TGX","2016"
"2020-03-26","한국지엠(주)","다마스5인승","2019"
"2020-03-25","기아자동차(주)","K5 하이브리드","2013"
"2020-03-25","현대자동차(주)","싼타페(SANTAFE)","2015"
"2020-03-25","한국지엠(주)","말리부 2.0 DOHC","2014"
"2020-03-25","현대자동차(주)","i40 Saloon","2015"
"2020-03-25","르노삼성자동차(주)","SM3","2014"
"2020-03-24","기아자동차(주)","카니발","2020"
"2020-03-26","기아자동차(주)","K7","2020"
"2020-03-24","현대자동차(주)","팰리세이드(PALISADE)","2020"
"2020-03-25","한국지엠(주)","윈스톰2.0S디젤2WD AT 5인승","2007"
"2020-03-24","(주)재규어랜드로버코리아","디스커버리4 3.0D","2016"
"2020-03-25","(주)재규어랜드로버코리아","재규어 E-PACE D180","2019"
"2020-03-25","기아자동차(주)","K7","2020"
"2020-03-24","현대자동차(주)","i40","2012"
"2020-03-24","한불모터스(주)","Peugeot 508 1.6 Blue-HDi","2016"
"2020-03-23","메르세데스벤츠코리아(주)","E300","2014"
"2020-03-24","메르세데스벤츠코리아(주)","E300 4Matic","2016"
"2020-03-24","한국지엠(주)","스파크 1.0","2016"
"2020-03-23","한국지엠(주)","말리부 2.0 DOHC","2012"
"2020-03-25","한국지엠(주)","스파크 1.0","2019"
"2020-03-24","한국지엠(주)","크루즈 1.4","2014"
"2020-03-23","르노삼성자동차(주)","SM7","2012"
"2020-03-23","현대자동차(주)","맥스크루즈 (MAXCRUZ)","2014"
"2020-03-24","르노삼성자동차(주)","SM6","2019"
"2020-03-23","기아자동차(주)","K7","2013"
"2020-03-23","아우디폭스바겐코리아(주)","A5 Sportback 35 TDI quattro","2015"
"2020-03-23","현대자동차(주)","맥스크루즈 (MAXCRUZ)","2014"
"2020-03-23","한국지엠(주)","말리부 2.0 TURBO","2017"
"2020-03-24","현대자동차(주)","맥스크루즈 (MAXCRUZ)","2014"
"2020-03-23","현대자동차(주)","쏘나타(SONATA)","2015"
"2020-03-23","크라이슬러코리아(주)","짚그랜드체로키","2020"
"2020-03-23","현대자동차(주)","맥스크루즈 (MAXCRUZ)","2017"
"2020-03-25","한국지엠(주)","다마스5인승","2019"
"2020-03-25","지엠코리아(주)","캐딜락 ATS AWD","2013"
"2020-03-23","메르세데스벤츠코리아(주)","E300","2011"
"2020-03-23","아우디폭스바겐코리아(주)","A6 40 TDI quattro","2016"
"2020-03-23","아우디폭스바겐코리아(주)","A4 2.0 TFSI quattro","2013"
"2020-03-23","메르세데스벤츠코리아(주)","Mercedes-Benz E 300 4MATIC","2020"
"2020-03-23","현대자동차(주)","그랜저(GRANDEUR)","2013"
"2020-03-23","한국지엠(주)","젠트라 1.2 DOHC","2009"
"2020-03-23","한국지엠(주)","말리부 1.5 TURBO","2017"
"2020-03-23","한국지엠(주)","말리부 2.4 DOHC","2016"
"2020-03-20","메르세데스벤츠코리아(주)","E220 d 4Matic","2019"
"2020-03-23","쌍용자동차(주)","코란도C","2013"
"2020-03-24","쌍용자동차(주)","코란도C","2013"
"2020-03-23","메르세데스벤츠코리아(주)","E220 BlueTEC","2016"
"2020-03-23","기아자동차(주)","K5","2011"
"2020-03-23","기아자동차(주)","K7","2013"
"2020-03-23","비엠더블유코리아(주)","BMW X5 xDrive30d","2018"
"2020-03-24","크라이슬러코리아(주)","짚 체로키 2.2","2016"
"2020-03-20","대림자동차공업(주)","EG300","2020"
"2020-03-20","기아자동차(주)","K7","2020"
"2020-03-19","기아자동차(주)","셀토스","2019"
"2020-03-20","쌍용자동차(주)","코란도C","2013"
"2020-03-24","기아자동차(주)","K5","2016"
"2020-03-20","기아자동차(주)","K7","2020"
"2020-03-20","현대자동차(주)","포터Ⅱ파워게이트 (PORTER Ⅱ)","2020"
"2020-03-19","한국지엠(주)","아베오 1.4","2017"
"2020-03-19","현대자동차(주)","포터Ⅱ파워게이트 (PORTER Ⅱ)","2020"
"2020-03-19","아우디폭스바겐코리아(주)","A6 3.0 TDI quattro","2014"
"2020-03-23","현대자동차(주)","그랜저(GRANDEUR)","2020"
"2020-03-20","쌍용자동차(주)","코란도C","2013"
"2020-03-19","비엠더블유코리아(주)","BMW 750Li xDrive","2016"
"2020-03-19","한국지엠(주)","말리부 2.0 DOHC","2014"
"2020-03-18","메르세데스벤츠코리아(주)","GLC220 d 4Matic","2017"
"2020-03-18","현대자동차(주)","쏘나타 (SONATA)","2011"
"2020-03-18","기아자동차(주)","스포티지","2014"
"2020-03-19","한국지엠(주)","트랙스 1.6 디젤","2016"
"2020-03-18","기아자동차(주)","K7","2020"
"2020-03-20","지엠코리아(주)","캐딜락 SRX 3.0","2012"
"2020-03-18","현대자동차(주)","쏘나타 (SONATA)","2012"
"2020-03-19","기아자동차(주)","K7","2016"
"2020-03-18","아우디폭스바겐코리아(주)","A6 40 TDI quattro","2016"
"2020-03-19","크라이슬러코리아(주)","짚 레니게이드 2.4","2018"
"2020-03-17","만트럭버스코리아(주)","TGX","2017"
"2020-03-18","기아자동차(주)","봉고Ⅲ 1.4톤","2008"
"2020-03-17","기아자동차(주)","K7","2020"
"2020-03-18","기아자동차(주)","K7","2020"
"2020-03-17","현대자동차(주)","포터Ⅱ (PORTERⅡ)","2014"
"2020-03-18","르노삼성자동차(주)","SM3","2013"
"2020-03-18","기아자동차(주)","K7","2020"
"2020-03-17","메르세데스벤츠코리아(주)","B200","2007"
"2020-03-18","현대자동차(주)","싼타페(SANTAFE)","2020"
"2020-03-19","현대자동차(주)","G80","2019"
"2020-03-17","기아자동차(주)","카니발","2019"
"2020-03-19","기아자동차(주)","K7","2020"
"2020-03-18","현대자동차(주)","그랜저(GRANDEUR)","2020"
"2020-03-18","한국지엠(주)","스파크 1.0","2016"
"2020-03-17","기아자동차(주)","쏘렌토","2020"
"2020-03-17","크라이슬러코리아(주)","짚 레니게이드 1.6","2020"
"2020-03-17","현대자동차(주)","그랜저 하이브리드(GRANDEUR HYBRID)","2020"
"2020-03-17","크라이슬러코리아(주)","짚 레니게이드 1.6","2020"
"2020-03-16","기아자동차(주)","니로 EV","2019"
"2020-03-17","쌍용자동차(주)","코란도C","2015"
"2020-03-16","현대자동차(주)","싼타페(SANTAFE)","2020"
"2020-03-16","한국지엠(주)","트랙스 1.4","2015"
"2020-03-18","기아자동차(주)","K7","2020"
"2020-03-16","쌍용자동차(주)","G4 렉스턴","2019"
"2020-03-17","한국닛산(주)","ALTIMA 2.5","2017"
"2020-03-17","기아자동차(주)","K7","2020"
"2020-03-16","르노삼성자동차(주)","QM6","2019"
"2020-03-17","기아자동차(주)","K7","2020"
"2020-03-16","비엠더블유코리아(주)","BMW Gran Turismo 30d xDrive","2015"
"2020-03-17","크라이슬러코리아(주)","짚그랜드체로키","2020"
"2020-03-16","현대자동차(주)","아반떼 (AVANTE)","2014"
"2020-03-17","크라이슬러코리아(주)","짚 레니게이드 1.6","2020"
"2020-03-16","기아자동차(주)","K5","2014"
"2020-03-16","아우디폭스바겐코리아(주)","Touareg 3.0 TDI Blue Motion","2015"
"2020-03-17","크라이슬러코리아(주)","짚 체로키 2.4","2019"
"2020-03-18","아우디폭스바겐코리아(주)","A6 40 TDI quattro","2016"
"2020-03-17","현대자동차(주)","쏘나타 (SONATA)","2010"
"2020-03-18","기아자동차(주)","K7","2012"
"2020-03-16","한국지엠(주)","트랙스 1.4","2015"
"2020-03-16","르노삼성자동차(주)","SM5","2010"
"2020-03-18","르노삼성자동차(주)","SM3","2013"
"2020-03-16","한국지엠(주)","말리부 2.0 DOHC","2013"
"2020-03-16","현대자동차(주)","그랜저 하이브리드","2018"
"2020-03-16","쌍용자동차(주)","코란도C","2012"
"2020-03-16","비엠더블유코리아(주)","BMW 520i Luxury","2020"
"2020-03-16","기아자동차(주)","K5","2011"
"2020-03-18","현대자동차(주)","투싼(TUCSON)","2016"
"2020-03-16","메르세데스벤츠코리아(주)","C200 CGI","2012"
"2020-03-16","기아자동차(주)","K7","2020"
"2020-03-16","기아자동차(주)","K7","2020"
"2020-03-16","기아자동차(주)","K7","2020"
"2020-03-16","기아자동차(주)","K7","2020"
"2020-03-16","현대자동차(주)","i40 Saloon","2012"
"2020-03-16","한국지엠(주)","말리부 2.0 DOHC","2012"
"2020-03-18","한국지엠(주)","트랙스 1.4","2014"
"2020-03-17","기아자동차(주)","K7","2020"
"2020-03-16","아우디폭스바겐코리아(주)","Golf 2.0 TDI BMT","2015"
"2020-03-18","크라이슬러코리아(주)","짚 체로키 2.4","2019"
"2020-03-16","현대자동차(주)","아반떼 하이브리드(AVANTE HYBRID)","2010"
"2020-03-16","한국지엠(주)","트랙스 1.4","2018"
"2020-03-13","메르세데스벤츠코리아(주)","C63 AMG","2011"
"2020-03-16","한국지엠(주)","크루즈 2.0 디젤","2012"
"2020-03-16","현대자동차(주)","투싼(TUCSON)","2016"
"2020-03-16","아우디폭스바겐코리아(주)","A4 2.0 TFSI Quattro","2009"
"2020-03-17","한국지엠(주)","트랙스 1.6 디젤","2017"
"2020-03-16","현대자동차(주)","싼타페(SANTAFE)","2013"
"2020-03-16","르노삼성자동차(주)","SM7","2019"
"2020-03-13","크라이슬러코리아(주)","짚 체로키 2.4","2017"
"2020-03-13","한국지엠(주)","토스카 2.0 DOHC","2010"
"2020-03-13","(주)재규어랜드로버코리아","재규어 XF 2.2D","2015"
"2020-03-16","아우디폭스바겐코리아(주)","A6 3.0 TDI quattro","2013"
"2020-03-13","메르세데스벤츠코리아(주)","E300","2014"
"2020-03-13","기아자동차(주)","카니발","2016"
"2020-03-12","기아자동차(주)","모닝","2015"
"2020-03-13","현대자동차(주)","쏘나타(SONATA)","2020"
"2020-03-13","현대자동차(주)","쏘나타(SONATA)","2016"
"2020-03-13","한솔모터스","벤츠SLK350","2005"
"2020-03-13","한국지엠(주)","말리부 1.5 TURBO","2017"
"2020-03-12","르노삼성자동차(주)","MASTER","2020"
"2020-03-12","현대자동차(주)","쏘나타(SONATA)","2015"
"2020-03-11","르노삼성자동차(주)","SM6","2016"
"2020-03-16","기아자동차(주)","K5","2016"
"2020-03-11","비엠더블유코리아(주)","BMW 520d Luxury","2019"
"2020-03-12","한국지엠(주)","올란도 2.0 디젤","2014"
"2020-03-11","르노삼성자동차(주)","SM7","2018"
"2020-03-12","아우디폭스바겐코리아(주)","A6 50 TDI quattro","2016"
"2020-03-12","비엠더블유코리아(주)","BMW 320d","2009"
"2020-03-12","한국지엠(주)","말리부 2.4 DOHC","2015"
"2020-03-12","기아자동차(주)","K3","2015"
"2020-03-12","크라이슬러코리아(주)","짚 체로키 2.4","2018"
"2020-03-11","현대자동차(주)","i40","2012"
"2020-03-13","아우디폭스바겐코리아(주)","A6 40 TDI quattro","2016"
"2020-03-11","한국지엠(주)","크루즈 1.8 DOHC","2014"
"2020-03-11","한국지엠(주)","말리부 2.0 DOHC","2013"
"2020-03-12","기아자동차(주)","카니발","2008"
"2020-03-11","(주)한국쓰리축","한국쓰리축27톤트럭","2016"
"2020-03-11","현대자동차(주)","팰리세이드(PALISADE)","2019"
"2020-03-11","메르세데스벤츠코리아(주)","Mercedes-AMG E53 4Matic +","2019"
"2020-03-10","(주)재규어랜드로버코리아","디스커버리4 3.0D","2015"
"2020-03-10","메르세데스벤츠코리아(주)","E220 CDI","2012"
"2020-03-11","한불모터스(주)","Peugeot 2008 1.6 BlueHDi","2016"
"2020-03-11","기아자동차(주)","모닝","2017"
"2020-03-11","아우디폭스바겐코리아(주)","A6 45 TDI quattro","2015"
"2020-03-11","현대자동차(주)","제네시스(GENESIS)","2013"
"2020-03-11","현대자동차(주)","쏘나타(SONATA)","2020"
"2020-03-10","쌍용자동차(주)","코란도C","2015"
"2020-03-11","현대자동차(주)","제네시스(GENESIS)","2016"
"2020-03-11","메르세데스벤츠코리아(주)","E220 d","2017"
"2020-03-11","아우디폭스바겐코리아(주)","A6 40 TDI quattro","2016"
"2020-03-11","혼다코리아(주)","ODYSSEY","2019"
"2020-03-10","테슬라코리아 유한회사","Model 3 Long Range","2020"
"2020-03-11","현대자동차(주)","그랜저(GRANDEUR)","2014"
"2020-03-10","현대자동차(주)","투싼(TUCSON)","2016"
"2020-03-10","현대자동차(주)","그랜저(GRANDEUR)","2018"
"2020-03-11","현대자동차(주)","쏘나타 (SONATA)","2011"
"2020-03-10","포드세일즈서비스코리아(유)","Mustang 2.3 Coupe","2018"
"2020-03-10","현대자동차(주)","아반떼(AVANTE)","2016"
"2020-03-11","한국지엠(주)","말리부 2.0 DOHC","2014"
"2020-03-09","현대자동차(주)","i40","2012"
"2020-03-09","(주)재규어랜드로버코리아","디스커버리 스포츠 2.0D","2016"
"2020-03-11","현대자동차(주)","쏘나타 (SONATA)","2011"
"2020-03-11","아우디폭스바겐코리아(주)","A7 50 TDI quattro","2016"
"2020-03-09","현대자동차(주)","그랜저(GRANDEUR)","2020"
"2020-03-09","비엠더블유코리아(주)","BMW 535d","2013"
"2020-03-10","기아자동차(주)","K9","2014"
"2020-03-09","기아자동차(주)","쏘렌토","2016"
"2020-03-10","현대자동차(주)","그랜저(GRANDEUR)","2018"
"2020-03-10","한국상용트럭(주)","한국상용25톤카고트럭","2016"
"2020-03-11","기아자동차(주)","K7","2015"
"2020-03-10","르노삼성자동차(주)","SM6","2016"
"2020-03-11","한국지엠(주)","트랙스 1.4","2014"
"2020-03-09","아우디폭스바겐코리아(주)","A7 50 TDI quattro","2016"
"2020-03-09","아우디폭스바겐코리아(주)","A8 3.0 TDI quattro","2013"
"2020-03-09","현대자동차(주)","맥스크루즈 (MAXCRUZ)","2014"
"2020-03-09","한국지엠(주)","트랙스 1.4","2014"
"2020-03-09","한국지엠(주)","말리부 2.0 DOHC","2015"
"2020-03-09","기아자동차(주)","오피러스","2007"
"2020-03-10","한국지엠(주)","말리부 1.5 TURBO","2017"
"2020-03-09","현대자동차(주)","쏘나타 (SONATA)","2011"
"2020-03-09","아우디폭스바겐코리아(주)","A7 3.0 TDI quattro","2014"
"2020-03-11","기아자동차(주)","니로 하이브리드","2018"
"2020-03-09","기아자동차(주)","레이","2012"
"2020-03-09","크라이슬러코리아(주)","짚 체로키 3.2","2020"
"2020-03-11","아우디폭스바겐코리아(주)","A7 3.0 TDI quattro","2013"
"2020-03-09","아우디폭스바겐코리아(주)","A6 3.0 TDI quattro","2012"
"2020-03-06","기아자동차(주)","쏘렌토","2015"
"2020-03-06","아우디폭스바겐코리아(주)","A6 3.0 TDI quattro","2014"
"2020-03-05","한국지엠(주)","크루즈 1.8 DOHC","2014"
"2020-03-05","메르세데스벤츠코리아(주)","GLC350 e 4Matic","2019"
"2020-03-05","혼다코리아(주)","ACCORD HYBRID","2018"
"2020-03-05","포드세일즈서비스코리아(유)","토러스","2018"
"2020-03-06","현대자동차(주)","i30","2016"
"2020-03-10","지엠코리아(주)","캐딜락 ATS RWD","2017"
"2020-03-05","현대자동차(주)","코나 일렉트릭 (KONA ELECTRIC)","2019"
"2020-03-05","한국지엠(주)","트랙스 1.4","2015"
"2020-03-05","현대자동차(주)","포터Ⅱ (PORTERⅡ)","2020"
"2020-03-05","현대자동차(주)","그랜드 스타렉스(GRAND STAREX)","2016"
"2020-03-04","메르세데스벤츠코리아(주)","C220 d 4Matic","2019"
"2020-03-04","비엠더블유코리아(주)","BMW 620d M Sport Package","2020"
"2020-03-05","르노삼성자동차(주)","SM6","2016"
"2020-03-05","비엠더블유코리아(주)","BMW Active Tourer JOY","2019"
"2020-03-04","쌍용자동차(주)","티볼리","2020"
"2020-03-03","비엠더블유코리아(주)","BMW X6 xDrive30d","2009"
"2020-03-03","(주)에프엠케이","마세라티 르반떼 S","2019"
"2020-03-04","비엠더블유코리아(주)","BMW 530e iPerformance Luxury","2020"
"2020-03-05","쌍용자동차(주)","티볼리","2017"
"2020-03-05","르노삼성자동차(주)","SM3","2014"
"2020-03-03","현대자동차(주)","팰리세이드(PALISADE)","2020"
"2020-03-04","지엠대우오토앤테크놀로지(주)","CHEVROLET TRAVERSE AWD","2020"
"2020-03-04","한국지엠(주)","말리부 1.35 TURBO","2019"
"2020-03-04","아우디폭스바겐코리아(주)","A6 40 TDI quattro","2016"
"2020-03-04","현대자동차(주)","G80","2017"
"2020-03-04","한국지엠(주)","말리부 1.35 TURBO","2019"
"2020-03-03","한국닛산(주)","ALTIMA 2.5","2017"
"2020-03-03","비엠더블유코리아(주)","BMW 520d","2017"
"2020-03-03","한국지엠(주)","토스카 2.0 DOHC","2007"
"2020-03-04","기아자동차(주)","K7","2012"
"2020-03-04","한국지엠(주)","말리부 2.0 DOHC","2015"
"2020-03-03","르노삼성자동차(주)","SM3","2013"
"2020-03-02","현대자동차(주)","투싼(TUCSON)","2016"
"2020-03-03","현대자동차(주)","아반떼 (AVANTE)","2012"
"2020-03-02","르노삼성자동차(주)","SM6","2016"
"2020-03-02","메르세데스벤츠코리아(주)","A200","2018"
"2020-03-04","현대자동차(주)","투싼(TUCSON)","2010"
"2020-03-03","현대자동차(주)","아반떼 스포츠(AVANTE SPORT)","2017"
"2020-03-03","메르세데스벤츠코리아(주)","E220 CDI","2014"
"2020-03-02","비엠더블유코리아(주)","BMW 520d xDrive","2017"
"2020-03-02","포르쉐코리아 주식회사","파나메라 4","2018"
"2020-03-03","르노삼성자동차(주)","SM3","2013"
"2020-03-02","타타대우상용차(주)","대우14톤장축카고트럭","2013"
"2020-03-03","한국닛산(주)","INFINITI Q30","2017"
"2020-03-03","한국지엠(주)","말리부 2.0 DOHC","2014"
"2020-03-03","지엠코리아(주)","캐딜락CTS","2015"
"2020-03-02","현대자동차(주)","쏘나타(SONATA)","2015"
"2020-03-02","기아자동차(주)","봉고Ⅲ 냉동차","2013"
"2020-03-02","기아자동차(주)","니로 하이브리드","2018"
"2020-03-02","현대자동차(주)","그랜저(GRANDEUR)","2015"
"2020-03-02","한국지엠(주)","트랙스 1.6 디젤","2017"
"2020-03-02","한국지엠(주)","트랙스 1.4","2019"
"2020-03-02","메르세데스벤츠코리아(주)","E300","2012"
"2020-03-02","한국지엠(주)","트랙스 1.4","2014"
"2020-02-28","기아자동차(주)","K7","2020"
"2020-02-28","기아자동차(주)","K5","2020"
"2020-02-28","현대자동차(주)","아이오닉 일렉트릭(IONIQ ELECTRIC)","2020"
"2020-02-28","기아자동차(주)","스포티지","2016"
"2020-03-02","비엠더블유코리아(주)","BMW 528i","2010"
"2020-02-28","현대자동차(주)","그랜저(GRANDEUR)","2015"
"2020-03-02","한국지엠(주)","트랙스 1.4","2014"
"2020-02-28","수림정공","티아산40피트컨테이너운송트레일러","2019"
"2020-03-02","현대자동차(주)","싼타페(SANTAFE)","2014"
"2020-02-28","기아자동차(주)","K7","2012"
"2020-02-28","비엠더블유코리아(주)","BMW 520d","2011"
"2020-03-02","메르세데스벤츠코리아(주)","CLS400 d 4Matic","2019"
"2020-02-28","아우디폭스바겐코리아(주)","Q7 45 TFSI quattro","2019"
"2020-03-04","한국지엠(주)","트랙스 1.4","2018"
"2020-03-02","현대자동차(주)","쏘나타 하이브리드 (SONATA HYBRID)","2020"
"2020-03-03","크라이슬러코리아(주)","PT Cruiser","2006"
"2020-02-28","한국지엠(주)","올란도 2.0 LPG","2015"
"2020-02-27","현대자동차(주)","그랜저(GRANDEUR)","2015"
"2020-02-28","현대자동차(주)","그랜저(GRANDEUR) 하이브리드","2014"
"2020-02-28","혼다코리아(주)","ACCORD HYBRID","2019"
"2020-02-28","기아자동차(주)","K5","2020"
"2020-03-02","한국지엠(주)","말리부 2.0 DOHC","2014"
"2020-02-28","한국지엠(주)","트랙스 1.4","2014"
"2020-02-28","쌍용자동차(주)","티볼리","2020"
"2020-02-28","현대자동차(주)","그랜저(GRANDEUR) 하이브리드","2015"
"2020-02-28","한국지엠(주)","윈스톰2.0S디젤","2009"
"2020-02-27","르노삼성자동차(주)","QM3","2018"
"2020-02-28","현대자동차(주)","아이오닉 하이브리드(IONIQ HYBRID)","2016"
"2020-03-02","현대자동차(주)","에쿠스(EQUUS)","2010"
"2020-02-28","크라이슬러코리아(주)","짚 체로키 2.4","2019"
"2020-02-28","현대자동차(주)","그랜저(GRANDEUR)","2020"
"2020-02-27","비엠더블유코리아(주)","MINI Cooper SD","2018"
"2020-02-28","현대자동차(주)","G70","2019"
"2020-02-26","만트럭버스코리아(주)","TGX","2016"
"2020-02-27","기아자동차(주)","K3","2013"
"2020-02-27","한국지엠(주)","트랙스 1.4","2015"
"2020-02-26","기아자동차(주)","봉고Ⅲ 1톤","2014"
"2020-02-27","혼다코리아(주)","ACCORD HYBRID","2019"
"2020-02-28","현대자동차(주)","싼타페(SANTAFE)","2015"
"2020-02-27","한국지엠(주)","트랙스 1.6 디젤","2016"
"2020-02-27","한국지엠(주)","트랙스 1.4","2014"
"2020-02-26","현대자동차(주)","트라고엑시언트(TRAGO XCIENT)트랙터","2016"
"2020-02-25","기아자동차(주)","레이","2014"
"2020-02-26","아우디폭스바겐코리아(주)","A6 40 TDI quattro","2016"
"2020-02-26","아우디폭스바겐코리아(주)","A6 40 TDI quattro","2016"
"2020-02-26","아우디폭스바겐코리아(주)","CC 2.0 TDI Blue Motion 4Motion","2012"
"2020-02-25","현대자동차(주)","쏘나타(SONATA) 하이브리드","2014"
"2020-02-25","쌍용자동차(주)","렉스턴스포츠","2018"
"2020-02-26","한국지엠(주)","스파크 1.0 DOHC LPG","2014"
"2020-02-25","현대자동차(주)","쏘나타(SONATA)","2015"
"2020-02-26","한국지엠(주)","말리부 2.0 디젤","2014"
"2020-02-28","한국지엠(주)","올란도 2.0 LPG","2012"
"2020-02-27","기아자동차(주)","모하비","2020"
"2020-02-26","현대자동차(주)","쏘나타(SONATA)","2020"
"2020-02-26","르노삼성자동차(주)","SM3","2010"
"2020-02-26","메르세데스벤츠코리아(주)","C250","2010"
"2020-02-26","아우디폭스바겐코리아(주)","Touareg 3.0 TDI Blue Motion","2015"
"2020-02-25","기아자동차(주)","레이","2012"
"2020-02-26","한국지엠(주)","알페온 3.0 DOHC","2011"
"2020-02-26","한국지엠(주)","말리부 2.0 DOHC","2015"
"2020-02-25","한국지엠(주)","알페온2.4DOHC","2013"
"2020-02-24","기아자동차(주)","쏘렌토","2015"
"2020-02-25","크라이슬러코리아(주)","짚 랭글러 루비콘","2018"
"2020-02-25","한국지엠(주)","크루즈 1.8 DOHC","2014"
"2020-02-25","현대자동차(주)","G70","2019"
"2020-02-25","르노삼성자동차(주)","TWIZY","2018"
"2020-02-24","비엠더블유코리아(주)","BMW 320i","2020"
"2020-02-24","현대자동차(주)","아반떼 (AVANTE)","2012"
"2020-02-26","기아자동차(주)","K5","2012"
"2020-02-24","기아자동차(주)","쏘렌토","2019"
"2020-02-26","쌍용자동차(주)","G4 렉스턴","2019"
"2020-02-27","크라이슬러코리아(주)","짚 레니게이드 1.6","2020"
"2020-02-25","한국지엠(주)","말리부 2.0 DOHC","2014"
"2020-02-25","르노삼성자동차(주)","SM3","2015"
"2020-02-25","르노삼성자동차(주)","SM3","2015"
"2020-02-24","현대자동차(주)","쏘나타 하이브리드(SONATA HYBRID)","2017"
"2020-02-24","한국지엠(주)","크루즈 1.8 DOHC","2014"
"2020-02-26","기아자동차(주)","카니발","2016"
"2020-02-25","기아자동차(주)","K5","2020"
"2020-02-24","현대자동차(주)","아반떼(AVANTE)","2020"
"2020-02-24","기아자동차(주)","K7","2013"
"2020-02-24","기아자동차(주)","K5","2014"
"2020-02-24","한국지엠(주)","말리부 2.4 DOHC","2014"
"2020-02-24","한국지엠(주)","말리부 2.0 LPG","2015"
"2020-02-24","아우디폭스바겐코리아(주)","Golf 2.0 TDI BMT","2015"
"2020-02-24","기아자동차(주)","K5","2016"
"2020-02-21","한국지엠(주)","크루즈 1.8 DOHC","2014"
"2020-02-21","현대자동차(주)","그랜저(GRANDEUR)","2018"
"2020-02-21","기아자동차(주)","K5","2011"
"2020-02-25","한국지엠(주)","크루즈 1.8 DOHC","2014"
"2020-02-24","현대자동차(주)","쏘나타 (SONATA)","2010"
"2020-02-24","한국지엠(주)","말리부 2.0 DOHC","2014"
"2020-02-21","볼보","볼보 XC70","2003"
"2020-02-24","르노삼성자동차(주)","SM6","2016"
"2020-02-24","메르세데스벤츠코리아(주)","C220 CDI","2013"
"2020-02-24","현대자동차(주)","쏘나타 하이브리드(SONATA HYBRID)","2017"
"2020-02-25","현대자동차(주)","쏘나타(SONATA)","2015"
"2020-02-21","현대자동차(주)","그랜저(GRANDEUR)","2011"
"2020-02-21","기아자동차(주)","K7","2020"
"2020-02-24","기아자동차(주)","K5","2014"
"2020-02-24","쌍용자동차(주)","렉스턴스포츠","2019"
"2020-02-20","한국상용트럭(주)","한국상용4.5톤카고트럭","2018"
"2020-02-20","한국지엠(주)","말리부 2.4 DOHC","2014"
"2020-02-21","현대자동차(주)","쏘나타 하이브리드(SONATA HYBRID)","2015"
"2020-02-21","한국지엠(주)","말리부 2.0 DOHC","2015"
"2020-02-20","한국지엠(주)","올란도 2.0 LPG","2013"
"2020-02-21","한국지엠(주)","트랙스 1.4","2017"
"2020-02-21","한국지엠(주)","말리부 2.0 LPG","2013"
"2020-02-20","아우디폭스바겐코리아(주)","A6 45 TFSI quattro","2020"
"2020-02-20","현대자동차(주)","아반떼(AVANTE)","2010"
"2020-02-20","현대자동차(주)","마이티윙바디","2016"
"2020-02-21","한국지엠(주)","트랙스 1.4","2014"
"2020-02-21","기아자동차(주)","K7","2017"
"2020-02-24","한국지엠(주)","트랙스 1.4","2016"
"2020-02-21","현대자동차(주)","싼타페(SANTAFE)","2020"
"2020-02-24","아우디폭스바겐코리아(주)","A4 2.0 TFSI Quattro","2010"
"2020-02-20","현대자동차(주)","그랜저(GRANDEUR)","2014"
"2020-02-20","현대자동차(주)","투싼(TUCSON)","2017"
"2020-02-20","한국지엠(주)","트랙스 1.4","2019"
"2020-02-20","현대자동차(주)","마이티","2019"
"2020-02-24","기아자동차(주)","K5","2014"
"2020-02-20","메르세데스벤츠코리아(주)","GLC350 e 4Matic","2019"
"2020-02-19","현대자동차(주)","그랜저(GRANDEUR)","2011"
"2020-02-24","현대자동차(주)","마이티하이냉동차","2017"
"2020-02-20","기아자동차(주)","쏘렌토","2015"
"2020-02-19","현대자동차(주)","트라고엑시언트(TRAGO XCIENT)트랙터","2017"
"2020-02-20","현대자동차(주)","쏘나타 하이브리드(SONATA HYBRID)","2015"
"2020-02-19","한국토요타자동차(주)","렉서스 ES300h","2019"
"2020-02-19","한국지엠(주)","트랙스 1.4","2019"
"2020-02-19","한국지엠(주)","트랙스 1.4","2014"
"2020-02-18","쌍용자동차(주)","코란도C","2016"
"2020-02-19","한국지엠(주)","트랙스 1.4","2014"
"2020-02-18","크라이슬러코리아(주)","짚 랭글러 사하라","2019"
"2020-02-19","한국지엠(주)","말리부 2.0 DOHC","2016"
"2020-02-18","현대자동차(주)","팰리세이드(PALISADE)","2019"
"2020-02-18","현대자동차(주)","그랜저(GRANDEUR)","2016"
"2020-02-19","현대자동차(주)","그랜드 스타렉스(GRAND STAREX)","2010"
"2020-02-20","한국지엠(주)","크루즈 1.8 DOHC","2013"
"2020-02-18","만트럭버스코리아(주)","TGX","2018"
"2020-02-19","한국지엠(주)","말리부 2.0 DOHC","2014"
"2020-02-18","지엠대우오토앤테크놀로지(주)","CHEVROLET IMPALA 3.6","2016"
"2020-02-19","비엠더블유코리아(주)","BMW 520i Luxury","2020"
"2020-02-20","한국지엠(주)","말리부 2.0 DOHC","2014"
"2020-02-18","비엠더블유코리아(주)","BMW 320d Gran Turismo","2014"
"2020-02-18","현대자동차(주)","쏘나타(SONATA)","2016"
"2020-02-19","현대자동차(주)","G80","2019"
"2020-02-19","한불모터스(주)","Peugeot 3008 1.6 BlueHDi","2018"
"2020-02-19","한국지엠(주)","말리부 1.5 TURBO","2017"
"2020-02-18","한국지엠(주)","올란도 2.0 LPG","2013"
"2020-02-19","한국지엠(주)","말리부 2.0 DOHC","2013"
"2020-02-17","현대자동차(주)","포터Ⅱ (PORTERⅡ)","2015"
"2020-02-17","만트럭버스코리아(주)","TGX","2016"
"2020-02-18","한국지엠(주)","트랙스 1.4","2015"
"2020-02-18","한국지엠(주)","아베오 1.6 DOHC","2013"
"2020-02-18","한국지엠(주)","트랙스 1.4","2013"
"2020-02-18","한국지엠(주)","트랙스 1.4","2015"
"2020-02-18","비엠더블유코리아(주)","BMW 530i xDrive Luxury","2020"
"2020-02-17","현대자동차(주)","투싼(TUCSON)","2020"
"2020-02-18","현대자동차(주)","쏘나타 (SONATA)","2010"
"2020-02-18","기아자동차(주)","그랜드 카니발","2012"
"2020-02-17","만트럭버스코리아(주)","TGX","2017"
"2020-02-19","한국지엠(주)","말리부 1.5 TURBO","2018"
"2020-02-18","쌍용자동차(주)","코란도스포츠","2017"
"2020-02-17","한국지엠(주)","올란도 2.0 LPG","2013"
"2020-02-17","한국지엠(주)","스파크 1.0","2016"
"2020-02-17","비엠더블유코리아(주)","BMW X5 xDrive30d","2017"
"2020-02-19","한국지엠(주)","트랙스 1.4","2015"
"2020-02-18","기아자동차(주)","K5 하이브리드","2013"
"2020-02-17","기아자동차(주)","모하비","2012"
"2020-02-19","현대자동차(주)","아반떼 쿠페 (AVANTE COUPE)","2014"
"2020-02-17","한국지엠(주)","말리부 2.0 DOHC","2013"
"2020-02-17","현대자동차(주)","i40","2012"
"2020-02-17","메르세데스벤츠코리아(주)","E220 d","2017"
"2020-02-17","현대자동차(주)","아반떼(AVANTE)","2007"
"2020-02-17","메르세데스벤츠코리아(주)","E220 d","2017"
"2020-02-17","현대자동차(주)","맥스크루즈 (MAXCRUZ)","2014"
"2020-02-17","한국지엠(주)","말리부 2.0 TURBO","2017"
"2020-02-14","메르세데스벤츠코리아(주)","E300 4Matic","2019"
"2020-02-18","현대자동차(주)","아반떼 하이브리드(AVANTE HYBRID)","2011"
"2020-02-14","엠티산업(주)","엠티차량운송트레일러","2014"
"2020-02-14","현대자동차(주)","쏘나타(SONATA)","2015"
"2020-02-14","기아자동차(주)","쏘렌토","2019"
"2020-02-17","한국지엠(주)","말리부 1.35 TURBO","2019"
"2020-02-14","기아자동차(주)","모하비","2011"
"2020-02-17","한불모터스(주)","Grand C4 Picasso 1.6 Blue-HDi","2016"
"2020-02-17","비엠더블유코리아(주)","BMW 320d","2012"
"2020-02-14","르노삼성자동차(주)","SM3","2014"
"2020-02-17","현대자동차(주)","쏘나타 하이브리드 (SONATA HYBRID)","2020"
"2020-02-17","한국지엠(주)","트랙스 1.4","2020"
"2020-02-18","현대자동차(주)","쏘나타(SONATA)","2017"
"2020-02-17","크라이슬러코리아(주)","짚 레니게이드 2.4","2016"
"2020-02-14","한국지엠(주)","말리부 2.0 DOHC","2012"
"2020-02-13","현대자동차(주)","아반떼 (AVANTE)","2012"
"2020-02-14","포드세일즈서비스코리아(유)","Mustang 2.3 Convertible","2017"
"2020-02-13","현대자동차(주)","맥스크루즈 (MAXCRUZ)","2014"
"2020-02-14","현대자동차(주)","쏘나타(SONATA)","2018"
"2020-02-17","르노삼성자동차(주)","SM3","2010"
"2020-02-14","현대자동차(주)","베라크루즈(VERACRUZ)","2015"
"2020-02-14","현대자동차(주)","i30","2012"
"2020-02-14","한국지엠(주)","말리부 2.0 DOHC","2012"
"2020-02-18","현대자동차(주)","아반떼(AVANTE)","2017"
"2020-02-13","(주)볼보자동차코리아","볼보 S60D2","2015"
"2020-02-14","한국지엠(주)","말리부 2.4 DOHC","2016"
"2020-02-13","현대자동차(주)","쏘나타 (SONATA)","2011"
"2020-02-17","기아자동차(주)","쏘렌토","2016"
"2020-02-18","현대자동차(주)","투싼(TUCSON)","2019"
"2020-02-14","기아자동차(주)","모하비","2017"
"2020-02-14","비엠더블유코리아(주)","BMW 520d","2013"
"2020-02-14","기아자동차(주)","K5","2020"
"2020-02-14","기아자동차(주)","모닝","2009"
"2020-02-12","아우디폭스바겐코리아(주)","Touareg 3.0 TDI Blue Motion","2015"
"2020-02-13","현대자동차(주)","투싼(TUCSON)","2016"
"2020-02-13","지엠대우오토앤테크놀로지(주)","G2X","2007"
"2020-02-13","아우디폭스바겐코리아(주)","A4 35 TDI quattro","2015"
"2020-02-13","현대자동차(주)","쏘나타 (SONATA)","2010"
"2020-02-13","(주)볼보자동차코리아","볼보 XC70D5","2006"
"2020-02-17","한국지엠(주)","말리부 2.0 DOHC","2013"
"2020-02-12","한국지엠(주)","말리부 2.0 DOHC","2014"
"2020-02-13","현대자동차(주)","i30","2010"
"2020-02-13","한국지엠(주)","말리부 2.0 DOHC","2013"
"2020-02-14","기아자동차(주)","K3","2013"
"2020-02-13","현대자동차(주)","마이티","2017"
"2020-02-13","한국지엠(주)","트랙스 1.4","2014"
"2020-02-12","(주)에이비케이","DORSODURO 900","2018"
"2020-02-12","현대자동차(주)","아반떼 하이브리드(AVANTE HYBRID)","2012"
"2020-02-12","현대자동차(주)","그랜저(GRANDEUR)","2019"
"2020-02-12","한국지엠(주)","트랙스 1.4","2018"
"2020-02-12","한국지엠(주)","말리부 2.0 DOHC","2012"
"2020-02-12","기아자동차(주)","쏘렌토","2011"
"2020-02-11","한국지엠(주)","말리부 2.0 DOHC","2014"
"2020-02-11","현대자동차(주)","그랜드 스타렉스(GRAND STAREX)","2013"
"2020-02-11","지엠대우오토앤테크놀로지(주)","CHEVROLET TRAVERSE AWD","2020"
"2020-02-12","한국지엠(주)","크루즈 1.8 DOHC","2014"
"2020-02-11","현대자동차(주)","포터Ⅱ (PORTERⅡ)","2020"
"2020-02-12","비엠더블유코리아(주)","BMW 520i Luxury","2020"
"2020-02-12","기아자동차(주)","K5","2020"
"2020-02-11","메르세데스벤츠코리아(주)","GLK220 CDI 4Matic","2010"
"2020-02-11","현대자동차(주)","그랜저(GRANDEUR)","2012"
"2020-02-12","한국지엠(주)","말리부 2.4 DOHC","2012"
"2020-02-12","현대자동차(주)","싼타페(SANTAFE)","2020"
"2020-02-11","한국지엠(주)","트랙스 1.6 디젤","2019"
"2020-02-13","기아자동차(주)","K5","2011"
"2020-02-12","아우디폭스바겐코리아(주)","Golf 2.0 TDI BMT","2015"
"2020-02-11","한국토요타자동차(주)","렉서스 IS250","2008"
"2020-02-10","메르세데스벤츠코리아(주)","E300","2017"
"2020-02-11","쌍용자동차(주)","코란도C","2013"
"2020-02-11","한국지엠(주)","말리부 2.4 DOHC","2014"
"2020-02-11","아우디폭스바겐코리아(주)","A7 50 TDI quattro","2016"
"2020-02-11","한국지엠(주)","말리부 2.0 DOHC","2015"
"2020-02-11","현대자동차(주)","코나 일렉트릭 (KONA ELECTRIC)","2019"
"2020-02-12","메르세데스벤츠코리아(주)","C200K","2010"
"2020-02-10","한국지엠(주)","말리부 2.0 DOHC","2012"
"2020-02-10","르노삼성자동차(주)","SM3","2016"
"2020-02-10","쌍용자동차(주)","렉스턴스포츠","2020"
"2020-02-10","기아자동차(주)","쏘렌토","2020"
"2020-02-10","크라이슬러코리아(주)","짚그랜드체로키","2012"
"2020-02-11","르노삼성자동차(주)","SM3","2010"
"2020-02-10","기아자동차(주)","쏘렌토","2017"
"2020-02-10","메르세데스벤츠코리아(주)","ML350 BlueTEC 4Matic","2014"
"2020-02-10","기아자동차(주)","K7 하이브리드","2020"
"2020-02-10","기아자동차(주)","K5","2020"
"2020-02-10","현대자동차(주)","EQ900","2016"
"2020-02-10","르노삼성자동차(주)","SM3","2013"
"2020-02-07","쌍용자동차(주)","코란도C","2014"
"2020-02-10","현대자동차(주)","i40 Saloon","2012"
"2020-02-07","기아자동차(주)","모하비","2020"
"2020-02-10","현대자동차(주)","쏘나타(SONATA)","2017"
"2020-02-07","현대자동차(주)","팰리세이드(PALISADE)","2020"
"2020-02-11","기아자동차(주)","쏘렌토","2020"
"2020-02-07","비엠더블유코리아(주)","BMW 528i xDrive","2014"
"2020-02-10","현대자동차(주)","제네시스(GENESIS)","2016"
"2020-02-07","기아자동차(주)","K5","2013"
"2020-02-11","한국지엠(주)","말리부 2.0 DOHC","2014"
"2020-02-07","주식회사 신화특장차","신화12.3미터가변형철판운송트레일러","2020"
"2020-02-12","르노삼성자동차(주)","SM3","2016"
"2020-02-11","비엠더블유코리아(주)","BMW 730d xDrive","2015"
"2020-02-07","기아자동차(주)","그랜드 카니발","2012"
"2020-02-07","한국지엠(주)","말리부 1.5 TURBO","2017"
"2020-02-10","한국지엠(주)","트랙스 1.4","2019"
"2020-02-07","기아자동차(주)","스팅어","2018"
"2020-02-06","아우디폭스바겐코리아(주)","Jetta 1.6 TDI Blue Motion","2012"
"2020-02-11","현대자동차(주)","제네시스(GENESIS)","2016"
"2020-02-10","자기인증면제차량","E350 4Matic","2006"
"2020-02-07","아우디폭스바겐코리아(주)","Golf GTI","2014"
"2020-02-06","메르세데스벤츠코리아(주)","E200","2014"
"2020-02-07","르노삼성자동차(주)","SM3","2011"
"2020-02-07","현대자동차(주)","제네시스(GENESIS)","2014"
"2020-02-07","르노삼성자동차(주)","SM6","2016"
"2020-02-07","현대자동차(주)","맥스크루즈 (MAXCRUZ)","2014"
"2020-02-10","한국지엠(주)","트랙스 1.4","2019"
"2020-02-07","한국지엠(주)","라세티 2.0 디젤","2011"
"2020-02-05","한국닛산(주)","LEAF","2019"
"2020-02-06","현대자동차(주)","아반떼(AVANTE)","2007"
"2020-02-05","현대자동차(주)","쏘나타(SONATA)","2017"
"2020-02-06","기아자동차(주)","K5","2020"
"2020-02-05","비엠더블유코리아(주)","BMW X3 xDrive20d","2015"
"2020-02-06","현대자동차(주)","맥스크루즈 (MAXCRUZ)","2015"
"2020-02-06","메르세데스벤츠코리아(주)","BENZ E240","2003"
"2020-02-06","비엠더블유코리아(주)","BMW X3 xDrive20d","2015"
"2020-02-06","한국지엠(주)","말리부 2.0 DOHC","2013"
"2020-02-06","한국지엠(주)","크루즈 1.4 터보","2017"
"2020-02-05","기아자동차(주)","K7 하이브리드","2018"
"2020-02-06","기아자동차(주)","모하비","2018"
"2020-02-06","한국지엠(주)","말리부 2.4 DOHC","2014"
"2020-02-06","한국지엠(주)","말리부 2.0 DOHC","2014"
"2020-02-05","아우디폭스바겐코리아(주)","Phaeton 3.0 TDI","2009"
"2020-02-06","한국지엠(주)","말리부 2.0 DOHC","2013"
"2020-02-05","기아자동차(주)","스포티지","2019"
"2020-02-05","현대자동차(주)","아반떼 (AVANTE)","2014"
"2020-02-06","한국지엠(주)","말리부 2.0 DOHC","2013"
"2020-02-05","스카니아코리아(주)","스카니아카고트럭","2019"
"2020-02-07","비엠더블유코리아(주)","BMW 320d Gran Turismo","2014"
"2020-02-05","현대자동차(주)","쏘나타 (SONATA)","2010"
"2020-02-04","기아자동차(주)","K7","2013"
"2020-02-06","한국지엠(주)","말리부 2.4 DOHC","2013"
"2020-02-05","현대자동차(주)","그랜저 하이브리드(GRANDEUR HYBRID)","2020"
"2020-02-04","현대자동차(주)","투싼(TUCSON)","2010"
"2020-02-04","현대자동차(주)","그랜저(GRANDEUR)","2020"
"2020-02-05","한국지엠(주)","말리부 2.0 DOHC","2014"
"2020-02-04","르노삼성자동차(주)","SM3","2014"
"2020-02-04","르노삼성자동차(주)","QM6","2019"
"2020-02-05","현대자동차(주)","팰리세이드(PALISADE)","2020"
"2020-02-06","한국지엠(주)","말리부 2.0 DOHC","2012"
"2020-02-04","현대자동차(주)","쏘나타 (SONATA)","2010"
"2020-02-05","한국지엠(주)","말리부 2.4 DOHC","2016"
"2020-02-04","한국지엠(주)","말리부 1.35 TURBO","2019"
"2020-02-04","메르세데스벤츠코리아(주)","S560 4Matic L","2019"
"2020-02-03","아우디폭스바겐코리아(주)","A6 3.0 TDI quattro","2012"
"2020-02-03","기아자동차(주)","스포티지","2016"
"2020-02-06","르노삼성자동차(주)","SM6","2016"
"2020-02-04","현대자동차(주)","쏘나타 (SONATA)","2011"
"2020-02-04","현대자동차(주)","제네시스(GENESIS)","2015"
"2020-02-04","기아자동차(주)","K7","2012"
"2020-02-06","아우디폭스바겐코리아(주)","Tiguan 2.0 TDI Blue Motion","2013"
"2020-02-04","현대자동차(주)","쏘나타(SONATA)","2012"
"2020-02-04","현대자동차(주)","싼타페(SANTAFE)","2019"
"2020-02-05","메르세데스벤츠코리아(주)","GLC250 d 4Matic","2017"
"2020-02-04","현대자동차(주)","그랜저(GRANDEUR)","2011"
"2020-02-03","기아자동차(주)","쏘렌토","2015"
"2020-02-03","혼다코리아(주)","WW125","2019"
"2020-02-05","르노삼성자동차(주)","SM3","2010"
"2020-02-03","현대자동차(주)","싼타페(SANTAFE)","2011"
"2020-02-03","쌍용자동차(주)","렉스턴스포츠 칸","2019"
"2020-02-04","비엠더블유코리아(주)","BMW 520d M Sport Package","2020"
"2020-02-06","기아자동차(주)","K5","2020"
"2020-02-03","한국지엠(주)","말리부 2.0 DOHC","2014"
"2020-02-05","한국지엠(주)","크루즈 1.8 DOHC","2013"
"2020-02-06","기아자동차(주)","K5","2014"
"2020-02-03","한국지엠(주)","말리부 2.4 DOHC","2014"
"2020-02-03","쌍용자동차(주)","코란도C","2014"
"2020-02-06","기아자동차(주)","K5","2011"
"2020-02-03","한국지엠(주)","말리부 2.0 DOHC","2013"
"2020-02-03","비엠더블유코리아(주)","BMW 530i M Sport Package Plus","2019"
"2020-02-05","한국지엠(주)","크루즈 1.8 DOHC","2013"
"2020-02-03","기아자동차(주)","레이","2012"
"2020-02-03","지엠코리아(주)","캐딜락 ATS RWD","2017"
"2020-02-04","기아자동차(주)","K5","2020"
"2020-02-06","기아자동차(주)","K5","2011"
"2020-02-05","기아자동차(주)","K7","2020"
"2020-02-04","한국지엠(주)","말리부 1.5 TURBO","2017"
"2020-02-06","기아자동차(주)","K5","2011"
"2020-02-05","한국지엠(주)","말리부 2.0 DOHC","2015"
"2020-02-04","비엠더블유코리아(주)","BMW 520i Luxury","2020"
"2020-02-03","지엠대우오토앤테크놀로지(주)","CHEVROLET IMPALA 2.5","2016"
"2020-02-04","한불모터스(주)","푸조 2008 1.6 e-HDi","2015"
"2020-01-31","비엠더블유코리아(주)","BMW 530e iPerformance Luxury","2020"
"2020-01-31","비엠더블유코리아(주)","BMW 520d xDrive Luxury","2020"
"2020-02-03","한국지엠(주)","말리부 2.4 DOHC","2014"
"2020-01-31","현대자동차(주)","그랜저(GRANDEUR)","2020"
"2020-02-03","지엠코리아(주)","캐딜락 CT6","2017"
"2020-02-05","혼다코리아(주)","ACCORD HYBRID","2019"
"2020-01-31","한국닛산(주)","INFINITI M37","2012"
"2020-02-05","지엠코리아(주)","캐딜락 CT6 3.6","2018"
"2020-01-31","르노삼성자동차(주)","QM5","2014"
"2020-01-31","비엠더블유코리아(주)","BMW 320d Touring","2013"
"2020-02-03","현대자동차(주)","제네시스(GENESIS)","2014"
"2020-01-31","메르세데스벤츠코리아(주)","S350 L","2019"
"2020-02-03","현대자동차(주)","포터Ⅱ (PORTERⅡ)","2019"
"2020-02-03","현대자동차(주)","그랜저 하이브리드(GRANDEUR HYBRID)","2020"
"2020-02-03","지엠코리아(주)","캐딜락 ATS RWD","2018"
"2020-02-03","기아자동차(주)","K5 하이브리드","2020"
"2020-01-31","(주)재규어랜드로버코리아","레인지로버 4.4D","2014"
"2020-02-03","현대자동차(주)","G70","2019"
"2020-02-03","현대자동차(주)","투싼(TUCSON)","2019"
"2020-01-31","한국지엠(주)","트랙스 1.4","2020"
"2020-01-30","현대자동차(주)","쏘나타(SONATA)","2005"
"2020-01-31","한국지엠(주)","크루즈 1.8 DOHC","2014"
"2020-02-03","한국지엠(주)","크루즈 1.8 DOHC","2013"
"2020-01-30","한국토요타자동차(주)","토요타 Camry Hybrid LE","2016"
"2020-01-31","한국닛산(주)","ALTIMA 2.5","2017"
"2020-01-31","한국지엠(주)","말리부 2.0 DOHC","2013"
"2020-01-31","현대자동차(주)","그랜저(GRANDEUR)","2019"
"2020-01-31","한국지엠(주)","말리부 2.0 DOHC","2014"
"2020-01-30","현대자동차(주)","그랜저(GRANDEUR)","2015"
"2020-01-30","기아자동차(주)","K7","2014"
"2020-01-30","르노삼성자동차(주)","SM6","2017"
"2020-01-31","현대자동차(주)","쏘나타(SONATA)","2020"
"2020-02-04","르노삼성자동차(주)","SM6","2016"
"2020-01-30","비엠더블유코리아(주)","BMW 528i","2012"
"2020-01-31","한국토요타자동차(주)","렉서스 ES300h","2019"
"2020-01-31","기아자동차(주)","K3","2020"
"2020-01-30","(주)재규어랜드로버코리아","레인지로버 4.4D","2017"
"2020-01-31","현대자동차(주)","그랜저(GRANDEUR)","2014"
"2020-01-30","현대자동차(주)","코나 일렉트릭 (KONA ELECTRIC)","2019"
"2020-01-31","비엠더블유코리아(주)","MINI Cooper","2014"
"2020-01-30","비엠더블유코리아(주)","BMW 520d","2013"
"2020-02-03","비엠더블유코리아(주)","BMW 520i Luxury","2020"
"2020-01-30","기아자동차(주)","K7","2020"
"2020-01-31","현대자동차(주)","G80","2019"
"2020-01-31","현대자동차(주)","쏘나타 (SONATA)","2010"
"2020-02-03","현대자동차(주)","싼타페(SANTAFE)","2016"
"2020-01-31","아우디폭스바겐코리아(주)","Jetta 2.0 TDI BMT Premium","2015"
"2020-01-31","기아자동차(주)","K5","2019"
"2020-01-30","기아자동차(주)","K5","2012"
"2020-01-30","기아자동차(주)","K7","2017"
"2020-01-31","기아자동차(주)","K3","2019"
"2020-01-30","현대자동차(주)","그랜저(GRANDEUR)","2020"
"2020-01-31","메르세데스벤츠코리아(주)","C200","2016"
"2020-01-29","기아자동차(주)","K5","2011"
"2020-01-30","쌍용자동차(주)","코란도","2020"
"2020-01-30","크라이슬러코리아(주)","짚 체로키 2.4","2019"
"2020-01-29","한국지엠(주)","스파크 EV","2015"
"2020-02-03","비엠더블유코리아(주)","BMW 620d xDrive Luxury","2020"
"2020-02-03","포드세일즈서비스코리아(유)","Mondeo 2.0","2016"
"2020-01-29","비엠더블유코리아(주)","BMW 320i","2007"
"2020-01-30","현대자동차(주)","그랜저 하이브리드","2019"
"2020-02-03","비엠더블유코리아(주)","BMW 620d M Sport Package","2020"
"2020-01-29","한국지엠(주)","스파크 1.0","2020"
"2020-01-30","기아자동차(주)","K7","2012"
"2020-01-30","기아자동차(주)","K5","2014"
"2020-01-30","비엠더블유코리아(주)","BMW 620d M Sport Package","2020"
"2020-01-29","아우디폭스바겐코리아(주)","Golf 1.6 TDI BMT","2015"
"2020-01-29","르노삼성자동차(주)","QM6","2017"
"2020-01-31","기아자동차(주)","니로 하이브리드","2018"
"2020-01-30","한국지엠(주)","말리부 2.0 DOHC","2012"
"2020-01-30","기아자동차(주)","스팅어","2018"
"2020-01-29","비엠더블유코리아(주)","BMW 520d xDrive M Sport Package","2020"
"2020-01-29","르노삼성자동차(주)","SM3","2015"
"2020-01-29","혼다코리아(주)","ACCORD HYBRID","2019"
"2020-01-29","(주)재규어랜드로버코리아","디스커버리4 3.0D","2013"
"2020-01-28","현대자동차(주)","쏘나타 (SONATA)","2012"
"2020-01-28","한국지엠(주)","말리부 2.0 LPG","2013"
"2020-02-03","현대자동차(주)","쏘나타 (SONATA)","2011"
"2020-01-29","현대자동차(주)","쏘나타(SONATA)","2016"
"2020-01-29","기아자동차(주)","카렌스","2007"
"2020-01-30","아우디폭스바겐코리아(주)","Golf 2.0 TDI BMT","2015"
"2020-01-31","쌍용자동차(주)","G4 렉스턴","2019"
"2020-01-30","현대자동차(주)","쏘나타 (SONATA)","2012"
"2020-01-29","현대자동차(주)","쏘나타(SONATA)","2016"
"2020-01-29","혼다코리아(주)","ACCORD 1.5T","2019"
"2020-01-29","기아자동차(주)","봉고Ⅲ 1톤","2020"
"2020-01-29","기아자동차(주)","K5 하이브리드","2020"
"2020-01-28","아우디폭스바겐코리아(주)","Golf 2.0 TDI","2010"
"2020-01-29","아우디폭스바겐코리아(주)","Q7 45 TFSI quattro","2019"
"2020-01-29","기아자동차(주)","K5","2013"
"2020-01-31","(주)재규어랜드로버코리아","디스커버리 스포츠 2.0D","2016"
"2020-02-03","현대자동차(주)","제네시스(GENESIS)","2015"
"2020-01-29","현대자동차(주)","G80","2019"
"2020-01-30","기아자동차(주)","K7","2018"
"2020-01-29","현대자동차(주)","그랜저(GRANDEUR)","2014"
"2020-01-28","혼다코리아(주)","ACCORD HYBRID","2019"
"2020-01-28","현대자동차(주)","그랜저(GRANDEUR)","2016"
"2020-01-28","혼다코리아(주)","ACCORD HYBRID","2019"
"2020-01-28","르노삼성자동차(주)","SM3","2013"
"2020-01-29","한국지엠(주)","크루즈 1.8 DOHC","2013"
"2020-01-28","현대자동차(주)","쏘나타 (SONATA)","2011"
"2020-01-28","기아자동차(주)","쏘렌토","2013"
"2020-01-28","르노삼성자동차(주)","SM6","2016"
"2020-01-29","한국지엠(주)","말리부 2.0 DOHC","2013"
"2020-01-28","기아자동차(주)","카니발","2016"
"2020-01-28","한국지엠(주)","말리부 1.5 TURBO","2017"
"2020-01-29","한국지엠(주)","말리부 2.0 DOHC","2013"
"2020-02-03","기아자동차(주)","K5","2016"
"2020-01-28","현대자동차(주)","아반떼 (AVANTE)","2012"
"2020-01-28","아우디폭스바겐코리아(주)","A6 3.0 TDI quattro","2012"
"2020-01-28","아우디폭스바겐코리아(주)","A6 50 TDI quattro","2016"
"2020-01-28","한국지엠(주)","말리부 2.0 DOHC","2014"
"2020-01-23","비엠더블유코리아(주)","BMW 530i xDrive M Sport Package","2020"
"2020-01-28","한국지엠(주)","크루즈 1.8 DOHC","2014"
"2020-01-28","현대자동차(주)","팰리세이드(PALISADE)","2019"
"2020-01-23","기아자동차(주)","K7","2012"
"2020-01-28","한국지엠(주)","말리부 2.0 TURBO","2017"
"2020-01-23","현대자동차(주)","베뉴(VENUE)","2020"
"2020-01-28","기아자동차(주)","K5 하이브리드","2020"
"2020-01-30","한국지엠(주)","트랙스 1.4","2014"
"2020-01-28","한국지엠(주)","아베오 1.4","2017"
"2020-01-23","현대자동차(주)","쏘나타 하이브리드(SONATA HYBRID)","2018"
"2020-01-23","비엠더블유코리아(주)","BMW 530i","2018"
"2020-01-22","비엠더블유코리아(주)","BMW 528i xDrive","2013"
"2020-01-23","아우디폭스바겐코리아(주)","Passat 1.8 TSI","2015"
"2020-01-23","비엠더블유코리아(주)","MINI Cooper","2016"
"2020-01-22","(주)재규어랜드로버코리아","디스커버리4 3.0D","2016"
"2020-01-23","한국지엠(주)","트랙스 1.4","2016"
"2020-01-23","기아자동차(주)","K7","2016"
"2020-01-23","현대자동차(주)","그랜저 하이브리드(GRANDEUR HYBRID)","2020"
"2020-01-23","메르세데스벤츠코리아(주)","E300","2017"
"2020-01-22","한국토요타자동차(주)","토요타 Prius","2018"
"2020-01-23","한국지엠(주)","트랙스 1.4","2018"
"2020-01-22","기아자동차(주)","봉고Ⅲ 1.2톤","2020"
"2020-01-23","한국지엠(주)","말리부 2.0 DOHC","2014"
"2020-01-22","현대자동차(주)","싼타페(SANTAFE)","2019"
"2020-01-23","쌍용자동차(주)","코란도C","2013"
"2020-01-23","현대자동차(주)","아반떼 하이브리드(AVANTE HYBRID)","2010"
"2020-01-22","현대자동차(주)","쏘나타 (SONATA)","2010"
"2020-01-21","기아자동차(주)","쏘렌토","2015"
"2020-01-22","한국지엠(주)","아베오 1.6 DOHC","2012"
"2020-01-22","기아자동차(주)","K5","2016"
"2020-01-22","현대자동차(주)","쏘나타(SONATA)","2006"
"2020-01-21","자일대우상용차주식회사","레스타-어린이운송차","2017"
"2020-01-22","한국지엠(주)","트랙스 1.6 디젤","2016"
"2020-01-21","현대자동차(주)","그랜저(GRANDEUR)","2019"
"2020-01-20","현대자동차(주)","그랜저(GRANDEUR)","2014"
"2020-01-20","기아자동차(주)","K5","2015"
"2020-01-20","현대자동차(주)","팰리세이드(PALISADE)","2019"
"2020-01-21","한국지엠(주)","말리부 2.4 DOHC","2014"
"2020-01-21","한국지엠(주)","말리부 2.0 DOHC","2012"
"2020-01-21","한국지엠(주)","말리부 2.0 TURBO","2017"
"2020-01-23","기아자동차(주)","쏘렌토","2015"
"2020-01-21","한국지엠(주)","말리부 2.0 TURBO","2017"
"2020-01-21","기아자동차(주)","K7","2017"
"2020-01-23","크라이슬러코리아(주)","짚 레니게이드 2.4","2018"
"2020-01-23","한국지엠(주)","말리부 2.0 TURBO","2017"
"2020-01-20","테슬라코리아 유한회사","Model X Long Range","2019"
"2020-01-21","한국지엠(주)","말리부 1.5 TURBO","2018"
"2020-01-21","현대자동차(주)","그랜저(GRANDEUR)","2020"
"2020-01-22","한국지엠(주)","말리부 1.5 TURBO","2017"
"2020-01-21","현대자동차(주)","그랜저 하이브리드","2018"
"2020-01-20","기아자동차(주)","K5","2020"
"2020-01-20","아우디폭스바겐코리아(주)","Touareg 3.0 TDI Blue Motion","2015"
"2020-01-21","크라이슬러코리아(주)","짚그랜드체로키","2019"
"2020-01-21","현대자동차(주)","그랜저(GRANDEUR)","2011"
"2020-01-21","현대자동차(주)","아반떼 스포츠(AVANTE SPORT)","2017"
"2020-01-21","르노삼성자동차(주)","QM6","2020"
"2020-01-20","현대자동차(주)","그랜저(GRANDEUR)","2015"
"2020-01-20","포드세일즈서비스코리아(유)","링컨 MKZ","2014"
"2020-01-20","아우디폭스바겐코리아(주)","Passat 2.0 TDI","2013"
"2020-01-20","현대자동차(주)","그랜저(GRANDEUR)","2020"
"2020-01-20","한국지엠(주)","말리부 1.5 TURBO","2017"
"2020-01-22","기아자동차(주)","K7","2017"
"2020-01-17","기아자동차(주)","쏘렌토","2016"
"2020-01-21","기아자동차(주)","K5","2020"
"2020-01-20","한국지엠(주)","말리부 2.0 DOHC","2013"
"2020-01-20","기아자동차(주)","카니발","2018"
"2020-01-20","현대자동차(주)","쏘나타(SONATA)","2020"
"2020-01-20","기아자동차(주)","쏘렌토","2015"
"2020-01-20","현대자동차(주)","제네시스(GENESIS)","2016"
"2020-01-20","쌍용자동차(주)","티볼리","2016"
"2020-01-20","현대자동차(주)","쏘나타(SONATA)","2020"
"2020-01-17","기아자동차(주)","모하비","2020"
"2020-01-21","르노삼성자동차(주)","SM3","2015"
"2020-01-17","현대자동차(주)","마이티","2015"
"2020-01-17","비엠더블유코리아(주)","BMW S1000XR","2016"
"2020-01-22","현대자동차(주)","그랜저(GRANDEUR)","2013"
"2020-01-20","(주)재규어랜드로버코리아","디스커버리4 3.0D","2016"
"2020-01-22","현대자동차(주)","G80","2019"
"2020-01-20","한국지엠(주)","말리부 2.0 DOHC","2013"
"2020-01-17","아우디폭스바겐코리아(주)","Touareg V6 3.0 TDI BMT","2016"
"2020-01-17","기아자동차(주)","쏘렌토","2015"
"2020-01-17","현대자동차(주)","싼타페(SANTAFE)","2019"
"2020-01-20","현대자동차(주)","그랜저 하이브리드(GRANDEUR HYBRID)","2020"
"2020-01-16","아우디폭스바겐코리아(주)","Golf 2.0 TDI BMT","2016"
"2020-01-17","현대자동차(주)","쏘나타(SONATA)","2015"
"2020-01-17","기아자동차(주)","K5","2017"
"2020-01-20","현대자동차(주)","쏘나타 (SONATA)","2011"
"2020-01-17","아우디폭스바겐코리아(주)","S4 3.0 TFSI Quattro","2011"
"2020-01-16","아우디폭스바겐코리아(주)","Passat 2.0 TDI","2013"
"2020-01-16","현대자동차(주)","맥스크루즈 (MAXCRUZ)","2015"
"2020-01-17","기아자동차(주)","K3","2020"
"2020-01-16","기아자동차(주)","K7","2020"
"2020-01-17","현대자동차(주)","제네시스(GENESIS)","2015"
"2020-01-20","기아자동차(주)","K7","2018"
"2020-01-17","현대자동차(주)","싼타페(SANTAFE)","2015"
"2020-01-17","기아자동차(주)","쏘렌토","2020"
"2020-01-16","현대자동차(주)","쏘나타(SONATA)","2012"
"2020-01-17","기아자동차(주)","레이","2012"
"2020-01-22","현대자동차(주)","제네시스(GENESIS)","2015"
"2020-01-16","메르세데스벤츠코리아(주)","E300","2012"
"2020-01-16","한국지엠(주)","말리부 2.0 DOHC","2014"
"2020-01-16","기아자동차(주)","스팅어","2018"
"2020-01-15","한국지엠(주)","알페온 2.4 DOHC","2014"
"2020-01-16","한불모터스(주)","Peugeot 308SW 1.6 Blue-HDi","2016"
"2020-01-15","테슬라코리아 유한회사","Model 3 Long Range","2020"
"2020-01-16","현대자동차(주)","싼타페(SANTAFE)","2013"
"2020-01-16","한국지엠(주)","올란도 2.0 디젤","2013"
"2020-01-15","현대자동차(주)","투싼(TUCSON)","2016"
"2020-01-16","기아자동차(주)","K7","2016"
"2020-01-16","기아자동차(주)","모하비","2018"
"2020-01-16","현대자동차(주)","그랜저(GRANDEUR)","2006"
"2020-01-16","현대자동차(주)","G90","2019"
"2020-01-15","(주)재규어랜드로버코리아","재규어 XF 20d","2017"
"2020-01-15","기아자동차(주)","K5 하이브리드","2020"
"2020-01-16","기아자동차(주)","K5","2011"
"2020-01-16","기아자동차(주)","쏘렌토","2018"
"2020-01-17","기아자동차(주)","카니발","2019"
"2020-01-15","기아자동차(주)","K7","2019"
"2020-01-16","현대자동차(주)","그랜저(GRANDEUR)","2015"
"2020-01-16","현대자동차(주)","쏘나타(SONATA)","2016"
"2020-01-14","쌍용자동차(주)","렉스턴","2011"
"2020-01-14","한국지엠(주)","말리부 2.0 TURBO","2019"
"2020-01-14","기아자동차(주)","카니발","2019"
"2020-01-14","(주)노바스","노바스스카이고소작업차","2016"
"2020-01-14","(주)재규어랜드로버코리아","레인지로버 이보크 2.0D","2016"
"2020-01-14","현대자동차(주)","그랜저(GRANDEUR)","2015"
"2020-01-14","기아자동차(주)","카니발","2008"
"2020-01-14","기아자동차(주)","K7 하이브리드","2019"
"2020-01-14","기아자동차(주)","K7","2012"
"2020-01-14","지엠대우오토앤테크놀로지(주)","CHEVROLET IMPALA 3.6","2016"
"2020-01-14","현대자동차(주)","쏘나타 (SONATA)","2010"
"2020-01-13","현대자동차(주)","쏘나타 (SONATA)","2011"
"2020-01-13","현대자동차(주)","투싼(TUCSON)","2016"
"2020-01-13","한신특장","한신 울트라 고소작업차","2013"
"2020-01-13","한신특장","한신 울트라 고소작업차","2013"
"2020-01-13","현대자동차(주)","쏘나타 (SONATA)","2011"
"2020-01-13","현대자동차(주)","아반떼(AVANTE)","2011"
"2020-01-13","기아자동차(주)","K5","2014"
"2020-01-13","기아자동차(주)","쏘렌토","2015"
"2020-01-13","한국지엠(주)","말리부 2.0 DOHC","2014"
"2020-01-13","현대자동차(주)","그랜저(GRANDEUR)","2019"
"2020-01-13","(주)호룡","호룡SKY3004N고소작업차","2017"
"2020-01-13","기아자동차(주)","쏘렌토","2020"
"2020-01-13","현대자동차(주)","쏘나타(SONATA)","2020"
"2020-01-13","르노삼성자동차(주)","QM3","2018"
"2020-01-13","비엠더블유코리아(주)","BMW 520d","2012"
"2020-01-13","기아자동차(주)","셀토스","2020"
"2020-01-10","기아자동차(주)","K5","2012"
"2020-01-10","(주)다산중공업","다산고소작업차","2017"
"2020-01-13","르노삼성자동차(주)","SM3","2011"
"2020-01-10","르노삼성자동차(주)","SM6","2016"
"2020-01-15","현대자동차(주)","투싼(TUCSON)","2016"
"2020-01-13","한국지엠(주)","말리부 2.0 DOHC","2014"
"2020-01-13","기아자동차(주)","쏘렌토","2015"
"2020-01-10","기아자동차(주)","쏘렌토","2015"
"2020-01-13","(주)볼보자동차코리아","레인지로버 스포츠 TDV6","2008"
"2020-01-10","(주)호룡","호룡SKY3004N고소작업차","2017"
"2020-01-10","포드세일즈서비스코리아(유)","이스케이프","2013"
"2020-01-10","현대자동차(주)","쏘나타(SONATA)","2016"
"2020-01-10","크라이슬러코리아(주)","짚 체로키","2015"
"2020-01-09","(주)호룡","호룡SKY3004N고소작업차","2020"
"2020-01-09","주식회사 캠시스","CEVO-C","2020"
"2020-01-09","기아자동차(주)","쏘렌토","2016"
"2020-01-09","비엠더블유코리아(주)","BMW 520d xDrive","2017"
"2020-01-14","비엠더블유코리아(주)","BMW Active Tourer JOY RDE","2016"
"2020-01-13","한국지엠(주)","크루즈 1.8 DOHC","2014"
"2020-01-10","기아자동차(주)","모닝","2020"
"2020-01-09","지엠대우오토앤테크놀로지(주)","CHEVROLET IMPALA 2.5","2016"
"2020-01-10","현대자동차(주)","싼타페(SANTAFE)","2010"
"2020-01-09","기아자동차(주)","모하비","2018"
"2020-01-10","메르세데스벤츠코리아(주)","E250 CDI 4Matic","2014"
"2020-01-09","비엠더블유코리아(주)","BMW 520i","2018"
"2020-01-10","한국지엠(주)","말리부 2.0 DOHC","2014"
"2020-01-09","(주)호룡","호룡SKY3004N고소작업차","2018"
"2020-01-08","(주)볼보자동차코리아","볼보 S80D4","2016"
"2020-01-08","(주)호룡","호룡SKY3004N고소작업차","2018"
"2020-01-08","기아자동차(주)","쏘렌토","2015"
"2020-01-08","비엠더블유코리아(주)","BMW 520i","2018"
"2020-01-08","메르세데스벤츠코리아(주)","S400 d 4Matic L","2018"
"2020-01-08","기아자동차(주)","K3","2014"
"2020-01-08","한국닛산(주)","ALTIMA 2.5","2018"
"2020-01-08","(주)호룡","호룡SKY3004N고소작업차","2017"
"2020-01-08","아우디폭스바겐코리아(주)","Golf 2.0 TDI BMT","2015"
"2020-01-08","(주)호룡","호룡SKY3004N고소작업차","2017"
"2020-01-08","볼보그룹코리아(주)트럭","FM 카고","2016"
"2020-01-08","(주)호룡","호룡SKY3004N고소작업차","2017"
"2020-01-08","기아자동차(주)","모하비","2017"
"2020-01-09","현대자동차(주)","아반떼 하이브리드(AVANTE HYBRID)","2011"
"2020-01-09","쌍용자동차(주)","G4 렉스턴","2018"
"2020-01-10","지엠대우오토앤테크놀로지(주)","CHEVROLET TRAVERSE AWD","2020"
"2020-01-07","현대자동차(주)","포터Ⅱ윙바디 (PORTER Ⅱ)","2020"
"2020-01-07","현대자동차(주)","포터Ⅱ윙바디 (PORTER Ⅱ)","2020"
"2020-01-08","기아자동차(주)","K5","2011"
"2020-01-07","현대자동차(주)","아반떼(AVANTE)","2016"
"2020-01-07","기아자동차(주)","K7","2020"
"2020-01-09","르노삼성자동차(주)","SM3","2010"
"2020-01-08","한국지엠(주)","말리부 2.0 DOHC","2014"
"2020-01-08","현대자동차(주)","아반떼 하이브리드(AVANTE HYBRID)","2010"
"2020-01-09","혼다코리아(주)","ACCORD HYBRID","2019"
"2020-01-06","현대자동차(주)","포터Ⅱ (PORTERⅡ)","2010"
"2020-01-06","르노삼성자동차(주)","SM3","2014"
"2020-01-07","기아자동차(주)","K5","2016"
"2020-01-07","아우디폭스바겐코리아(주)","Golf 2.0 TDI BMT","2016"
"2020-01-06","기아자동차(주)","K7","2016"
"2020-01-06","현대자동차(주)","쏘나타(SONATA)","2013"
"2020-01-06","기아자동차(주)","K5","2020"
"2020-01-06","쌍용자동차(주)","코란도C","2014"
"2020-01-07","현대자동차(주)","그랜저 하이브리드","2019"
"2020-01-06","기아자동차(주)","K5","2020"
"2020-01-06","기아자동차(주)","K5","2013"
"2020-01-07","현대자동차(주)","그랜저(GRANDEUR)","2020"
"2020-01-06","혼다코리아(주)","ACCORD HYBRID","2019"
"2020-01-06","기아자동차(주)","쏘렌토","2015"
"2020-01-03","기아자동차(주)","레이","2015"
"2020-01-03","아우디폭스바겐코리아(주)","Touareg 3.0 TDI Blue Motion","2015"
"2020-01-03","기아자동차(주)","K3","2019"
"2020-01-03","기아자동차(주)","카니발 리무진","2016"
"2020-01-03","(주)호룡","호룡SKY3004N고소작업차","2015"
"2020-01-03","기아자동차(주)","쏘렌토","2015"
"2020-01-09","현대자동차(주)","쏘나타(SONATA)","2015"
"2020-01-03","(주)호룡","호룡SKY3004N고소작업차","2017"
"2020-01-07","현대자동차(주)","싼타페(SANTAFE)","2008"
"2020-01-09","르노삼성자동차(주)","SM6","2017"
"2020-01-02","기아자동차(주)","K3","2019"
"2020-01-02","현대자동차(주)","싼타페(SANTAFE)","2020"
"2020-01-06","한국지엠(주)","말리부 2.0 DOHC","2014"
"2020-01-02","기아자동차(주)","쏘렌토","2018"
"2020-01-02","한국지엠(주)","토스카 2.0 DOHC LPG","2010"
"2020-01-02","기아자동차(주)","카니발","2019"
"2020-01-03","한불모터스(주)","RCZ M6","2011"
"2020-01-06","한국닛산(주)","ALTIMA 3.5","2012"
"2020-01-03","쌍용자동차(주)","코란도","2019"
"2020-01-02","포드세일즈서비스코리아(유)","링컨 MKZ","2014"
"2020-01-03","크라이슬러코리아(주)","짚 체로키 2.4","2019"
"2020-01-02","현대자동차(주)","제네시스(GENESIS)","2016"
"2020-01-07","현대자동차(주)","포터Ⅱ트랜스파워게이트 (PORTER Ⅱ)","2017"
"2020-01-03","비엠더블유코리아(주)","BMW 320d","2010"
"2020-01-02","기아자동차(주)","K7","2019"
"2020-01-02","(주)재규어랜드로버코리아","레인지로버 5.0SC LWB","2019"
"2020-01-02","현대자동차(주)","쏘나타(SONATA)","2016"
"2020-11-02","현대자동차(주)","싼타페(SANTAFE)","2015"
"2020-11-02","현대자동차(주)","싼타페(SANTAFE)","2015"
