접수일자,제작사,차명,모델년도
2025-01-02,현대자동차(주),베라크루즈(VERACRUZ),2013
2025-01-02,한국지엠주식회사,말리부 1.5 TURBO,2017
2025-01-02,현대자동차(주),싼타페(SANTAFE),2021
2025-01-02,현대자동차(주),G80,2021
2025-01-02,메르세데스벤츠코리아(주),GLC350 e 4Matic,2019
2025-01-02,르노코리아(주),KOLEOS Hybrid(콜레오스 하이브리드),2025
2025-01-02,르노코리아(주),KOLEOS Hybrid(콜레오스 하이브리드),2025
2025-01-02,한불모터스(주),Peugeot 508 2.0 BlueHDi,2020
2025-01-02,현대자동차(주),캐스퍼 일렉트릭(CASPER Electric),2025
2025-01-02,현대자동차(주),베뉴(VENUE),2023
2025-01-02,기아 주식회사,K8 하이브리드,2022
2025-01-02,현대자동차(주),아반떼(AVANTE),2017
2025-01-02,현대자동차(주),캐스퍼 일렉트릭(CASPER Electric),2025
2025-01-02,현대자동차(주),아이오닉5 (IONIQ5),2022
2025-01-02,기아 주식회사,카니발,2022
2025-01-02,메르세데스벤츠코리아(주),Mercedes-Benz EQB300 4MATIC,2023
2025-01-02,르노코리아(주),KOLEOS Hybrid(콜레오스 하이브리드),2025
2025-01-02,기아 주식회사,EV6,2022
2025-01-02,르노코리아(주),KOLEOS Hybrid(콜레오스 하이브리드),2025
2025-01-02,르노코리아(주),KOLEOS Hybrid(콜레오스 하이브리드),2025
2025-01-02,르노코리아(주),KOLEOS Hybrid(콜레오스 하이브리드),2025
2025-01-02,기아 주식회사,EV6,2022
2025-01-02,르노코리아(주),KOLEOS Hybrid(콜레오스 하이브리드),2025
2025-01-02,르노코리아(주),KOLEOS Hybrid(콜레오스 하이브리드),2025
2025-01-02,폭스바겐그룹코리아 주식회사,Arteon 2.0 TDI,2019
2025-01-02,현대자동차(주),G70,2020
2025-01-02,르노코리아(주),KOLEOS Hybrid(콜레오스 하이브리드),2025
2025-01-02,르노코리아(주),KOLEOS Hybrid(콜레오스 하이브리드),2025
2025-01-02,르노코리아(주),KOLEOS Hybrid(콜레오스 하이브리드),2025
2025-01-02,르노코리아(주),KOLEOS Hybrid(콜레오스 하이브리드),2025
2025-01-02,비엠더블유코리아(주),BMW 530i xDrive,2018
2025-01-02,현대자동차(주),제네시스(GENESIS),2014
2025-01-02,기아 주식회사,니로 EV,2024
2025-01-02,르노코리아(주),KOLEOS Hybrid(콜레오스 하이브리드),2025
2025-01-02,르노코리아(주),KOLEOS Hybrid(콜레오스 하이브리드),2025
2025-01-02,스텔란티스코리아 주식회사,Peugeot 5008 1.2 Puretech,2022
2025-01-02,르노코리아(주),KOLEOS Hybrid(콜레오스 하이브리드),2025
2025-01-02,르노코리아(주),KOLEOS Hybrid(콜레오스 하이브리드),2025
2025-01-02,르노코리아(주),KOLEOS Hybrid(콜레오스 하이브리드),2025
2025-01-02,르노코리아(주),KOLEOS Hybrid(콜레오스 하이브리드),2025
2025-01-02,르노코리아(주),KOLEOS Hybrid(콜레오스 하이브리드),2025
2025-01-02,르노코리아(주),KOLEOS Hybrid(콜레오스 하이브리드),2025
2025-01-02,르노코리아(주),KOLEOS Hybrid(콜레오스 하이브리드),2025
2025-01-02,르노코리아(주),KOLEOS Hybrid(콜레오스 하이브리드),2025
2025-01-02,폭스바겐그룹코리아 주식회사,Tiguan 2.0 TDI,2020
2025-01-02,르노코리아(주),KOLEOS Hybrid(콜레오스 하이브리드),2025
2025-01-02,기아 주식회사,K3,2020
2025-01-02,르노코리아(주),KOLEOS Hybrid(콜레오스 하이브리드),2025
2025-01-02,르노코리아(주),KOLEOS Hybrid(콜레오스 하이브리드),2025
2025-01-02,르노코리아(주),KOLEOS Hybrid(콜레오스 하이브리드),2025
2025-01-02,(주)볼보자동차코리아,볼보 XC90T8 AWD,2017
2025-01-02,르노코리아(주),KOLEOS Hybrid(콜레오스 하이브리드),2025
2025-01-02,르노코리아(주),KOLEOS Hybrid(콜레오스 하이브리드),2025
2025-01-02,현대자동차(주),아이오닉5 (IONIQ5),2022
2025-01-02,르노코리아(주),KOLEOS Hybrid(콜레오스 하이브리드),2025
2025-01-02,르노코리아(주),KOLEOS Hybrid(콜레오스 하이브리드),2025
2025-01-02,현대자동차(주),싼타페 하이브리드(SANTAFE HYBRID),2024
2025-01-02,르노코리아(주),KOLEOS Hybrid(콜레오스 하이브리드),2025
2025-01-02,폭스바겐그룹코리아 주식회사,ID.4 Pro,2022
2025-01-02,기아 주식회사,K3,2020
2025-01-02,르노코리아(주),KOLEOS Hybrid(콜레오스 하이브리드),2025
2025-01-02,현대자동차(주),넥쏘 (NEXO) 수소전기차,2022
2025-01-02,현대자동차(주),쏘나타 (SONATA),2011
2025-01-02,현대자동차(주),G70,2020
2025-01-02,르노코리아(주),SM5 D,2014
2025-01-02,폭스바겐그룹코리아 주식회사,e-tron 55 quattro,2020
2025-01-02,기아 주식회사,카니발,2019
2025-01-02,르노코리아(주),XM3,2020
2025-01-02,기아 주식회사,K7,2020
2025-01-02,기아 주식회사,카니발,2019
2025-01-02,기아 주식회사,K7,2020
2025-01-02,메르세데스벤츠코리아(주),S400 d 4Matic L,2018
2025-01-02,폭스바겐그룹코리아 주식회사,Arteon 2.0TDI,2022
2025-01-02,기아 주식회사,K8,2022
2025-01-02,폭스바겐그룹코리아 주식회사,Arteon 2.0TDI,2022
2025-01-02,현대자동차(주),아이오닉5(IONIQ5),2022
2025-01-02,르노코리아(주),KOLEOS Hybrid(콜레오스 하이브리드),2025
2025-01-02,현대자동차(주),아반떼(AVANTE),2018
2025-01-02,기아 주식회사,K7,2020
2025-01-02,르노코리아(주),KOLEOS Hybrid(콜레오스 하이브리드),2025
2025-01-02,르노코리아(주),KOLEOS Hybrid(콜레오스 하이브리드),2025
2025-01-02,르노코리아(주),KOLEOS Hybrid(콜레오스 하이브리드),2025
2025-01-02,르노코리아(주),KOLEOS Hybrid(콜레오스 하이브리드),2025
2025-01-02,르노코리아(주),KOLEOS Hybrid(콜레오스 하이브리드),2025
2025-01-02,르노코리아(주),KOLEOS Hybrid(콜레오스 하이브리드),2025
2025-01-03,케이지모빌리티 주식회사(KG Mobility Corp.),렉스턴,2023
2025-01-03,비엠더블유코리아(주),BMW iX3 M Sport,2023
2025-01-03,메르세데스벤츠코리아(주),C220 d,2018
2025-01-03,케이지모빌리티 주식회사(KG Mobility Corp.),토레스,2024
2025-01-03,현대자동차(주),아반떼(AVANTE),2017
2025-01-03,폭스바겐그룹코리아 주식회사,Arteon 2.0 TDI,2018
2025-01-03,현대자동차(주),아이오닉6 (IONIQ6),2023
2025-01-06,기아 주식회사,K7,2014
2025-01-06,비엠더블유코리아(주),BMW X3 xDrive20d M Sport Package WLTP,2019
2025-01-06,비엠더블유코리아(주),BMW 320i,2024
2025-01-06,케이지모빌리티 주식회사(KG Mobility Corp.),렉스턴스포츠,2020
2025-01-06,폭스바겐그룹코리아 주식회사,Q4 e-tron 40,2022
2025-01-06,현대자동차(주),싼타페 하이브리드(SANTAFE HYBRID),2024
2025-01-06,폭스바겐그룹코리아 주식회사,Tiguan 2.0 TDI,2020
2025-01-06,현대자동차(주),엑센트 (ACCENT),2011
2025-01-06,폭스바겐그룹코리아 주식회사,Arteon 2.0 TDI,2018
2025-01-06,폭스바겐그룹코리아 주식회사,A6 45 TFSI quattro,2020
2025-01-06,메르세데스벤츠코리아(주),E220 d,2017
2025-01-06,현대자동차(주),G80,2017
2025-01-06,메르세데스벤츠코리아(주),Mercedes-Benz EQE350 4MATIC SUV,2023
2025-01-06,한국닛산(주),LEAF,2019
2025-01-06,폭스바겐그룹코리아 주식회사,Tiguan Allspace 2.0 TDI,2020
2025-01-06,현대자동차(주),GV60,2022
2025-01-06,한국지엠주식회사,올란도 2.0 LPG,2013
2025-01-06,기아 주식회사,K7 하이브리드,2020
2025-01-06,현대자동차(주),아반떼(AVANTE),2011
2025-01-06,비엠더블유코리아(주),BMW 520i,2023
2025-01-06,기아 주식회사,K3,2019
2025-01-06,비엠더블유코리아(주),BMW 320i,2024
2025-01-06,현대자동차(주),아이오닉6 (IONIQ6),2023
2025-01-06,현대자동차(주),팰리세이드(PALISADE),2020
2025-01-06,기아 주식회사,K5,2011
2025-01-06,현대자동차(주),아반떼(AVANTE),2018
2025-01-06,메르세데스벤츠코리아(주),Mercedes-Benz E 200,2024
2025-01-06,한국지엠주식회사,올란도 2.0 LPG,2016
2025-01-06,비엠더블유코리아(주),BMW 430i Convertible,2018
2025-01-06,기아 주식회사,카니발,2023
2025-01-06,기아 주식회사,니로 하이브리드,2017
2025-01-06,비엠더블유코리아(주),BMW 530i xDrive,2017
2025-01-06,포드세일즈서비스코리아(유),Mondeo 2.0,2016
2025-01-06,기아 주식회사,쏘렌토,2018
2025-01-06,기아 주식회사,K3,2019
2025-01-06,기아 주식회사,쏘렌토,2016
2025-01-06,비엠더블유코리아(주),BMW X5 xDrive40e iPerformance,2018
2025-01-07,(주)케이씨모터스,KC자이안트9인승,2019
2025-01-07,기아 주식회사,쏘렌토 하이브리드,2022
2025-01-07,현대자동차(주),G80,2022
2025-01-07,현대자동차(주),넥쏘 (NEXO) 수소전기차,2022
2025-01-07,기아 주식회사,카니발 리무진,2022
2025-01-07,기아 주식회사,EV6,2022
2025-01-07,현대자동차(주),넥쏘 (NEXO) 수소전기차,2022
2025-01-07,현대자동차(주),아이오닉5(IONIQ5),2022
2025-01-07,기아 주식회사,프라이드,2013
2025-01-07,혼다코리아(주),CR-V HYBRID 4WD,2024
2025-01-07,현대자동차(주),GV70,2023
2025-01-07,비엠더블유코리아(주),BMW 520i Luxury,2019
2025-01-07,현대자동차(주),쏘나타(SONATA),2015
2025-01-07,기아 주식회사,카니발,2021
2025-01-07,기아 주식회사,카니발,2022
2025-01-07,만트럭버스코리아(주),TGX,2023
2025-01-07,비엠더블유코리아(주),BMW 520d,2018
2025-01-07,기아 주식회사,스포티지,2025
2025-01-07,현대자동차(주),그랜저(GRANDEUR),2014
2025-01-07,비엠더블유코리아(주),BMW 530i xDrive,2018
2025-01-07,현대자동차(주),GV70,2022
2025-01-07,폭스바겐그룹코리아 주식회사,Tiguan 2.0 TDI,2018
2025-01-07,한국지엠(주),CHEVROLET TRAVERSE AWD,2023
2025-01-07,현대자동차(주),쏘나타(SONATA),2021
2025-01-07,메르세데스벤츠코리아(주),E220 BlueTEC,2016
2025-01-07,현대자동차(주),아이오닉5 (IONIQ5),2022
2025-01-07,기아 주식회사,스팅어,2018
2025-01-07,메르세데스벤츠코리아(주),E220 d 4Matic,2017
2025-01-07,한국지엠주식회사,캡티바 2.0 디젤,2016
2025-01-07,현대자동차(주),아이오닉5 (IONIQ5),2022
2025-01-08,기아 주식회사,카니발,2021
2025-01-08,(주)재규어랜드로버코리아,디스커버리 SD4,2020
2025-01-08,폭스바겐그룹코리아 주식회사,A6 40 TDI,2020
2025-01-08,메르세데스벤츠코리아(주),E220 d,2019
2025-01-08,메르세데스벤츠코리아(주),Mercedes-Benz E 200,2024
2025-01-08,현대자동차(주),그랜저(GRANDEUR),2025
2025-01-08,테슬라코리아 유한회사,Model 3 Performance,2020
2025-01-08,기아 주식회사,스포티지,2025
2025-01-08,기아 주식회사,EV6,2022
2025-01-08,현대자동차(주),넥쏘 (NEXO) 수소전기차,2021
2025-01-08,한국지엠(주),CHEVROLET TRAVERSE AWD,2022
2025-01-08,기아 주식회사,쏘렌토,2021
2025-01-08,기아 주식회사,쏘렌토,2024
2025-01-08,현대자동차(주),그랜저 하이브리드,2018
2025-01-08,기아 주식회사,쏘렌토 하이브리드,2024
2025-01-08,현대자동차(주),아이오닉5 (IONIQ5),2023
2025-01-08,폭스바겐그룹코리아 주식회사,ID.4 Pro,2022
2025-01-08,기아 주식회사,쏘렌토,2021
2025-01-08,현대자동차(주),그랜저 하이브리드,2018
2025-01-08,기아 주식회사,카니발 하이리무진,2022
2025-01-09,포드세일즈서비스코리아(유),Lincoln MKZ Hybrid,2017
2025-01-09,비엠더블유코리아(주),BMW 740i,2023
2025-01-09,기아 주식회사,니로 EV,2022
2025-01-09,케이지모빌리티 주식회사(KG Mobility Corp.),티볼리,2024
2025-01-09,기아 주식회사,스포티지,2025
2025-01-09,케이지모빌리티 주식회사(KG Mobility Corp.),렉스턴,2021
2025-01-09,기아 주식회사,스포티지,2025
2025-01-09,기아 주식회사,스포티지 하이브리드,2025
2025-01-09,현대자동차(주),넥쏘 (NEXO) 수소전기차,2022
2025-01-09,기아 주식회사,니로 하이브리드,2017
2025-01-09,현대자동차(주),유니버스(UNIVERSE),2024
2025-01-09,기아 주식회사,스포티지,2025
2025-01-09,폭스바겐그룹코리아 주식회사,Tiguan 2.0 TDI,2020
2025-01-09,기아 주식회사,스포티지,2025
2025-01-09,(주)재규어랜드로버코리아,재규어 XF 25t AWD,2018
2025-01-09,기아 주식회사,스포티지,2025
2025-01-09,기아 주식회사,EV6,2022
2025-01-09,현대자동차(주),싼타페(SANTAFE),2024
2025-01-09,현대자동차(주),그랜저(GRANDEUR),2017
2025-01-09,현대자동차(주),아반떼 (AVANTE),2013
2025-01-09,디앤에이모터스 주식회사,UHR125,2023
2025-01-09,비엠더블유코리아(주),BMW X6 xDrive35i,2011
2025-01-09,현대자동차(주),아이오닉5 (IONIQ5),2022
2025-01-09,현대자동차(주),쏘나타 (SONATA),2009
2025-01-09,기아 주식회사,EV6,2022
2025-01-09,기아 주식회사,EV6,2022
2025-01-10,현대자동차(주),투싼(TUCSON),2023
2025-01-10,기아 주식회사,EV6,2022
2025-01-10,현대자동차(주),쏘나타(SONATA),2015
2025-01-10,비엠더블유코리아(주),BMW X7 xDrive40i,2021
2025-01-10,비엠더블유코리아(주),BMW X6 M50d,2016
2025-01-10,폭스바겐그룹코리아 주식회사,Tiguan 2.0 TDI,2018
2025-01-10,르노코리아(주),XM3,2021
2025-01-10,현대자동차(주),넥쏘 (NEXO) 수소전기차,2022
2025-01-10,기아 주식회사,스포티지,2025
2025-01-10,기아 주식회사,EV6,2022
2025-01-10,메르세데스벤츠코리아(주),Mercedes-Benz GLC300 4MATIC,2024
2025-01-10,기아 주식회사,K5,2016
2025-01-10,현대자동차(주),넥쏘 (NEXO) 수소전기차,2019
2025-01-10,기아 주식회사,카니발,2024
2025-01-10,비엠더블유코리아(주),BMW 520d,2018
2025-01-10,현대자동차(주),G90,2019
2025-01-10,케이지모빌리티 주식회사(KG Mobility Corp.),토레스 EVX,2024
2025-01-10,현대자동차(주),아이오닉5 (IONIQ5),2022
2025-01-10,기아 주식회사,스포티지 하이브리드,2025
2025-01-10,기아 주식회사,스포티지,2025
2025-01-10,기아 주식회사,K7,2020
2025-01-10,기아 주식회사,스포티지 하이브리드,2025
2025-01-10,기아 주식회사,K5 하이브리드,2022
2025-01-10,기아 주식회사,K3,2020
2025-01-10,한국지엠주식회사,크루즈 1.8 DOHC,2013
2025-01-10,기아 주식회사,스포티지 하이브리드,2025
2025-01-13,포르쉐코리아 주식회사,파나메라 4,2022
2025-01-13,르노코리아(주),SM3,2010
2025-01-13,케이지모빌리티 주식회사(KG Mobility Corp.),G4 렉스턴,2019
2025-01-13,르노코리아(주),KOLEOS Hybrid(콜레오스 하이브리드),2025
2025-01-13,르노코리아(주),KOLEOS Hybrid(콜레오스 하이브리드),2025
2025-01-13,기아 주식회사,쏘렌토,2021
2025-01-13,현대자동차(주),싼타페 하이브리드(SANTAFE HYBRID),2024
2025-01-13,기아 주식회사,스포티지 하이브리드,2023
2025-01-13,현대자동차(주),넥쏘 (NEXO) 수소전기차,2021
2025-01-13,케이지모빌리티 주식회사(KG Mobility Corp.),렉스턴,2021
2025-01-13,르노코리아(주),KOLEOS Hybrid(콜레오스 하이브리드),2025
2025-01-13,기아 주식회사,스포티지,2025
2025-01-13,기아 주식회사,스포티지 하이브리드,2025
2025-01-13,기아 주식회사,카니발,2024
2025-01-13,비엠더블유코리아(주),BMW 520d,2017
2025-01-13,기아 주식회사,스포티지,2025
2025-01-13,기아 주식회사,스포티지,2025
2025-01-13,현대자동차(주),쏘나타(SONATA) 하이브리드,2014
2025-01-13,기아 주식회사,스포티지,2025
2025-01-13,케이지모빌리티 주식회사(KG Mobility Corp.),렉스턴,2021
2025-01-13,(주)재규어랜드로버코리아,디스커버리 TD6,2018
2025-01-13,기아 주식회사,스포티지,2025
2025-01-13,현대자동차(주),아이오닉6 (IONIQ6),2023
2025-01-13,현대자동차(주),넥쏘 (NEXO) 수소전기차,2021
2025-01-13,기아 주식회사,스포티지,2025
2025-01-13,케이지모빌리티 주식회사(KG Mobility Corp.),렉스턴스포츠,2023
2025-01-13,기아 주식회사,스포티지,2025
2025-01-13,(주)한성특장,한성3.5톤카고,2021
2025-01-13,기아 주식회사,스포티지,2025
2025-01-13,케이지모빌리티 주식회사(KG Mobility Corp.),렉스턴,2021
2025-01-13,현대자동차(주),아이오닉6 (IONIQ6),2023
2025-01-13,케이지모빌리티 주식회사(KG Mobility Corp.),렉스턴,2021
2025-01-13,케이지모빌리티 주식회사(KG Mobility Corp.),렉스턴,2021
2025-01-13,현대자동차(주),아반떼(AVANTE),2017
2025-01-13,기아 주식회사,스포티지 하이브리드,2025
2025-01-13,현대자동차(주),아반떼(AVANTE),2025
2025-01-13,기아 주식회사,스포티지 하이브리드,2025
2025-01-13,한국토요타자동차(주),렉서스 RX350h,2025
2025-01-13,기아 주식회사,레이,2016
2025-01-13,현대자동차(주),싼타페 하이브리드(SANTAFE HYBRID),2025
2025-01-14,포드세일즈서비스코리아(유),Lincoln Nautilus 2.0L,2024
2025-01-14,비엠더블유코리아(주),BMW 220i Active Tourer,2024
2025-01-14,현대자동차(주),코나(KONA),2018
2025-01-14,케이지모빌리티 주식회사(KG Mobility Corp.),렉스턴,2021
2025-01-14,기아 주식회사,스포티지 하이브리드,2025
2025-01-14,현대자동차(주),넥쏘 (NEXO) 수소전기차,2019
2025-01-14,현대자동차(주),아이오닉6 (IONIQ6),2023
2025-01-14,케이지모빌리티 주식회사(KG Mobility Corp.),렉스턴,2021
2025-01-14,비엠더블유코리아(주),BMW 530d,2017
2025-01-14,현대자동차(주),쏘나타 하이브리드 (SONATA Hybrid),2024
2025-01-14,메르세데스벤츠코리아(주),C200,2015
2025-01-14,현대자동차(주),쏘나타 하이브리드 (SONATA Hybrid),2024
2025-01-14,현대자동차(주),그랜저(GRANDEUR) 하이브리드,2015
2025-01-14,기아 주식회사,프라이드,2017
2025-01-14,현대자동차(주),아이오닉6 (IONIQ6),2025
2025-01-14,기아 주식회사,K7,2018
2025-01-14,현대자동차(주),G80,2022
2025-01-14,기아 주식회사,K3,2020
2025-01-14,포드세일즈서비스코리아(유),Explorer 3.0,2022
2025-01-14,기아 주식회사,K7,2020
2025-01-14,기아 주식회사,카니발,2021
2025-01-14,케이지모빌리티 주식회사(KG Mobility Corp.),액티언,2025
2025-01-14,기아 주식회사,스포티지 하이브리드,2025
2025-01-14,기아 주식회사,스포티지,2025
2025-01-14,현대자동차(주),G80,2024
2025-01-14,메르세데스벤츠코리아(주),Mercedes-Benz E 300 4MATIC,2024
2025-01-14,현대자동차(주),넥쏘 (NEXO) 수소전기차,2022
2025-01-14,기아 주식회사,카니발,2021
2025-01-14,한국닛산(주),LEAF,2019
2025-01-14,기아 주식회사,카니발 리무진,2021
2025-01-14,현대자동차(주),투싼 하이브리드(TUCSON HYBRID),2022
2025-01-14,현대자동차(주),G80,2021
2025-01-14,기아 주식회사,K7,2010
2025-01-14,포드세일즈서비스코리아(유),Lincoln Nautilus 2.0L,2024
2025-01-15,기아 주식회사,K7,2017
2025-01-15,현대자동차(주),투싼 하이브리드(TUCSON HYBRID),2021
2025-01-15,기아 주식회사,쏘렌토 하이브리드,2025
2025-01-15,현대자동차(주),아이오닉5(IONIQ5),2022
2025-01-15,기아 주식회사,EV9,2024
2025-01-15,기아 주식회사,EV6,2022
2025-01-15,테슬라코리아 유한회사,Model S Performance,2019
2025-01-15,현대자동차(주),GV60,2022
2025-01-15,케이지모빌리티 주식회사(KG Mobility Corp.),렉스턴,2021
2025-01-15,기아 주식회사,EV6,2023
2025-01-15,케이지모빌리티 주식회사(KG Mobility Corp.),렉스턴,2021
2025-01-15,현대자동차(주),아반떼(AVANTE),2016
2025-01-15,기아 주식회사,K3,2019
2025-01-15,(주)재규어랜드로버코리아,디스커버리 스포츠 2.0D,2017
2025-01-15,현대자동차(주),넥쏘 (NEXO) 수소전기차,2022
2025-01-15,케이지모빌리티 주식회사(KG Mobility Corp.),렉스턴,2024
2025-01-15,현대자동차(주),GV60,2023
2025-01-15,현대자동차(주),아이오닉6 (IONIQ6),2023
2025-01-15,기아 주식회사,K8,2022
2025-01-15,현대자동차(주),그랜저(GRANDEUR),2025
2025-01-15,르노코리아(주),SM6,2017
2025-01-15,현대자동차(주),GV70,2022
2025-01-15,비엠더블유코리아(주),BMW X7 xDrive 30d M Sport Package,2020
2025-01-15,폭스바겐그룹코리아 주식회사,e-tron S,2023
2025-01-16,기아 주식회사,스포티지,2025
2025-01-16,현대자동차(주),포터Ⅱ (PORTERⅡ),2023
2025-01-16,기아 주식회사,카니발 하이리무진,2021
2025-01-16,케이지모빌리티 주식회사(KG Mobility Corp.),렉스턴,2023
2025-01-16,현대자동차(주),아반떼 (AVANTE),2013
2025-01-16,메르세데스벤츠코리아(주),Mercedes-Benz GLC220 d 4MATIC Coupe,2021
2025-01-16,기아 주식회사,카니발,2021
2025-01-16,폭스바겐그룹코리아 주식회사,A3 40 TFSI,2018
2025-01-16,현대자동차(주),싼타페 하이브리드(SANTAFE HYBRID),2025
2025-01-16,현대자동차(주),넥쏘 (NEXO) 수소전기차,2021
2025-01-16,기아 주식회사,쏘렌토 하이브리드,2024
2025-01-16,메르세데스벤츠코리아(주),E300,2019
2025-01-16,기아 주식회사,스포티지,2025
2025-01-16,DH6,BTM2.3톤2단세이프티로더,2022
2025-01-16,기아 주식회사,카니발 리무진,2021
2025-01-16,비엠더블유코리아(주),BMW X3 M Competition,2021
2025-01-16,메르세데스벤츠코리아(주),E220 d,2017
2025-01-16,케이지모빌리티 주식회사(KG Mobility Corp.),G4 렉스턴,2020
2025-01-16,혼다코리아(주),NSS350A,2024
2025-01-16,현대자동차(주),코나 하이브리드(KONA HYBRID),2023
2025-01-16,현대자동차(주),아이오닉5 (IONIQ5),2022
2025-01-16,현대자동차(주),그랜저 하이브리드,2019
2025-01-16,한국지엠주식회사,올란도 1.6 디젤,2016
2025-01-16,기아 주식회사,K3,2019
2025-01-16,기아 주식회사,K8 하이브리드,2022
2025-01-16,기아 주식회사,카니발,2021
2025-01-16,현대자동차(주),싼타페 하이브리드(SANTAFE HYBRID),2024
2025-01-16,기아 주식회사,스팅어,2018
2025-01-16,기아 주식회사,쏘렌토,2022
2025-01-17,현대자동차(주),넥쏘 (NEXO) 수소전기차,2022
2025-01-17,기아 주식회사,니로 하이브리드,2017
2025-01-17,현대자동차(주),아이오닉5(IONIQ5),2023
2025-01-17,기아 주식회사,K5 하이브리드,2012
2025-01-17,한불모터스(주),Peugeot 3008 1.6 BlueHDi,2018
2025-01-17,한국지엠주식회사,트랙스 1.2 터보,2025
2025-01-17,현대자동차(주),아이오닉5 (IONIQ5),2022
2025-01-17,현대자동차(주),아이오닉5(IONIQ5),2022
2025-01-17,케이지모빌리티 주식회사(KG Mobility Corp.),티볼리,2025
2025-01-17,(주)재규어랜드로버코리아,디스커버리 TD6,2018
2025-01-17,현대자동차(주),GV60,2022
2025-01-17,폭스바겐그룹코리아 주식회사,Tiguan 2.0 TDI,2020
2025-01-17,(주)GS글로벌,T4K,2023
2025-01-17,비엠더블유코리아(주),BMW X4 xDrive20i,2021
2025-01-17,현대자동차(주),싼타페(SANTAFE),2021
2025-01-17,현대자동차(주),싼타페 하이브리드(SANTAFE HYBRID),2024
2025-01-17,기아 주식회사,봉고Ⅲ 1톤,2024
2025-01-17,기아 주식회사,봉고Ⅲ 1톤,2024
2025-01-17,케이지모빌리티 주식회사(KG Mobility Corp.),코란도,2021
2025-01-17,현대자동차(주),싼타페 하이브리드(SANTAFE HYBRID),2024
2025-01-17,기아 주식회사,쏘렌토,2022
2025-01-17,주식회사 대일특장,대일특장4.2톤카고트럭,2021
2025-01-17,비엠더블유코리아(주),BMW iX3 M Sport,2022
2025-01-17,현대자동차(주),그랜저(GRANDEUR),2020
2025-01-17,폭스바겐그룹코리아 주식회사,Tiguan 2.0 TDI,2020
2025-01-17,기아 주식회사,니로 하이브리드,2017
2025-01-17,주식회사 대일특장,대일특장4.2톤카고트럭,2021
2025-01-20,케이지모빌리티 주식회사(KG Mobility Corp.),렉스턴,2024
2025-01-20,혼다코리아(주),ACCORD HYBRID,2018
2025-01-20,기아 주식회사,K7,2020
2025-01-20,현대자동차(주),GV60,2022
2025-01-20,현대자동차(주),넥쏘 (NEXO) 수소전기차,2019
2025-01-20,현대자동차(주),싼타페 하이브리드(SANTAFE HYBRID),2024
2025-01-20,현대자동차(주),GV60,2023
2025-01-20,르노코리아(주),QM3,2015
2025-01-20,현대자동차(주),그랜저(GRANDEUR),2019
2025-01-20,르노코리아(주),XM3,2021
2025-01-20,현대자동차(주),싼타페 하이브리드(SANTAFE HYBRID),2024
2025-01-20,폭스바겐그룹코리아 주식회사,Tiguan 2.0 TDI 4Motion,2018
2025-01-20,현대자동차(주),넥쏘 (NEXO) 수소전기차,2019
2025-01-20,현대자동차(주),GV60,2022
2025-01-20,현대자동차(주),GV60,2022
2025-01-20,현대자동차(주),넥쏘 (NEXO) 수소전기차,2022
2025-01-20,현대자동차(주),GV60,2022
2025-01-20,현대자동차(주),GV60,2023
2025-01-20,현대자동차(주),GV60,2022
2025-01-20,기아 주식회사,니로 하이브리드,2017
2025-01-20,현대자동차(주),싼타페 하이브리드(SANTAFE HYBRID),2024
2025-01-20,현대자동차(주),넥쏘 (NEXO) 수소전기차,2020
2025-01-20,현대자동차(주),넥쏘 (NEXO) 수소전기차,2020
2025-01-20,현대자동차(주),넥쏘 (NEXO) 수소전기차,2022
2025-01-20,현대자동차(주),넥쏘 (NEXO) 수소전기차,2020
2025-01-20,기아 주식회사,쏘렌토,2018
2025-01-20,현대자동차(주),팰리세이드(PALISADE),2021
2025-01-20,폭스바겐그룹코리아 주식회사,T-ROC 2.0 TDI,2021
2025-01-20,케이지모빌리티 주식회사(KG Mobility Corp.),렉스턴,2022
2025-01-20,현대자동차(주),아이오닉5 (IONIQ5),2022
2025-01-20,현대자동차(주),아이오닉5 (IONIQ5),2022
2025-01-20,현대자동차(주),넥쏘 (NEXO) 수소전기차,2023
2025-01-21,메르세데스벤츠코리아(주),Mercedes-Benz S400 d 4MATIC,2022
2025-01-21,현대자동차(주),넥쏘 (NEXO) 수소전기차,2021
2025-01-21,(주)재규어랜드로버코리아,재규어 XF 20d,2017
2025-01-21,현대자동차(주),아이오닉6 (IONIQ6),2023
2025-01-21,폭스바겐그룹코리아 주식회사,Tiguan 2.0 TDI,2018
2025-01-21,현대자동차(주),싼타페 하이브리드(SANTAFE HYBRID),2024
2025-01-21,르노코리아(주),KOLEOS Hybrid(콜레오스 하이브리드),2025
2025-01-21,메르세데스벤츠코리아(주),E300,2019
2025-01-21,현대자동차(주),싼타페 하이브리드(SANTAFE HYBRID),2024
2025-01-21,현대자동차(주),GV60,2022
2025-01-21,현대자동차(주),G80,2021
2025-01-21,현대자동차(주),아이오닉5 (IONIQ5),2022
2025-01-21,르노코리아(주),KOLEOS Hybrid(콜레오스 하이브리드),2025
2025-01-21,현대자동차(주),그랜저(GRANDEUR),2020
2025-01-21,현대자동차(주),벨로스터(VELOSTER),2016
2025-01-21,현대자동차(주),투싼(TUCSON),2016
2025-01-21,현대자동차(주),G80,2021
2025-01-21,기아 주식회사,K7,2020
2025-01-21,현대자동차(주),넥쏘 (NEXO) 수소전기차,2023
2025-01-21,케이지모빌리티 주식회사(KG Mobility Corp.),렉스턴,2022
2025-01-21,기아 주식회사,카니발 리무진,2021
2025-01-21,기아 주식회사,카니발,2021
2025-01-21,기아 주식회사,EV6,2022
2025-01-21,현대자동차(주),싼타페 하이브리드(SANTAFE HYBRID),2024
2025-01-21,현대자동차(주),싼타페 하이브리드(SANTAFE HYBRID),2024
2025-01-21,현대자동차(주),싼타페 하이브리드(SANTAFE HYBRID),2024
2025-01-21,기아 주식회사,K5,2014
2025-01-21,현대자동차(주),싼타페 하이브리드(SANTAFE HYBRID),2024
2025-01-21,현대자동차(주),싼타페 하이브리드(SANTAFE HYBRID),2024
2025-01-21,현대자동차(주),싼타페 하이브리드(SANTAFE HYBRID),2024
2025-01-21,기아 주식회사,봉고Ⅲ 윙바디,2024
2025-01-21,현대자동차(주),싼타페 하이브리드(SANTAFE HYBRID),2024
2025-01-21,현대자동차(주),싼타페 하이브리드(SANTAFE HYBRID),2024
2025-01-22,만트럭버스코리아(주),TGS,2017
2025-01-22,기아 주식회사,K3,2019
2025-01-22,기아 주식회사,K3,2019
2025-01-22,기아 주식회사,K3,2019
2025-01-22,현대자동차(주),싼타페 하이브리드(SANTAFE HYBRID),2024
2025-01-22,현대자동차(주),싼타페 하이브리드(SANTAFE HYBRID),2024
2025-01-22,현대자동차(주),그랜저(GRANDEUR),2020
2025-01-22,현대자동차(주),투싼(TUCSON),2021
2025-01-22,현대자동차(주),캐스퍼 일렉트릭(CASPER Electric),2025
2025-01-22,폭스바겐그룹코리아 주식회사,Arteon 2.0 TDI,2019
2025-01-22,포르쉐코리아 주식회사,파나메라 4,2022
2025-01-22,현대자동차(주),아이오닉6 (IONIQ6),2023
2025-01-22,기아 주식회사,카니발,2021
2025-01-22,포르쉐코리아 주식회사,카이엔,2021
2025-01-22,(주)한성특장,한성3.5톤카고,2022
2025-01-22,현대자동차(주),넥쏘 (NEXO) 수소전기차,2024
2025-01-22,비엠더블유코리아(주),BMW 520d xDrive,2018
2025-01-22,(주)볼보자동차코리아,볼보 S60B5,2025
2025-01-22,현대자동차(주),싼타페 하이브리드(SANTAFE HYBRID),2024
2025-01-22,현대자동차(주),싼타페 하이브리드(SANTAFE HYBRID),2024
2025-01-22,현대자동차(주),싼타페 하이브리드(SANTAFE HYBRID),2024
2025-01-22,현대자동차(주),GV60,2022
2025-01-22,현대자동차(주),아이오닉5 (IONIQ5),2023
2025-01-22,기아 주식회사,쏘렌토,2019
2025-01-22,현대자동차(주),팰리세이드(PALISADE),2021
2025-01-22,현대자동차(주),넥쏘 (NEXO) 수소전기차,2020
2025-01-22,한국지엠(주),CHEVROLET EQUINOX FWD,2019
2025-01-22,비엠더블유코리아(주),BMW 520d,2014
2025-01-23,현대자동차(주),싼타페(SANTAFE),2020
2025-01-23,기아 주식회사,쏘렌토 하이브리드,2024
2025-01-23,주식회사 이비온,E6,2022
2025-01-23,주식회사 대일특장,대일특장4.2톤카고트럭,2022
2025-01-23,폭스바겐그룹코리아 주식회사,Golf 1.4 TSI,2016
2025-01-23,케이지모빌리티 주식회사(KG Mobility Corp.),렉스턴,2021
2025-01-23,현대자동차(주),아반떼(AVANTE),2016
2025-01-23,기아 주식회사,EV6,2022
2025-01-23,기아 주식회사,카니발 리무진,2022
2025-01-23,현대자동차(주),그랜저(GRANDEUR),2020
2025-01-23,기아 주식회사,EV6,2023
2025-01-23,현대자동차(주),아반떼 (AVANTE),2012
2025-01-23,케이지모빌리티 주식회사(KG Mobility Corp.),렉스턴,2024
2025-01-23,현대자동차(주),스타리아 (STARIA),2022
2025-01-23,비엠더블유코리아(주),BMW iX1 xDrive30,2024
2025-01-23,현대자동차(주),넥쏘 (NEXO) 수소전기차,2024
2025-01-23,케이지모빌리티 주식회사(KG Mobility Corp.),렉스턴,2021
2025-01-23,한국지엠주식회사,올란도 2.0 LPG,2014
2025-01-23,한국지엠주식회사,캡티바 2.0 디젤,2017
2025-01-23,현대자동차(주),싼타페 하이브리드(SANTAFE HYBRID),2024
2025-01-23,현대자동차(주),넥쏘 (NEXO) 수소전기차,2022
2025-01-23,현대자동차(주),싼타페 하이브리드(SANTAFE HYBRID),2024
2025-01-23,비엠더블유코리아(주),BMW 530i,2018
2025-01-23,기아 주식회사,스포티지 하이브리드,2025
2025-01-23,폭스바겐그룹코리아 주식회사,Tiguan 2.0 TDI,2018
2025-01-23,케이지모빌리티 주식회사(KG Mobility Corp.),코란도,2022
2025-01-24,현대자동차(주),아이오닉6 (IONIQ6),2024
2025-01-24,현대자동차(주),스타리아 (STARIA),2025
2025-01-24,기아 주식회사,쏘렌토 하이브리드,2021
2025-01-24,비엠더블유코리아(주),BMW M340i xDrive Touring,2025
2025-01-24,비엠더블유코리아(주),BMW M340i,2021
2025-01-24,기아 주식회사,쏘렌토 하이브리드,2024
2025-01-24,현대자동차(주),그랜저 하이브리드(GRANDEUR HYBRID),2025
2025-01-24,현대자동차(주),싼타페 하이브리드(SANTAFE HYBRID),2024
2025-01-24,현대자동차(주),EQ900,2017
2025-01-24,기아 주식회사,쏘렌토 하이브리드,2024
2025-01-24,비엠더블유코리아(주),BMW Z4 M40i,2021
2025-01-24,현대자동차(주),싼타페 하이브리드(SANTAFE HYBRID),2024
2025-01-24,비엠더블유코리아(주),BMW M340i xDrive Touring,2021
2025-01-24,기아 주식회사,K3,2019
2025-01-24,기아 주식회사,카니발,2021
2025-01-24,기아 주식회사,K7,2016
2025-01-24,비엠더블유코리아(주),BMW iX1 xDrive30,2023
2025-01-24,현대자동차(주),GV60,2022
2025-01-24,한국닛산(주),LEAF,2019
2025-01-24,기아 주식회사,K3,2019
2025-01-24,비엠더블유코리아(주),BMW M340i,2021
2025-01-24,비엠더블유코리아(주),BMW M340i,2024
2025-01-24,비엠더블유코리아(주),BMW M340i,2024
2025-01-24,폭스바겐그룹코리아 주식회사,Golf 1.4 TSI,2016
2025-01-24,비엠더블유코리아(주),BMW M340i,2022
2025-01-24,현대자동차(주),포터Ⅱ (PORTERⅡ),2024
2025-01-24,비엠더블유코리아(주),BMW M4 Competition M xDrive,2022
2025-01-24,기아 주식회사,카니발 리무진,2021
2025-01-24,비엠더블유코리아(주),BMW M340i xDrive Touring,2022
2025-01-24,메르세데스벤츠코리아(주),E300,2017
2025-01-24,한국닛산(주),ALTIMA 2.5,2017
2025-01-24,기아 주식회사,쏘렌토 하이브리드,2022
2025-01-24,기아 주식회사,K3,2019
2025-01-24,현대자동차(주),넥쏘 (NEXO) 수소전기차,2022
2025-01-24,현대자동차(주),싼타페 하이브리드(SANTAFE HYBRID),2024
2025-01-24,테슬라코리아 유한회사,Model Y Standard Range,2021
2025-01-24,나르미모터스(주),나르미1.2톤봉고3카고,2024
2025-01-24,현대자동차(주),넥쏘 (NEXO) 수소전기차,2021
2025-01-24,기아 주식회사,쏘렌토 하이브리드,2024
2025-01-24,기아 주식회사,EV6,2025
2025-01-24,기아 주식회사,K7,2020
2025-01-24,기아 주식회사,카니발 하이리무진,2021
2025-01-31,(주)재규어랜드로버코리아,디스커버리 스포츠 2.0D,2018
2025-01-31,기아 주식회사,K7,2020
2025-01-31,기아 주식회사,카니발,2021
2025-01-31,현대자동차(주),GV60,2023
2025-01-31,현대자동차(주),GV60,2022
2025-01-31,현대자동차(주),G80,2021
2025-01-31,현대자동차(주),코나 하이브리드(KONA HYBRID),2024
2025-01-31,비엠더블유코리아(주),BMW 530i,2023
2025-01-31,기아 주식회사,K7,2020
2025-01-31,현대자동차(주),싼타페 하이브리드(SANTAFE HYBRID),2024
2025-01-31,케이지모빌리티 주식회사(KG Mobility Corp.),렉스턴,2021
2025-01-31,기아 주식회사,카니발,2016
2025-01-31,케이지모빌리티 주식회사(KG Mobility Corp.),렉스턴스포츠 쿨멘,2024
2025-01-31,현대자동차(주),G90,2022
2025-01-31,현대자동차(주),아이오닉6 (IONIQ6),2024
2025-01-31,현대자동차(주),아이오닉5 (IONIQ5),2023
2025-01-31,기아 주식회사,EV6,2023
2025-01-31,현대자동차(주),EQ900,2017
2025-01-31,현대자동차(주),싼타페 하이브리드(SANTAFE HYBRID),2024
2025-01-31,기아 주식회사,쏘렌토,2018
2025-01-31,기아 주식회사,카니발,2025
2025-01-31,비엠더블유코리아(주),BMW 520d xDrive,2017
2025-01-31,비엠더블유코리아(주),BMW 530i,2018
2025-01-31,비엠더블유코리아(주),BMW 530i,2021
2025-01-31,기아 주식회사,카니발,2021
2025-01-31,기아 주식회사,쏘렌토,2024
2025-01-31,현대자동차(주),캐스퍼(CASPER),2023
2025-01-31,현대자동차(주),아이오닉5 (IONIQ5),2025
2025-01-31,현대자동차(주),팰리세이드(PALISADE),2024
2025-01-31,기아 주식회사,K5 하이브리드,2020
2025-01-31,케이지모빌리티 주식회사(KG Mobility Corp.),티볼리,2020
2025-01-31,기아 주식회사,니로 하이브리드,2021
2025-01-31,르노코리아(주),SM5 D,2016
2025-01-31,현대자동차(주),팰리세이드(PALISADE),2024
2025-01-31,기아 주식회사,EV9,2024
2025-02-03,현대자동차(주),넥쏘 (NEXO) 수소전기차,2022
2025-02-03,기아 주식회사,카니발,2021
2025-02-03,메르세데스벤츠코리아(주),Mercedes-Benz EQB300 4MATIC,2023
2025-02-03,현대자동차(주),팰리세이드(PALISADE),2023
2025-02-03,케이지모빌리티 주식회사(KG Mobility Corp.),코란도,2021
2025-02-03,현대자동차(주),아반떼(AVANTE),2017
2025-02-03,현대자동차(주),아반떼(AVANTE),2016
2025-02-03,현대자동차(주),넥쏘 (NEXO) 수소전기차,2022
2025-02-03,현대자동차(주),넥쏘 (NEXO) 수소전기차,2021
2025-02-03,기아 주식회사,쏘렌토,2018
2025-02-03,기아 주식회사,쏘렌토 하이브리드,2025
2025-02-03,현대자동차(주),싼타페 하이브리드(SANTAFE HYBRID),2024
2025-02-03,현대자동차(주),싼타페 하이브리드(SANTAFE HYBRID),2025
2025-02-03,현대자동차(주),넥쏘 (NEXO) 수소전기차,2021
2025-02-03,비엠더블유코리아(주),BMW 320i,2024
2025-02-03,기아 주식회사,쏘렌토 하이브리드,2024
2025-02-03,기아 주식회사,카니발,2021
2025-02-03,현대자동차(주),싼타페 하이브리드(SANTAFE HYBRID),2024
2025-02-03,혼다코리아(주),PILOT,2023
2025-02-03,기아 주식회사,EV6,2023
2025-02-03,한불모터스(주),Peugeot 3008 1.5 BlueHDi,2019
2025-02-03,현대자동차(주),그랜저(GRANDEUR),2020
2025-02-03,폭스바겐그룹코리아 주식회사,Golf 2.0TDI,2023
2025-02-03,한불모터스(주),Peugeot 5008 1.5 BlueHDi,2020
2025-02-03,현대자동차(주),아이오닉6 (IONIQ6),2023
2025-02-03,현대자동차(주),그랜저(GRANDEUR),2020
2025-02-03,현대자동차(주),아반떼(AVANTE),2017
2025-02-03,기아 주식회사,봉고Ⅲ 고급형 내장탑차,2025
2025-02-03,폭스바겐그룹코리아 주식회사,Arteon 2.0 TDI,2018
2025-02-03,기아 주식회사,EV6,2022
2025-02-03,기아 주식회사,EV6,2022
2025-02-03,현대자동차(주),쏘나타(SONATA),2017
2025-02-03,기아 주식회사,스포티지,2025
2025-02-03,기아 주식회사,쏘렌토 하이브리드,2024
2025-02-03,비엠더블유코리아(주),BMW 520d,2017
2025-02-03,비엠더블유코리아(주),BMW M340i,2021
2025-02-04,기아 주식회사,봉고Ⅲ 1.2톤,2023
2025-02-04,기아 주식회사,쏘렌토 하이브리드,2022
2025-02-04,메르세데스벤츠코리아(주),Mercedes-Maybach S560 4Matic,2018
2025-02-04,기아 주식회사,니로 하이브리드,2018
2025-02-04,현대자동차(주),싼타페 하이브리드(SANTAFE HYBRID),2024
2025-02-04,폭스바겐그룹코리아 주식회사,Tiguan 2.0 TDI,2018
2025-02-04,폭스바겐그룹코리아 주식회사,Tiguan 2.0 TDI,2020
2025-02-04,비엠더블유코리아(주),BMW 530i xDrive,2018
2025-02-04,현대자동차(주),아이오닉5 (IONIQ5),2024
2025-02-04,현대자동차(주),투싼(TUCSON),2017
2025-02-04,케이지모빌리티 주식회사(KG Mobility Corp.),코란도,2019
2025-02-04,케이지모빌리티 주식회사(KG Mobility Corp.),렉스턴,2024
2025-02-04,케이지모빌리티 주식회사(KG Mobility Corp.),토레스,2023
2025-02-04,현대자동차(주),싼타페 하이브리드(SANTAFE HYBRID),2024
2025-02-04,현대자동차(주),싼타페 하이브리드(SANTAFE HYBRID),2024
2025-02-04,현대자동차(주),싼타페 하이브리드(SANTAFE HYBRID),2024
2025-02-04,현대자동차(주),싼타페 하이브리드(SANTAFE HYBRID),2024
2025-02-04,기아 주식회사,쏘렌토 하이브리드,2022
2025-02-04,현대자동차(주),싼타페 하이브리드(SANTAFE HYBRID),2024
2025-02-04,현대자동차(주),아이오닉5 (IONIQ5),2023
2025-02-04,메르세데스벤츠코리아(주),CLS350,2008
2025-02-04,기아 주식회사,카니발 하이브리드,2024
2025-02-04,기아 주식회사,EV6,2022
2025-02-04,신제일정공(주),제일4.3톤카고,2023
2025-02-04,메르세데스벤츠코리아(주),Mercedes-Benz E 250,2020
2025-02-04,현대자동차(주),아이오닉5 (IONIQ5),2023
2025-02-04,현대자동차(주),넥쏘 (NEXO) 수소전기차,2021
2025-02-04,기아 주식회사,카니발 리무진,2019
2025-02-04,기아 주식회사,EV6,2022
2025-02-04,르노코리아(주),QM3,2015
2025-02-04,기아 주식회사,K5,2020
2025-02-04,메르세데스벤츠코리아(주),Mercedes-Benz EQE500 4MATIC SUV,2023
2025-02-04,기아 주식회사,쏘렌토 하이브리드,2021
2025-02-04,기아 주식회사,쏘렌토 하이브리드,2024
2025-02-04,비엠더블유코리아(주),BMW X5 xDrive40i,2023
2025-02-04,현대자동차(주),넥쏘 (NEXO) 수소전기차,2022
2025-02-05,르노코리아(주),KOLEOS Hybrid(콜레오스 하이브리드),2025
2025-02-05,비엠더블유코리아(주),MINI Cooper D Countryman ALL4,2018
2025-02-05,기아 주식회사,K7,2015
2025-02-05,비엠더블유코리아(주),BMW X3 xDrive20i,2021
2025-02-05,현대자동차(주),싼타페 하이브리드(SANTAFE HYBRID),2024
2025-02-05,현대자동차(주),싼타페 하이브리드(SANTAFE HYBRID),2025
2025-02-05,현대자동차(주),싼타페 하이브리드(SANTAFE HYBRID),2024
2025-02-05,기아 주식회사,카니발 리무진,2021
2025-02-05,현대자동차(주),싼타페 하이브리드(SANTAFE HYBRID),2024
2025-02-05,현대자동차(주),아반떼(AVANTE),2017
2025-02-05,현대자동차(주),아반떼(AVANTE),2020
2025-02-05,비엠더블유코리아(주),BMW 320d,2014
2025-02-05,케이지모빌리티 주식회사(KG Mobility Corp.),렉스턴,2021
2025-02-05,기아 주식회사,레이,2021
2025-02-05,스텔란티스코리아 주식회사,짚 체로키 2.4,2019
2025-02-05,현대자동차(주),싼타페 하이브리드(SANTAFE HYBRID),2024
2025-02-05,현대자동차(주),싼타페 하이브리드(SANTAFE HYBRID),2024
2025-02-05,케이지모빌리티 주식회사(KG Mobility Corp.),토레스 EVX,2024
2025-02-05,현대자동차(주),싼타페 하이브리드(SANTAFE HYBRID),2024
2025-02-05,현대자동차(주),싼타페 하이브리드(SANTAFE HYBRID),2024
2025-02-05,현대자동차(주),그랜저(GRANDEUR),2018
2025-02-05,현대자동차(주),싼타페 하이브리드(SANTAFE HYBRID),2024
2025-02-05,현대자동차(주),싼타페 하이브리드(SANTAFE HYBRID),2024
2025-02-05,현대자동차(주),넥쏘 (NEXO) 수소전기차,2022
2025-02-05,기아 주식회사,K8 하이브리드,2022
2025-02-05,현대자동차(주),G80,2022
2025-02-05,현대자동차(주),팰리세이드(PALISADE),2022
2025-02-05,기아 주식회사,카니발,2019
2025-02-05,현대자동차(주),싼타페 하이브리드(SANTAFE HYBRID),2024
2025-02-05,기아 주식회사,쏘렌토 하이브리드,2024
2025-02-05,현대자동차(주),싼타페 하이브리드(SANTAFE HYBRID),2024
2025-02-05,현대자동차(주),아이오닉6 (IONIQ6),2023
2025-02-05,현대자동차(주),아이오닉6 (IONIQ6),2023
2025-02-05,메르세데스벤츠코리아(주),C350 e,2018
2025-02-05,기아 주식회사,카니발,2022
2025-02-05,기아 주식회사,EV6,2023
2025-02-05,폭스바겐그룹코리아 주식회사,Q2 35 TDI,2023
2025-02-05,기아 주식회사,모하비,2022
2025-02-05,기아 주식회사,스포티지 하이브리드,2025
2025-02-06,한국지엠주식회사,라세티 1.6 DOHC,2009
2025-02-06,기아 주식회사,카니발,2022
2025-02-06,현대자동차(주),싼타페 하이브리드(SANTAFE HYBRID),2024
2025-02-06,폭스바겐그룹코리아 주식회사,Arteon 2.0 TDI,2019
2025-02-06,현대자동차(주),넥쏘 (NEXO) 수소전기차,2019
2025-02-06,현대자동차(주),싼타페 하이브리드(SANTAFE HYBRID),2024
2025-02-06,현대자동차(주),아반떼(AVANTE),2019
2025-02-06,르노코리아(주),XM3,2021
2025-02-06,현대자동차(주),아반떼(AVANTE),2017
2025-02-06,현대자동차(주),싼타페 하이브리드(SANTAFE HYBRID),2024
2025-02-06,현대자동차(주),싼타페 하이브리드(SANTAFE HYBRID),2024
2025-02-06,현대자동차(주),그랜저 하이브리드(GRANDEUR HYBRID),2021
2025-02-06,현대자동차(주),싼타페 하이브리드(SANTAFE HYBRID),2024
2025-02-06,기아 주식회사,쏘렌토 하이브리드,2024
2025-02-06,현대자동차(주),싼타페 하이브리드(SANTAFE HYBRID),2024
2025-02-06,현대자동차(주),싼타페 하이브리드(SANTAFE HYBRID),2024
2025-02-06,기아 주식회사,쏘렌토,2021
2025-02-06,기아 주식회사,쏘렌토,2025
2025-02-06,기아 주식회사,K3,2020
2025-02-06,현대자동차(주),싼타페 하이브리드(SANTAFE HYBRID),2025
2025-02-06,현대자동차(주),싼타페 하이브리드(SANTAFE HYBRID),2024
2025-02-06,기아 주식회사,쏘렌토 하이브리드,2021
2025-02-06,현대자동차(주),싼타페 하이브리드(SANTAFE HYBRID),2024
2025-02-06,현대자동차(주),싼타페 하이브리드(SANTAFE HYBRID),2024
2025-02-06,기아 주식회사,카니발,2021
2025-02-06,기아 주식회사,카니발,2021
2025-02-06,케이지모빌리티 주식회사(KG Mobility Corp.),렉스턴스포츠 쿨멘 칸,2024
2025-02-06,현대자동차(주),싼타페 하이브리드(SANTAFE HYBRID),2024
2025-02-06,현대자동차(주),싼타페 하이브리드(SANTAFE HYBRID),2024
2025-02-06,기아 주식회사,쏘렌토,2017
2025-02-06,현대자동차(주),싼타페 하이브리드(SANTAFE HYBRID),2024
2025-02-06,현대자동차(주),싼타페 하이브리드(SANTAFE HYBRID),2025
2025-02-07,기아 주식회사,쏘렌토 하이브리드,2022
2025-02-07,한국상용트럭(주),한국상용25톤트럭,2020
2025-02-07,기아 주식회사,쏘렌토,2015
2025-02-07,현대자동차(주),아이오닉5 (IONIQ5),2022
2025-02-07,(주)재규어랜드로버코리아,디스커버리 스포츠 TD4 150PS,2019
2025-02-07,(주)재규어랜드로버코리아,레인지로버 4.4D,2018
2025-02-07,폭스바겐그룹코리아 주식회사,Tiguan 2.0 TDI,2018
2025-02-07,기아 주식회사,EV6,2022
2025-02-07,현대자동차(주),싼타페 하이브리드(SANTAFE HYBRID),2024
2025-02-07,현대자동차(주),팰리세이드(PALISADE),2019
2025-02-07,기아 주식회사,EV6,2023
2025-02-07,현대자동차(주),싼타페 하이브리드(SANTAFE HYBRID),2024
2025-02-07,주식회사 이브이케이엠씨,MASADA 4밴,2023
2025-02-07,기아 주식회사,카니발 리무진,2021
2025-02-07,케이지모빌리티 주식회사(KG Mobility Corp.),렉스턴,2024
2025-02-07,현대자동차(주),G80,2022
2025-02-07,현대자동차(주),싼타페 하이브리드(SANTAFE HYBRID),2024
2025-02-07,현대자동차(주),싼타페 하이브리드(SANTAFE HYBRID),2024
2025-02-07,한국토요타자동차(주),토요타 Camry,2018
2025-02-07,현대자동차(주),쏘나타 하이브리드 (SONATA HYBRID),2020
2025-02-07,현대자동차(주),싼타페 하이브리드(SANTAFE HYBRID),2024
2025-02-07,기아 주식회사,K7,2019
2025-02-07,현대자동차(주),그랜저(GRANDEUR),2025
2025-02-07,현대자동차(주),넥쏘 (NEXO) 수소전기차,2021
2025-02-07,기아 주식회사,쏘렌토 하이브리드,2021
2025-02-07,기아 주식회사,K5,2023
2025-02-07,현대자동차(주),넥쏘 (NEXO) 수소전기차,2021
2025-02-07,비엠더블유코리아(주),BMW M340i,2021
2025-02-07,폭스바겐그룹코리아 주식회사,Golf 1.4 TSI,2016
2025-02-07,현대자동차(주),싼타페(SANTAFE),2024
2025-02-07,폭스바겐그룹코리아 주식회사,Arteon 2.0 TDI,2019
2025-02-07,폭스바겐그룹코리아 주식회사,Arteon 2.0 TDI,2019
2025-02-07,(주)한성특장,한성21톤윙바디,2023
2025-02-07,폭스바겐그룹코리아 주식회사,Tiguan 2.0 TDI,2018
2025-02-07,현대자동차(주),넥쏘 (NEXO) 수소전기차,2022
2025-02-07,테슬라코리아 유한회사,Model 3 RWD,2024
2025-02-07,기아 주식회사,카니발,2021
2025-02-07,현대자동차(주),싼타페 하이브리드(SANTAFE HYBRID),2024
2025-02-07,현대자동차(주),G80,2021
2025-02-07,기아 주식회사,카니발,2021
2025-02-07,현대자동차(주),넥쏘 (NEXO) 수소전기차,2019
2025-02-07,르노코리아(주),QM3,2014
2025-02-07,기아 주식회사,쏘렌토 하이브리드,2022
2025-02-07,현대자동차(주),넥쏘 (NEXO) 수소전기차,2022
2025-02-07,현대자동차(주),아이오닉5 (IONIQ5),2023
2025-02-07,기아 주식회사,카니발,2021
2025-02-07,현대자동차(주),그랜저(GRANDEUR),2020
2025-02-07,르노코리아(주),SM6,2016
2025-02-07,현대자동차(주),캐스퍼 일렉트릭(CASPER Electric),2025
2025-02-07,기아 주식회사,쏘렌토,2018
2025-02-07,르노코리아(주),KOLEOS Hybrid(콜레오스 하이브리드),2025
2025-02-07,르노코리아(주),KOLEOS(콜레오스),2025
2025-02-07,현대자동차(주),아이오닉6 (IONIQ6),2023
2025-02-07,메르세데스벤츠코리아(주),E300,2017
2025-02-07,르노코리아(주),KOLEOS Hybrid(콜레오스 하이브리드),2025
2025-02-07,기아 주식회사,EV6,2022
2025-02-07,현대자동차(주),그랜드 스타렉스(GRAND STAREX),2015
2025-02-07,르노코리아(주),KOLEOS Hybrid(콜레오스 하이브리드),2025
2025-02-10,현대자동차(주),넥쏘 (NEXO) 수소전기차,2022
2025-02-10,기아 주식회사,EV6,2023
2025-02-10,기아 주식회사,카니발,2023
2025-02-10,기아 주식회사,카니발,2021
2025-02-10,비엠더블유코리아(주),BMW Gran Turismo 30d,2014
2025-02-10,기아 주식회사,카니발,2021
2025-02-10,비엠더블유코리아(주),BMW M340i,2024
2025-02-10,현대자동차(주),아이오닉5(IONIQ5),2022
2025-02-10,현대자동차(주),싼타페 하이브리드(SANTAFE HYBRID),2024
2025-02-10,한국닛산(주),INFINITI QX60,2017
2025-02-10,현대자동차(주),GV60,2022
2025-02-10,포르쉐코리아 주식회사,카이엔 E-하이브리드 COUPE(5인승),2024
2025-02-10,현대자동차(주),아이오닉6 (IONIQ6),2023
2025-02-10,폭스바겐그룹코리아 주식회사,Tiguan 2.0 TDI 4Motion,2018
2025-02-10,현대자동차(주),싼타페 하이브리드(SANTAFE HYBRID),2024
2025-02-10,현대자동차(주),싼타페 하이브리드(SANTAFE HYBRID),2024
2025-02-10,현대자동차(주),싼타페 하이브리드(SANTAFE HYBRID),2024
2025-02-10,비엠더블유코리아(주),BMW X3 xDrive20i Luxury,2020
2025-02-10,비엠더블유코리아(주),BMW 520i Luxury,2020
2025-02-10,현대자동차(주),싼타페 하이브리드(SANTAFE HYBRID),2024
2025-02-10,현대자동차(주),포터Ⅱ 일렉트릭 (PORTERⅡ ELECTRIC),2022
2025-02-10,현대자동차(주),GV60,2022
2025-02-10,현대자동차(주),싼타페 하이브리드(SANTAFE HYBRID),2024
2025-02-10,케이지모빌리티 주식회사(KG Mobility Corp.),렉스턴,2021
2025-02-10,현대자동차(주),싼타페 하이브리드(SANTAFE HYBRID),2024
2025-02-10,현대자동차(주),싼타페 하이브리드(SANTAFE HYBRID),2024
2025-02-10,비엠더블유코리아(주),BMW X3 xDrive20d M Sport Package,2019
2025-02-10,기아 주식회사,쏘렌토 하이브리드,2024
2025-02-10,기아 주식회사,봉고Ⅲ 고급형 내장탑차,2025
2025-02-10,폭스바겐그룹코리아 주식회사,Arteon 2.0 TDI,2018
2025-02-10,현대자동차(주),싼타페 하이브리드(SANTAFE HYBRID),2024
2025-02-11,케이지모빌리티 주식회사(KG Mobility Corp.),렉스턴스포츠 칸,2024
2025-02-11,현대자동차(주),넥쏘 (NEXO) 수소전기차,2022
2025-02-11,현대자동차(주),싼타페 하이브리드(SANTAFE HYBRID),2024
2025-02-11,기아 주식회사,EV6,2023
2025-02-11,기아 주식회사,카니발,2021
2025-02-11,현대자동차(주),싼타페 하이브리드(SANTAFE HYBRID),2025
2025-02-11,기아 주식회사,EV6,2022
2025-02-11,현대자동차(주),그랜저(GRANDEUR),2017
2025-02-11,현대자동차(주),아이오닉5 (IONIQ5),2023
2025-02-11,기아 주식회사,카니발,2021
2025-02-11,케이지모빌리티 주식회사(KG Mobility Corp.),토레스,2023
2025-02-11,한불모터스(주),Peugeot 3008 1.5 BlueHDi,2019
2025-02-11,현대자동차(주),쏘나타 하이브리드(SONATA HYBRID),2016
2025-02-11,현대자동차(주),싼타페(SANTAFE),2024
2025-02-11,기아 주식회사,카니발 리무진,2021
2025-02-11,현대자동차(주),아이오닉6 (IONIQ6),2023
2025-02-11,현대자동차(주),싼타페 하이브리드(SANTAFE HYBRID),2024
2025-02-11,현대자동차(주),싼타페 하이브리드(SANTAFE HYBRID),2024
2025-02-11,현대자동차(주),싼타페 하이브리드(SANTAFE HYBRID),2024
2025-02-11,비엠더블유코리아(주),BMW 630i xDrive M Sport Package,2020
2025-02-11,폭스바겐그룹코리아 주식회사,Arteon 2.0 TDI,2019
2025-02-11,현대자동차(주),싼타페 하이브리드(SANTAFE HYBRID),2024
2025-02-11,한불모터스(주),Grand C4 Picasso 1.6 Blue-HDi,2017
2025-02-11,현대자동차(주),싼타페 하이브리드(SANTAFE HYBRID),2024
2025-02-11,현대자동차(주),쏘나타 하이브리드 (SONATA HYBRID),2020
2025-02-11,비엠더블유코리아(주),BMW 530i,2018
2025-02-11,비엠더블유코리아(주),BMW 530i,2017
2025-02-11,현대자동차(주),아이오닉6 (IONIQ6),2023
2025-02-11,현대자동차(주),아이오닉5 (IONIQ5),2022
2025-02-11,현대자동차(주),아이오닉5 (IONIQ5),2022
2025-02-11,메르세데스벤츠코리아(주),Mercedes-Benz E300 e 4MATIC,2020
2025-02-11,한국닛산(주),Altima 2.5,2019
2025-02-11,기아 주식회사,스포티지,2023
2025-02-11,한국지엠주식회사,캡티바 2.0 디젤,2016
2025-02-11,한국지엠주식회사,올란도 1.6 디젤,2016
2025-02-11,현대자동차(주),싼타페 하이브리드(SANTAFE HYBRID),2024
2025-02-11,기아 주식회사,카니발,2021
2025-02-11,현대자동차(주),싼타페 하이브리드(SANTAFE HYBRID),2024
2025-02-11,(주)재규어랜드로버코리아,디스커버리 SD4,2018
2025-02-11,기아 주식회사,쏘렌토 하이브리드,2024
2025-02-12,기아 주식회사,쏘렌토 하이브리드,2024
2025-02-12,기아 주식회사,EV6,2022
2025-02-12,르노코리아(주),QM6,2020
2025-02-12,현대자동차(주),그랜저(GRANDEUR),2018
2025-02-12,메르세데스벤츠코리아(주),Mercedes-Benz E300 e 4MATIC,2020
2025-02-12,(주)재규어랜드로버코리아,디스커버리 TD6,2019
2025-02-12,현대자동차(주),싼타페 하이브리드(SANTAFE HYBRID),2024
2025-02-12,현대자동차(주),싼타페 하이브리드(SANTAFE HYBRID),2024
2025-02-12,현대자동차(주),그랜저(GRANDEUR),2012
2025-02-12,현대자동차(주),싼타페 하이브리드(SANTAFE HYBRID),2024
2025-02-12,현대자동차(주),넥쏘 (NEXO) 수소전기차,2022
2025-02-12,현대자동차(주),GV60,2022
2025-02-12,한국지엠주식회사,올란도 2.0 LPG,2014
2025-02-12,르노코리아(주),QM3,2015
2025-02-12,현대자동차(주),싼타페 하이브리드(SANTAFE HYBRID),2024
2025-02-12,현대자동차(주),그랜저(GRANDEUR),2020
2025-02-12,메르세데스벤츠코리아(주),E300,2017
2025-02-12,비엠더블유코리아(주),BMW M340i,2020
2025-02-12,기아 주식회사,쏘렌토 하이브리드,2022
2025-02-12,비엠더블유코리아(주),BMW X4 xDrive20i,2021
2025-02-12,현대자동차(주),싼타페 하이브리드(SANTAFE HYBRID),2024
2025-02-12,기아 주식회사,쏘렌토 하이브리드,2024
2025-02-12,현대자동차(주),넥쏘 (NEXO) 수소전기차,2022
2025-02-12,현대자동차(주),싼타페 하이브리드(SANTAFE HYBRID),2025
2025-02-12,비엠더블유코리아(주),BMW M340i,2023
2025-02-12,기아 주식회사,쏘렌토 하이브리드,2024
2025-02-12,현대자동차(주),싼타페(SANTAFE),2024
2025-02-12,현대자동차(주),싼타페 하이브리드(SANTAFE HYBRID),2024
2025-02-12,기아 주식회사,EV6,2023
2025-02-12,현대자동차(주),그랜저(GRANDEUR),2018
2025-02-12,포드세일즈서비스코리아(유),Explorer 2.3 AWD,2018
2025-02-12,폭스바겐그룹코리아 주식회사,Passat 2.0 TSI,2018
2025-02-12,르노코리아(주),QM3,2017
2025-02-12,비엠더블유코리아(주),BMW i4 eDrive40,2022
2025-02-12,메르세데스벤츠코리아(주),Mercedes-Benz EQB300 4MATIC,2023
2025-02-12,메르세데스벤츠코리아(주),Mercedes-Benz E 300 4MATIC,2024
2025-02-12,현대자동차(주),아반떼(AVANTE),2016
2025-02-12,기아 주식회사,카니발,2025
2025-02-12,주식회사 이브이케이엠씨,MASADA 픽업,2022
2025-02-12,주식회사 이브이케이엠씨,MASADA 픽업,2022
2025-02-12,기아 주식회사,쏘렌토 하이브리드,2022
2025-02-12,기아 주식회사,카니발,2021
2025-02-12,현대자동차(주),G80,2025
2025-02-12,기아 주식회사,카니발,2016
2025-02-12,기아 주식회사,EV6,2022
2025-02-12,기아 주식회사,EV6,2023
2025-02-12,기아 주식회사,카니발 리무진,2021
2025-02-13,탱크코리아(주),탱크28KL탱크로리,2019
2025-02-13,현대자동차(주),GV60,2022
2025-02-13,현대자동차(주),GV60,2022
2025-02-13,현대자동차(주),아이오닉6 (IONIQ6),2023
2025-02-13,현대자동차(주),싼타페 하이브리드(SANTAFE HYBRID),2024
2025-02-13,현대자동차(주),싼타페 하이브리드(SANTAFE HYBRID),2024
2025-02-13,현대자동차(주),싼타페 하이브리드(SANTAFE HYBRID),2024
2025-02-13,현대자동차(주),싼타페 하이브리드(SANTAFE HYBRID),2024
2025-02-13,현대자동차(주),넥쏘 (NEXO) 수소전기차,2019
2025-02-13,현대자동차(주),넥쏘 (NEXO) 수소전기차,2022
2025-02-13,현대자동차(주),G70,2019
2025-02-13,메르세데스벤츠코리아(주),Mercedes-Benz E 300 4MATIC,2025
2025-02-13,기아 주식회사,카니발,2022
2025-02-13,기아 주식회사,카니발 리무진,2021
2025-02-13,현대자동차(주),G70,2019
2025-02-13,기아 주식회사,K3,2013
2025-02-13,현대자동차(주),아이오닉5 (IONIQ5),2023
2025-02-13,기아 주식회사,쏘렌토 하이브리드,2021
2025-02-13,현대자동차(주),스타리아 HYBRID (STARIA HYBRID),2025
2025-02-13,현대자동차(주),제네시스(GENESIS),2015
2025-02-13,현대자동차(주),싼타페 하이브리드(SANTAFE HYBRID),2024
2025-02-13,테슬라코리아 유한회사,Model Y Long Range,2022
2025-02-13,현대자동차(주),싼타페 하이브리드(SANTAFE HYBRID),2024
2025-02-13,현대자동차(주),넥쏘 (NEXO) 수소전기차,2022
2025-02-13,현대자동차(주),GV60,2022
2025-02-13,메르세데스벤츠코리아(주),Mercedes-Benz E 300,2020
2025-02-13,현대자동차(주),넥쏘 (NEXO) 수소전기차,2022
2025-02-13,현대자동차(주),넥쏘 (NEXO) 수소전기차,2019
2025-02-13,현대자동차(주),GV60,2022
2025-02-13,현대자동차(주),싼타페 하이브리드(SANTAFE HYBRID),2024
2025-02-13,현대자동차(주),아이오닉5 (IONIQ5),2022
2025-02-13,현대자동차(주),아이오닉5 (IONIQ5),2022
2025-02-13,현대자동차(주),아이오닉6 (IONIQ6),2023
2025-02-13,(주)일진정공,일진무시동전기냉동탑차,2021
2025-02-13,현대자동차(주),싼타페 하이브리드(SANTAFE HYBRID),2024
2025-02-13,현대자동차(주),아이오닉5(IONIQ5),2022
2025-02-13,현대자동차(주),팰리세이드(PALISADE),2024
2025-02-13,현대자동차(주),싼타페 하이브리드(SANTAFE HYBRID),2024
2025-02-14,현대자동차(주),싼타페 하이브리드(SANTAFE HYBRID),2024
2025-02-14,현대자동차(주),싼타페 하이브리드(SANTAFE HYBRID),2024
2025-02-14,현대자동차(주),싼타페 하이브리드(SANTAFE HYBRID),2024
2025-02-14,(주) 골드밴,골드밴3.1톤냉동탑차,2020
2025-02-14,현대자동차(주),싼타페(SANTAFE),2024
2025-02-14,(주)맥스리무진,맥스카니발하이리무진,2025
2025-02-14,포르쉐코리아 주식회사,911 터보 S,2023
2025-02-14,케이지모빌리티 주식회사(KG Mobility Corp.),토레스,2024
2025-02-14,현대자동차(주),싼타페 하이브리드(SANTAFE HYBRID),2024
2025-02-14,기아 주식회사,카니발,2021
2025-02-14,기아 주식회사,스팅어,2018
2025-02-14,주식회사 대일특장,대일특장4.2톤카고트럭,2022
2025-02-14,현대자동차(주),제네시스(GENESIS),2010
2025-02-14,기아 주식회사,카니발,2021
2025-02-14,이탈로모토(유),GTS 300 SUPER SPORT HPE ABS,2025
2025-02-14,비엠더블유코리아(주),BMW 520d xDrive,2018
2025-02-14,현대자동차(주),싼타페 하이브리드(SANTAFE HYBRID),2024
2025-02-14,포드세일즈서비스코리아(유),Lincoln Aviator 3.0,2020
2025-02-14,폭스바겐그룹코리아 주식회사,Arteon 2.0 TDI,2019
2025-02-14,르노코리아(주),SM6,2016
2025-02-14,현대자동차(주),싼타페 하이브리드(SANTAFE HYBRID),2024
2025-02-14,현대자동차(주),싼타페 하이브리드(SANTAFE HYBRID),2024
2025-02-14,한국지엠(주),CHEVROLET COLORADO AWD,2024
2025-02-14,현대자동차(주),싼타페 하이브리드(SANTAFE HYBRID),2024
2025-02-14,현대자동차(주),넥쏘 (NEXO) 수소전기차,2019
2025-02-14,주식회사 대일특장,대일특장4.2톤카고트럭,2021
2025-02-14,현대자동차(주),넥쏘 (NEXO) 수소전기차,2022
2025-02-17,현대자동차(주),아이오닉6 (IONIQ6),2023
2025-02-17,케이지모빌리티 주식회사(KG Mobility Corp.),코란도,2021
2025-02-17,기아 주식회사,K7,2020
2025-02-17,비엠더블유코리아(주),BMW X4 xDrive20d,2017
2025-02-17,비엠더블유코리아(주),BMW X3 M40i,2021
2025-02-17,비엠더블유코리아(주),BMW X4 xDrive20i,2021
2025-02-17,비엠더블유코리아(주),BMW X3 M Competition,2021
2025-02-17,현대자동차(주),G80,2021
2025-02-17,기아 주식회사,쏘렌토 하이브리드,2024
2025-02-17,현대자동차(주),싼타페 하이브리드(SANTAFE HYBRID),2024
2025-02-17,기아 주식회사,니로 하이브리드,2018
2025-02-17,기아 주식회사,K7 하이브리드,2016
2025-02-17,기아 주식회사,카니발 리무진,2021
2025-02-17,메르세데스벤츠코리아(주),Mercedes-Benz GLB250 4MATIC,2020
2025-02-17,현대자동차(주),넥쏘 (NEXO) 수소전기차,2022
2025-02-17,현대자동차(주),아반떼(AVANTE),2016
2025-02-17,현대자동차(주),쏘나타(SONATA),2022
2025-02-17,메르세데스벤츠코리아(주),E220 d,2017
2025-02-17,현대자동차(주),싼타페 하이브리드(SANTAFE HYBRID),2024
2025-02-17,기아 주식회사,EV6,2023
2025-02-17,현대자동차(주),아이오닉5 (IONIQ5),2024
2025-02-17,현대자동차(주),넥쏘 (NEXO) 수소전기차,2022
2025-02-17,기아 주식회사,쏘렌토 하이브리드,2024
2025-02-17,기아 주식회사,스포티지 하이브리드,2022
2025-02-17,기아 주식회사,K8,2023
2025-02-17,현대자동차(주),넥쏘 (NEXO) 수소전기차,2022
2025-02-17,현대자동차(주),넥쏘 (NEXO) 수소전기차,2022
2025-02-17,현대자동차(주),넥쏘 (NEXO) 수소전기차,2022
2025-02-17,현대자동차(주),싼타페 하이브리드(SANTAFE HYBRID),2024
2025-02-17,기아 주식회사,카니발 리무진,2021
2025-02-17,기아 주식회사,EV6,2022
2025-02-17,비엠더블유코리아(주),BMW X3 xDrive20i,2021
2025-02-17,기아 주식회사,카니발,2021
2025-02-17,폭스바겐그룹코리아 주식회사,Passat GT 2.0 TDI,2018
2025-02-17,케이지모빌리티 주식회사(KG Mobility Corp.),토레스,2023
2025-02-17,현대자동차(주),싼타페 하이브리드(SANTAFE HYBRID),2024
2025-02-17,기아 주식회사,K7,2020
2025-02-17,현대자동차(주),싼타페 하이브리드(SANTAFE HYBRID),2024
2025-02-17,현대자동차(주),넥쏘 (NEXO) 수소전기차,2019
2025-02-17,메르세데스벤츠코리아(주),Mercedes-Benz CLS450 4MATIC,2021
2025-02-18,현대자동차(주),싼타페 하이브리드(SANTAFE HYBRID),2024
2025-02-18,기아 주식회사,쏘렌토 하이브리드,2024
2025-02-18,기아 주식회사,K8 하이브리드,2022
2025-02-18,현대자동차(주),싼타페 하이브리드(SANTAFE HYBRID),2024
2025-02-18,기아 주식회사,쏘렌토 하이브리드,2022
2025-02-18,기아 주식회사,카니발,2021
2025-02-18,현대자동차(주),GV60,2023
2025-02-18,메르세데스벤츠코리아(주),E220 d,2017
2025-02-18,비엠더블유코리아(주),BMW M340i,2021
2025-02-18,기아 주식회사,카니발,2019
2025-02-18,기아 주식회사,뉴그랜버드(NEW GRANBIRD),2024
2025-02-18,기아 주식회사,카니발,2023
2025-02-18,기아 주식회사,카니발,2023
2025-02-18,현대자동차(주),아이오닉6 (IONIQ6),2023
2025-02-18,기아 주식회사,K5,2011
2025-02-18,현대자동차(주),싼타페 하이브리드(SANTAFE HYBRID),2024
2025-02-18,현대자동차(주),싼타페 하이브리드(SANTAFE HYBRID),2024
2025-02-18,기아 주식회사,EV6,2022
2025-02-18,기아 주식회사,EV6,2022
2025-02-18,한국지엠주식회사,올란도 1.6 디젤,2016
2025-02-18,현대자동차(주),그랜저(GRANDEUR),2023
2025-02-18,현대자동차(주),싼타페 하이브리드(SANTAFE HYBRID),2024
2025-02-18,현대자동차(주),싼타페 하이브리드(SANTAFE HYBRID),2024
2025-02-18,현대자동차(주),넥쏘 (NEXO) 수소전기차,2022
2025-02-18,현대자동차(주),싼타페 하이브리드(SANTAFE HYBRID),2024
2025-02-18,현대자동차(주),넥쏘 (NEXO) 수소전기차,2022
2025-02-18,기아 주식회사,카니발,2016
2025-02-18,현대자동차(주),싼타페 하이브리드(SANTAFE HYBRID),2024
2025-02-18,기아 주식회사,쏘렌토 하이브리드,2024
2025-02-18,케이지모빌리티 주식회사(KG Mobility Corp.),렉스턴,2021
2025-02-18,기아 주식회사,K3,2019
2025-02-18,현대자동차(주),싼타페 하이브리드(SANTAFE HYBRID),2024
2025-02-18,현대자동차(주),싼타페 하이브리드(SANTAFE HYBRID),2024
2025-02-18,기아 주식회사,K7 하이브리드,2020
2025-02-19,제이에스이엔지,제이에스로드스타R언더리프트,2023
2025-02-19,기아 주식회사,EV6,2025
2025-02-19,한국토요타자동차(주),토요타 RAV4 Hybrid AWD,2021
2025-02-19,비엠더블유코리아(주),BMW 218d Gran Coupe,2021
2025-02-19,비엠더블유코리아(주),BMW 218d Gran Coupe,2021
2025-02-19,비엠더블유코리아(주),BMW X5 xDrive30d,2014
2025-02-19,기아 주식회사,쏘렌토,2021
2025-02-19,기아 주식회사,카니발,2021
2025-02-19,현대자동차(주),쏘나타 (SONATA),2011
2025-02-19,기아 주식회사,쏘렌토 하이브리드,2024
2025-02-19,케이지모빌리티 주식회사(KG Mobility Corp.),토레스,2023
2025-02-19,현대자동차(주),넥쏘 (NEXO) 수소전기차,2022
2025-02-19,현대자동차(주),싼타페 하이브리드(SANTAFE HYBRID),2024
2025-02-19,기아 주식회사,EV6,2022
2025-02-19,현대자동차(주),팰리세이드(PALISADE),2019
2025-02-19,현대자동차(주),캐스퍼 일렉트릭(CASPER Electric),2025
2025-02-19,기아 주식회사,스포티지 하이브리드,2025
2025-02-19,현대자동차(주),G80,2022
2025-02-19,주식회사 대일특장,대일특장3.9톤카고트럭,2021
2025-02-19,기아 주식회사,스포티지,2019
2025-02-19,기아 주식회사,카니발,2021
2025-02-19,현대자동차(주),아반떼(AVANTE),2017
2025-02-19,포드세일즈서비스코리아(유),Lincoln MKX 2.7 AWD,2017
2025-02-19,비엠더블유코리아(주),BMW 530i xDrive,2024
2025-02-19,르노코리아(주),KOLEOS Hybrid(콜레오스 하이브리드),2025
2025-02-19,기아 주식회사,쏘렌토 하이브리드,2024
2025-02-19,현대자동차(주),투싼 하이브리드(TUCSON HYBRID),2025
2025-02-19,케이지모빌리티 주식회사(KG Mobility Corp.),렉스턴,2024
2025-02-19,현대자동차(주),아반떼(AVANTE),2017
2025-02-19,현대자동차(주),싼타페 하이브리드(SANTAFE HYBRID),2024
2025-02-19,현대자동차(주),베뉴(VENUE),2020
2025-02-19,메르세데스벤츠코리아(주),Mercedes-Benz E220 d 4MATIC,2021
2025-02-20,케이지모빌리티 주식회사(KG Mobility Corp.),렉스턴스포츠,2019
2025-02-20,케이지모빌리티 주식회사(KG Mobility Corp.),토레스,2025
2025-02-20,르노코리아(주),ARKANA 하이브리드,2025
2025-02-20,기아 주식회사,니로 하이브리드,2020
2025-02-20,현대자동차(주),아이오닉5(IONIQ5),2024
2025-02-20,기아 주식회사,쏘렌토,2016
2025-02-20,현대자동차(주),아이오닉5 (IONIQ5),2023
2025-02-20,폭스바겐그룹코리아 주식회사,A6 35 TDI quattro,2018
2025-02-20,현대자동차(주),아이오닉5 (IONIQ5),2022
2025-02-20,현대자동차(주),포터Ⅱ (PORTERⅡ),2020
2025-02-20,현대자동차(주),투싼 하이브리드(TUCSON HYBRID),2021
2025-02-20,비엠더블유코리아(주),BMW F 900 XR,2024
2025-02-20,기아 주식회사,K7 하이브리드,2020
2025-02-20,현대자동차(주),i40,2014
2025-02-20,비엠더블유코리아(주),BMW 530i,2018
2025-02-20,비엠더블유코리아(주),BMW 530i,2018
2025-02-20,기아 주식회사,쏘렌토 하이브리드,2022
2025-02-20,현대자동차(주),GV60,2025
2025-02-20,현대자동차(주),싼타페 하이브리드(SANTAFE HYBRID),2024
2025-02-20,현대자동차(주),넥쏘 (NEXO) 수소전기차,2021
2025-02-20,현대자동차(주),그랜저 하이브리드(GRANDEUR HYBRID),2020
2025-02-20,기아 주식회사,카니발 리무진,2021
2025-02-20,기아 주식회사,니로 하이브리드,2017
2025-02-21,현대자동차(주),투싼(TUCSON),2007
2025-02-21,기아 주식회사,EV6,2024
2025-02-21,기아 주식회사,K5,2013
2025-02-21,비엠더블유코리아(주),BMW 530i,2017
2025-02-21,비엠더블유코리아(주),BMW 530i,2017
2025-02-21,비엠더블유코리아(주),BMW 530i,2017
2025-02-21,비엠더블유코리아(주),BMW 530i xDrive,2017
2025-02-21,현대자동차(주),GV70,2023
2025-02-21,비엠더블유코리아(주),BMW 520i,2018
2025-02-21,비엠더블유코리아(주),BMW 530i,2018
2025-02-21,현대자동차(주),GV70,2021
2025-02-21,한국지엠주식회사,트랙스 1.4,2018
2025-02-21,현대자동차(주),아이오닉5(IONIQ5),2022
2025-02-21,케이지모빌리티 주식회사(KG Mobility Corp.),토레스,2023
2025-02-21,비엠더블유코리아(주),BMW 530i M Sport Package Plus,2019
2025-02-21,비엠더블유코리아(주),BMW 530e,2023
2025-02-21,비엠더블유코리아(주),BMW 520i,2023
2025-02-21,비엠더블유코리아(주),BMW 530i,2018
2025-02-21,현대자동차(주),아반떼(AVANTE),2016
2025-02-21,현대자동차(주),싼타페 하이브리드(SANTAFE HYBRID),2024
2025-02-21,폭스바겐그룹코리아 주식회사,Arteon 2.0 TDI,2019
2025-02-21,비엠더블유코리아(주),BMW 540i xDrive M Sport Package,2019
2025-02-21,비엠더블유코리아(주),BMW 530i,2017
2025-02-21,비엠더블유코리아(주),BMW 530i M Sport Package Plus,2019
2025-02-21,비엠더블유코리아(주),BMW 520i,2022
2025-02-21,현대자동차(주),쏘나타(SONATA),2020
2025-02-21,비엠더블유코리아(주),BMW 330e,2022
2025-02-21,비엠더블유코리아(주),BMW 530i xDrive,2017
2025-02-21,비엠더블유코리아(주),BMW 530i xDrive,2018
2025-02-21,비엠더블유코리아(주),BMW 530i,2018
2025-02-21,비엠더블유코리아(주),BMW 530i Luxury,2019
2025-02-21,비엠더블유코리아(주),BMW 530i,2023
2025-02-21,비엠더블유코리아(주),BMW 520i,2021
2025-02-21,비엠더블유코리아(주),BMW 530i,2018
2025-02-21,비엠더블유코리아(주),BMW 530i xDrive Luxury,2019
2025-02-21,기아 주식회사,쏘렌토,2017
2025-02-21,비엠더블유코리아(주),BMW 530i xDrive,2018
2025-02-21,비엠더블유코리아(주),BMW 640i xDrive,2019
2025-02-21,비엠더블유코리아(주),BMW 530i xDrive,2021
2025-02-21,현대자동차(주),싼타페 하이브리드(SANTAFE HYBRID),2024
2025-02-21,비엠더블유코리아(주),BMW 520i,2018
2025-02-21,비엠더블유코리아(주),BMW 330i,2018
2025-02-21,비엠더블유코리아(주),BMW 530i M Sport Package,2020
2025-02-21,비엠더블유코리아(주),BMW 530i,2023
2025-02-21,비엠더블유코리아(주),BMW 530i M Sport Package Plus,2019
2025-02-21,비엠더블유코리아(주),BMW 520d,2018
2025-02-21,비엠더블유코리아(주),BMW 530i,2018
2025-02-21,현대자동차(주),포터Ⅱ 일렉트릭 (PORTERⅡ ELECTRIC),2021
2025-02-21,기아 주식회사,K3,2019
2025-02-21,현대자동차(주),넥쏘 (NEXO) 수소전기차,2021
2025-02-21,기아 주식회사,K7,2020
2025-02-21,기아 주식회사,K7,2020
2025-02-24,현대자동차(주),투싼(TUCSON),2013
2025-02-24,현대자동차(주),G70,2019
2025-02-24,비엠더블유코리아(주),BMW 118d,2021
2025-02-24,폭스바겐그룹코리아 주식회사,Q5 2.0 TDI quattro,2011
2025-02-24,현대자동차(주),싼타페(SANTAFE),2014
2025-02-24,현대자동차(주),쏘나타(SONATA),2021
2025-02-24,르노코리아(주),XM3,2020
2025-02-24,(주)한국쓰리축,한국쓰리축1톤롱바디트럭,2024
2025-02-24,기아 주식회사,카니발,2023
2025-02-24,현대자동차(주),아반떼(AVANTE),2017
2025-02-24,현대자동차(주),스타리아 라운지 (STARIA LOUNGE),2022
2025-02-24,비엠더블유코리아(주),BMW X4 M40i,2021
2025-02-24,현대자동차(주),아반떼(AVANTE),2018
2025-02-24,기아 주식회사,카니발 리무진,2021
2025-02-24,기아 주식회사,쏘렌토 하이브리드,2024
2025-02-24,비엠더블유코리아(주),BMW 520i Luxury,2019
2025-02-24,현대자동차(주),넥쏘 (NEXO) 수소전기차,2022
2025-02-24,비엠더블유코리아(주),BMW 330i,2018
2025-02-24,현대자동차(주),그랜저 하이브리드,2019
2025-02-24,비엠더블유코리아(주),BMW 520i Luxury,2020
2025-02-24,비엠더블유코리아(주),BMW 530i xDrive,2017
2025-02-24,현대자동차(주),GV70,2025
2025-02-24,비엠더블유코리아(주),BMW 530i xDrive M Sport Package Plus,2019
2025-02-24,비엠더블유코리아(주),BMW 520i M Sport Package,2020
2025-02-24,비엠더블유코리아(주),BMW 530i,2022
2025-02-24,현대자동차(주),그랜저(GRANDEUR),2021
2025-02-24,현대자동차(주),그랜저(GRANDEUR),2019
2025-02-24,비엠더블유코리아(주),BMW 530i Luxury,2019
2025-02-24,기아 주식회사,쏘렌토 하이브리드,2023
2025-02-24,비엠더블유코리아(주),BMW 530i M Sport Package Plus,2019
2025-02-24,비엠더블유코리아(주),BMW 530i,2021
2025-02-24,케이지모빌리티 주식회사(KG Mobility Corp.),렉스턴,2021
2025-02-24,비엠더블유코리아(주),BMW 530i,2018
2025-02-24,비엠더블유코리아(주),BMW 530i xDrive M Sport Package Plus,2019
2025-02-24,비엠더블유코리아(주),BMW 530i,2018
2025-02-24,비엠더블유코리아(주),BMW 530i M Sport Package Plus,2019
2025-02-24,현대자동차(주),아이오닉5 (IONIQ5),2024
2025-02-24,비엠더블유코리아(주),BMW 530i M Sport Package,2020
2025-02-25,현대자동차(주),제네시스(GENESIS),2009
2025-02-25,기아 주식회사,쏘렌토,2016
2025-02-25,현대자동차(주),싼타페 하이브리드(SANTAFE HYBRID),2024
2025-02-25,현대자동차(주),팰리세이드(Palisade),2025
2025-02-25,메르세데스벤츠코리아(주),Mercedes-Benz EQE350 4MATIC,2023
2025-02-25,기아 주식회사,카니발,2018
2025-02-25,비엠더블유코리아(주),BMW iX xDrive50,2023
2025-02-25,비엠더블유코리아(주),BMW 530i,2018
2025-02-25,기아 주식회사,EV6,2024
2025-02-25,비엠더블유코리아(주),BMW 530i,2018
2025-02-25,비엠더블유코리아(주),BMW 320d Luxury,2019
2025-02-25,(주)재규어랜드로버코리아,디스커버리 SD4,2018
2025-02-25,기아 주식회사,EV6,2024
2025-02-25,비엠더블유코리아(주),BMW 420i Gran Coupe,2020
2025-02-25,비엠더블유코리아(주),BMW 523d,2023
2025-02-25,현대자동차(주),아이오닉5 (IONIQ5),2022
2025-02-25,현대자동차(주),G70,2020
2025-02-25,비엠더블유코리아(주),BMW 540i xDrive,2018
2025-02-25,현대자동차(주),엑시언트(XCIENT)트랙터,2022
2025-02-25,현대자동차(주),싼타페 하이브리드(SANTAFE HYBRID),2024
2025-02-25,현대자동차(주),G80,2017
2025-02-25,비엠더블유코리아(주),BMW 530i M Sport Package Plus,2019
2025-02-25,비엠더블유코리아(주),BMW 530i xDrive,2018
2025-02-25,기아 주식회사,셀토스,2023
2025-02-25,비엠더블유코리아(주),BMW 530i xDrive,2018
2025-02-25,현대자동차(주),팰리세이드(PALISADE),2021
2025-02-25,케이지모빌리티 주식회사(KG Mobility Corp.),렉스턴,2021
2025-02-25,현대자동차(주),넥쏘 (NEXO) 수소전기차,2020
2025-02-25,비엠더블유코리아(주),BMW 530i Luxury,2020
2025-02-25,비엠더블유코리아(주),BMW 520i,2018
2025-02-25,비엠더블유코리아(주),BMW 530i xDrive,2017
2025-02-25,비엠더블유코리아(주),BMW 530i xDrive,2018
2025-02-26,비엠더블유코리아(주),BMW 540i xDrive,2018
2025-02-26,기아 주식회사,K3,2017
2025-02-26,현대자동차(주),투싼 하이브리드(TUCSON HYBRID),2025
2025-02-26,비엠더블유코리아(주),BMW 530i,2018
2025-02-26,기아 주식회사,K3,2019
2025-02-26,기아 주식회사,K3,2019
2025-02-26,기아 주식회사,EV6,2022
2025-02-26,비엠더블유코리아(주),BMW 530i,2017
2025-02-26,현대자동차(주),그랜저(GRANDEUR),2019
2025-02-26,기아 주식회사,쏘렌토 하이브리드,2023
2025-02-26,비엠더블유코리아(주),BMW M340i,2021
2025-02-26,비엠더블유코리아(주),BMW 520i,2018
2025-02-26,케이지모빌리티 주식회사(KG Mobility Corp.),렉스턴,2021
2025-02-26,기아 주식회사,쏘렌토 하이브리드,2024
2025-02-26,기아 주식회사,스포티지 하이브리드,2022
2025-02-26,기아 주식회사,EV6,2022
2025-02-26,기아 주식회사,스포티지 하이브리드,2024
2025-02-26,폭스바겐그룹코리아 주식회사,Arteon 2.0 TDI,2019
2025-02-26,메르세데스벤츠코리아(주),E300,2017
2025-02-26,르노코리아(주),QM6,2017
2025-02-26,비엠더블유코리아(주),BMW 530i,2017
2025-02-26,기아 주식회사,쏘렌토 하이브리드,2024
2025-02-26,현대자동차(주),그랜저 하이브리드,2019
2025-02-26,비엠더블유코리아(주),BMW X3 xDrive20i,2022
2025-02-26,기아 주식회사,K3,2020
2025-02-27,메르세데스벤츠코리아(주),Mercedes-AMG GLB35 4MATIC,2022
2025-02-27,기아 주식회사,K8,2022
2025-02-27,기아 주식회사,카니발,2021
2025-02-27,현대자동차(주),G90,2020
2025-02-27,현대자동차(주),에쿠스(EQUUS),2014
2025-02-27,폭스바겐그룹코리아 주식회사,ID.4 Pro,2023
2025-02-27,기아 주식회사,쏘렌토,2019
2025-02-27,기아 주식회사,카니발,2021
2025-02-27,기아 주식회사,쏘렌토 하이브리드,2023
2025-02-27,현대자동차(주),싼타페 하이브리드(SANTAFE HYBRID),2024
2025-02-27,기아 주식회사,쏘렌토 하이브리드,2025
2025-02-27,기아 주식회사,쏘렌토 하이브리드,2023
2025-02-27,포르쉐코리아 주식회사,타이칸 (High. 5인승),2025
2025-02-27,기아 주식회사,K9,2013
2025-02-27,한국지엠주식회사,트레일블레이저 1.35 TURBO FWD,2022
2025-02-27,메르세데스벤츠코리아(주),E220 d,2017
2025-02-27,비엠더블유코리아(주),BMW 530i,2021
2025-02-27,현대자동차(주),넥쏘 (NEXO) 수소전기차,2019
2025-02-27,현대자동차(주),쏘나타(SONATA),2016
2025-02-27,현대자동차(주),넥쏘 (NEXO) 수소전기차,2022
2025-02-27,기아 주식회사,니로 하이브리드,2017
2025-02-27,기아 주식회사,카니발 리무진,2021
2025-02-27,비엠더블유코리아(주),BMW 530i,2017
2025-02-27,현대자동차(주),캐스퍼 일렉트릭(CASPER Electric),2025
2025-02-27,현대자동차(주),아반떼(AVANTE),2016
2025-02-27,혼다코리아(주),ACCORD 2.4,2017
2025-02-27,현대자동차(주),넥쏘 (NEXO) 수소전기차,2020
2025-02-27,기아 주식회사,EV6,2022
2025-02-27,기아 주식회사,EV6,2024
2025-02-28,기아 주식회사,쏘렌토 하이브리드,2025
2025-02-28,메르세데스벤츠코리아(주),Mercedes-Benz EQA250,2021
2025-02-28,르노코리아(주),QM6,2025
2025-02-28,비엠더블유코리아(주),BMW 530i,2018
2025-02-28,현대자동차(주),제네시스(GENESIS),2016
2025-02-28,기아 주식회사,카니발,2022
2025-02-28,비엠더블유코리아(주),BMW 530i xDrive,2024
2025-02-28,기아 주식회사,K7,2020
2025-02-28,기아 주식회사,쏘렌토 하이브리드,2025
2025-02-28,현대자동차(주),넥쏘 (NEXO) 수소전기차,2021
2025-02-28,기아 주식회사,K3,2019
2025-02-28,기아 주식회사,쏘렌토 하이브리드,2022
2025-02-28,현대자동차(주),아반떼(AVANTE),2010
2025-02-28,기아 주식회사,쏘렌토 하이브리드,2025
2025-02-28,현대자동차(주),넥쏘 (NEXO) 수소전기차,2022
2025-02-28,기아 주식회사,니로 하이브리드,2017
2025-02-28,기아 주식회사,카니발 리무진,2022
2025-02-28,(주)볼보자동차코리아,볼보 XC40B4 AWD,2024
2025-02-28,케이지모빌리티 주식회사(KG Mobility Corp.),렉스턴,2021
2025-02-28,비엠더블유코리아(주),BMW 530i,2018
2025-02-28,현대자동차(주),싼타페 하이브리드(SANTAFE HYBRID),2024
2025-02-28,케이지모빌리티 주식회사(KG Mobility Corp.),G4 렉스턴,2018
2025-02-28,한불모터스(주),Peugeot 5008 1.5 BlueHDi,2020
2025-02-28,케이지모빌리티 주식회사(KG Mobility Corp.),렉스턴,2022
2025-02-28,기아 주식회사,K8 하이브리드,2023
2025-02-28,현대자동차(주),그랜저(GRANDEUR),2014
2025-02-28,(주)재규어랜드로버코리아,디스커버리 TD6,2017
2025-02-28,비엠더블유코리아(주),BMW 530i xDrive Luxury,2019
2025-02-28,기아 주식회사,스포티지 하이브리드,2025
2025-02-28,현대자동차(주),G80,2025
2025-02-28,케이지모빌리티 주식회사(KG Mobility Corp.),G4 렉스턴,2018
2025-02-28,비엠더블유코리아(주),BMW 530i,2018
2025-02-28,케이지모빌리티 주식회사(KG Mobility Corp.),G4 렉스턴,2018
2025-02-28,비엠더블유코리아(주),BMW 520d,2017
2025-02-28,케이지모빌리티 주식회사(KG Mobility Corp.),렉스턴,2023
2025-02-28,한불모터스(주),Peugeot 3008 1.5 BlueHDi,2020
2025-02-28,현대자동차(주),팰리세이드(PALISADE),2023
2025-02-28,케이지모빌리티 주식회사(KG Mobility Corp.),G4 렉스턴,2018
2025-02-28,현대자동차(주),GV70,2021
2025-02-28,케이지모빌리티 주식회사(KG Mobility Corp.),G4 렉스턴,2019
2025-02-28,케이지모빌리티 주식회사(KG Mobility Corp.),G4 렉스턴,2018
2025-02-28,케이지모빌리티 주식회사(KG Mobility Corp.),렉스턴,2021
2025-02-28,기아 주식회사,쏘렌토 하이브리드,2025
2025-02-28,비엠더블유코리아(주),BMW 530i xDrive,2024
2025-02-28,기아 주식회사,쏘렌토 하이브리드,2024
2025-02-28,기아 주식회사,EV6,2022
2025-02-28,비엠더블유코리아(주),BMW M240i xDrive Coupe,2023
2025-02-28,기아 주식회사,쏘렌토,2018
2025-02-28,메르세데스벤츠코리아(주),Mercedes-Benz EQB300 4MATIC,2024
2025-03-04,한국지엠(주),CHEVROLET BOLT EV,2018
2025-03-04,기아 주식회사,카니발,2021
2025-03-04,현대자동차(주),아이오닉5 (IONIQ5),2022
2025-03-04,기아 주식회사,스포티지 하이브리드,2022
2025-03-04,케이지모빌리티 주식회사(KG Mobility Corp.),렉스턴스포츠 쿨멘,2024
2025-03-04,현대자동차(주),아이오닉5 (IONIQ5),2022
2025-03-04,현대자동차(주),팰리세이드(PALISADE),2021
2025-03-04,현대자동차(주),투싼 하이브리드(TUCSON HYBRID),2021
2025-03-04,폭스바겐그룹코리아 주식회사,Golf 1.4 TSI,2014
2025-03-04,현대자동차(주),팰리세이드(Palisade),2025
2025-03-04,현대자동차(주),싼타페 하이브리드(SANTAFE HYBRID),2024
2025-03-04,기아 주식회사,EV6,2022
2025-03-04,케이지모빌리티 주식회사(KG Mobility Corp.),토레스,2024
2025-03-04,기아 주식회사,쏘렌토,2021
2025-03-04,현대자동차(주),아이오닉5 (IONIQ5),2022
2025-03-04,비엠더블유코리아(주),BMW 740Li xDrive,2018
2025-03-04,비엠더블유코리아(주),BMW 530i,2022
2025-03-04,현대자동차(주),넥쏘 (NEXO) 수소전기차,2022
2025-03-04,기아 주식회사,카니발,2021
2025-03-04,기아 주식회사,스포티지,2025
2025-03-04,케이지모빌리티 주식회사(KG Mobility Corp.),렉스턴,2024
2025-03-04,기아 주식회사,쏘렌토 하이브리드,2021
2025-03-04,한국지엠주식회사,올란도 1.6 디젤,2017
2025-03-04,비엠더블유코리아(주),BMW 530i,2018
2025-03-04,기아 주식회사,모하비,2020
2025-03-04,케이지모빌리티 주식회사(KG Mobility Corp.),렉스턴,2024
2025-03-04,기아 주식회사,니로 EV,2019
2025-03-04,현대자동차(주),아이오닉5 (IONIQ5),2023
2025-03-04,현대자동차(주),싼타페(SANTAFE),2022
2025-03-04,기아 주식회사,니로 하이브리드,2024
2025-03-04,현대자동차(주),투싼(TUCSON),2023
2025-03-04,비엠더블유코리아(주),BMW 530i M Sport Package Plus,2019
2025-03-04,현대자동차(주),그랜저 하이브리드(GRANDEUR HYBRID),2023
2025-03-04,기아 주식회사,카니발,2021
2025-03-04,한국지엠주식회사,캡티바 2.0 디젤,2016
2025-03-04,한국토요타자동차(주),토요타 RAV4 Hybrid AWD,2021
2025-03-04,현대자동차(주),G80,2022
2025-03-04,비엠더블유코리아(주),BMW X3 xDrive20d,2021
2025-03-04,기아 주식회사,쏘렌토 하이브리드,2024
2025-03-05,(주)재규어랜드로버코리아,디펜더 110 D240,2020
2025-03-05,현대자동차(주),그랜저(GRANDEUR),2017
2025-03-05,현대자동차(주),GV60,2022
2025-03-05,현대자동차(주),제네시스(GENESIS),2015
2025-03-05,비엠더블유코리아(주),BMW 520i,2025
2025-03-05,기아 주식회사,쏘렌토 하이브리드,2024
2025-03-05,현대자동차(주),GV70,2022
2025-03-05,현대자동차(주),GV70,2022
2025-03-05,현대자동차(주),GV70,2022
2025-03-05,기아 주식회사,카니발 리무진,2021
2025-03-05,비엠더블유코리아(주),BMW 520d,2017
2025-03-05,현대자동차(주),GV70,2021
2025-03-05,현대자동차(주),넥쏘 (NEXO) 수소전기차,2021
2025-03-05,비엠더블유코리아(주),BMW 420i Gran Coupe,2022
2025-03-05,폭스바겐그룹코리아 주식회사,Arteon 2.0 TDI,2019
2025-03-05,기아 주식회사,카니발 리무진,2019
2025-03-05,현대자동차(주),싼타페 하이브리드(SANTAFE HYBRID),2025
2025-03-05,기아 주식회사,K3,2019
2025-03-05,현대자동차(주),넥쏘 (NEXO) 수소전기차,2021
2025-03-05,비엠더블유코리아(주),BMW 520i Luxury,2019
2025-03-05,비엠더블유코리아(주),BMW 530i,2017
2025-03-05,비엠더블유코리아(주),BMW 320i Touring,2022
2025-03-05,기아 주식회사,K3,2019
2025-03-05,현대자동차(주),싼타페 하이브리드(SANTAFE HYBRID),2024
2025-03-05,르노코리아(주),XM3,2020
2025-03-05,현대자동차(주),아반떼(AVANTE),2018
2025-03-05,(주)재규어랜드로버코리아,디스커버리 TD6,2019
2025-03-05,메르세데스벤츠코리아(주),C200,2015
2025-03-05,현대자동차(주),넥쏘 (NEXO) 수소전기차,2020
2025-03-05,기아 주식회사,쏘렌토 하이브리드,2021
2025-03-05,현대자동차(주),GV70,2024
2025-03-05,케이지모빌리티 주식회사(KG Mobility Corp.),렉스턴,2021
2025-03-05,한국토요타자동차(주),토요타 Camry,2019
2025-03-05,현대자동차(주),코나(KONA),2024
2025-03-06,현대자동차(주),아이오닉5 (IONIQ5),2023
2025-03-06,비엠더블유코리아(주),BMW iX1 xDrive30,2024
2025-03-06,기아 주식회사,스포티지 하이브리드,2024
2025-03-06,르노코리아(주),KOLEOS Hybrid(콜레오스 하이브리드),2025
2025-03-06,비엠더블유코리아(주),BMW M340i,2021
2025-03-06,현대자동차(주),넥쏘 (NEXO) 수소전기차,2022
2025-03-06,기아 주식회사,스팅어,2020
2025-03-06,기아 주식회사,EV3,2025
2025-03-06,르노코리아(주),KOLEOS Hybrid(콜레오스 하이브리드),2025
2025-03-06,르노코리아(주),KOLEOS Hybrid(콜레오스 하이브리드),2025
2025-03-06,현대자동차(주),싼타페(SANTAFE),2019
2025-03-06,르노코리아(주),KOLEOS Hybrid(콜레오스 하이브리드),2025
2025-03-06,비엠더블유코리아(주),BMW M4 Competition Convertible M xDrive,2023
2025-03-06,기아 주식회사,K7,2016
2025-03-06,현대자동차(주),GV60,2023
2025-03-06,현대자동차(주),아반떼(AVANTE),2016
2025-03-06,폭스바겐그룹코리아 주식회사,Q7 45 TFSI quattro,2019
2025-03-06,르노코리아(주),KOLEOS Hybrid(콜레오스 하이브리드),2025
2025-03-06,기아 주식회사,쏘렌토 하이브리드,2024
2025-03-06,폭스바겐그룹코리아 주식회사,Tiguan 2.0 TDI,2020
2025-03-06,현대자동차(주),G70,2019
2025-03-06,메르세데스벤츠코리아(주),E300,2019
2025-03-06,현대자동차(주),싼타페(SANTAFE),2013
2025-03-06,폭스바겐그룹코리아 주식회사,Golf 2.0 TDI BMT,2016
2025-03-06,폭스바겐그룹코리아 주식회사,e-tron 55 quattro,2020
2025-03-06,르노코리아(주),KOLEOS Hybrid(콜레오스 하이브리드),2025
2025-03-06,르노코리아(주),KOLEOS Hybrid(콜레오스 하이브리드),2025
2025-03-06,기아 주식회사,카니발,2025
2025-03-06,기아 주식회사,쏘렌토 하이브리드,2025
2025-03-06,현대자동차(주),싼타페 하이브리드(SANTAFE HYBRID),2024
2025-03-06,기아 주식회사,EV9,2024
2025-03-06,비엠더블유코리아(주),BMW 530i xDrive M Sport Package Plus,2019
2025-03-06,한불모터스(주),Peugeot 3008 1.5 BlueHDi,2019
2025-03-06,현대자동차(주),그랜저(GRANDEUR),2018
2025-03-06,현대자동차(주),GV60,2023
2025-03-06,현대자동차(주),아이오닉5(IONIQ5),2022
2025-03-06,(주)재규어랜드로버코리아,디스커버리 스포츠 2.0D,2017
2025-03-06,비엠더블유코리아(주),BMW 530i,2018
2025-03-06,현대자동차(주),그랜저(GRANDEUR),2015
2025-03-06,기아 주식회사,쏘렌토 하이브리드,2024
2025-03-06,기아 주식회사,K7,2020
2025-03-06,기아 주식회사,스포티지,2011
2025-03-07,현대자동차(주),GV70,2022
2025-03-07,,싼타페,2025
2025-03-07,(주)재규어랜드로버코리아,디스커버리 스포츠 2.0D,2017
2025-03-07,현대자동차(주),아이오닉6 (IONIQ6),2023
2025-03-07,기아 주식회사,스팅어,2018
2025-03-07,비엠더블유코리아(주),BMW K 1600 B,2020
2025-03-07,현대자동차(주),아이오닉5 (IONIQ5),2023
2025-03-07,현대자동차(주),스타리아 어린이 통학차 (STARIA SCHOOL BUS),2022
2025-03-07,현대자동차(주),아이오닉6 (IONIQ6),2023
2025-03-07,기아 주식회사,EV6,2022
2025-03-07,기아 주식회사,쏘렌토,2021
2025-03-07,현대자동차(주),싼타페(SANTAFE),2019
2025-03-07,비엠더블유코리아(주),BMW 530i,2018
2025-03-07,한국지엠(주),CHEVROLET EQUINOX FWD,2019
2025-03-07,비엠더블유코리아(주),BMW 530i xDrive,2025
2025-03-07,현대자동차(주),아이오닉5 (IONIQ5),2023
2025-03-07,기아 주식회사,EV6,2022
2025-03-07,메르세데스벤츠코리아(주),E350 4Matic,2013
2025-03-07,한불모터스(주),Peugeot 508 GT 2.0 Blue-HDi,2017
2025-03-07,기아 주식회사,스포티지,2022
2025-03-07,현대자동차(주),넥쏘 (NEXO) 수소전기차,2021
2025-03-07,현대자동차(주),아반떼(AVANTE),2016
2025-03-07,비엠더블유코리아(주),BMW 330i M Sport Package,2019
2025-03-07,르노코리아(주),KOLEOS Hybrid(콜레오스 하이브리드),2025
2025-03-07,현대자동차(주),쏘나타 하이브리드(SONATA HYBRID),2015
2025-03-07,현대자동차(주),넥쏘 (NEXO) 수소전기차,2021
2025-03-07,비엠더블유코리아(주),BMW 530i xDrive,2017
2025-03-07,현대자동차(주),싼타페 하이브리드(SANTAFE HYBRID),2024
2025-03-07,현대자동차(주),아이오닉 하이브리드(IONIQ HYBRID),2018
2025-03-07,현대자동차(주),싼타페(SANTAFE),2013
2025-03-07,기아 주식회사,EV6,2022
2025-03-07,기아 주식회사,K5 하이브리드,2021
2025-03-07,현대자동차(주),GV70,2022
2025-03-07,현대자동차(주),싼타페 하이브리드(SANTAFE HYBRID),2024
2025-03-07,르노코리아(주),KOLEOS Hybrid(콜레오스 하이브리드),2025
2025-03-07,기아 주식회사,카니발,2025
2025-03-07,르노코리아(주),KOLEOS Hybrid(콜레오스 하이브리드),2025
2025-03-07,르노코리아(주),KOLEOS Hybrid(콜레오스 하이브리드),2025
2025-03-07,기아 주식회사,스포티지 하이브리드,2022
2025-03-10,기아 주식회사,쏘렌토 하이브리드,2024
2025-03-10,현대자동차(주),GV60,2022
2025-03-10,현대자동차(주),넥쏘 (NEXO) 수소전기차,2023
2025-03-10,현대자동차(주),싼타페 하이브리드(SANTAFE HYBRID),2024
2025-03-10,기아 주식회사,쏘렌토 하이브리드,2025
2025-03-10,기아 주식회사,카니발,2021
2025-03-10,폭스바겐그룹코리아 주식회사,A6 40 TDI,2021
2025-03-10,현대자동차(주),싼타페 하이브리드(SANTAFE HYBRID),2025
2025-03-10,현대자동차(주),포터Ⅱ (PORTERⅡ),2024
2025-03-10,현대자동차(주),넥쏘 (NEXO) 수소전기차,2021
2025-03-10,르노코리아(주),KOLEOS Hybrid(콜레오스 하이브리드),2025
2025-03-10,현대자동차(주),넥쏘 (NEXO) 수소전기차,2023
2025-03-10,현대자동차(주),아이오닉5 (IONIQ5),2025
2025-03-10,기아 주식회사,K7,2016
2025-03-10,현대자동차(주),아이오닉6 (IONIQ6),2023
2025-03-10,현대자동차(주),그랜저(GRANDEUR),2020
2025-03-10,메르세데스벤츠코리아(주),Mercedes-Benz E 200,2024
2025-03-10,현대자동차(주),그랜저(GRANDEUR),2020
2025-03-10,현대자동차(주),넥쏘 (NEXO) 수소전기차,2023
2025-03-10,기아 주식회사,스포티지 하이브리드,2022
2025-03-10,르노코리아(주),KOLEOS Hybrid(콜레오스 하이브리드),2025
2025-03-10,기아 주식회사,K7,2020
2025-03-10,르노코리아(주),KOLEOS Hybrid(콜레오스 하이브리드),2025
2025-03-10,(주)볼보자동차코리아,볼보 XC60B5 AWD,2023
2025-03-10,폭스바겐그룹코리아 주식회사,Arteon 2.0 TDI,2019
2025-03-10,르노코리아(주),KOLEOS Hybrid(콜레오스 하이브리드),2025
2025-03-10,르노코리아(주),KOLEOS Hybrid(콜레오스 하이브리드),2025
2025-03-10,현대자동차(주),그랜저(GRANDEUR),2020
2025-03-10,르노코리아(주),KOLEOS Hybrid(콜레오스 하이브리드),2025
2025-03-10,기아 주식회사,스포티지 하이브리드,2022
2025-03-10,비엠더블유코리아(주),BMW i8,2016
2025-03-10,비엠더블유코리아(주),BMW 530i M Sport Package Plus,2019
2025-03-11,비엠더블유코리아(주),BMW i4 M50,2024
2025-03-11,폭스바겐그룹코리아 주식회사,Tiguan Allspace 2.0 TDI,2018
2025-03-11,케이지모빌리티 주식회사(KG Mobility Corp.),렉스턴,2021
2025-03-11,기아 주식회사,카니발,2021
2025-03-11,현대자동차(주),아이오닉5 (IONIQ5),2022
2025-03-11,비엠더블유코리아(주),BMW 530i,2018
2025-03-11,현대자동차(주),아이오닉6 (IONIQ6),2023
2025-03-11,기아 주식회사,카니발 리무진,2021
2025-03-11,현대자동차(주),아이오닉6 (IONIQ6),2023
2025-03-11,현대자동차(주),넥쏘 (NEXO) 수소전기차,2022
2025-03-11,비엠더블유코리아(주),BMW 530i xDrive,2018
2025-03-11,기아 주식회사,스포티지,2025
2025-03-11,기아 주식회사,EV6,2023
2025-03-11,현대자동차(주),그랜저(GRANDEUR),2019
2025-03-11,기아 주식회사,K3,2020
2025-03-11,기아 주식회사,K7,2020
2025-03-11,비엠더블유코리아(주),BMW 530i M Sport Package Plus,2019
2025-03-11,기아 주식회사,스포티지,2025
2025-03-11,비엠더블유코리아(주),BMW 530i M Sport Package Plus,2019
2025-03-11,현대자동차(주),아반떼 스포츠(AVANTE SPORT),2018
2025-03-11,기아 주식회사,카니발 리무진,2023
2025-03-11,기아 주식회사,K7 하이브리드,2016
2025-03-11,르노코리아(주),KOLEOS Hybrid(콜레오스 하이브리드),2025
2025-03-11,기아 주식회사,EV6,2022
2025-03-11,기아 주식회사,쏘렌토 하이브리드,2024
2025-03-11,현대자동차(주),GV70,2022
2025-03-11,기아 주식회사,니로 플러스,2023
2025-03-11,기아 주식회사,K7,2020
2025-03-11,현대자동차(주),아이오닉5 (IONIQ5),2023
2025-03-11,기아 주식회사,K7,2020
2025-03-11,현대자동차(주),그랜저(GRANDEUR),2020
2025-03-11,한불모터스(주),Citroen C4 Cactus 1.5 BlueHDi,2021
2025-03-11,비엠더블유코리아(주),BMW 530i,2023
2025-03-11,현대자동차(주),쏘나타 하이브리드(SONATA HYBRID),2017
2025-03-11,현대자동차(주),넥쏘 (NEXO) 수소전기차,2022
2025-03-11,폭스바겐그룹코리아 주식회사,Tiguan Allspace 2.0 TDI,2018
2025-03-11,한불모터스(주),Peugeot 3008 1.5 BlueHDi,2019
2025-03-11,현대자동차(주),아이오닉5(IONIQ5),2022
2025-03-11,현대자동차(주),싼타페(SANTAFE),2024
2025-03-11,현대자동차(주),아이오닉5 (IONIQ5),2022
2025-03-11,비엠더블유코리아(주),BMW 330i,2018
2025-03-11,비엠더블유코리아(주),BMW i7 xDrive60,2024
2025-03-11,현대자동차(주),넥쏘 (NEXO) 수소전기차,2022
2025-03-11,현대자동차(주),넥쏘 (NEXO) 수소전기차,2021
2025-03-11,현대자동차(주),아이오닉5 (IONIQ5),2023
2025-03-11,현대자동차(주),넥쏘 (NEXO) 수소전기차,2023
2025-03-11,르노코리아(주),SM5,2012
2025-03-11,르노코리아(주),KOLEOS Hybrid(콜레오스 하이브리드),2025
2025-03-11,르노코리아(주),KOLEOS Hybrid(콜레오스 하이브리드),2025
2025-03-11,폭스바겐그룹코리아 주식회사,Tiguan Allspace 2.0 TDI,2018
2025-03-12,르노코리아(주),KOLEOS Hybrid(콜레오스 하이브리드),2025
2025-03-12,비엠더블유코리아(주),BMW 530i,2018
2025-03-12,기아 주식회사,K7,2020
2025-03-12,기아 주식회사,봉고Ⅲ 1톤 EV,2021
2025-03-12,비엠더블유코리아(주),BMW 530i,2018
2025-03-12,현대자동차(주),쏘나타(SONATA),2020
2025-03-12,비엠더블유코리아(주),BMW 530i,2018
2025-03-12,기아 주식회사,K3,2019
2025-03-12,현대자동차(주),아이오닉5 (IONIQ5),2022
2025-03-12,현대자동차(주),GV70,2023
2025-03-12,기아 주식회사,카니발,2021
2025-03-12,비엠더블유코리아(주),BMW 530i xDrive,2018
2025-03-12,현대자동차(주),그랜저(GRANDEUR),2014
2025-03-12,현대자동차(주),스타리아 라운지 캠핑카(STARIA LOUNGE),2023
2025-03-12,케이지모빌리티 주식회사(KG Mobility Corp.),코란도,2021
2025-03-12,폭스바겐그룹코리아 주식회사,Arteon 2.0 TDI,2019
2025-03-12,현대자동차(주),싼타페 하이브리드(SANTAFE HYBRID),2024
2025-03-12,(주)볼보자동차코리아,볼보 S60B5,2025
2025-03-12,한국지엠주식회사,올란도 1.6 디젤,2016
2025-03-12,기아 주식회사,K3,2020
2025-03-12,현대자동차(주),포터Ⅱ (PORTERⅡ),2024
2025-03-12,기아 주식회사,쏘렌토 하이브리드,2022
2025-03-12,현대자동차(주),팰리세이드(PALISADE),2021
2025-03-12,한불모터스(주),Peugeot 3008 1.5 BlueHDi,2019
2025-03-12,현대자동차(주),아이오닉6 (IONIQ6),2023
2025-03-12,현대자동차(주),팰리세이드(PALISADE),2022
2025-03-12,기아 주식회사,봉고Ⅲ 일반덤프,2024
2025-03-12,기아 주식회사,봉고Ⅲ 일반덤프,2024
2025-03-12,현대자동차(주),포터Ⅱ (PORTERⅡ),2024
2025-03-12,기아 주식회사,쏘렌토 하이브리드,2021
2025-03-12,현대자동차(주),싼타페 하이브리드(SANTAFE HYBRID),2024
2025-03-12,현대자동차(주),팰리세이드(PALISADE),2022
2025-03-12,기아 주식회사,EV6,2022
2025-03-12,현대자동차(주),그랜저(GRANDEUR),2020
2025-03-12,비엠더블유코리아(주),BMW 530i,2022
2025-03-12,포드세일즈서비스코리아(유),Lincoln Aviator 3.0,2020
2025-03-12,현대자동차(주),넥쏘 (NEXO) 수소전기차,2019
2025-03-13,기아 주식회사,카니발,2021
2025-03-13,기아 주식회사,스포티지,2025
2025-03-13,현대자동차(주),그랜저(GRANDEUR),2020
2025-03-13,기아 주식회사,스포티지,2024
2025-03-13,기아 주식회사,K7,2020
2025-03-13,현대자동차(주),싼타페 하이브리드(SANTAFE HYBRID),2025
2025-03-13,현대자동차(주),그랜저(GRANDEUR),2020
2025-03-13,현대자동차(주),넥쏘 (NEXO) 수소전기차,2020
2025-03-13,현대자동차(주),그랜저(GRANDEUR),2014
2025-03-13,현대자동차(주),투싼 하이브리드(TUCSON HYBRID),2024
2025-03-13,현대자동차(주),아이오닉5 (IONIQ5),2023
2025-03-13,한국지엠주식회사,크루즈 1.6 디젤,2016
2025-03-13,기아 주식회사,K3,2014
2025-03-13,현대자동차(주),GV60,2022
2025-03-13,현대자동차(주),쏘나타(SONATA),2025
2025-03-13,기아 주식회사,EV6,2022
2025-03-13,D91,영도3톤진개덤프,2024
2025-03-13,현대자동차(주),넥쏘 (NEXO) 수소전기차,2023
2025-03-13,폭스바겐그룹코리아 주식회사,Tiguan 2.0 TDI 4Motion,2018
2025-03-13,비엠더블유코리아(주),BMW M340i,2020
2025-03-13,비엠더블유코리아(주),BMW M340i xDrive Touring,2020
2025-03-13,르노코리아(주),KOLEOS Hybrid(콜레오스 하이브리드),2025
2025-03-13,(주)다복특장,다복특장4.2톤트럭,2022
2025-03-13,현대자동차(주),넥쏘 (NEXO) 수소전기차,2020
2025-03-13,비엠더블유코리아(주),BMW 530i,2018
2025-03-13,현대자동차(주),넥쏘 (NEXO) 수소전기차,2023
2025-03-13,기아 주식회사,카니발,2025
2025-03-13,현대자동차(주),넥쏘 (NEXO) 수소전기차,2019
2025-03-13,현대자동차(주),넥쏘 (NEXO) 수소전기차,2020
2025-03-13,현대자동차(주),넥쏘 (NEXO) 수소전기차,2021
2025-03-13,현대자동차(주),넥쏘 (NEXO) 수소전기차,2019
2025-03-13,현대자동차(주),넥쏘 (NEXO) 수소전기차,2019
2025-03-13,기아 주식회사,스포티지 하이브리드,2022
2025-03-13,한국지엠주식회사,트랙스 1.2 터보,2025
2025-03-13,현대자동차(주),그랜저(GRANDEUR),2023
2025-03-13,현대자동차(주),아반떼(AVANTE),2019
2025-03-14,현대자동차(주),아이오닉5 (IONIQ5),2022
2025-03-14,기아 주식회사,K7,2020
2025-03-14,비엠더블유코리아(주),BMW 530i xDrive Luxury,2019
2025-03-14,기아 주식회사,카니발,2022
2025-03-14,현대자동차(주),쏘나타 (SONATA),2008
2025-03-14,현대자동차(주),넥쏘 (NEXO) 수소전기차,2022
2025-03-14,현대자동차(주),그랜저(GRANDEUR),2020
2025-03-14,현대자동차(주),넥쏘 (NEXO) 수소전기차,2021
2025-03-14,한불모터스(주),Peugeot 508 2.0 BlueHDi,2020
2025-03-14,비엠더블유코리아(주),BMW R 18,2021
2025-03-14,기아 주식회사,스포티지,2022
2025-03-14,폭스바겐그룹코리아 주식회사,ID.4 Pro,2025
2025-03-14,현대자동차(주),GV60,2022
2025-03-14,현대자동차(주),팰리세이드(PALISADE),2024
2025-03-14,현대자동차(주),아이오닉6 (IONIQ6),2023
2025-03-14,기아 주식회사,니로 하이브리드,2017
2025-03-14,한국지엠(주),CHEVROLET TRAVERSE AWD,2020
2025-03-14,현대자동차(주),아반떼 N (AVANTE N),2024
2025-03-14,폴스타오토모티브코리아 유한회사,Polestar 4 Long Range Single Motor,2025
2025-03-14,폴스타오토모티브코리아 유한회사,Polestar 2 Long Range Single Motor,2022
2025-03-14,폴스타오토모티브코리아 유한회사,Polestar 2 Long Range Single Motor,2023
2025-03-14,기아 주식회사,K3,2020
2025-03-17,폭스바겐그룹코리아 주식회사,Q4 Sportback 45 e-tron,2025
2025-03-17,현대자동차(주),GV70,2022
2025-03-17,한불모터스(주),Peugeot 3008 1.6 Blue-HDi,2016
2025-03-17,현대자동차(주),포터Ⅱ (PORTERⅡ),2024
2025-03-17,현대자동차(주),아이오닉5 (IONIQ5),2024
2025-03-17,한국닛산(주),ALTIMA 2.5,2017
2025-03-17,현대자동차(주),아이오닉5(IONIQ5),2024
2025-03-17,현대자동차(주),아반떼 (AVANTE),2014
2025-03-17,기아 주식회사,K7,2020
2025-03-17,현대자동차(주),팰리세이드(PALISADE),2021
2025-03-17,메르세데스벤츠코리아(주),CLS350 d 4Matic,2016
2025-03-17,현대자동차(주),싼타페(SANTAFE),2016
2025-03-17,(주)재규어랜드로버코리아,레인지로버 벨라 D300,2019
2025-03-17,현대자동차(주),그랜저(GRANDEUR),2012
2025-03-17,기아 주식회사,EV9,2024
2025-03-17,현대자동차(주),아이오닉5 (IONIQ5),2023
2025-03-17,기아 주식회사,K8 하이브리드,2023
2025-03-17,기아 주식회사,쏘렌토,2021
2025-03-17,현대자동차(주),그랜저(GRANDEUR),2020
2025-03-17,현대자동차(주),그랜저(GRANDEUR),2020
2025-03-17,비엠더블유코리아(주),BMW i7 xDrive60,2024
2025-03-17,기아 주식회사,K7,2020
2025-03-17,현대자동차(주),포터Ⅱ (PORTERⅡ),2024
2025-03-17,기아 주식회사,K5 하이브리드,2020
2025-03-17,폭스바겐그룹코리아 주식회사,e-tron S,2022
2025-03-17,(주)재규어랜드로버코리아,재규어 I-PACE EV400,2020
2025-03-17,비엠더블유코리아(주),BMW 520d,2013
2025-03-17,르노코리아(주),XM3,2020
2025-03-17,현대자동차(주),아이오닉5 (IONIQ5),2024
2025-03-17,현대자동차(주),아이오닉5 (IONIQ5),2024
2025-03-17,현대자동차(주),넥쏘 (NEXO) 수소전기차,2020
2025-03-17,비엠더블유코리아(주),BMW 530i xDrive,2018
2025-03-17,한국토요타자동차(주),렉서스 ES300h,2020
2025-03-17,르노코리아(주),KOLEOS (콜레오스),2025
2025-03-17,현대자동차(주),아반떼(AVANTE),2019
2025-03-17,현대자동차(주),팰리세이드(Palisade),2025
2025-03-17,현대자동차(주),팰리세이드(Palisade),2025
2025-03-17,현대자동차(주),코나(KONA),2025
2025-03-17,기아 주식회사,카니발,2025
2025-03-18,스텔란티스코리아 주식회사,짚 랭글러 사하라 4xe,2022
2025-03-18,기아 주식회사,K7 하이브리드,2020
2025-03-18,기아 주식회사,K3,2019
2025-03-18,한국지엠주식회사,크루즈 2.0 디젤,2014
2025-03-18,기아 주식회사,K7,2020
2025-03-18,비엠더블유코리아(주),BMW 530i,2018
2025-03-18,현대자동차(주),넥쏘 (NEXO) 수소전기차,2022
2025-03-18,현대자동차(주),아반떼 Hybrid(AVANTE Hybrid),2023
2025-03-18,현대자동차(주),넥쏘 (NEXO) 수소전기차,2021
2025-03-18,기아 주식회사,K7,2020
2025-03-18,폭스바겐그룹코리아 주식회사,A6 45 TDI quattro,2020
2025-03-18,현대자동차(주),GV60,2025
2025-03-18,현대자동차(주),투싼(TUCSON),2017
2025-03-18,기아 주식회사,카렌스,2014
2025-03-18,르노코리아(주),KOLEOS Hybrid(콜레오스 하이브리드),2025
2025-03-18,기아 주식회사,K5,2020
2025-03-18,한국지엠주식회사,올란도 2.0 LPG,2015
2025-03-18,현대자동차(주),아반떼(AVANTE),2020
2025-03-18,현대자동차(주),아이오닉5 (IONIQ5),2023
2025-03-18,기아 주식회사,K8 하이브리드,2022
2025-03-18,현대자동차(주),아이오닉5 (IONIQ5),2024
2025-03-18,현대자동차(주),그랜저(GRANDEUR),2019
2025-03-18,한불모터스(주),Peugeot 5008 GT 2.0 BlueHDi,2021
2025-03-19,케이지모빌리티 주식회사(KG Mobility Corp.),코란도,2021
2025-03-19,기아 주식회사,K7,2020
2025-03-19,10018231,LEAF,2018
2025-03-19,(주)재규어랜드로버코리아,더 뉴 레인지로버 P615 SV,2024
2025-03-19,메르세데스벤츠코리아(주),E220 d 4Matic,2018
2025-03-19,현대자동차(주),넥쏘 (NEXO) 수소전기차,2020
2025-03-19,현대자동차(주),그랜저 하이브리드(GRANDEUR HYBRID),2025
2025-03-19,기아 주식회사,카니발,2023
2025-03-19,기아 주식회사,K8 하이브리드,2023
2025-03-19,기아 주식회사,K3,2019
2025-03-19,기아 주식회사,K3,2019
2025-03-19,현대자동차(주),아이오닉6 (IONIQ6),2023
2025-03-19,기아 주식회사,니로 EV,2019
2025-03-19,케이지모빌리티 주식회사(KG Mobility Corp.),렉스턴,2023
2025-03-19,기아 주식회사,EV6,2022
2025-03-19,폴스타오토모티브코리아 유한회사,Polestar 2 Long Range Single Motor,2023
2025-03-19,기아 주식회사,K7,2012
2025-03-19,한불모터스(주),Peugeot 5008 1.5 BlueHDi,2019
2025-03-19,현대자동차(주),아이오닉6 (IONIQ6),2023
2025-03-19,(주)재규어랜드로버코리아,디스커버리 TD6,2018
2025-03-19,10018231,LEAF,2018
2025-03-19,현대자동차(주),그랜저(GRANDEUR),2025
2025-03-19,비엠더블유코리아(주),BMW i7 eDrive50,2024
2025-03-19,폭스바겐그룹코리아 주식회사,Arteon 2.0 TDI,2019
2025-03-19,르노코리아(주),QM3,2015
2025-03-19,르노코리아(주),QM3,2015
2025-03-19,비엠더블유코리아(주),BMW 530i M Sport Package Plus,2019
2025-03-20,기아 주식회사,셀토스,2020
2025-03-20,한국지엠주식회사,크루즈 1.4,2014
2025-03-20,현대자동차(주),아이오닉5 (IONIQ5),2023
2025-03-20,르노코리아(주),KOLEOS Hybrid(콜레오스 하이브리드),2025
2025-03-20,한국토요타자동차(주),토요타 CAMRY,2025
2025-03-20,케이지모빌리티 주식회사(KG Mobility Corp.),렉스턴,2024
2025-03-20,현대자동차(주),싼타페 하이브리드(SANTAFE HYBRID),2024
2025-03-20,현대자동차(주),싼타페 하이브리드(SANTAFE HYBRID),2024
2025-03-20,현대자동차(주),싼타페 하이브리드(SANTAFE HYBRID),2024
2025-03-20,현대자동차(주),그랜저(GRANDEUR),2020
2025-03-20,르노코리아(주),KOLEOS Hybrid(콜레오스 하이브리드),2025
2025-03-20,르노코리아(주),KOLEOS Hybrid(콜레오스 하이브리드),2025
2025-03-20,기아 주식회사,쏘렌토 하이브리드,2024
2025-03-20,르노코리아(주),SM6,2021
2025-03-20,기아 주식회사,스포티지,2025
2025-03-20,현대자동차(주),넥쏘 (NEXO) 수소전기차,2023
2025-03-20,비엠더블유코리아(주),BMW 520i,2018
2025-03-20,기아 주식회사,K5,2023
2025-03-20,기아 주식회사,K7,2020
2025-03-20,현대자동차(주),그랜저 하이브리드(GRANDEUR HYBRID),2020
2025-03-20,기아 주식회사,K9,2020
2025-03-20,기아 주식회사,K7 하이브리드,2020
2025-03-20,비엠더블유코리아(주),BMW 530i xDrive M Sport Package Plus,2019
2025-03-20,기아 주식회사,K7,2020
2025-03-20,(주)재규어랜드로버코리아,레인지로버 이보크 D150,2020
2025-03-20,현대자동차(주),그랜저(GRANDEUR),2021
2025-03-20,현대자동차(주),그랜저(GRANDEUR),2019
2025-03-21,케이지모빌리티 주식회사(KG Mobility Corp.),토레스 EVX,2024
2025-03-21,기아 주식회사,K7,2020
2025-03-21,메르세데스벤츠코리아(주),Mercedes-Benz E 200,2024
2025-03-21,현대자동차(주),넥쏘 (NEXO) 수소전기차,2022
2025-03-21,테슬라코리아 유한회사,Model 3 Long Range,2024
2025-03-21,테슬라코리아 유한회사,Model 3 RWD,2024
2025-03-21,기아 주식회사,쏘렌토 하이브리드,2024
2025-03-21,테슬라코리아 유한회사,Model Y Long Range,2022
2025-03-21,EC4,효경23.7톤상승윙바디,2024
2025-03-21,르노코리아(주),SM5,2013
2025-03-21,기아 주식회사,K3,2020
2025-03-21,현대자동차(주),아이오닉5 (IONIQ5),2025
2025-03-21,현대자동차(주),아이오닉5 (IONIQ5),2025
2025-03-21,폭스바겐그룹코리아 주식회사,Golf 2.0 TDI BMT,2016
2025-03-21,기아 주식회사,K8,2022
2025-03-21,기아 주식회사,K8,2022
2025-03-21,현대자동차(주),GV60,2022
2025-03-21,현대자동차(주),팰리세이드(Palisade),2025
2025-03-21,폭스바겐그룹코리아 주식회사,Q7 45 TDI quattro,2021
2025-03-21,메르세데스벤츠코리아(주),Mercedes-Maybach GLS 600,2024
2025-03-21,현대자동차(주),넥쏘 (NEXO) 수소전기차,2019
2025-03-21,포르쉐코리아 주식회사,911 카레라,2021
2025-03-21,현대자동차(주),팰리세이드(Palisade),2025
2025-03-21,현대자동차(주),아이오닉5 (IONIQ5),2024
2025-03-21,기아 주식회사,카니발,2021
2025-03-21,(주)한국쓰리축,한국쓰리축1톤롱바디트럭,2024
2025-03-21,포드세일즈서비스코리아(유),Lincoln MKZ Hybrid,2018
2025-03-21,폭스바겐그룹코리아 주식회사,Q5 2.0 TDI quattro,2012
2025-03-21,한국지엠주식회사,트랙스 1.4,2019
2025-03-21,한불모터스(주),Peugeot 5008 1.5 BlueHDi,2019
2025-03-21,한국지엠주식회사,트랙스 1.4,2019
2025-03-24,현대자동차(주),싼타페 하이브리드(SANTAFE HYBRID),2024
2025-03-24,현대자동차(주),그랜저 하이브리드(GRANDEUR HYBRID),2025
2025-03-24,비엠더블유코리아(주),BMW 530e,2022
2025-03-24,현대자동차(주),코나(KONA),2023
2025-03-24,비엠더블유코리아(주),BMW 530i xDrive,2018
2025-03-24,현대자동차(주),아반떼(AVANTE),2018
2025-03-24,기아 주식회사,셀토스,2024
2025-03-24,현대자동차(주),포터Ⅱ 일렉트릭 (PORTERⅡ ELECTRIC),2023
2025-03-24,현대자동차(주),쏘나타(SONATA),2020
2025-03-24,르노코리아(주),KOLEOS Hybrid(콜레오스 하이브리드),2025
2025-03-24,메르세데스벤츠코리아(주),Mercedes-Benz GLC300 4MATIC,2025
2025-03-24,현대자동차(주),코나 하이브리드(KONA HYBRID),2023
2025-03-24,기아 주식회사,K5,2019
2025-03-24,기아 주식회사,카니발,2021
2025-03-24,기아 주식회사,스팅어,2019
2025-03-24,비엠더블유코리아(주),BMW 520d,2018
2025-03-24,르노코리아(주),SM6,2019
2025-03-25,폭스바겐그룹코리아 주식회사,Passat 2.0 TDI,2015
2025-03-25,현대자동차(주),그랜저 하이브리드(GRANDEUR HYBRID),2020
2025-03-25,현대자동차(주),GV60,2023
2025-03-25,기아 주식회사,K9,2019
2025-03-25,현대자동차(주),아이오닉5 (IONIQ5),2022
2025-03-25,현대자동차(주),아이오닉5 (IONIQ5),2022
2025-03-25,포드세일즈서비스코리아(유),Explorer 2.3,2020
2025-03-25,포드세일즈서비스코리아(유),Explorer 2.3,2020
2025-03-25,기아 주식회사,쏘렌토 하이브리드,2021
2025-03-25,기아 주식회사,K3,2019
2025-03-25,기아 주식회사,K3,2019
2025-03-25,(주)재규어랜드로버코리아,디스커버리 TD6,2018
2025-03-25,한불모터스(주),Peugeot 3008 1.6 Blue-HDi,2016
2025-03-25,기아 주식회사,카니발,2021
2025-03-25,기아 주식회사,K3,2019
2025-03-25,현대자동차(주),싼타페 하이브리드(SANTAFE HYBRID),2024
2025-03-25,비엠더블유코리아(주),BMW 520i Luxury,2019
2025-03-25,기아 주식회사,K7,2020
2025-03-25,기아 주식회사,EV6,2022
2025-03-25,기아 주식회사,K3,2019
2025-03-25,현대자동차(주),GV70,2022
2025-03-25,메르세데스벤츠코리아(주),CLS350 d 4Matic,2016
2025-03-25,케이지모빌리티 주식회사(KG Mobility Corp.),렉스턴스포츠 칸,2022
2025-03-25,현대자동차(주),싼타페 하이브리드(SANTAFE HYBRID),2024
2025-03-25,케이지모빌리티 주식회사(KG Mobility Corp.),토레스,2023
2025-03-25,메르세데스벤츠코리아(주),Mercedes-Benz EQS450 4MATIC SUV,2023
2025-03-25,메르세데스벤츠코리아(주),Mercedes-Benz EQS450 4MATIC SUV,2023
2025-03-25,현대자동차(주),그랜저(GRANDEUR),2014
2025-03-25,비엠더블유코리아(주),BMW 530i M Sport Package Plus,2019
2025-03-26,기아 주식회사,카니발 하이리무진,2020
2025-03-26,현대자동차(주),맥스크루즈 (MAXCRUZ),2014
2025-03-26,폭스바겐그룹코리아 주식회사,A6 40 TDI,2020
2025-03-26,현대자동차(주),아반떼(AVANTE),2011
2025-03-26,비엠더블유코리아(주),BMW i4 eDrive40,2024
2025-03-26,기아 주식회사,K7,2020
2025-03-26,타타대우상용차(주),더쎈,2024
2025-03-26,기아 주식회사,K3,2019
2025-03-26,포드세일즈서비스코리아(유),Explorer 2.3,2020
2025-03-26,기아 주식회사,K3,2019
2025-03-26,한불모터스(주),Peugeot 3008 1.5 BlueHDi,2021
2025-03-26,현대자동차(주),넥쏘 (NEXO) 수소전기차,2022
2025-03-26,기아 주식회사,K3,2015
2025-03-26,비엠더블유코리아(주),BMW 530i,2018
2025-03-26,비엠더블유코리아(주),BMW X4 xDrive20i xLine,2020
2025-03-26,한국지엠주식회사,올란도 2.0 LPG,2013
2025-03-26,현대자동차(주),포터Ⅱ 일렉트릭 윙바디 (PORTERⅡ ELECTRIC),2021
2025-03-26,현대자동차(주),맥스크루즈 (MAXCRUZ),2014
2025-03-26,현대자동차(주),투싼(TUCSON),2020
2025-03-26,케이지모빌리티 주식회사(KG Mobility Corp.),토레스 EVX,2024
2025-03-26,기아 주식회사,EV6,2023
2025-03-26,현대자동차(주),포터Ⅱ (PORTERⅡ),2022
2025-03-26,기아 주식회사,K7,2020
2025-03-26,(주)재규어랜드로버코리아,디스커버리 TD6,2018
2025-03-26,현대자동차(주),넥쏘 (NEXO) 수소전기차,2022
2025-03-27,포드세일즈서비스코리아(유),Explorer 2.3L,2022
2025-03-27,메르세데스벤츠코리아(주),Mercedes-Benz C 300 4MATIC,2024
2025-03-27,기아 주식회사,K5 하이브리드,2022
2025-03-27,폭스바겐그룹코리아 주식회사,SQ5 3.0 TDI quattro,2015
2025-03-27,기아 주식회사,K7,2016
2025-03-27,기아 주식회사,K8,2022
2025-03-27,현대자동차(주),그랜저(GRANDEUR),2020
2025-03-27,현대자동차(주),쏘나타(SONATA),2020
2025-03-27,현대자동차(주),포터Ⅱ (PORTERⅡ),2018
2025-03-27,기아 주식회사,K3,2019
2025-03-27,비엠더블유코리아(주),BMW i7 xDrive60,2024
2025-03-27,비엠더블유코리아(주),BMW i5 eDrive40,2024
2025-03-27,기아 주식회사,카니발,2021
2025-03-27,기아 주식회사,K7,2020
2025-03-27,기아 주식회사,카니발,2021
2025-03-27,현대자동차(주),메가트럭,2019
2025-03-27,기아 주식회사,K3,2019
2025-03-27,메르세데스벤츠코리아(주),Mercedes-Benz EQA250,2021
2025-03-27,기아 주식회사,쏘렌토,2019
2025-03-27,한국지엠주식회사,크루즈 1.4,2014
2025-03-27,포드세일즈서비스코리아(유),Explorer 2.3,2020
2025-03-28,현대자동차(주),싼타페 하이브리드(SANTAFE HYBRID),2024
2025-03-28,현대자동차(주),코나 일렉트릭 (KONA ELECTRIC),2020
2025-03-28,기아 주식회사,K7,2020
2025-03-28,현대자동차(주),싼타페 하이브리드(SANTAFE HYBRID),2025
2025-03-28,현대자동차(주),넥쏘 (NEXO) 수소전기차,2019
2025-03-28,현대자동차(주),그랜저(GRANDEUR),2020
2025-03-28,기아 주식회사,쏘렌토 하이브리드,2025
2025-03-28,현대자동차(주),그랜저(GRANDEUR),2020
2025-03-28,비엠더블유코리아(주),BMW 530i,2017
2025-03-28,현대자동차(주),아반떼(AVANTE),2018
2025-03-28,현대자동차(주),아반떼(AVANTE),2018
2025-03-28,현대자동차(주),쏘나타(SONATA),2020
2025-03-28,기아 주식회사,쏘렌토,2023
2025-03-28,현대자동차(주),그랜저(GRANDEUR),2020
2025-03-28,기아 주식회사,EV6,2022
2025-03-28,현대자동차(주),쏘나타(SONATA),2020
2025-03-28,현대자동차(주),G80,2017
2025-03-28,현대자동차(주),GV80,2020
2025-03-28,현대자동차(주),싼타페(SANTAFE),2015
2025-03-28,기아 주식회사,K7 하이브리드,2020
2025-03-28,폭스바겐그룹코리아 주식회사,ID.4 Pro,2023
2025-03-28,현대자동차(주),그랜저 하이브리드(GRANDEUR HYBRID),2020
2025-03-28,현대자동차(주),아반떼(AVANTE),2018
2025-03-28,현대자동차(주),그랜저(GRANDEUR),2020
2025-03-28,현대자동차(주),아반떼(AVANTE),2016
2025-03-28,폭스바겐그룹코리아 주식회사,Tiguan Allspace 2.0 TDI,2020
2025-03-28,기아 주식회사,K3,2019
2025-03-28,현대자동차(주),그랜저(GRANDEUR),2020
2025-03-28,기아 주식회사,카니발,2024
2025-03-28,비엠더블유코리아(주),BMW 520i,2024
2025-03-31,한국지엠주식회사,스파크 1.0,2019
2025-03-31,현대자동차(주),그랜저(GRANDEUR),2019
2025-03-31,기아 주식회사,K7,2020
2025-03-31,현대자동차(주),넥쏘 (NEXO) 수소전기차,2021
2025-03-31,기아 주식회사,쏘렌토,2017
2025-03-31,기아 주식회사,니로 플러스,2023
2025-03-31,기아 주식회사,스포티지,2025
2025-03-31,현대자동차(주),아반떼(AVANTE),2018
2025-03-31,기아 주식회사,카니발,2021
2025-03-31,기아 주식회사,K7,2021
2025-03-31,기아 주식회사,K7,2020
2025-03-31,비엠더블유코리아(주),BMW i5 eDrive40,2024
2025-03-31,기아 주식회사,니로 EV,2022
2025-03-31,혼다코리아(주),WW125A,2021
2025-03-31,현대자동차(주),아반떼(AVANTE),2019
2025-03-31,메르세데스벤츠코리아(주),E220 d 4Matic,2018
2025-03-31,현대자동차(주),싼타페 하이브리드(SANTAFE HYBRID),2024
2025-03-31,기아 주식회사,K7,2020
2025-03-31,기아 주식회사,K7,2020
2025-03-31,케이지모빌리티 주식회사(KG Mobility Corp.),액티언스포츠,2011
2025-03-31,현대자동차(주),코나 하이브리드(KONA HYBRID),2020
2025-03-31,메르세데스벤츠코리아(주),Mercedes-Benz GLC300 4MATIC,2025
2025-03-31,현대자동차(주),싼타페 하이브리드(SANTAFE HYBRID),2024
2025-03-31,현대자동차(주),그랜저 하이브리드(GRANDEUR HYBRID),2025
2025-03-31,한국지엠주식회사,트랙스 1.6 디젤,2016
2025-04-01,기아 주식회사,EV6,2025
2025-04-01,한국닛산(주),LEAF,2019
2025-04-01,기아 주식회사,니로 하이브리드,2022
2025-04-01,현대자동차(주),아반떼(AVANTE),2016
2025-04-01,기아 주식회사,K3,2019
2025-04-01,현대자동차(주),아반떼(AVANTE),2021
2025-04-01,기아 주식회사,K5,2022
2025-04-01,기아 주식회사,K7,2020
2025-04-01,현대자동차(주),넥쏘 (NEXO) 수소전기차,2022
2025-04-01,스텔란티스코리아 주식회사,짚 체로키 2.4,2019
2025-04-01,비엠더블유코리아(주),BMW 520d xDrive,2016
2025-04-01,(주)재규어랜드로버코리아,디펜더 110 D240,2020
2025-04-01,기아 주식회사,K7,2020
2025-04-01,폭스바겐그룹코리아 주식회사,ID.4 Pro,2022
2025-04-01,D91,영도3톤진개덤프,2024
2025-04-01,현대자동차(주),아반떼(AVANTE),2016
2025-04-01,기아 주식회사,스포티지,2025
2025-04-01,(주)재규어랜드로버코리아,디스커버리4 3.0D,2016
2025-04-01,기아 주식회사,K3,2019
2025-04-01,현대자동차(주),그랜저(GRANDEUR),2020
2025-04-01,현대자동차(주),싼타페 하이브리드(SANTAFE HYBRID),2025
2025-04-01,기아 주식회사,스포티지,2025
2025-04-01,기아 주식회사,K7,2020
2025-04-01,기아 주식회사,K3,2019
2025-04-01,르노코리아(주),KOLEOS Hybrid(콜레오스 하이브리드),2025
2025-04-01,비엠더블유코리아(주),BMW 530i,2017
2025-04-01,현대자동차(주),아이오닉5 (IONIQ5),2022
2025-04-01,기아 주식회사,니로 하이브리드,2022
2025-04-02,비엠더블유코리아(주),BMW R 18,2021
2025-04-02,폭스바겐그룹코리아 주식회사,Arteon 2.0 TDI 4Motion,2020
2025-04-02,폭스바겐그룹코리아 주식회사,Q4 Sportback e-tron 40,2022
2025-04-02,현대자동차(주),아반떼(AVANTE),2019
2025-04-02,비엠더블유코리아(주),BMW 530i M Sport Package Plus,2019
2025-04-02,폭스바겐그룹코리아 주식회사,ID.4 Pro,2023
2025-04-02,기아 주식회사,EV6,2022
2025-04-02,현대자동차(주),그랜저(GRANDEUR),2020
2025-04-02,비엠더블유코리아(주),BMW 530i,2018
2025-04-02,메르세데스벤츠코리아(주),E220 d,2017
2025-04-02,포드세일즈서비스코리아(유),Explorer 2.3,2020
2025-04-02,포드세일즈서비스코리아(유),Explorer 2.3,2020
2025-04-02,기아 주식회사,K7,2020
2025-04-02,폭스바겐그룹코리아 주식회사,ID.4 Pro,2023
2025-04-02,르노코리아(주),KOLEOS Hybrid(콜레오스 하이브리드),2025
2025-04-02,한불모터스(주),푸조 508 2.0 HDi,2015
2025-04-02,메르세데스벤츠코리아(주),C200 Coupe,2017
2025-04-02,기아 주식회사,K7,2020
2025-04-02,기아 주식회사,쏘렌토 하이브리드,2022
2025-04-02,기아 주식회사,K3,2019
2025-04-02,현대자동차(주),그랜저 하이브리드(GRANDEUR HYBRID),2020
2025-04-02,현대자동차(주),아반떼(AVANTE),2017
2025-04-02,(주)볼보자동차코리아,볼보 XC90D5 AWD,2019
2025-04-02,포드세일즈서비스코리아(유),Explorer 2.3,2020
2025-04-02,폭스바겐그룹코리아 주식회사,ID.4 Pro,2023
2025-04-02,포드세일즈서비스코리아(유),Explorer 2.3,2020
2025-04-02,포드세일즈서비스코리아(유),Explorer 2.3,2020
2025-04-02,포드세일즈서비스코리아(유),Explorer 2.3,2021
2025-04-02,메르세데스벤츠코리아(주),Mercedes-Benz EQE350 4MATIC SUV,2024
2025-04-02,메르세데스벤츠코리아(주),CLS250 d 4Matic,2017
2025-04-02,현대자동차(주),투싼(TUCSON),2021
2025-04-03,비엠더블유코리아(주),BMW M550i xDrive,2021
2025-04-03,기아 주식회사,K7,2020
2025-04-03,비엠더블유코리아(주),BMW 620d xDrive Luxury,2020
2025-04-03,현대자동차(주),그랜저(GRANDEUR),2020
2025-04-03,현대자동차(주),쏘나타(SONATA),2020
2025-04-03,기아 주식회사,카니발,2025
2025-04-03,비엠더블유코리아(주),BMW 530i,2018
2025-04-03,기아 주식회사,K7,2020
2025-04-03,현대자동차(주),그랜저(GRANDEUR),2020
2025-04-03,메르세데스벤츠코리아(주),E300,2014
2025-04-03,기아 주식회사,K7 하이브리드,2020
2025-04-03,한불모터스(주),Peugeot 5008 GT 2.0 BlueHDi,2019
2025-04-03,현대자동차(주),쏘나타 하이브리드 (SONATA HYBRID),2020
2025-04-03,케이지모빌리티 주식회사(KG Mobility Corp.),렉스턴스포츠 칸,2022
2025-04-03,현대자동차(주),그랜저(GRANDEUR),2009
2025-04-03,기아 주식회사,K7,2020
2025-04-03,기아 주식회사,K7,2018
2025-04-03,기아 주식회사,니로 EV,2022
2025-04-03,기아 주식회사,카니발 하이리무진,2019
2025-04-03,현대자동차(주),아반떼(AVANTE),2016
2025-04-03,현대자동차(주),아이오닉5 (IONIQ5),2024
2025-04-03,케이지모빌리티 주식회사(KG Mobility Corp.),토레스,2025
2025-04-03,기아 주식회사,K7,2020
2025-04-03,현대자동차(주),그랜저(GRANDEUR),2022
2025-04-03,(주)재규어랜드로버코리아,디스커버리 SD4,2019
2025-04-03,기아 주식회사,쏘렌토 하이브리드,2021
2025-04-03,포드세일즈서비스코리아(유),Explorer 2.3,2021
2025-04-03,볼보트럭코리아(주),FH 트랙터,2020
2025-04-04,기아 주식회사,쏘렌토 하이브리드,2025
2025-04-04,케이지모빌리티 주식회사(KG Mobility Corp.),토레스 밴,2025
2025-04-04,현대자동차(주),넥쏘 (NEXO) 수소전기차,2019
2025-04-04,한국지엠주식회사,올란도 2.0 LPG,2015
2025-04-04,포드세일즈서비스코리아(유),Mustang 2.3 Coupe,2019
2025-04-04,기아 주식회사,쏘렌토,2018
2025-04-04,케이지모빌리티 주식회사(KG Mobility Corp.),코란도 투리스모,2015
2025-04-04,케이지모빌리티 주식회사(KG Mobility Corp.),코란도 투리스모,2019
2025-04-04,(주)GS글로벌,T4K,2023
2025-04-04,케이지모빌리티 주식회사(KG Mobility Corp.),코란도 투리스모,2014
2025-04-04,한국지엠주식회사,크루즈 1.4 터보,2017
2025-04-04,폭스바겐그룹코리아 주식회사,Touareg 3.0TDI,2023
2025-04-04,케이지모빌리티 주식회사(KG Mobility Corp.),코란도 투리스모,2016
2025-04-04,현대자동차(주),그랜저(GRANDEUR),2020
2025-04-04,케이지모빌리티 주식회사(KG Mobility Corp.),코란도 투리스모,2015
2025-04-04,한국지엠주식회사,트랙스 1.6 디젤,2016
2025-04-04,현대자동차(주),넥쏘 (NEXO) 수소전기차,2023
2025-04-04,케이지모빌리티 주식회사(KG Mobility Corp.),코란도 투리스모,2014
2025-04-04,현대자동차(주),아이오닉5 (IONIQ5),2023
2025-04-04,현대자동차(주),투싼(TUCSON),2017
2025-04-04,케이지모빌리티 주식회사(KG Mobility Corp.),코란도 투리스모,2014
2025-04-04,기아 주식회사,K7,2021
2025-04-04,기아 주식회사,EV6,2022
2025-04-04,기아 주식회사,EV3,2025
2025-04-04,케이지모빌리티 주식회사(KG Mobility Corp.),코란도 투리스모,2014
2025-04-04,현대자동차(주),투싼 하이브리드(TUCSON HYBRID),2024
2025-04-04,비엠더블유코리아(주),BMW i3,2014
2025-04-04,기아 주식회사,K7,2020
2025-04-04,케이지모빌리티 주식회사(KG Mobility Corp.),코란도 투리스모,2014
2025-04-04,현대자동차(주),아반떼(AVANTE),2016
2025-04-04,한국지엠주식회사,트랙스 1.6 디젤,2017
2025-04-07,현대자동차(주),그랜저(GRANDEUR),2018
2025-04-07,기아 주식회사,니로 하이브리드,2020
2025-04-07,기아 주식회사,카니발,2021
2025-04-07,모토스타코리아(주),ZT125T-M,2024
2025-04-07,(주)GS글로벌,T4K,2023
2025-04-07,현대자동차(주),GV70,2025
2025-04-07,비엠더블유코리아(주),BMW 520i Luxury,2020
2025-04-07,한국지엠주식회사,말리부 2.0 TURBO,2017
2025-04-07,폭스바겐그룹코리아 주식회사,Tiguan 2.0 TDI,2020
2025-04-07,기아 주식회사,쏘렌토 하이브리드,2024
2025-04-07,폭스바겐그룹코리아 주식회사,A6 40 TDI,2020
2025-04-07,기아 주식회사,쏘렌토 하이브리드,2025
2025-04-07,비엠더블유코리아(주),BMW 520i Luxury,2020
2025-04-07,(주) 골드밴,골드밴1.1톤냉동탑차,2024
2025-04-07,케이지모빌리티 주식회사(KG Mobility Corp.),코란도 투리스모,2014
2025-04-07,기아 주식회사,쏘렌토 하이브리드,2025
2025-04-07,기아 주식회사,K3,2020
2025-04-07,현대자동차(주),넥쏘 (NEXO) 수소전기차,2022
2025-04-07,케이지모빌리티 주식회사(KG Mobility Corp.),코란도 투리스모,2017
2025-04-07,현대자동차(주),스타리아 (STARIA),2023
2025-04-07,폭스바겐그룹코리아 주식회사,ID.4 Pro,2023
2025-04-07,한국지엠주식회사,트랙스 1.2 터보,2024
2025-04-07,현대자동차(주),팰리세이드(PALISADE),2021
2025-04-07,한국토요타자동차(주),토요타 Camry Hybrid,2018
2025-04-07,한국지엠주식회사,올란도 2.0 LPG,2012
2025-04-07,한국토요타자동차(주),렉서스 RX450h+,2025
2025-04-07,기아 주식회사,K7,2020
2025-04-07,케이지모빌리티 주식회사(KG Mobility Corp.),코란도 투리스모,2016
2025-04-07,현대자동차(주),아반떼(AVANTE),2019
2025-04-07,기아 주식회사,쏘렌토 하이브리드,2023
2025-04-08,기아 주식회사,K7,2020
2025-04-08,현대자동차(주),포터Ⅱ (PORTERⅡ),2025
2025-04-08,현대자동차(주),G70,2019
2025-04-08,폭스바겐그룹코리아 주식회사,Tiguan 2.0 TDI,2020
2025-04-08,현대자동차(주),팰리세이드(PALISADE),2021
2025-04-08,폭스바겐그룹코리아 주식회사,Q4 45 e-tron,2025
2025-04-08,기아 주식회사,K3,2019
2025-04-08,한국지엠주식회사,트랙스 1.2 터보,2025
2025-04-08,비엠더블유코리아(주),BMW 530i M Sport Package,2020
2025-04-08,한국닛산(주),LEAF,2019
2025-04-08,기아 주식회사,쏘렌토 하이브리드,2025
2025-04-08,기아 주식회사,EV6,2022
2025-04-08,CYK,캐딜락에스컬레이드(ESCALADE),2024
2025-04-08,한국지엠주식회사,말리부 1.5 TURBO,2017
2025-04-08,메르세데스벤츠코리아(주),Mercedes-Benz GLC300 4MATIC,2024
2025-04-08,기아 주식회사,EV6,2024
2025-04-08,기아 주식회사,쏘렌토 하이브리드,2022
2025-04-08,현대자동차(주),그랜저 하이브리드(GRANDEUR HYBRID),2023
2025-04-08,현대자동차(주),그랜저 하이브리드(GRANDEUR HYBRID),2023
2025-04-08,현대자동차(주),G80,2025
2025-04-08,케이지모빌리티 주식회사(KG Mobility Corp.),코란도 투리스모,2016
2025-04-08,현대자동차(주),싼타페 하이브리드(SANTAFE HYBRID),2025
2025-04-08,기아 주식회사,K7,2020
2025-04-08,현대자동차(주),G70,2019
2025-04-08,케이지모빌리티 주식회사(KG Mobility Corp.),코란도 투리스모,2015
2025-04-08,기아 주식회사,쏘렌토 하이브리드,2021
2025-04-08,현대자동차(주),아반떼(AVANTE),2018
2025-04-08,케이지모빌리티 주식회사(KG Mobility Corp.),코란도 투리스모,2014
2025-04-08,기아 주식회사,K7,2016
2025-04-08,비엠더블유코리아(주),BMW 530i xDrive,2018
2025-04-08,현대자동차(주),벨로스터(VELOSTER),2012
2025-04-08,한국닛산(주),LEAF,2019
2025-04-08,케이지모빌리티 주식회사(KG Mobility Corp.),코란도 투리스모,2017
2025-04-09,현대자동차(주),넥쏘 (NEXO) 수소전기차,2022
2025-04-09,(주)쓰리축코리아,쓰리축코리아9톤카고트럭,2025
2025-04-09,현대자동차(주),아반떼(AVANTE),2020
2025-04-09,볼보트럭코리아(주),FH 트랙터,2024
2025-04-09,포르쉐코리아 주식회사,911 카레라,2022
2025-04-09,메르세데스벤츠코리아(주),E220 d 4Matic,2017
2025-04-09,현대자동차(주),싼타페(SANTAFE),2019
2025-04-09,기아 주식회사,쏘렌토 하이브리드,2025
2025-04-09,현대자동차(주),팰리세이드(PALISADE),2022
2025-04-09,포드세일즈서비스코리아(유),Explorer 2.3,2020
2025-04-09,기아 주식회사,K7,2020
2025-04-09,기아 주식회사,쏘렌토 하이브리드,2022
2025-04-09,한국지엠주식회사,올란도 2.0 LPG,2012
2025-04-09,기아 주식회사,K7,2020
2025-04-09,폭스바겐그룹코리아 주식회사,Tiguan 2.0 TDI,2020
2025-04-09,현대자동차(주),그랜저(GRANDEUR),2020
2025-04-09,기아 주식회사,K7,2020
2025-04-09,현대자동차(주),그랜저(GRANDEUR),2017
2025-04-09,현대자동차(주),아반떼(AVANTE),2019
2025-04-09,폭스바겐그룹코리아 주식회사,Arteon 2.0 TDI,2019
2025-04-09,(주)재규어랜드로버코리아,디스커버리 TD6,2018
2025-04-09,현대자동차(주),아이오닉5(IONIQ5),2023
2025-04-09,비엠더블유코리아(주),BMW 530i,2018
2025-04-09,기아 주식회사,쏘렌토,2021
2025-04-09,현대자동차(주),아이오닉5(IONIQ5),2023
2025-04-09,기아 주식회사,EV6,2023
2025-04-09,포르쉐코리아 주식회사,911 GT3,2022
2025-04-09,기아 주식회사,쏘렌토,2021
2025-04-10,기아 주식회사,K7,2017
2025-04-10,기아 주식회사,K7,2020
2025-04-10,현대자동차(주),그랜저(GRANDEUR),2017
2025-04-10,한국지엠주식회사,말리부 1.8 HYBRID,2018
2025-04-10,한국닛산(주),ALTIMA 2.5,2018
2025-04-10,기아 주식회사,K7,2020
2025-04-10,현대자동차(주),팰리세이드(PALISADE),2019
2025-04-10,기아 주식회사,K7,2020
2025-04-10,르노코리아(주),XM3,2022
2025-04-10,기아 주식회사,K7,2020
2025-04-10,비엠더블유코리아(주),BMW 530i xDrive,2018
2025-04-10,비엠더블유코리아(주),BMW 525d,2013
2025-04-10,스텔란티스코리아 주식회사,짚 랭글러 루비콘,2022
2025-04-10,한국토요타자동차(주),렉서스 ES300h,2021
2025-04-10,현대자동차(주),그랜저(GRANDEUR),2020
2025-04-10,기아 주식회사,K7,2020
2025-04-10,현대자동차(주),아이오닉6 (IONIQ6),2025
2025-04-10,기아 주식회사,스포티지 하이브리드,2023
2025-04-10,기아 주식회사,쏘렌토,2018
2025-04-11,현대자동차(주),그랜저(GRANDEUR),2023
2025-04-11,비엠더블유코리아(주),BMW 520d,2013
2025-04-11,현대자동차(주),그랜저(GRANDEUR),2020
2025-04-11,비엠더블유코리아(주),BMW 530i xDrive,2018
2025-04-11,한국지엠(주),CHEVROLET BOLT EV,2017
2025-04-11,기아 주식회사,K7,2020
2025-04-11,현대자동차(주),그랜저(GRANDEUR),2020
2025-04-11,비엠더블유코리아(주),BMW 530i,2018
2025-04-11,현대자동차(주),그랜드 스타렉스(GRAND STAREX),2021
2025-04-11,현대자동차(주),아이오닉5(IONIQ5),2024
2025-04-11,기아 주식회사,K7,2020
2025-04-11,기아 주식회사,K7,2020
2025-04-11,기아 주식회사,K7 하이브리드,2020
2025-04-11,포드세일즈서비스코리아(유),Explorer 2.3,2021
2025-04-11,포드세일즈서비스코리아(유),Explorer 2.3,2021
2025-04-11,한국지엠주식회사,크루즈 1.4,2014
2025-04-11,기아 주식회사,K7,2020
2025-04-11,기아 주식회사,K7,2020
2025-04-11,기아 주식회사,K7,2020
2025-04-11,기아 주식회사,K7,2020
2025-04-11,한국토요타자동차(주),렉서스 LS600hL,2010
2025-04-14,폭스바겐그룹코리아 주식회사,A6 40 TDI,2021
2025-04-14,기아 주식회사,스포티지,2023
2025-04-14,현대자동차(주),그랜저(GRANDEUR),2020
2025-04-14,한국지엠주식회사,올란도 2.0 LPG,2014
2025-04-14,한국지엠주식회사,올란도 2.0 LPG,2017
2025-04-14,현대자동차(주),맥스크루즈 (MAXCRUZ),2014
2025-04-14,기아 주식회사,카니발 리무진,2023
2025-04-14,(주)볼보자동차코리아,볼보 XC60T8 AWD,2021
2025-04-14,기아 주식회사,EV6,2022
2025-04-14,케이지모빌리티 주식회사(KG Mobility Corp.),렉스턴스포츠 칸,2020
2025-04-14,기아 주식회사,K7,2020
2025-04-14,현대자동차(주),싼타페 하이브리드(SANTAFE HYBRID),2025
2025-04-14,기아 주식회사,봉고Ⅲ 1톤 EV,2023
2025-04-14,혼다코리아(주),ACCORD HYBRID,2019
2025-04-14,현대자동차(주),GV60,2022
2025-04-14,르노코리아(주),SM5,2008
2025-04-14,기아 주식회사,K7,2021
2025-04-14,폭스바겐그룹코리아 주식회사,Q4 e-tron 40,2022
2025-04-14,기아 주식회사,K7,2020
2025-04-14,비엠더블유코리아(주),BMW 640i xDrive M Sport Package,2019
2025-04-14,기아 주식회사,스포티지,2025
2025-04-15,현대자동차(주),G70,2019
2025-04-15,현대자동차(주),팰리세이드(Palisade),2025
2025-04-15,기아 주식회사,K9,2014
2025-04-15,현대자동차(주),팰리세이드(Palisade),2025
2025-04-15,현대자동차(주),팰리세이드(Palisade),2025
2025-04-15,기아 주식회사,니로 하이브리드,2023
2025-04-15,현대자동차(주),팰리세이드(Palisade),2025
2025-04-15,현대자동차(주),아반떼(AVANTE),2016
2025-04-15,현대자동차(주),팰리세이드(Palisade),2025
2025-04-15,현대자동차(주),팰리세이드(Palisade),2025
2025-04-15,현대자동차(주),싼타페 하이브리드(SANTAFE HYBRID),2023
2025-04-15,현대자동차(주),팰리세이드(Palisade),2025
2025-04-15,현대자동차(주),팰리세이드(Palisade),2025
2025-04-15,현대자동차(주),팰리세이드(Palisade),2025
2025-04-15,현대자동차(주),팰리세이드(Palisade),2025
2025-04-15,현대자동차(주),팰리세이드(Palisade),2025
2025-04-15,기아 주식회사,쏘렌토 하이브리드,2021
2025-04-15,테슬라코리아 유한회사,Model 3 Long Range,2024
2025-04-15,기아 주식회사,K7,2020
2025-04-15,현대자동차(주),그랜저(GRANDEUR),2023
2025-04-15,스텔란티스코리아 주식회사,Peugeot e-208,2023
2025-04-15,현대자동차(주),G80,2021
2025-04-15,폭스바겐그룹코리아 주식회사,e-tron 55 quattro,2021
2025-04-15,비엠더블유코리아(주),BMW iX3 M Sport,2022
2025-04-15,현대자동차(주),팰리세이드(PALISADE),2023
2025-04-15,비엠더블유코리아(주),BMW i5 eDrive40,2025
2025-04-15,현대자동차(주),그랜저(GRANDEUR),2018
2025-04-15,(주)재규어랜드로버코리아,디펜더 110 D250,2022
2025-04-15,한국지엠주식회사,트랙스 1.6 디젤,2016
2025-04-15,기아 주식회사,쏘렌토 하이브리드,2022
2025-04-15,현대자동차(주),그랜저(GRANDEUR),2020
2025-04-15,기아 주식회사,K5,2019
2025-04-15,현대자동차(주),아이오닉5 (IONIQ5),2025
2025-04-15,현대자동차(주),캐스퍼(CASPER),2023
2025-04-15,기아 주식회사,K7,2020
2025-04-15,비엠더블유코리아(주),BMW X5 xDrive40i,2023
2025-04-16,기아 주식회사,K5,2016
2025-04-16,케이지모빌리티 주식회사(KG Mobility Corp.),렉스턴스포츠 칸,2022
2025-04-16,기아 주식회사,쏘렌토,2022
2025-04-16,현대자동차(주),싼타페(SANTAFE),2021
2025-04-16,현대자동차(주),팰리세이드(Palisade),2025
2025-04-16,르노코리아(주),KOLEOS Hybrid(콜레오스 하이브리드),2025
2025-04-16,(주)GS글로벌,T4K,2023
2025-04-16,기아 주식회사,봉고Ⅲ 윙바디,2024
2025-04-16,현대자동차(주),싼타페(SANTAFE),2014
2025-04-16,현대자동차(주),팰리세이드(Palisade),2025
2025-04-16,기아 주식회사,K7,2020
2025-04-16,기아 주식회사,K7,2020
2025-04-16,현대자동차(주),넥쏘 (NEXO) 수소전기차,2019
2025-04-16,기아 주식회사,K7,2020
2025-04-16,(주)재규어랜드로버코리아,레인지로버 4.4D,2018
2025-04-16,기아 주식회사,K7,2020
2025-04-16,기아 주식회사,쏘렌토 하이브리드,2024
2025-04-16,한국지엠주식회사,트랙스 1.4,2019
2025-04-16,현대자동차(주),아이오닉 일렉트릭(IONIQ ELECTRIC),2017
2025-04-16,비엠더블유코리아(주),BMW 118d Sport WLTP,2019
2025-04-16,현대자동차(주),쏘나타(SONATA),2020
2025-04-16,현대자동차(주),i40 Saloon,2012
2025-04-16,현대자동차(주),넥쏘 (NEXO) 수소전기차,2022
2025-04-16,기아 주식회사,모닝,2019
2025-04-16,기아 주식회사,K7,2020
2025-04-16,기아 주식회사,K8 하이브리드,2022
2025-04-16,현대자동차(주),아반떼(AVANTE),2017
2025-04-16,기아 주식회사,K7,2020
2025-04-16,기아 주식회사,쏘렌토 하이브리드,2025
2025-04-16,현대자동차(주),팰리세이드(Palisade),2025
2025-04-16,현대자동차(주),팰리세이드(Palisade),2025
2025-04-16,현대자동차(주),포터Ⅱ전동식윙바디 (PORTER Ⅱ),2025
2025-04-16,기아 주식회사,쏘렌토 하이브리드,2025
2025-04-16,현대자동차(주),아이오닉5 (IONIQ5),2023
2025-04-16,현대자동차(주),팰리세이드(Palisade),2025
2025-04-16,기아 주식회사,K7,2020
2025-04-16,기아 주식회사,카니발,2018
2025-04-16,현대자동차(주),팰리세이드(Palisade),2025
2025-04-16,기아 주식회사,쏘렌토 하이브리드,2025
2025-04-16,기아 주식회사,카니발,2018
2025-04-16,현대자동차(주),팰리세이드(Palisade),2025
2025-04-16,현대자동차(주),팰리세이드(Palisade),2025
2025-04-16,한국지엠(주),CHEVROLET COLORADO AWD,2024
2025-04-16,현대자동차(주),팰리세이드(PALISADE),2019
2025-04-16,현대자동차(주),팰리세이드(Palisade),2025
2025-04-16,르노코리아(주),SM6,2021
2025-04-17,폭스바겐그룹코리아 주식회사,ID.4 Pro,2022
2025-04-17,기아 주식회사,쏘렌토,2025
2025-04-17,기아 주식회사,EV6,2023
2025-04-17,기아 주식회사,EV6,2023
2025-04-17,현대자동차(주),아반떼(AVANTE),2018
2025-04-17,현대자동차(주),아반떼(AVANTE),2018
2025-04-17,현대자동차(주),포터Ⅱ (PORTERⅡ),2024
2025-04-17,현대자동차(주),G80,2025
2025-04-17,폭스바겐그룹코리아 주식회사,Q4 e-tron 40,2022
2025-04-17,비엠더블유코리아(주),BMW 330i,2018
2025-04-17,현대자동차(주),그랜저(GRANDEUR),2020
2025-04-17,현대자동차(주),쏘나타(SONATA),2020
2025-04-17,현대자동차(주),G80,2017
2025-04-17,메르세데스벤츠코리아(주),Mercedes-Benz E 200,2025
2025-04-17,기아 주식회사,K7,2020
2025-04-17,기아 주식회사,쏘렌토 하이브리드,2021
2025-04-17,현대자동차(주),아이오닉5 (IONIQ5),2022
2025-04-17,한국닛산(주),LEAF,2019
2025-04-17,현대자동차(주),아반떼(AVANTE),2020
2025-04-17,기아 주식회사,카니발,2021
2025-04-17,현대자동차(주),넥쏘 (NEXO) 수소전기차,2021
2025-04-17,기아 주식회사,카니발 하이리무진,2022
2025-04-17,기아 주식회사,카니발 하이리무진,2022
2025-04-17,현대자동차(주),팰리세이드(Palisade),2025
2025-04-17,현대자동차(주),팰리세이드(Palisade),2025
2025-04-17,메르세데스벤츠코리아(주),E300,2019
2025-04-17,르노코리아(주),QM6,2025
2025-04-17,르노코리아(주),QM6,2025
2025-04-18,기아 주식회사,K7,2018
2025-04-18,메르세데스벤츠코리아(주),Mercedes-Maybach S580 4MATIC,2022
2025-04-18,케이지모빌리티 주식회사(KG Mobility Corp.),코란도 투리스모,2014
2025-04-18,현대자동차(주),팰리세이드(Palisade),2025
2025-04-18,기아 주식회사,K8,2022
2025-04-18,현대자동차(주),팰리세이드(Palisade),2025
2025-04-18,기아 주식회사,K7,2020
2025-04-18,케이지모빌리티 주식회사(KG Mobility Corp.),코란도 투리스모,2014
2025-04-18,메르세데스벤츠코리아(주),E300,2019
2025-04-18,현대자동차(주),팰리세이드(Palisade),2025
2025-04-18,현대자동차(주),포터Ⅱ (PORTERⅡ),2024
2025-04-18,케이지모빌리티 주식회사(KG Mobility Corp.),코란도,2021
2025-04-18,기아 주식회사,니로 EV,2021
2025-04-18,한국지엠주식회사,말리부 2.0 TURBO,2018
2025-04-18,현대자동차(주),아반떼(AVANTE),2017
2025-04-18,현대자동차(주),싼타페(SANTAFE),2024
2025-04-18,기아 주식회사,K7,2020
2025-04-18,(주)재규어랜드로버코리아,디스커버리 SD6,2020
2025-04-18,기아 주식회사,K7,2020
2025-04-18,현대자동차(주),쏘나타(SONATA),2020
2025-04-18,기아 주식회사,스포티지,2023
2025-04-18,혼다코리아(주),ACCORD HYBRID,2019
2025-04-18,비엠더블유코리아(주),BMW 320d,2013
2025-04-18,한국지엠주식회사,올란도 2.0 LPG,2015
2025-04-18,(주)GS글로벌,T4K,2023
2025-04-18,(주)GS글로벌,T4K,2023
2025-04-18,기아 주식회사,K7,2021
2025-04-18,현대자동차(주),투싼(TUCSON),2016
2025-04-18,기아 주식회사,쏘렌토,2016
2025-04-18,현대자동차(주),팰리세이드(Palisade),2025
2025-04-18,현대자동차(주),팰리세이드(Palisade),2025
2025-04-18,현대자동차(주),팰리세이드(Palisade),2025
2025-04-18,기아 주식회사,쏘렌토 하이브리드,2025
2025-04-18,현대자동차(주),팰리세이드(Palisade),2025
2025-04-21,기아 주식회사,K8 하이브리드,2022
2025-04-21,기아 주식회사,카니발,2021
2025-04-21,메르세데스벤츠코리아(주),Mercedes-Benz E350 4MATIC,2021
2025-04-21,기아 주식회사,K7 하이브리드,2020
2025-04-21,현대자동차(주),넥쏘 (NEXO) 수소전기차,2019
2025-04-21,현대자동차(주),넥쏘 (NEXO) 수소전기차,2019
2025-04-21,현대자동차(주),그랜저(GRANDEUR),2018
2025-04-21,폭스바겐그룹코리아 주식회사,Tiguan 2.0 TDI 4Motion,2018
2025-04-21,한국지엠주식회사,말리부 1.5 TURBO,2017
2025-04-21,기아 주식회사,K5 하이브리드,2016
2025-04-21,르노코리아(주),SM6,2016
2025-04-21,케이지모빌리티 주식회사(KG Mobility Corp.),토레스 EVX,2024
2025-04-21,메르세데스벤츠코리아(주),E300,2017
2025-04-21,현대자동차(주),싼타페 하이브리드(SANTAFE HYBRID),2025
2025-04-21,르노코리아(주),SM5,2014
2025-04-21,현대자동차(주),아반떼(AVANTE),2018
2025-04-21,비엠더블유코리아(주),BMW X5 xDrive30d,2017
2025-04-21,(주)GS글로벌,T4K,2023
2025-04-21,현대자동차(주),그랜저(GRANDEUR),2020
2025-04-21,현대자동차(주),팰리세이드(Palisade),2025
2025-04-21,현대자동차(주),팰리세이드(Palisade),2025
2025-04-21,폭스바겐그룹코리아 주식회사,Tiguan Allspace 2.0 TDI,2018
2025-04-21,현대자동차(주),아반떼(AVANTE),2018
2025-04-21,기아 주식회사,K7,2020
2025-04-21,한불모터스(주),Peugeot 5008 GT 2.0 BlueHDi,2020
2025-04-21,한국지엠(주),CHEVROLET IMPALA 2.5,2016
2025-04-21,현대자동차(주),그랜저(GRANDEUR),2020
2025-04-21,비엠더블유코리아(주),BMW i4 eDrive40,2022
2025-04-21,현대자동차(주),포터Ⅱ 일렉트릭 (PORTERⅡ ELECTRIC),2022
2025-04-21,한불모터스(주),Peugeot 508 2.0 BlueHDi,2020
2025-04-21,현대자동차(주),그랜저(GRANDEUR),2018
2025-04-21,현대자동차(주),아반떼(AVANTE),2021
2025-04-21,기아 주식회사,K3,2019
2025-04-21,기아 주식회사,쏘렌토,2021
2025-04-21,현대자동차(주),아이오닉5 (IONIQ5),2023
2025-04-21,기아 주식회사,K7,2021
2025-04-21,폭스바겐그룹코리아 주식회사,ID.4 Pro,2023
2025-04-21,현대자동차(주),아이오닉5 (IONIQ5),2022
2025-04-21,비엠더블유코리아(주),BMW F800ST,2011
2025-04-21,현대자동차(주),팰리세이드(Palisade),2025
2025-04-21,기아 주식회사,K7,2020
2025-04-21,현대자동차(주),넥쏘 (NEXO) 수소전기차,2021
2025-04-21,르노코리아(주),ARKANA,2025
2025-04-22,폭스바겐그룹코리아 주식회사,Arteon 2.0 TDI,2019
2025-04-22,케이지모빌리티 주식회사(KG Mobility Corp.),토레스 EVX,2024
2025-04-22,케이지모빌리티 주식회사(KG Mobility Corp.),렉스턴스포츠 칸,2022
2025-04-22,현대자동차(주),아반떼(AVANTE),2018
2025-04-22,현대자동차(주),팰리세이드(Palisade),2025
2025-04-22,메르세데스벤츠코리아(주),Mercedes-AMG GLE53 4MATIC +,2023
2025-04-22,케이지모빌리티 주식회사(KG Mobility Corp.),코란도 투리스모,2016
2025-04-22,한국지엠주식회사,트랙스 1.6 디젤,2016
2025-04-22,케이지모빌리티 주식회사(KG Mobility Corp.),토레스 EVX,2024
2025-04-22,현대자동차(주),넥쏘 (NEXO) 수소전기차,2021
2025-04-22,기아 주식회사,카니발,2021
2025-04-22,케이지모빌리티 주식회사(KG Mobility Corp.),토레스 EVX,2024
2025-04-22,현대자동차(주),아이오닉6 (IONIQ6),2023
2025-04-22,케이지모빌리티 주식회사(KG Mobility Corp.),토레스 EVX,2024
2025-04-22,케이지모빌리티 주식회사(KG Mobility Corp.),토레스 EVX,2024
2025-04-22,케이지모빌리티 주식회사(KG Mobility Corp.),토레스 EVX,2024
2025-04-22,케이지모빌리티 주식회사(KG Mobility Corp.),토레스 EVX,2024
2025-04-22,케이지모빌리티 주식회사(KG Mobility Corp.),토레스 EVX,2024
2025-04-22,케이지모빌리티 주식회사(KG Mobility Corp.),토레스 EVX,2024
2025-04-22,기아 주식회사,쏘렌토 하이브리드,2025
2025-04-22,케이지모빌리티 주식회사(KG Mobility Corp.),토레스 EVX,2024
2025-04-22,기아 주식회사,K7,2017
2025-04-22,현대자동차(주),아반떼(AVANTE),2018
2025-04-22,케이지모빌리티 주식회사(KG Mobility Corp.),토레스 EVX,2024
2025-04-22,폭스바겐그룹코리아 주식회사,Arteon 2.0 TDI,2019
2025-04-22,케이지모빌리티 주식회사(KG Mobility Corp.),토레스 EVX,2024
2025-04-22,기아 주식회사,K5,2016
2025-04-22,현대자동차(주),아이오닉5 (IONIQ5),2023
2025-04-22,현대자동차(주),싼타페(SANTAFE),2013
2025-04-22,현대자동차(주),팰리세이드(Palisade),2025
2025-04-22,현대자동차(주),넥쏘 (NEXO) 수소전기차,2022
2025-04-22,현대자동차(주),GV60,2022
2025-04-22,비엠더블유코리아(주),BMW 520i,2018
2025-04-23,기아 주식회사,K5,2013
2025-04-23,현대자동차(주),EQ900,2016
2025-04-23,기아 주식회사,봉고Ⅲ 1톤 EV,2020
2025-04-23,비엠더블유코리아(주),BMW 530i xDrive M Sport Package,2020
2025-04-23,현대자동차(주),아이오닉5(IONIQ5),2022
2025-04-23,현대자동차(주),아이오닉 9 (IONIQ 9),2025
2025-04-23,현대자동차(주),그랜저 하이브리드,2019
2025-04-23,기아 주식회사,쏘렌토 하이브리드,2022
2025-04-23,현대자동차(주),팰리세이드(Palisade),2025
2025-04-23,기아 주식회사,K7,2020
2025-04-23,기아 주식회사,K7,2020
2025-04-23,기아 주식회사,쏘렌토 하이브리드,2022
2025-04-23,현대자동차(주),아반떼(AVANTE),2016
2025-04-23,비엠더블유코리아(주),BMW 520i,2018
2025-04-23,포드세일즈서비스코리아(유),Explorer 2.3,2020
2025-04-23,기아 주식회사,K7,2020
2025-04-23,기아 주식회사,니로 하이브리드,2020
2025-04-23,현대자동차(주),넥쏘 (NEXO) 수소전기차,2020
2025-04-23,한국지엠(주),CHEVROLET TRAVERSE AWD,2020
2025-04-23,현대자동차(주),아이오닉5 (IONIQ5),2022
2025-04-23,기아 주식회사,봉고Ⅲ EV 파워게이트,2023
2025-04-23,한국지엠(주),CHEVROLET COLORADO AWD,2022
2025-04-23,현대자동차(주),넥쏘 (NEXO) 수소전기차,2023
2025-04-23,현대자동차(주),G80,2021
2025-04-23,현대자동차(주),아반떼(AVANTE),2017
2025-04-23,현대자동차(주),싼타페(SANTAFE),2013
2025-04-23,현대자동차(주),팰리세이드(PALISADE),2019
2025-04-23,기아 주식회사,K8 하이브리드,2022
2025-04-23,현대자동차(주),그랜저 하이브리드,2018
2025-04-23,현대자동차(주),팰리세이드(PALISADE),2026
2025-04-23,폭스바겐그룹코리아 주식회사,Arteon 2.0 TDI,2019
2025-04-23,폭스바겐그룹코리아 주식회사,A6 40 TDI quattro,2020
2025-04-23,한국토요타자동차(주),토요타 Camry,2018
2025-04-23,기아 주식회사,K7,2020
2025-04-23,르노코리아(주),KOLEOS Hybrid(콜레오스 하이브리드),2025
2025-04-23,기아 주식회사,K7 하이브리드,2014
2025-04-23,현대자동차(주),넥쏘 (NEXO) 수소전기차,2021
2025-04-23,현대자동차(주),G80,2021
2025-04-23,비엠더블유코리아(주),BMW 520i,2018
2025-04-23,기아 주식회사,카니발,2021
2025-04-23,현대자동차(주),그랜저(GRANDEUR),2020
2025-04-23,현대자동차(주),팰리세이드(Palisade),2025
2025-04-24,현대자동차(주),넥쏘 (NEXO) 수소전기차,2019
2025-04-24,기아 주식회사,K7,2020
2025-04-24,현대자동차(주),투싼 하이브리드(TUCSON HYBRID),2021
2025-04-24,르노코리아(주),QM6,2018
2025-04-24,기아 주식회사,카니발,2021
2025-04-24,지엠아시아퍼시픽지역본부 주식회사,캐딜락 XT5,2018
2025-04-24,기아 주식회사,K7,2020
2025-04-24,현대자동차(주),아반떼(AVANTE),2018
2025-04-24,현대자동차(주),포터Ⅱ 일렉트릭 (PORTERⅡ ELECTRIC),2023
2025-04-24,지엠아시아퍼시픽지역본부 주식회사,CADILLAC XT6,2020
2025-04-24,현대자동차(주),쏘나타(SONATA),2015
2025-04-24,기아 주식회사,쏘렌토,2018
2025-04-24,메르세데스벤츠코리아(주),Mercedes-Benz S350 d,2022
2025-04-24,기아 주식회사,K7,2020
2025-04-24,(주)재규어랜드로버코리아,레인지로버 이보크 TD4,2019
2025-04-24,현대자동차(주),넥쏘 (NEXO) 수소전기차,2020
2025-04-24,현대자동차(주),베뉴(VENUE),2020
2025-04-24,폭스바겐그룹코리아 주식회사,Q4 e-tron 40,2022
2025-04-24,기아 주식회사,K7,2020
2025-04-24,기아 주식회사,K7,2020
2025-04-24,현대자동차(주),쏘나타(SONATA),2020
2025-04-24,지엠아시아퍼시픽지역본부 주식회사,캐딜락 CT6 3.6,2019
2025-04-24,현대자동차(주),투싼(TUCSON),2019
2025-04-24,메르세데스벤츠코리아(주),Mercedes-Benz S 350 d 4MATIC,2025
2025-04-24,폭스바겐그룹코리아 주식회사,Arteon 2.0TDI,2022
2025-04-24,폭스바겐그룹코리아 주식회사,Arteon 2.0TDI,2022
2025-04-24,한국지엠주식회사,올란도 2.0 LPG,2017
2025-04-24,르노코리아(주),SM5 LPLi,2012
2025-04-24,현대자동차(주),아반떼(AVANTE),2018
2025-04-25,현대자동차(주),그랜저(GRANDEUR),2020
2025-04-25,기아 주식회사,K7,2020
2025-04-25,비엠더블유코리아(주),MINI John Cooper Works Countryman ALL4,2025
2025-04-25,현대자동차(주),아반떼(AVANTE),2021
2025-04-25,현대자동차(주),아이오닉5(IONIQ5),2023
2025-04-25,현대자동차(주),팰리세이드(Palisade),2025
2025-04-25,기아 주식회사,EV3,2025
2025-04-25,현대자동차(주),아반떼(AVANTE),2021
2025-04-25,기아 주식회사,K7,2020
2025-04-25,기아 주식회사,K7,2020
2025-04-25,케이지모빌리티 주식회사(KG Mobility Corp.),토레스 EVX,2024
2025-04-25,비엠더블유코리아(주),BMW X3 xDrive20d xLine,2020
2025-04-25,현대자동차(주),아반떼(AVANTE),2017
2025-04-25,현대자동차(주),EQ900,2016
2025-04-25,현대자동차(주),아이오닉5 (IONIQ5),2023
2025-04-25,기아 주식회사,K7,2020
2025-04-25,기아 주식회사,EV3,2025
2025-04-25,기아 주식회사,EV3,2025
2025-04-25,현대자동차(주),아반떼(AVANTE),2017
2025-04-25,기아 주식회사,EV6,2022
2025-04-25,기아 주식회사,EV3,2025
2025-04-25,기아 주식회사,EV3,2025
2025-04-25,기아 주식회사,K7,2020
2025-04-25,기아 주식회사,EV3,2025
2025-04-25,케이지모빌리티 주식회사(KG Mobility Corp.),토레스 EVX,2024
2025-04-25,기아 주식회사,EV3,2025
2025-04-25,기아 주식회사,EV3,2025
2025-04-25,한불모터스(주),Peugeot 5008 1.5 BlueHDi,2020
2025-04-25,기아 주식회사,EV3,2025
2025-04-25,기아 주식회사,K7,2020
2025-04-25,기아 주식회사,EV6,2024
2025-04-28,볼보트럭코리아(주),FH 트랙터,2015
2025-04-28,테슬라코리아 유한회사,Model Y RWD,2024
2025-04-28,현대자동차(주),아반떼(AVANTE),2018
2025-04-28,기아 주식회사,K7 하이브리드,2020
2025-04-28,메르세데스벤츠코리아(주),Mercedes-Benz A220 Sedan,2021
2025-04-28,기아 주식회사,쏘렌토 하이브리드,2025
2025-04-28,폭스바겐그룹코리아 주식회사,Arteon 2.0 TDI,2019
2025-04-28,기아 주식회사,EV3,2025
2025-04-28,기아 주식회사,EV3,2025
2025-04-28,현대자동차(주),아이오닉6 (IONIQ6),2023
2025-04-28,현대자동차(주),쏘나타(SONATA),2020
2025-04-28,르노코리아(주),KOLEOS Hybrid(콜레오스 하이브리드),2025
2025-04-28,현대자동차(주),팰리세이드(Palisade),2025
2025-04-28,현대자동차(주),쏘나타(SONATA),2018
2025-04-28,현대자동차(주),팰리세이드(Palisade),2025
2025-04-28,케이지모빌리티 주식회사(KG Mobility Corp.),토레스 EVX,2024
2025-04-28,현대자동차(주),아이오닉6 (IONIQ6),2024
2025-04-28,메르세데스벤츠코리아(주),C220 d,2017
2025-04-28,비엠더블유코리아(주),BMW iX3 M Sport,2024
2025-04-28,현대자동차(주),그랜저(GRANDEUR),2018
2025-04-28,(주)한성특장,한성21톤윙바디,2023
2025-04-28,현대자동차(주),G80,2022
2025-04-28,기아 주식회사,스포티지 하이브리드,2023
2025-04-28,기아 주식회사,셀토스,2023
2025-04-28,비엠더블유코리아(주),BMW 530i,2018
2025-04-28,메르세데스벤츠코리아(주),Mercedes-Benz E 300 4MATIC,2024
2025-04-29,기아 주식회사,EV6,2022
2025-04-29,한국지엠주식회사,다마스5인승,2017
2025-04-29,폭스바겐그룹코리아 주식회사,ID.4 Pro,2023
2025-04-29,기아 주식회사,쏘렌토,2017
2025-04-29,기아 주식회사,K5,2021
2025-04-29,기아 주식회사,카니발,2021
2025-04-29,현대자동차(주),그랜저(GRANDEUR),2020
2025-04-29,폭스바겐그룹코리아 주식회사,ID.4 Pro,2023
2025-04-29,기아 주식회사,K7,2020
2025-04-29,기아 주식회사,K7,2019
2025-04-29,기아 주식회사,K7,2020
2025-04-29,폭스바겐그룹코리아 주식회사,ID.4 Pro,2025
2025-04-29,기아 주식회사,K7,2017
2025-04-29,기아 주식회사,K7,2020
2025-04-29,기아 주식회사,K7,2020
2025-04-29,기아 주식회사,K7,2020
2025-04-29,기아 주식회사,K7,2020
2025-04-29,기아 주식회사,K7,2020
2025-04-29,기아 주식회사,K7,2020
2025-04-29,기아 주식회사,K7,2020
2025-04-29,기아 주식회사,K7,2017
2025-04-29,현대자동차(주),아반떼(AVANTE),2016
2025-04-29,기아 주식회사,K7,2020
2025-04-29,비엠더블유코리아(주),BMW 530i,2018
2025-04-29,기아 주식회사,K7,2020
2025-04-29,기아 주식회사,K7,2021
2025-04-29,르노코리아(주),KOLEOS Hybrid(콜레오스 하이브리드),2025
2025-04-29,기아 주식회사,K7,2020
2025-04-29,기아 주식회사,K7,2020
2025-04-29,기아 주식회사,K7,2017
2025-04-29,기아 주식회사,카니발,2021
2025-04-29,기아 주식회사,K7,2020
2025-04-29,기아 주식회사,K8 하이브리드,2022
2025-04-29,현대자동차(주),넥쏘 (NEXO) 수소전기차,2022
2025-04-29,한불모터스(주),Peugeot 3008 1.5 BlueHDi,2019
2025-04-29,기아 주식회사,K7,2020
2025-04-29,현대자동차(주),그랜저(GRANDEUR),2022
2025-04-29,비엠더블유코리아(주),BMW iX3 M Sport,2024
2025-04-29,기아 주식회사,K7 하이브리드,2020
2025-04-29,기아 주식회사,K7 하이브리드,2020
2025-04-29,기아 주식회사,K7,2020
2025-04-29,기아 주식회사,K7,2020
2025-04-29,기아 주식회사,K7 하이브리드,2020
2025-04-29,기아 주식회사,K7,2020
2025-04-29,케이지모빌리티 주식회사(KG Mobility Corp.),토레스,2023
2025-04-29,기아 주식회사,K7,2020
2025-04-29,현대자동차(주),팰리세이드(Palisade),2025
2025-04-29,기아 주식회사,K7,2020
2025-04-29,비엠더블유코리아(주),BMW 320i Touring,2022
2025-04-29,기아 주식회사,K7,2020
2025-04-29,기아 주식회사,K7,2020
2025-04-29,현대자동차(주),그랜저(GRANDEUR),2020
2025-04-29,현대자동차(주),팰리세이드(PALISADE),2021
2025-04-29,기아 주식회사,EV3,2025
2025-04-30,현대자동차(주),아이오닉5(IONIQ5),2022
2025-04-30,(주)재규어랜드로버코리아,디스커버리 TD6,2018
2025-04-30,기아 주식회사,봉고Ⅲ 1톤 EV,2022
2025-04-30,현대자동차(주),그랜저(GRANDEUR),2020
2025-04-30,현대자동차(주),그랜저(GRANDEUR),2020
2025-04-30,기아 주식회사,쏘렌토 하이브리드,2022
2025-04-30,현대자동차(주),코나 하이브리드(KONA HYBRID),2023
2025-04-30,케이지모빌리티 주식회사(KG Mobility Corp.),렉스턴,2021
2025-04-30,테슬라코리아 유한회사,Model Y Long Range,2021
2025-04-30,비엠더블유코리아(주),BMW 540i xDrive,2018
2025-04-30,기아 주식회사,K7,2020
2025-04-30,기아 주식회사,스포티지,2017
2025-04-30,현대자동차(주),그랜저(GRANDEUR),2018
2025-04-30,기아 주식회사,K3,2013
2025-04-30,케이지모빌리티 주식회사(KG Mobility Corp.),토레스,2023
2025-04-30,기아 주식회사,K7,2020
2025-04-30,현대자동차(주),쏘나타(SONATA),2020
2025-04-30,한국지엠주식회사,올란도 1.6 디젤,2017
2025-04-30,현대자동차(주),싼타페 하이브리드(SANTAFE HYBRID),2025
2025-05-02,한국지엠주식회사,말리부 2.0 DOHC,2012
2025-05-02,현대자동차(주),아반떼(AVANTE),2021
2025-05-02,기아 주식회사,니로 플러스,2023
2025-05-02,기아 주식회사,K7,2020
2025-05-02,현대자동차(주),포터Ⅱ (PORTERⅡ),2024
2025-05-02,기아 주식회사,K7,2020
2025-05-02,케이지모빌리티 주식회사(KG Mobility Corp.),토레스 EVX,2024
2025-05-02,현대자동차(주),그랜저(GRANDEUR),2020
2025-05-02,케이지모빌리티 주식회사(KG Mobility Corp.),토레스 EVX,2024
2025-05-02,메르세데스벤츠코리아(주),E220 BlueTEC,2016
2025-05-02,기아 주식회사,K7,2020
2025-05-02,케이지모빌리티 주식회사(KG Mobility Corp.),토레스 EVX,2024
2025-05-02,기아 주식회사,K7,2020
2025-05-02,케이지모빌리티 주식회사(KG Mobility Corp.),토레스 EVX,2024
2025-05-02,한국지엠(주),CHEVROLET BOLT EV,2018
2025-05-02,케이지모빌리티 주식회사(KG Mobility Corp.),토레스 EVX,2024
2025-05-02,현대자동차(주),GV70,2021
2025-05-02,비엠더블유코리아(주),BMW Active Tourer,2016
2025-05-02,폭스바겐그룹코리아 주식회사,Tiguan 2.0 TDI,2020
2025-05-02,케이지모빌리티 주식회사(KG Mobility Corp.),토레스 EVX,2024
2025-05-02,현대자동차(주),그랜저(GRANDEUR),2018
2025-05-02,케이지모빌리티 주식회사(KG Mobility Corp.),토레스 EVX,2024
2025-05-02,기아 주식회사,K7,2020
2025-05-02,케이지모빌리티 주식회사(KG Mobility Corp.),토레스 EVX,2025
2025-05-02,기아 주식회사,K7,2020
2025-05-02,케이지모빌리티 주식회사(KG Mobility Corp.),토레스 EVX,2024
2025-05-02,케이지모빌리티 주식회사(KG Mobility Corp.),토레스 EVX,2024
2025-05-02,기아 주식회사,K7 하이브리드,2020
2025-05-02,케이지모빌리티 주식회사(KG Mobility Corp.),토레스 EVX,2024
2025-05-02,현대자동차(주),팰리세이드(Palisade),2025
2025-05-02,한국지엠주식회사,올란도 2.0 LPG,2012
2025-05-02,케이지모빌리티 주식회사(KG Mobility Corp.),토레스 EVX,2024
2025-05-02,케이지모빌리티 주식회사(KG Mobility Corp.),토레스 EVX,2024
2025-05-02,케이지모빌리티 주식회사(KG Mobility Corp.),토레스 EVX,2024
2025-05-02,현대자동차(주),포터Ⅱ 일렉트릭 (PORTERⅡ ELECTRIC),2021
2025-05-02,케이지모빌리티 주식회사(KG Mobility Corp.),토레스 EVX,2024
2025-05-02,케이지모빌리티 주식회사(KG Mobility Corp.),토레스 EVX,2024
2025-05-02,케이지모빌리티 주식회사(KG Mobility Corp.),토레스 EVX,2024
2025-05-02,케이지모빌리티 주식회사(KG Mobility Corp.),토레스 EVX,2024
2025-05-02,케이지모빌리티 주식회사(KG Mobility Corp.),토레스 EVX,2024
2025-05-02,케이지모빌리티 주식회사(KG Mobility Corp.),토레스 EVX,2024
2025-05-02,기아 주식회사,K7,2020
2025-05-02,기아 주식회사,K7,2020
2025-05-02,기아 주식회사,쏘렌토 하이브리드,2022
2025-05-02,기아 주식회사,K7,2020
2025-05-02,기아 주식회사,K7,2020
2025-05-02,현대자동차(주),그랜저(GRANDEUR),2025
2025-05-02,현대자동차(주),쏘나타(SONATA),2020
2025-05-02,기아 주식회사,K5,2019
2025-05-02,기아 주식회사,카니발,2021
2025-05-02,기아 주식회사,K7,2020
2025-05-02,기아 주식회사,EV6,2023
2025-05-02,케이지모빌리티 주식회사(KG Mobility Corp.),토레스 EVX,2024
2025-05-02,케이지모빌리티 주식회사(KG Mobility Corp.),렉스턴스포츠,2025
2025-05-02,기아 주식회사,K7,2020
2025-05-02,기아 주식회사,카니발,2021
2025-05-02,기아 주식회사,K7,2020
2025-05-02,현대자동차(주),그랜저(GRANDEUR),2018
2025-05-02,폭스바겐그룹코리아 주식회사,ID.4 Pro,2023
2025-05-07,혼다코리아(주),ACCORD 1.5T,2018
2025-05-07,한불모터스(주),Peugeot 5008 1.5 BlueHDi,2019
2025-05-07,스텔란티스코리아 주식회사,짚 그랜드 체로키 L,2022
2025-05-07,스텔란티스코리아 주식회사,짚 그랜드 체로키 L,2022
2025-05-07,케이지모빌리티 주식회사(KG Mobility Corp.),토레스 EVX,2024
2025-05-07,케이지모빌리티 주식회사(KG Mobility Corp.),토레스 EVX,2024
2025-05-07,케이지모빌리티 주식회사(KG Mobility Corp.),토레스 EVX,2024
2025-05-07,케이지모빌리티 주식회사(KG Mobility Corp.),토레스 EVX,2024
2025-05-07,케이지모빌리티 주식회사(KG Mobility Corp.),토레스 EVX,2024
2025-05-07,케이지모빌리티 주식회사(KG Mobility Corp.),토레스 EVX,2024
2025-05-07,케이지모빌리티 주식회사(KG Mobility Corp.),토레스 EVX,2024
2025-05-07,케이지모빌리티 주식회사(KG Mobility Corp.),토레스 EVX,2025
2025-05-07,케이지모빌리티 주식회사(KG Mobility Corp.),토레스 EVX,2024
2025-05-07,케이지모빌리티 주식회사(KG Mobility Corp.),토레스 EVX,2024
2025-05-07,케이지모빌리티 주식회사(KG Mobility Corp.),토레스 EVX,2024
2025-05-07,케이지모빌리티 주식회사(KG Mobility Corp.),토레스 EVX,2024
2025-05-07,케이지모빌리티 주식회사(KG Mobility Corp.),토레스 EVX,2024
2025-05-07,케이지모빌리티 주식회사(KG Mobility Corp.),토레스 EVX,2024
2025-05-07,케이지모빌리티 주식회사(KG Mobility Corp.),토레스 EVX,2024
2025-05-07,케이지모빌리티 주식회사(KG Mobility Corp.),토레스 EVX,2024
2025-05-07,케이지모빌리티 주식회사(KG Mobility Corp.),토레스 EVX,2024
2025-05-07,케이지모빌리티 주식회사(KG Mobility Corp.),토레스 EVX,2024
2025-05-07,케이지모빌리티 주식회사(KG Mobility Corp.),토레스 EVX,2024
2025-05-07,케이지모빌리티 주식회사(KG Mobility Corp.),토레스 EVX,2025
2025-05-07,케이지모빌리티 주식회사(KG Mobility Corp.),토레스 EVX,2024
2025-05-07,폭스바겐그룹코리아 주식회사,Tiguan 2.0 TDI,2018
2025-05-07,케이지모빌리티 주식회사(KG Mobility Corp.),토레스 EVX,2024
2025-05-07,케이지모빌리티 주식회사(KG Mobility Corp.),토레스 EVX,2024
2025-05-07,기아 주식회사,K7,2020
2025-05-07,기아 주식회사,K7 하이브리드,2020
2025-05-07,르노코리아(주),KOLEOS (콜레오스),2025
2025-05-07,케이지모빌리티 주식회사(KG Mobility Corp.),토레스 EVX,2024
2025-05-07,현대자동차(주),싼타페 하이브리드(SANTAFE HYBRID),2024
2025-05-07,케이지모빌리티 주식회사(KG Mobility Corp.),토레스 EVX,2024
2025-05-07,기아 주식회사,스포티지,2023
2025-05-07,(주)루트17,다니고밴,2021
2025-05-07,현대자동차(주),팰리세이드(Palisade),2025
2025-05-07,기아 주식회사,쏘렌토,2021
2025-05-07,한국지엠주식회사,말리부 2.0 DOHC,2013
2025-05-07,케이지모빌리티 주식회사(KG Mobility Corp.),토레스 EVX,2024
2025-05-07,한불모터스(주),DS7 Crossback 2.0 BlueHDi,2019
2025-05-07,기아 주식회사,EV6,2024
2025-05-07,기아 주식회사,K7,2020
2025-05-07,기아 주식회사,카니발 하이브리드,2025
2025-05-07,케이지모빌리티 주식회사(KG Mobility Corp.),토레스 EVX,2024
2025-05-07,케이지모빌리티 주식회사(KG Mobility Corp.),토레스 EVX,2024
2025-05-07,기아 주식회사,K8,2022
2025-05-07,케이지모빌리티 주식회사(KG Mobility Corp.),토레스 EVX,2024
2025-05-07,케이지모빌리티 주식회사(KG Mobility Corp.),토레스 EVX,2024
2025-05-07,현대자동차(주),쏘나타(SONATA),2020
2025-05-07,기아 주식회사,쏘렌토,2018
2025-05-07,기아 주식회사,K7,2020
2025-05-07,기아 주식회사,K7,2020
2025-05-07,기아 주식회사,K7,2020
2025-05-07,기아 주식회사,K7,2020
2025-05-07,스텔란티스코리아 주식회사,짚 그랜드 체로키 L,2022
2025-05-07,기아 주식회사,K7,2020
2025-05-08,현대자동차(주),투싼(TUCSON),2018
2025-05-08,케이지모빌리티 주식회사(KG Mobility Corp.),토레스 EVX,2024
2025-05-08,케이지모빌리티 주식회사(KG Mobility Corp.),토레스 EVX,2024
2025-05-08,케이지모빌리티 주식회사(KG Mobility Corp.),토레스 EVX,2024
2025-05-08,현대자동차(주),넥쏘 (NEXO) 수소전기차,2022
2025-05-08,기아 주식회사,스포티지,2025
2025-05-08,케이지모빌리티 주식회사(KG Mobility Corp.),토레스 EVX,2024
2025-05-08,케이지모빌리티 주식회사(KG Mobility Corp.),토레스 EVX,2024
2025-05-08,기아 주식회사,EV6,2023
2025-05-08,한국지엠(주),CHEVROLET IMPALA 2.5,2016
2025-05-08,현대자동차(주),투싼 하이브리드(TUCSON HYBRID),2021
2025-05-08,케이지모빌리티 주식회사(KG Mobility Corp.),토레스 EVX,2024
2025-05-08,케이지모빌리티 주식회사(KG Mobility Corp.),토레스 EVX,2024
2025-05-08,기아 주식회사,K7,2020
2025-05-08,케이지모빌리티 주식회사(KG Mobility Corp.),토레스 EVX,2024
2025-05-08,케이지모빌리티 주식회사(KG Mobility Corp.),토레스 EVX,2024
2025-05-08,케이지모빌리티 주식회사(KG Mobility Corp.),MUSSO EV,2026
2025-05-08,기아 주식회사,K7,2020
2025-05-08,케이지모빌리티 주식회사(KG Mobility Corp.),토레스 EVX,2024
2025-05-08,케이지모빌리티 주식회사(KG Mobility Corp.),토레스 EVX,2024
2025-05-08,케이지모빌리티 주식회사(KG Mobility Corp.),토레스 EVX,2024
2025-05-08,현대자동차(주),쏘나타(SONATA) 하이브리드,2014
2025-05-08,케이지모빌리티 주식회사(KG Mobility Corp.),토레스 EVX,2024
2025-05-08,현대자동차(주),아반떼(AVANTE),2018
2025-05-08,메르세데스벤츠코리아(주),Mercedes-Benz CLA250 4MATIC,2021
2025-05-08,케이지모빌리티 주식회사(KG Mobility Corp.),토레스 EVX,2024
2025-05-08,르노코리아(주),XM3,2022
2025-05-08,기아 주식회사,셀토스,2023
2025-05-08,기아 주식회사,EV3,2025
2025-05-08,케이지모빌리티 주식회사(KG Mobility Corp.),토레스 EVX,2024
2025-05-08,현대자동차(주),팰리세이드(PALISADE),2021
2025-05-08,메르세데스벤츠코리아(주),C200,2017
2025-05-08,기아 주식회사,K7,2020
2025-05-08,기아 주식회사,K7,2020
2025-05-08,케이지모빌리티 주식회사(KG Mobility Corp.),토레스 EVX,2024
2025-05-08,기아 주식회사,K7,2020
2025-05-08,현대자동차(주),그랜저(GRANDEUR),2021
2025-05-08,케이지모빌리티 주식회사(KG Mobility Corp.),토레스 EVX,2024
2025-05-08,현대자동차(주),포터Ⅱ 일렉트릭 내장탑(PORTERⅡ ELECTRIC),2022
2025-05-08,케이지모빌리티 주식회사(KG Mobility Corp.),토레스 EVX,2024
2025-05-08,케이지모빌리티 주식회사(KG Mobility Corp.),토레스 EVX,2024
2025-05-08,케이지모빌리티 주식회사(KG Mobility Corp.),토레스 EVX,2024
2025-05-08,케이지모빌리티 주식회사(KG Mobility Corp.),토레스 EVX,2024
2025-05-08,케이지모빌리티 주식회사(KG Mobility Corp.),토레스 EVX,2024
2025-05-08,기아 주식회사,쏘렌토 하이브리드,2021
2025-05-08,폭스바겐그룹코리아 주식회사,A6 40 TDI,2020
2025-05-08,기아 주식회사,셀토스,2021
2025-05-08,현대자동차(주),그랜저(GRANDEUR),2020
2025-05-08,기아 주식회사,K7,2020
2025-05-08,현대자동차(주),팰리세이드(PALISADE),2026
2025-05-08,기아 주식회사,K7,2020
2025-05-08,한국토요타자동차(주),렉서스 RX450h+,2024
2025-05-08,현대자동차(주),그랜저(GRANDEUR),2020
2025-05-08,케이지모빌리티 주식회사(KG Mobility Corp.),코란도 투리스모 샤토,2016
2025-05-08,기아 주식회사,K7,2020
2025-05-08,비엠더블유코리아(주),MINI Cooper,2021
2025-05-08,기아 주식회사,K7,2017
2025-05-09,비엠더블유코리아(주),BMW X3 xDrive20d,2018
2025-05-09,케이지모빌리티 주식회사(KG Mobility Corp.),토레스 EVX,2024
2025-05-09,메르세데스벤츠코리아(주),C200 CGI,2013
2025-05-09,(주)재규어랜드로버코리아,디스커버리 스포츠 2.0D,2016
2025-05-09,현대자동차(주),싼타페 하이브리드(SANTAFE HYBRID),2025
2025-05-09,현대자동차(주),싼타페 하이브리드(SANTAFE HYBRID),2025
2025-05-09,기아 주식회사,카니발 하이브리드,2024
2025-05-09,기아 주식회사,K7,2020
2025-05-09,현대자동차(주),쏘나타(SONATA),2020
2025-05-09,현대자동차(주),쏘나타(SONATA),2015
2025-05-09,기아 주식회사,K7,2020
2025-05-09,현대자동차(주),G80,2019
2025-05-09,만트럭버스코리아(주),TGX,2024
2025-05-09,기아 주식회사,스포티지,2018
2025-05-09,기아 주식회사,니로 EV,2022
2025-05-09,기아 주식회사,K7,2020
2025-05-09,메르세데스벤츠코리아(주),E220 BlueTEC,2016
2025-05-09,현대자동차(주),팰리세이드(PALISADE),2026
2025-05-09,현대자동차(주),쏘나타(SONATA),2020
2025-05-09,현대자동차(주),그랜저(GRANDEUR),2018
2025-05-09,현대자동차(주),그랜저(GRANDEUR),2021
2025-05-09,현대자동차(주),쏘나타(SONATA),2020
2025-05-09,비엠더블유코리아(주),BMW 530i xDrive,2018
2025-05-09,현대자동차(주),투싼(TUCSON),2019
2025-05-09,현대자동차(주),그랜저 하이브리드(GRANDEUR HYBRID),2020
2025-05-09,폭스바겐그룹코리아 주식회사,A6 40 TDI,2021
2025-05-09,기아 주식회사,K7,2020
2025-05-09,기아 주식회사,K7,2020
2025-05-09,기아 주식회사,K7,2020
2025-05-09,포르쉐코리아 주식회사,파나메라 4,2022
2025-05-09,케이지모빌리티 주식회사(KG Mobility Corp.),토레스 EVX,2024
2025-05-09,케이지모빌리티 주식회사(KG Mobility Corp.),토레스 EVX,2024
2025-05-09,케이지모빌리티 주식회사(KG Mobility Corp.),토레스 EVX,2024
2025-05-09,기아 주식회사,K7,2020
2025-05-09,기아 주식회사,K7,2020
2025-05-09,케이지모빌리티 주식회사(KG Mobility Corp.),토레스 EVX,2024
2025-05-09,케이지모빌리티 주식회사(KG Mobility Corp.),토레스 EVX,2024
2025-05-09,현대자동차(주),그랜저(GRANDEUR),2020
2025-05-12,현대자동차(주),팰리세이드 하이브리드(PALISADE HYBRID),2026
2025-05-12,현대자동차(주),아반떼(AVANTE),2019
2025-05-12,현대자동차(주),포터Ⅱ냉동탑차 (PORTER Ⅱ),2025
2025-05-12,현대자동차(주),싼타페 하이브리드(SANTAFE HYBRID),2023
2025-05-12,현대자동차(주),코나 일렉트릭(KONA Electric),2025
2025-05-12,케이지모빌리티 주식회사(KG Mobility Corp.),토레스 EVX,2024
2025-05-12,한국지엠주식회사,올란도 2.0 LPG,2015
2025-05-12,비엠더블유코리아(주),BMW 520d,2017
2025-05-12,현대자동차(주),쏘나타(SONATA),2020
2025-05-12,현대자동차(주),쏘나타(SONATA),2021
2025-05-12,현대자동차(주),넥쏘 (NEXO) 수소전기차,2019
2025-05-12,기아 주식회사,K7,2020
2025-05-12,현대자동차(주),쏘나타(SONATA),2020
2025-05-12,비엠더블유코리아(주),BMW 520i,2022
2025-05-12,현대자동차(주),그랜저(GRANDEUR),2019
2025-05-12,기아 주식회사,K7,2020
2025-05-12,현대자동차(주),아반떼 Hybrid(AVANTE Hybrid),2021
2025-05-12,폭스바겐그룹코리아 주식회사,Arteon 2.0 TDI,2019
2025-05-12,기아 주식회사,쏘렌토,2018
2025-05-12,현대자동차(주),팰리세이드(PALISADE),2021
2025-05-12,케이지모빌리티 주식회사(KG Mobility Corp.),토레스 EVX,2024
2025-05-12,케이지모빌리티 주식회사(KG Mobility Corp.),코란도 투리스모,2019
2025-05-12,현대자동차(주),아이오닉6 (IONIQ6),2023
2025-05-12,현대자동차(주),쏘나타(SONATA),2020
2025-05-12,현대자동차(주),쏘나타(SONATA),2020
2025-05-12,현대자동차(주),그랜저 하이브리드(GRANDEUR HYBRID),2020
2025-05-12,기아 주식회사,니로 플러스,2023
2025-05-12,현대자동차(주),쏘나타(SONATA),2020
2025-05-12,기아 주식회사,카니발,2022
2025-05-12,(주)재규어랜드로버코리아,재규어 F-PACE 20d AWD,2019
2025-05-12,폭스바겐그룹코리아 주식회사,Q4 e-tron 40,2022
2025-05-12,현대자동차(주),쏘나타(SONATA),2020
2025-05-12,케이지모빌리티 주식회사(KG Mobility Corp.),토레스 EVX,2024
2025-05-12,한국지엠주식회사,말리부 1.8 HYBRID,2019
2025-05-12,기아 주식회사,카니발,2021
2025-05-12,기아 주식회사,카니발,2021
2025-05-12,기아 주식회사,카니발,2023
2025-05-12,현대자동차(주),쏘나타(SONATA),2020
2025-05-12,현대자동차(주),아반떼(AVANTE),2016
2025-05-13,현대자동차(주),코나 일렉트릭 (KONA ELECTRIC),2019
2025-05-13,테슬라코리아 유한회사,Model Y RWD,2024
2025-05-13,현대자동차(주),GV60,2023
2025-05-13,현대자동차(주),아반떼(AVANTE),2017
2025-05-13,기아 주식회사,카니발 하이브리드,2024
2025-05-13,기아 주식회사,K5,2023
2025-05-13,현대자동차(주),쏘나타(SONATA),2020
2025-05-13,현대자동차(주),그랜저(GRANDEUR),2020
2025-05-13,폭스바겐그룹코리아 주식회사,Q4 e-tron 40,2022
2025-05-13,비엠더블유코리아(주),BMW 520d xDrive,2017
2025-05-13,현대자동차(주),GV70,2025
2025-05-13,현대자동차(주),쏘나타(SONATA),2020
2025-05-13,폭스바겐그룹코리아 주식회사,ID.4 Pro,2022
2025-05-13,기아 주식회사,쏘렌토,2021
2025-05-13,폭스바겐그룹코리아 주식회사,SQ5 3.0 TDI quattro,2014
2025-05-13,현대자동차(주),그랜저 하이브리드,2019
2025-05-13,기아 주식회사,니로 하이브리드,2022
2025-05-13,기아 주식회사,K7,2020
2025-05-13,현대자동차(주),쏘나타 하이브리드 (SONATA HYBRID),2020
2025-05-13,현대자동차(주),아반떼(AVANTE),2017
2025-05-13,현대자동차(주),쏘나타(SONATA),2020
2025-05-13,기아 주식회사,K7,2021
2025-05-13,현대자동차(주),쏘나타(SONATA),2020
2025-05-13,기아 주식회사,쏘울 전기차,2019
2025-05-13,메르세데스벤츠코리아(주),Mercedes-Benz E 300 4MATIC,2024
2025-05-13,폭스바겐그룹코리아 주식회사,ID.4 Pro,2022
2025-05-13,현대자동차(주),코나(KONA),2024
2025-05-13,현대자동차(주),아반떼(AVANTE),2016
2025-05-13,현대자동차(주),아반떼(AVANTE),2016
2025-05-13,현대자동차(주),쏘나타(SONATA),2020
2025-05-13,기아 주식회사,EV3,2026
2025-05-13,기아 주식회사,K7 하이브리드,2020
2025-05-13,기아 주식회사,K7,2020
2025-05-13,현대자동차(주),GV80,2020
2025-05-13,기아 주식회사,K7,2020
2025-05-13,현대자동차(주),코나(KONA),2025
2025-05-13,현대자동차(주),쏘나타(SONATA),2020
2025-05-13,기아 주식회사,K7,2020
2025-05-13,비엠더블유코리아(주),MINI Aceman SE,2025
2025-05-13,기아 주식회사,K7,2020
2025-05-13,현대자동차(주),그랜저 하이브리드,2019
2025-05-13,폭스바겐그룹코리아 주식회사,ID.4 Pro,2023
2025-05-13,기아 주식회사,K7,2020
2025-05-13,비엠더블유코리아(주),BMW 530i xDrive,2018
2025-05-14,기아 주식회사,봉고Ⅲ 1.2톤,2024
2025-05-14,현대자동차(주),아이오닉5 (IONIQ5),2022
2025-05-14,기아 주식회사,카니발,2021
2025-05-14,테슬라코리아 유한회사,Model 3 Standard Range Plus RWD,2020
2025-05-14,현대자동차(주),팰리세이드(Palisade),2025
2025-05-14,기아 주식회사,K7,2020
2025-05-14,기아 주식회사,K7,2020
2025-05-14,기아 주식회사,K7,2020
2025-05-14,기아 주식회사,봉고Ⅲ 1.2톤,2024
2025-05-14,현대자동차(주),넥쏘 (NEXO) 수소전기차,2021
2025-05-14,메르세데스벤츠코리아(주),E220 d,2017
2025-05-14,현대자동차(주),넥쏘 (NEXO) 수소전기차,2023
2025-05-14,기아 주식회사,카니발,2022
2025-05-14,기아 주식회사,K7,2020
2025-05-14,현대자동차(주),넥쏘 (NEXO) 수소전기차,2021
2025-05-14,비엠더블유코리아(주),BMW X5 xDrive40d,2016
2025-05-14,현대자동차(주),쏘나타(SONATA),2020
2025-05-14,현대자동차(주),G80,2021
2025-05-14,기아 주식회사,K7,2020
2025-05-14,현대자동차(주),G80,2021
2025-05-14,기아 주식회사,K7,2020
2025-05-14,현대자동차(주),G80,2021
2025-05-14,현대자동차(주),쏘나타(SONATA),2020
2025-05-14,폭스바겐그룹코리아 주식회사,ID.4 Pro,2023
2025-05-14,현대자동차(주),GV70,2021
2025-05-14,현대자동차(주),G80,2021
2025-05-14,현대자동차(주),G80,2021
2025-05-14,기아 주식회사,쏘렌토,2018
2025-05-14,현대자동차(주),아반떼(AVANTE),2021
2025-05-14,폭스바겐그룹코리아 주식회사,ID.4 Pro,2022
2025-05-14,현대자동차(주),아반떼 스포츠(AVANTE SPORT),2017
2025-05-14,폭스바겐그룹코리아 주식회사,ID.4 Pro,2023
2025-05-14,기아 주식회사,K7,2020
2025-05-14,현대자동차(주),아이오닉 일렉트릭(IONIQ ELECTRIC),2020
2025-05-14,현대자동차(주),쏘나타(SONATA),2020
2025-05-14,현대자동차(주),GV60,2023
2025-05-14,현대자동차(주),아이오닉5 (IONIQ5),2022
2025-05-14,현대자동차(주),G80,2022
2025-05-14,현대자동차(주),그랜저(GRANDEUR),2012
2025-05-14,현대자동차(주),그랜저(GRANDEUR),2018
2025-05-14,현대자동차(주),쏘나타(SONATA),2020
2025-05-14,현대자동차(주),팰리세이드(PALISADE),2020
2025-05-14,폭스바겐그룹코리아 주식회사,Tiguan 2.0 TDI,2020
2025-05-14,비엠더블유코리아(주),BMW iX3 M Sport,2024
2025-05-14,현대자동차(주),그랜저(GRANDEUR),2019
2025-05-14,테슬라코리아 유한회사,Model 3 RWD,2024
2025-05-14,현대자동차(주),그랜저(GRANDEUR),2019
2025-05-14,케이지모빌리티 주식회사(KG Mobility Corp.),토레스 EVX,2024
2025-05-14,케이지모빌리티 주식회사(KG Mobility Corp.),토레스 EVX,2024
2025-05-15,현대자동차(주),넥쏘 (NEXO) 수소전기차,2022
2025-05-15,폭스바겐그룹코리아 주식회사,Tiguan 2.0 TDI,2020
2025-05-15,현대자동차(주),G80,2021
2025-05-15,현대자동차(주),아반떼(AVANTE),2017
2025-05-15,현대자동차(주),아반떼(AVANTE),2016
2025-05-15,현대자동차(주),G80,2025
2025-05-15,현대자동차(주),아반떼(AVANTE),2021
2025-05-15,현대자동차(주),쏘나타(SONATA),2020
2025-05-15,현대자동차(주),넥쏘 (NEXO) 수소전기차,2022
2025-05-15,기아 주식회사,카니발,2019
2025-05-15,현대자동차(주),GV80,2020
2025-05-15,현대자동차(주),쏘나타(SONATA),2020
2025-05-15,기아 주식회사,카니발,2022
2025-05-15,르노코리아(주),QM6,2019
2025-05-15,기아 주식회사,EV3,2025
2025-05-15,현대자동차(주),넥쏘 (NEXO) 수소전기차,2022
2025-05-15,기아 주식회사,K7,2020
2025-05-15,현대자동차(주),투싼 하이브리드(TUCSON HYBRID),2021
2025-05-15,현대자동차(주),넥쏘 (NEXO) 수소전기차,2022
2025-05-15,기아 주식회사,K7 하이브리드,2020
2025-05-15,현대자동차(주),아반떼 (AVANTE),2013
2025-05-15,현대자동차(주),그랜저(GRANDEUR),2020
2025-05-15,현대자동차(주),그랜저(GRANDEUR),2019
2025-05-15,한불모터스(주),Peugeot 5008 1.5 BlueHDi,2020
2025-05-15,기아 주식회사,K7,2020
2025-05-15,케이지모빌리티 주식회사(KG Mobility Corp.),토레스 EVX,2024
2025-05-15,현대자동차(주),아반떼(AVANTE),2009
2025-05-15,기아 주식회사,K8 하이브리드,2023
2025-05-15,현대자동차(주),G80,2021
2025-05-15,케이지모빌리티 주식회사(KG Mobility Corp.),토레스 EVX,2024
2025-05-16,현대자동차(주),그랜저 하이브리드(GRANDEUR HYBRID),2020
2025-05-16,기아 주식회사,카니발 하이브리드,2025
2025-05-16,현대자동차(주),그랜저(GRANDEUR),2019
2025-05-16,기아 주식회사,K7,2020
2025-05-16,기아 주식회사,K7 하이브리드,2020
2025-05-16,현대자동차(주),쏘나타(SONATA),2020
2025-05-16,케이지모빌리티 주식회사(KG Mobility Corp.),코란도 투리스모,2014
2025-05-16,기아 주식회사,카니발,2021
2025-05-16,한국지엠주식회사,트랙스 1.2 터보,2024
2025-05-16,현대자동차(주),G80,2021
2025-05-16,기아 주식회사,카니발,2021
2025-05-16,기아 주식회사,K7 하이브리드,2020
2025-05-16,현대자동차(주),그랜저(GRANDEUR),2014
2025-05-16,기아 주식회사,K7,2020
2025-05-16,현대자동차(주),팰리세이드(Palisade),2025
2025-05-16,현대자동차(주),넥쏘 (NEXO) 수소전기차,2019
2025-05-16,메르세데스벤츠코리아(주),GLC220 d 4Matic,2016
2025-05-16,기아 주식회사,카니발 하이브리드,2025
2025-05-16,현대자동차(주),아반떼(AVANTE),2021
2025-05-16,현대자동차(주),넥쏘 (NEXO) 수소전기차,2022
2025-05-16,기아 주식회사,K7,2020
2025-05-16,케이지모빌리티 주식회사(KG Mobility Corp.),토레스 EVX,2024
2025-05-16,현대자동차(주),그랜저(GRANDEUR),2020
2025-05-16,현대자동차(주),팰리세이드 하이브리드(PALISADE HYBRID),2026
2025-05-19,주식회사 이브이케이엠씨,MASADA 2밴,2022
2025-05-19,메르세데스벤츠코리아(주),E220 d,2017
2025-05-19,메르세데스벤츠코리아(주),E220 d,2017
2025-05-19,기아 주식회사,K7,2020
2025-05-19,기아 주식회사,카니발 리무진,2021
2025-05-19,기아 주식회사,K7,2020
2025-05-19,현대자동차(주),싼타페 하이브리드(SANTAFE HYBRID),2024
2025-05-19,비엠더블유코리아(주),BMW X4 xDrive20i,2021
2025-05-19,기아 주식회사,봉고Ⅲ 1톤 EV,2021
2025-05-19,기아 주식회사,쏘렌토,2015
2025-05-19,현대자동차(주),넥쏘 (NEXO) 수소전기차,2020
2025-05-19,현대자동차(주),쏘나타(SONATA),2020
2025-05-19,현대자동차(주),싼타페 하이브리드(SANTAFE HYBRID),2024
2025-05-19,기아 주식회사,쏘렌토 하이브리드,2021
2025-05-19,현대자동차(주),넥쏘 (NEXO) 수소전기차,2022
2025-05-19,현대자동차(주),아반떼(AVANTE),2018
2025-05-19,폭스바겐그룹코리아 주식회사,Tiguan 2.0 TDI 4Motion,2020
2025-05-19,기아 주식회사,K7 하이브리드,2020
2025-05-19,현대자동차(주),그랜저(GRANDEUR),2013
2025-05-19,현대자동차(주),아반떼(AVANTE),2018
2025-05-19,테슬라코리아 유한회사,Model 3 Long Range,2024
2025-05-19,르노코리아(주),KOLEOS Hybrid(콜레오스 하이브리드),2025
2025-05-19,이베코그룹코리아 유한회사,이베코 6X2 트랙터,2023
2025-05-19,폭스바겐그룹코리아 주식회사,ID.4 Pro,2023
2025-05-19,비엠더블유코리아(주),BMW 530i,2018
2025-05-19,기아 주식회사,카니발,2023
2025-05-19,테슬라코리아 유한회사,Model 3 RWD,2024
2025-05-19,현대자동차(주),팰리세이드(PALISADE),2020
2025-05-19,한국닛산(주),ALTIMA 2.5,2015
2025-05-20,폭스바겐그룹코리아 주식회사,Q3 40 TFSI quattro,2025
2025-05-20,현대자동차(주),G80,2024
2025-05-20,현대자동차(주),넥쏘 (NEXO) 수소전기차,2022
2025-05-20,기아 주식회사,봉고Ⅲ 1톤,2020
2025-05-20,현대자동차(주),넥쏘 (NEXO) 수소전기차,2022
2025-05-20,현대자동차(주),G80,2021
2025-05-20,현대자동차(주),넥쏘 (NEXO) 수소전기차,2021
2025-05-20,메르세데스벤츠코리아(주),Mercedes-Benz EQE 350 +,2024
2025-05-20,기아 주식회사,니로 하이브리드,2018
2025-05-20,(주)재규어랜드로버코리아,레인지로버 4.4D,2016
2025-05-20,현대자동차(주),아반떼(AVANTE),2018
2025-05-20,기아 주식회사,K7 하이브리드,2019
2025-05-20,비엠더블유코리아(주),BMW 530i,2018
2025-05-20,비엠더블유코리아(주),BMW X4 xDrive20i,2021
2025-05-20,현대자동차(주),넥쏘 (NEXO) 수소전기차,2022
2025-05-20,기아 주식회사,K7,2020
2025-05-20,현대자동차(주),아반떼 (AVANTE),2015
2025-05-20,현대자동차(주),쏘나타(SONATA),2022
2025-05-20,현대자동차(주),아반떼 (AVANTE),2015
2025-05-20,현대자동차(주),그랜저(GRANDEUR),2018
2025-05-20,현대자동차(주),그랜저 하이브리드(GRANDEUR HYBRID),2022
2025-05-20,비엠더블유코리아(주),BMW 330i M Sport Package,2019
2025-05-20,현대자동차(주),아반떼(AVANTE),2016
2025-05-20,현대자동차(주),아반떼(AVANTE),2017
2025-05-20,폭스바겐그룹코리아 주식회사,ID.4 Pro,2023
2025-05-20,현대자동차(주),넥쏘 (NEXO) 수소전기차,2021
2025-05-20,기아 주식회사,카니발 하이리무진,2022
2025-05-20,현대자동차(주),넥쏘 (NEXO) 수소전기차,2022
2025-05-20,현대자동차(주),GV70,2021
2025-05-20,현대자동차(주),아슬란(ASLAN),2015
2025-05-20,비엠더블유코리아(주),BMW 530i xDrive,2018
2025-05-20,기아 주식회사,카니발,2021
2025-05-20,기아 주식회사,봉고Ⅲ 1톤,2024
2025-05-20,현대자동차(주),아이오닉5(IONIQ5),2023
2025-05-20,현대자동차(주),제네시스(GENESIS),2010
2025-05-20,비엠더블유코리아(주),BMW M340i,2021
2025-05-20,기아 주식회사,K7,2020
2025-05-21,케이지모빌리티 주식회사(KG Mobility Corp.),액티언,2025
2025-05-21,폭스바겐그룹코리아 주식회사,Tiguan 2.0 TDI,2020
2025-05-21,기아 주식회사,K5 하이브리드,2021
2025-05-21,현대자동차(주),넥쏘 (NEXO) 수소전기차,2022
2025-05-21,현대자동차(주),아반떼(AVANTE),2017
2025-05-21,기아 주식회사,K7,2021
2025-05-21,메르세데스벤츠코리아(주),Mercedes-Benz A220,2022
2025-05-21,현대자동차(주),넥쏘 (NEXO) 수소전기차,2022
2025-05-21,케이지모빌리티 주식회사(KG Mobility Corp.),토레스 EVX,2024
2025-05-21,기아 주식회사,쏘렌토 하이브리드,2022
2025-05-21,비엠더블유코리아(주),BMW 530i xDrive,2018
2025-05-21,현대자동차(주),G80,2021
2025-05-21,기아 주식회사,카니발 하이리무진,2024
2025-05-21,기아 주식회사,카니발,2021
2025-05-21,혼다코리아(주),ODYSSEY,2021
2025-05-21,기아 주식회사,쏘렌토 하이브리드,2022
2025-05-21,기아 주식회사,쏘렌토 하이브리드,2025
2025-05-21,현대자동차(주),G80,2021
2025-05-21,기아 주식회사,K7,2020
2025-05-21,현대자동차(주),G80,2021
2025-05-21,폭스바겐그룹코리아 주식회사,Tiguan 2.0 TDI,2020
2025-05-21,현대자동차(주),GV70,2022
2025-05-21,현대자동차(주),아반떼(AVANTE),2017
2025-05-21,한국지엠주식회사,올란도 2.0 LPG,2014
2025-05-21,현대자동차(주),팰리세이드(PALISADE),2022
2025-05-21,현대자동차(주),쏘나타(SONATA),2020
2025-05-21,현대자동차(주),코나 하이브리드(KONA HYBRID),2025
2025-05-21,(주)GS글로벌,T4K,2023
2025-05-21,현대자동차(주),벨로스터(VELOSTER),2018
2025-05-21,비엠더블유코리아(주),BMW 530i,2022
2025-05-21,기아 주식회사,K7,2020
2025-05-21,현대자동차(주),G70,2021
2025-05-21,르노코리아(주),KOLEOS Hybrid(콜레오스 하이브리드),2025
2025-05-21,현대자동차(주),G70,2021
2025-05-21,현대자동차(주),G80,2021
2025-05-21,한국지엠주식회사,올란도 1.6 디젤,2017
2025-05-21,기아 주식회사,EV6,2022
2025-05-21,현대자동차(주),넥쏘 (NEXO) 수소전기차,2024
2025-05-21,기아 주식회사,봉고Ⅲ EV 파워게이트,2021
2025-05-21,현대자동차(주),넥쏘 (NEXO) 수소전기차,2020
2025-05-21,현대자동차(주),GV80,2024
2025-05-21,현대자동차(주),아반떼(AVANTE),2016
2025-05-21,기아 주식회사,카니발 하이리무진,2022
2025-05-21,혼다코리아(주),NSS350A,2022
2025-05-21,현대자동차(주),G80,2021
2025-05-21,현대자동차(주),G80,2021
2025-05-21,기아 주식회사,카니발,2021
2025-05-21,현대자동차(주),G80,2025
2025-05-21,기아 주식회사,쏘렌토 하이브리드,2025
2025-05-21,현대자동차(주),넥쏘 (NEXO) 수소전기차,2023
2025-05-22,기아 주식회사,카니발,2021
2025-05-22,기아 주식회사,카니발,2021
2025-05-22,폭스바겐그룹코리아 주식회사,ID.4 Pro,2022
2025-05-22,폭스바겐그룹코리아 주식회사,ID.4 Pro,2022
2025-05-22,폭스바겐그룹코리아 주식회사,ID.4 Pro,2022
2025-05-22,폭스바겐그룹코리아 주식회사,ID.4 Pro,2022
2025-05-22,현대자동차(주),그랜저(GRANDEUR) 하이브리드,2015
2025-05-22,비엠더블유코리아(주),BMW i5 eDrive40,2024
2025-05-22,주식회사 이비온,E6,2022
2025-05-23,현대자동차(주),투싼 하이브리드(TUCSON HYBRID),2025
2025-05-23,한불모터스(주),Peugeot 5008 1.5 BlueHDi,2020
2025-05-23,르노코리아(주),QM3,2014
2025-05-23,현대자동차(주),아이오닉5(IONIQ5),2022
2025-05-23,메르세데스벤츠코리아(주),벤츠 EQC 400 4MATIC,2020
2025-05-23,기아 주식회사,니로 플러스,2023
2025-05-23,현대자동차(주),쏘나타(SONATA),2020
2025-05-23,CZP,하이브리드이동업무차,2020
2025-05-23,기아 주식회사,K7,2020
2025-05-23,현대자동차(주),아이오닉5 (IONIQ5),2022
2025-05-23,현대자동차(주),싼타페 하이브리드(SANTAFE HYBRID),2024
2025-05-23,폭스바겐그룹코리아 주식회사,Tiguan 2.0 TDI BMT,2016
2025-05-23,폭스바겐그룹코리아 주식회사,ID.4 Pro,2022
2025-05-23,폭스바겐그룹코리아 주식회사,ID.4 Pro,2022
2025-05-23,기아 주식회사,카니발,2021
2025-05-23,기아 주식회사,K7,2020
2025-05-23,기아 주식회사,카니발 리무진,2021
2025-05-23,현대자동차(주),그랜저(GRANDEUR),2011
2025-05-23,현대자동차(주),넥쏘 (NEXO) 수소전기차,2023
2025-05-23,폭스바겐그룹코리아 주식회사,ID.4 Pro,2022
2025-05-23,현대자동차(주),넥쏘 (NEXO) 수소전기차,2021
2025-05-23,기아 주식회사,K7,2020
2025-05-23,기아 주식회사,카니발,2021
2025-05-23,현대자동차(주),넥쏘 (NEXO) 수소전기차,2023
2025-05-23,기아 주식회사,K7,2020
2025-05-23,현대자동차(주),싼타페 하이브리드(SANTAFE HYBRID),2025
2025-05-23,현대자동차(주),쏘나타(SONATA),2020
2025-05-23,폭스바겐그룹코리아 주식회사,ID.4 Pro,2025
2025-05-23,현대자동차(주),넥쏘 (NEXO) 수소전기차,2022
2025-05-23,현대자동차(주),G80,2022
2025-05-23,기아 주식회사,K7,2017
2025-05-23,기아 주식회사,K7,2020
2025-05-23,포르쉐코리아 주식회사,마칸 S,2023
2025-05-26,기아 주식회사,K7,2020
2025-05-26,현대자동차(주),그랜저(GRANDEUR),2015
2025-05-26,폭스바겐그룹코리아 주식회사,Tiguan 2.0 TDI,2020
2025-05-26,포드세일즈서비스코리아(유),Lincoln Corsair 2.0,2021
2025-05-26,현대자동차(주),아이오닉6 (IONIQ6),2023
2025-05-26,르노코리아(주),SM6,2016
2025-05-26,혼다코리아(주),PILOT,2019
2025-05-26,비엠더블유코리아(주),BMW 530e,2021
2025-05-26,기아 주식회사,K7,2013
2025-05-26,폭스바겐그룹코리아 주식회사,ID.4 Pro,2022
2025-05-26,현대자동차(주),팰리세이드(PALISADE),2019
2025-05-26,현대자동차(주),넥쏘 (NEXO) 수소전기차,2022
2025-05-26,기아 주식회사,카니발,2021
2025-05-26,현대자동차(주),그랜저(GRANDEUR),2020
2025-05-26,폭스바겐그룹코리아 주식회사,ID.4 Pro,2022
2025-05-26,현대자동차(주),투싼(TUCSON),2019
2025-05-26,폭스바겐그룹코리아 주식회사,ID.4 Pro,2023
2025-05-26,케이지모빌리티 주식회사(KG Mobility Corp.),티볼리,2020
2025-05-26,기아 주식회사,카니발,2021
2025-05-26,현대자동차(주),쏘나타(SONATA),2016
2025-05-26,현대자동차(주),코나 하이브리드(KONA HYBRID),2025
2025-05-26,기아 주식회사,K7,2020
2025-05-26,현대자동차(주),넥쏘 (NEXO) 수소전기차,2022
2025-05-26,현대자동차(주),넥쏘 (NEXO) 수소전기차,2019
2025-05-26,비엠더블유코리아(주),BMW iX3 M Sport,2024
2025-05-26,기아 주식회사,카니발 리무진,2022
2025-05-26,현대자동차(주),쏘나타(SONATA),2016
2025-05-26,기아 주식회사,쏘렌토 하이브리드,2021
2025-05-26,현대자동차(주),G80,2021
2025-05-26,기아 주식회사,카니발,2021
2025-05-26,기아 주식회사,카니발,2021
2025-05-26,기아 주식회사,카니발 리무진,2021
2025-05-26,현대자동차(주),넥쏘 (NEXO) 수소전기차,2022
2025-05-26,현대자동차(주),투싼 하이브리드(TUCSON HYBRID),2022
2025-05-26,현대자동차(주),싼타페(SANTAFE),2019
2025-05-26,비엠더블유코리아(주),BMW i3 120Ah LUX,2020
2025-05-26,현대자동차(주),아이오닉6 (IONIQ6),2023
2025-05-26,기아 주식회사,K5,2025
2025-05-26,기아 주식회사,K7,2020
2025-05-26,현대자동차(주),넥쏘 (NEXO) 수소전기차,2023
2025-05-26,기아 주식회사,카니발,2022
2025-05-26,기아 주식회사,K7,2020
2025-05-26,현대자동차(주),아이오닉5(IONIQ5),2024
2025-05-27,현대자동차(주),넥쏘 (NEXO) 수소전기차,2019
2025-05-27,기아 주식회사,카니발 하이브리드,2024
2025-05-27,현대자동차(주),그랜저(GRANDEUR),2020
2025-05-27,현대자동차(주),아반떼(AVANTE),2018
2025-05-27,기아 주식회사,쏘렌토 하이브리드,2021
2025-05-27,기아 주식회사,카니발 하이브리드,2024
2025-05-27,기아 주식회사,K7 하이브리드,2020
2025-05-27,현대자동차(주),쏘나타(SONATA),2021
2025-05-27,현대자동차(주),G80,2021
2025-05-27,폭스바겐그룹코리아 주식회사,A6 45 TDI quattro,2022
2025-05-27,기아 주식회사,카니발,2021
2025-05-27,폭스바겐그룹코리아 주식회사,ID.4 Pro,2022
2025-05-27,현대자동차(주),쏘나타(SONATA),2020
2025-05-27,기아 주식회사,K5 하이브리드,2020
2025-05-27,기아 주식회사,카니발,2022
2025-05-27,한불모터스(주),Peugeot 5008 1.5 BlueHDi,2020
2025-05-27,기아 주식회사,EV3,2025
2025-05-27,기아 주식회사,EV3,2025
2025-05-27,현대자동차(주),넥쏘 (NEXO) 수소전기차,2020
2025-05-27,현대자동차(주),팰리세이드(PALISADE),2022
2025-05-27,현대자동차(주),쏘나타(SONATA),2020
2025-05-27,기아 주식회사,카니발,2021
2025-05-27,현대자동차(주),코나 일렉트릭 (KONA ELECTRIC),2019
2025-05-27,비엠더블유코리아(주),BMW iX3 M Sport,2024
2025-05-27,기아 주식회사,K7,2020
2025-05-27,현대자동차(주),넥쏘 (NEXO) 수소전기차,2022
2025-05-27,르노코리아(주),KOLEOS Hybrid(콜레오스 하이브리드),2025
2025-05-27,현대자동차(주),아반떼(AVANTE),2021
2025-05-27,기아 주식회사,K7,2020
2025-05-27,기아 주식회사,K3,2020
2025-05-27,현대자동차(주),아이오닉6 (IONIQ6),2023
2025-05-28,볼보트럭코리아(주),FH 트랙터,2019
2025-05-28,현대자동차(주),쏘나타(SONATA),2020
2025-05-28,메르세데스벤츠코리아(주),E220 d,2017
2025-05-28,메르세데스벤츠코리아(주),Mercedes-Benz S 450 4MATIC,2025
2025-05-28,메르세데스벤츠코리아(주),E220 d 4Matic,2017
2025-05-28,폭스바겐그룹코리아 주식회사,A6 45 TFSI quattro,2020
2025-05-28,기아 주식회사,K9,2013
2025-05-28,폭스바겐그룹코리아 주식회사,Arteon 2.0 TDI,2019
2025-05-28,기아 주식회사,카니발,2021
2025-05-28,기아 주식회사,EV3,2025
2025-05-28,현대자동차(주),G80,2021
2025-05-28,포드세일즈서비스코리아(유),Explorer 2.3,2020
2025-05-28,폭스바겐그룹코리아 주식회사,Arteon 2.0 TDI,2019
2025-05-28,기아 주식회사,K7 하이브리드,2020
2025-05-28,현대자동차(주),GV60,2022
2025-05-28,현대자동차(주),넥쏘 (NEXO) 수소전기차,2019
2025-05-28,현대자동차(주),그랜저(GRANDEUR),2022
2025-05-28,비엠더블유코리아(주),BMW 520d,2018
2025-05-28,기아 주식회사,카니발 하이브리드,2025
2025-05-28,한불모터스(주),Peugeot 5008 1.5 BlueHDi,2019
2025-05-28,기아 주식회사,EV3,2025
2025-05-28,현대자동차(주),쏘나타(SONATA),2020
2025-05-28,비엠더블유코리아(주),BMW 530i xDrive,2017
2025-05-28,기아 주식회사,카니발 리무진,2023
2025-05-28,기아 주식회사,카니발 리무진,2016
2025-05-28,기아 주식회사,EV6,2022
2025-05-29,에스케이브이특장차(주),에스케이23.5톤상승윙바디,2025
2025-05-29,한국지엠주식회사,트랙스 1.2 터보,2024
2025-05-29,기아 주식회사,봉고Ⅲ 4륜구동,2024
2025-05-29,현대자동차(주),쏘나타 (SONATA),2011
2025-05-29,현대자동차(주),GV80,2020
2025-05-29,기아 주식회사,K7,2020
2025-05-29,현대자동차(주),쏘나타(SONATA),2020
2025-05-29,현대자동차(주),아반떼 Hybrid(AVANTE Hybrid),2022
2025-05-29,현대자동차(주),넥쏘 (NEXO) 수소전기차,2023
2025-05-29,현대자동차(주),투싼 하이브리드(TUCSON HYBRID),2021
2025-05-29,현대자동차(주),베뉴(VENUE),2020
2025-05-29,테슬라코리아 유한회사,Model Y RWD,2024
2025-05-29,기아 주식회사,K7,2020
2025-05-29,기아 주식회사,EV3,2025
2025-05-29,현대자동차(주),아반떼 N 라인(AVANTE N Line),2021
2025-05-29,기아 주식회사,K7 하이브리드,2020
2025-05-29,현대자동차(주),그랜저 하이브리드,2019
2025-05-29,기아 주식회사,K5,2025
2025-05-29,기아 주식회사,K7,2020
2025-05-29,기아 주식회사,K7,2020
2025-05-29,폭스바겐그룹코리아 주식회사,Tiguan Allspace,2023
2025-05-29,케이지모빌리티 주식회사(KG Mobility Corp.),토레스,2025
2025-05-29,기아 주식회사,쏘렌토 하이브리드,2022
2025-05-29,비엠더블유코리아(주),BMW 520i,2022
2025-05-29,현대자동차(주),싼타페 하이브리드(SANTAFE HYBRID),2024
2025-05-29,메르세데스벤츠코리아(주),Mercedes-Benz GLC300 4MATIC Coupe,2020
2025-05-29,D7P,두스포츠일반화물운송트레일러,2022
2025-05-29,현대자동차(주),G80,2021
2025-05-29,기아 주식회사,K7,2020
2025-05-30,현대자동차(주),캐스퍼 일렉트릭(CASPER Electric),2025
2025-05-30,기아 주식회사,EV3,2025
2025-05-30,스텔란티스코리아 주식회사,짚 컴패스 2.4 AWD,2022
2025-05-30,현대자동차(주),포터Ⅱ (PORTERⅡ),2025
2025-05-30,기아 주식회사,카니발,2021
2025-05-30,현대자동차(주),넥쏘 (NEXO) 수소전기차,2021
2025-05-30,현대자동차(주),넥쏘 (NEXO) 수소전기차,2021
2025-05-30,현대자동차(주),그랜저 하이브리드(GRANDEUR HYBRID),2021
2025-05-30,메르세데스벤츠코리아(주),E300 4Matic,2019
2025-05-30,현대자동차(주),싼타페(SANTAFE),2021
2025-05-30,기아 주식회사,카니발,2023
2025-05-30,기아 주식회사,카니발,2021
2025-05-30,기아 주식회사,K5,2020
2025-05-30,현대자동차(주),아이오닉6 (IONIQ6),2023
2025-05-30,(주)재규어랜드로버코리아,디스커버리 TD6,2019
2025-05-30,기아 주식회사,카니발,2019
2025-05-30,현대자동차(주),G80,2021
2025-05-30,기아 주식회사,K5 하이브리드,2020
2025-05-30,현대자동차(주),그랜저 하이브리드,2018
2025-05-30,기아 주식회사,쏘렌토 하이브리드,2024
2025-05-30,현대자동차(주),팰리세이드(PALISADE),2026
2025-05-30,현대자동차(주),넥쏘 (NEXO) 수소전기차,2021
2025-05-30,비엠더블유코리아(주),BMW 530i,2018
2025-05-30,기아 주식회사,카니발 리무진,2022
2025-05-30,기아 주식회사,K7,2020
2025-05-30,메르세데스벤츠코리아(주),Mercedes-Benz CLA250 4MATIC,2022
2025-05-30,르노코리아(주),QM3,2014
2025-05-30,기아 주식회사,EV3,2025
2025-05-30,현대자동차(주),넥쏘 (NEXO) 수소전기차,2019
2025-05-30,기아 주식회사,K5,2021
2025-05-30,현대자동차(주),쏘나타(SONATA),2021
2025-05-30,현대자동차(주),넥쏘 (NEXO) 수소전기차,2022
2025-06-02,현대자동차(주),그랜저 하이브리드(GRANDEUR HYBRID),2023
2025-06-02,기아 주식회사,카니발,2021
2025-06-02,현대자동차(주),쏘나타(SONATA),2020
2025-06-02,기아 주식회사,K7,2020
2025-06-02,현대자동차(주),그랜저(GRANDEUR),2020
2025-06-02,기아 주식회사,쏘렌토 하이브리드,2021
2025-06-02,기아 주식회사,쏘렌토,2021
2025-06-02,현대자동차(주),넥쏘 (NEXO) 수소전기차,2020
2025-06-02,기아 주식회사,카니발,2023
2025-06-02,기아 주식회사,카니발 리무진,2021
2025-06-02,기아 주식회사,카니발 리무진,2021
2025-06-02,한국닛산(주),Altima 2.5,2019
2025-06-02,현대자동차(주),아반떼(AVANTE),2017
2025-06-02,혼다코리아(주),CR-V HYBRID 4WD,2024
2025-06-02,현대자동차(주),아반떼(AVANTE),2017
2025-06-02,현대자동차(주),그랜저 하이브리드(GRANDEUR HYBRID),2023
2025-06-02,메르세데스벤츠코리아(주),E300 4Matic,2017
2025-06-02,현대자동차(주),그랜저 하이브리드(GRANDEUR HYBRID),2023
2025-06-02,현대자동차(주),포터Ⅱ (PORTERⅡ),2025
2025-06-02,현대자동차(주),쏘나타(SONATA),2020
2025-06-02,폭스바겐그룹코리아 주식회사,ID.4 Pro,2023
2025-06-02,기아 주식회사,K7,2020
2025-06-02,폭스바겐그룹코리아 주식회사,Passat 2.0 TSI,2018
2025-06-02,기아 주식회사,카니발,2021
2025-06-02,현대자동차(주),G80,2021
2025-06-02,현대자동차(주),쏘나타(SONATA),2020
2025-06-02,기아 주식회사,K7,2020
2025-06-02,기아 주식회사,K7,2020
2025-06-02,기아 주식회사,카니발,2019
2025-06-02,현대자동차(주),쏘나타(SONATA),2020
2025-06-02,메르세데스벤츠코리아(주),CLS250 CDI,2014
2025-06-02,한불모터스(주),Peugeot 3008 1.5 BlueHDi,2021
2025-06-02,기아 주식회사,K5 하이브리드,2015
2025-06-02,현대자동차(주),그랜저(GRANDEUR),2018
2025-06-02,현대자동차(주),쏘나타(SONATA),2020
2025-06-02,폭스바겐그룹코리아 주식회사,Golf 2.0 TDI BMT,2016
2025-06-02,메르세데스벤츠코리아(주),Mercedes-Benz S 350 d 4MATIC,2025
2025-06-02,현대자동차(주),GV70,2025
2025-06-02,기아 주식회사,카니발,2021
2025-06-02,현대자동차(주),싼타페(SANTAFE),2024
2025-06-02,현대자동차(주),아이오닉 일렉트릭(IONIQ ELECTRIC),2019
2025-06-02,현대자동차(주),팰리세이드(PALISADE),2022
2025-06-02,현대자동차(주),아반떼(AVANTE),2021
2025-06-02,현대자동차(주),넥쏘 (NEXO) 수소전기차,2022
2025-06-02,현대자동차(주),넥쏘 (NEXO) 수소전기차,2021
2025-06-02,르노코리아(주),QM6,2017
2025-06-02,현대자동차(주),팰리세이드(PALISADE),2026
2025-06-02,현대자동차(주),팰리세이드(PALISADE),2026
2025-06-02,한국지엠주식회사,말리부 1.8 HYBRID,2018
2025-06-04,케이지모빌리티 주식회사(KG Mobility Corp.),코란도C,2015
2025-06-04,제이스모빌리티 주식회사,이티밴 프로,2024
2025-06-04,현대자동차(주),그랜저 하이브리드(GRANDEUR HYBRID),2020
2025-06-04,현대자동차(주),아반떼(AVANTE),2021
2025-06-04,기아 주식회사,카니발,2021
2025-06-04,한국지엠주식회사,크루즈 1.8 DOHC,2013
2025-06-04,현대자동차(주),넥쏘 (NEXO) 수소전기차,2022
2025-06-04,현대자동차(주),쏘나타(SONATA),2020
2025-06-04,현대자동차(주),아이오닉6 (IONIQ6),2023
2025-06-04,비엠더블유코리아(주),BMW X5 xDrive50e,2024
2025-06-04,현대자동차(주),쏘나타(SONATA),2020
2025-06-04,현대자동차(주),그랜저 하이브리드(GRANDEUR HYBRID),2023
2025-06-04,현대자동차(주),아반떼(AVANTE),2021
2025-06-04,혼다코리아(주),ACCORD HYBRID,2019
2025-06-04,현대자동차(주),그랜저 하이브리드(GRANDEUR HYBRID),2023
2025-06-04,현대자동차(주),싼타페(SANTAFE),2016
2025-06-04,현대자동차(주),아반떼 Hybrid(AVANTE Hybrid),2021
2025-06-04,기아 주식회사,K5,2022
2025-06-04,기아 주식회사,쏘렌토 하이브리드,2024
2025-06-04,현대자동차(주),넥쏘 (NEXO) 수소전기차,2021
2025-06-04,케이지모빌리티 주식회사(KG Mobility Corp.),렉스턴,2021
2025-06-04,기아 주식회사,스포티지 하이브리드,2022
2025-06-04,현대자동차(주),그랜저(GRANDEUR),2020
2025-06-04,기아 주식회사,K5,2021
2025-06-04,기아 주식회사,스포티지,2018
2025-06-04,현대자동차(주),그랜저(GRANDEUR),2020
2025-06-04,기아 주식회사,카니발,2021
2025-06-04,현대자동차(주),쏘나타(SONATA),2020
2025-06-04,현대자동차(주),쏘나타(SONATA),2020
2025-06-04,현대자동차(주),그랜저 하이브리드(GRANDEUR HYBRID),2020
2025-06-04,비엠더블유코리아(주),BMW 320d Gran Turismo xDrive,2018
2025-06-04,현대자동차(주),쏘나타 (SONATA),2008
2025-06-04,한불모터스(주),Peugeot 3008 1.5 BlueHDi,2020
2025-06-04,현대자동차(주),팰리세이드 하이브리드(PALISADE HYBRID),2026
2025-06-04,현대자동차(주),팰리세이드 하이브리드(PALISADE HYBRID),2026
2025-06-04,비엠더블유코리아(주),BMW iX3 M Sport,2023
2025-06-04,현대자동차(주),아반떼(AVANTE),2021
2025-06-04,(주)재규어랜드로버코리아,디스커버리4 3.0D,2014
2025-06-05,기아 주식회사,쏘렌토 하이브리드,2021
2025-06-05,현대자동차(주),싼타페 하이브리드(SANTAFE HYBRID),2025
2025-06-05,기아 주식회사,봉고Ⅲ 1톤,2024
2025-06-05,현대자동차(주),아반떼(AVANTE),2021
2025-06-05,현대자동차(주),G80,2022
2025-06-05,기아 주식회사,K5 하이브리드,2020
2025-06-05,기아 주식회사,카니발,2021
2025-06-05,기아 주식회사,니로 하이브리드,2018
2025-06-05,현대자동차(주),아반떼(AVANTE),2017
2025-06-05,기아 주식회사,카니발,2021
2025-06-05,기아 주식회사,EV6,2022
2025-06-05,기아 주식회사,K7,2020
2025-06-05,기아 주식회사,K7,2020
2025-06-05,현대자동차(주),아반떼(AVANTE),2018
2025-06-05,폭스바겐그룹코리아 주식회사,Tiguan 2.0 TDI,2020
2025-06-05,현대자동차(주),아반떼(AVANTE),2021
2025-06-05,현대자동차(주),그랜저(GRANDEUR),2018
2025-06-05,현대자동차(주),싼타페(SANTAFE),2021
2025-06-05,케이지모빌리티 주식회사(KG Mobility Corp.),렉스턴스포츠 칸,2025
2025-06-05,현대자동차(주),포터Ⅱ하이냉동탑차 (PORTER Ⅱ),2025
2025-06-05,케이지모빌리티 주식회사(KG Mobility Corp.),렉스턴스포츠 칸,2025
2025-06-05,현대자동차(주),아반떼(AVANTE),2021
2025-06-05,현대자동차(주),쏘나타(SONATA),2020
2025-06-05,현대자동차(주),쏘나타(SONATA),2020
2025-06-05,르노코리아(주),QM6,2018
2025-06-05,케이지모빌리티 주식회사(KG Mobility Corp.),G4 렉스턴,2020
2025-06-05,현대자동차(주),그랜저(GRANDEUR),2020
2025-06-05,케이지모빌리티 주식회사(KG Mobility Corp.),토레스,2023
2025-06-05,케이지모빌리티 주식회사(KG Mobility Corp.),코란도,2025
2025-06-05,한불모터스(주),Peugeot 5008 1.5 BlueHDi,2019
2025-06-05,현대자동차(주),아반떼 (AVANTE),2012
2025-06-05,기아 주식회사,K7,2021
2025-06-05,기아 주식회사,K7,2020
2025-06-05,폭스바겐그룹코리아 주식회사,Tiguan 2.0TDI 4Motion,2021
2025-06-05,폭스바겐그룹코리아 주식회사,Tiguan 2.0TDI 4Motion,2021
2025-06-05,기아 주식회사,카니발,2021
2025-06-05,현대자동차(주),팰리세이드(Palisade),2025
2025-06-05,테슬라코리아 유한회사,Model S 100D,2018
2025-06-09,기아 주식회사,셀토스,2025
2025-06-09,르노코리아(주),KOLEOS Hybrid(콜레오스 하이브리드),2025
2025-06-09,현대자동차(주),그랜저(GRANDEUR),2020
2025-06-09,현대자동차(주),그랜저(GRANDEUR),2020
2025-06-09,기아 주식회사,K7,2021
2025-06-09,현대자동차(주),아반떼(AVANTE),2017
2025-06-09,한불모터스(주),Peugeot 508SW 1.5 BlueHDi,2021
2025-06-09,기아 주식회사,K7,2020
2025-06-09,현대자동차(주),쏘나타(SONATA),2020
2025-06-09,현대자동차(주),팰리세이드 하이브리드(PALISADE HYBRID),2026
2025-06-09,기아 주식회사,카니발,2022
2025-06-09,메르세데스벤츠코리아(주),Mercedes-AMG E63 4Matic +,2018
2025-06-09,기아 주식회사,카니발,2022
2025-06-09,기아 주식회사,K7,2020
2025-06-09,현대자동차(주),아반떼(AVANTE),2021
2025-06-09,현대자동차(주),쏘나타(SONATA),2020
2025-06-09,기아 주식회사,K5,2021
2025-06-09,케이지모빌리티 주식회사(KG Mobility Corp.),렉스턴스포츠 칸 쿨멘,2024
2025-06-09,기아 주식회사,카니발,2019
2025-06-09,현대자동차(주),쏘나타(SONATA),2020
2025-06-09,기아 주식회사,쏘렌토 하이브리드,2021
2025-06-09,현대자동차(주),넥쏘 (NEXO) 수소전기차,2022
2025-06-09,비엠더블유코리아(주),BMW 520d M Sport Package,2020
2025-06-09,기아 주식회사,카니발,2021
2025-06-09,폭스바겐그룹코리아 주식회사,A6 40 TDI,2020
2025-06-09,기아 주식회사,K5,2020
2025-06-09,폭스바겐그룹코리아 주식회사,A6 40 TDI,2020
2025-06-09,한불모터스(주),Peugeot 5008 GT 2.0 BlueHDi,2020
2025-06-10,현대자동차(주),싼타페 하이브리드(SANTAFE HYBRID),2024
2025-06-10,폭스바겐그룹코리아 주식회사,Arteon 2.0 TDI,2020
2025-06-10,폭스바겐그룹코리아 주식회사,Arteon 2.0 TDI,2018
2025-06-10,스텔란티스코리아 주식회사,짚 체로키 2.4 AWD,2020
2025-06-10,현대자동차(주),싼타페 하이브리드(SANTAFE HYBRID),2022
2025-06-10,현대자동차(주),쏘나타(SONATA),2020
2025-06-10,폭스바겐그룹코리아 주식회사,A6 45 TFSI,2021
2025-06-10,현대자동차(주),아반떼(AVANTE),2017
2025-06-10,기아 주식회사,카니발 리무진,2023
2025-06-10,현대자동차(주),싼타페 하이브리드(SANTAFE HYBRID),2024
2025-06-10,비엠더블유코리아(주),BMW 320d Touring,2015
2025-06-10,폭스바겐그룹코리아 주식회사,Arteon 2.0TDI,2022
2025-06-10,현대자동차(주),넥쏘 (NEXO) 수소전기차,2019
2025-06-10,기아 주식회사,카니발,2021
2025-06-10,현대자동차(주),아이오닉 하이브리드(IONIQ HYBRID),2018
2025-06-10,폭스바겐그룹코리아 주식회사,A8 L 55 TFSI quattro,2023
2025-06-10,비엠더블유코리아(주),BMW 530i xDrive M Sport Package Plus,2019
2025-06-10,현대자동차(주),그랜저(GRANDEUR),2019
2025-06-10,현대자동차(주),그랜저(GRANDEUR),2018
2025-06-10,케이지모빌리티 주식회사(KG Mobility Corp.),G4 렉스턴,2019
2025-06-10,현대자동차(주),넥쏘 (NEXO) 수소전기차,2023
2025-06-10,(주)일진정공,일진무시동전기냉동탑차,2022
2025-06-10,현대자동차(주),그랜저(GRANDEUR),2020
2025-06-10,비엠더블유코리아(주),BMW X3 xDrive20d M Sport Package,2020
2025-06-10,메르세데스벤츠코리아(주),Mercedes-Benz C 300 4MATIC,2024
2025-06-10,(주)볼보자동차코리아,볼보 XC60T8 AWD,2020
2025-06-10,기아 주식회사,카니발 하이브리드,2025
2025-06-10,현대자동차(주),아이오닉5 (IONIQ5),2022
2025-06-10,현대자동차(주),넥쏘 (NEXO) 수소전기차,2022
2025-06-11,현대자동차(주),아반떼(AVANTE),2021
2025-06-11,기아 주식회사,쏘렌토,2018
2025-06-11,기아 주식회사,K7,2020
2025-06-11,현대자동차(주),베뉴(VENUE),2023
2025-06-11,비엠더블유코리아(주),BMW 530i,2017
2025-06-11,르노코리아(주),KOLEOS Hybrid(콜레오스 하이브리드),2025
2025-06-11,기아 주식회사,K7,2020
2025-06-11,현대자동차(주),쏘나타(SONATA),2021
2025-06-11,현대자동차(주),넥쏘 (NEXO) 수소전기차,2021
2025-06-11,기아 주식회사,쏘렌토 하이브리드,2021
2025-06-11,현대자동차(주),포터Ⅱ (PORTERⅡ),2024
2025-06-11,르노코리아(주),KOLEOS Hybrid(콜레오스 하이브리드),2025
2025-06-11,현대자동차(주),아이오닉5 (IONIQ5),2022
2025-06-11,현대자동차(주),투싼(TUCSON),2024
2025-06-11,현대자동차(주),아반떼(AVANTE),2017
2025-06-11,비엠더블유코리아(주),BMW iX1 xDrive30,2023
2025-06-11,현대자동차(주),넥쏘 (NEXO) 수소전기차,2021
2025-06-11,현대자동차(주),넥쏘 (NEXO) 수소전기차,2022
2025-06-11,기아 주식회사,K7,2020
2025-06-11,현대자동차(주),쏘나타(SONATA),2020
2025-06-11,현대자동차(주),아반떼 Hybrid(AVANTE Hybrid),2021
2025-06-11,현대자동차(주),그랜저 하이브리드,2019
2025-06-11,기아 주식회사,쏘렌토,2018
2025-06-11,현대자동차(주),팰리세이드(Palisade),2025
2025-06-11,현대자동차(주),쏘나타(SONATA),2021
2025-06-11,현대자동차(주),G80,2021
2025-06-11,현대자동차(주),투싼 하이브리드(TUCSON HYBRID),2021
2025-06-11,현대자동차(주),그랜저(GRANDEUR),2020
2025-06-11,현대자동차(주),GV70,2021
2025-06-11,현대자동차(주),쏘나타(SONATA),2021
2025-06-11,현대자동차(주),그랜저(GRANDEUR),2018
2025-06-11,현대자동차(주),아반떼(AVANTE),2021
2025-06-11,현대자동차(주),쏘나타(SONATA),2021
2025-06-11,기아 주식회사,K7,2020
2025-06-11,기아 주식회사,K7,2020
2025-06-11,기아 주식회사,K8 하이브리드,2023
2025-06-11,현대자동차(주),넥쏘 (NEXO) 수소전기차,2021
2025-06-11,현대자동차(주),넥쏘 (NEXO) 수소전기차,2022
2025-06-11,비엠더블유코리아(주),BMW X3 xDrive20d,2018
2025-06-11,현대자동차(주),아반떼(AVANTE),2016
2025-06-11,비엠더블유코리아(주),BMW M760Li xDrive,2018
2025-06-11,현대자동차(주),쏘나타(SONATA),2020
2025-06-11,현대자동차(주),넥쏘 (NEXO) 수소전기차,2022
2025-06-11,현대자동차(주),아반떼(AVANTE),2018
2025-06-11,메르세데스벤츠코리아(주),E220 BlueTEC,2016
2025-06-11,현대자동차(주),아반떼(AVANTE),2021
2025-06-11,기아 주식회사,카니발 리무진,2021
2025-06-11,기아 주식회사,EV6,2022
2025-06-11,현대자동차(주),포터Ⅱ 일렉트릭 (PORTERⅡ ELECTRIC),2023
2025-06-11,한국지엠주식회사,올란도 2.0 LPG,2012
2025-06-11,기아 주식회사,카니발,2021
2025-06-11,기아 주식회사,모하비,2015
2025-06-11,(주)볼보자동차코리아,볼보 S90B5,2023
2025-06-12,현대자동차(주),아이오닉5(IONIQ5),2022
2025-06-12,한국지엠주식회사,트랙스 1.6 디젤,2019
2025-06-12,현대자동차(주),포터Ⅱ냉동탑차 (PORTER Ⅱ),2023
2025-06-12,(주)볼보자동차코리아,볼보 S90D4,2018
2025-06-12,현대자동차(주),팰리세이드(PALISADE),2021
2025-06-12,메르세데스벤츠코리아(주),Mercedes-Benz C 200,2025
2025-06-12,비엠더블유코리아(주),BMW X6 xDrive30d,2021
2025-06-12,현대자동차(주),아반떼(AVANTE),2011
2025-06-12,(주)신일정공,신일3.9톤카고,2021
2025-06-12,기아 주식회사,K7 하이브리드,2020
2025-06-12,비엠더블유코리아(주),BMW 520i,2025
2025-06-12,혼다코리아(주),ACCORD 2.4,2017
2025-06-12,기아 주식회사,EV9,2024
2025-06-12,기아 주식회사,스포티지,2024
2025-06-12,현대자동차(주),아반떼(AVANTE),2016
2025-06-12,현대자동차(주),아반떼(AVANTE),2018
2025-06-12,현대자동차(주),쏘나타(SONATA),2020
2025-06-12,기아 주식회사,스포티지,2022
2025-06-12,현대자동차(주),아반떼(AVANTE),2021
2025-06-12,현대자동차(주),팰리세이드 하이브리드(PALISADE HYBRID),2026
2025-06-12,메르세데스벤츠코리아(주),Mercedes-Benz EQA250,2021
2025-06-12,기아 주식회사,K7,2020
2025-06-12,현대자동차(주),넥쏘 (NEXO) 수소전기차,2022
2025-06-12,기아 주식회사,K7,2020
2025-06-12,기아 주식회사,K7,2020
2025-06-12,르노코리아(주),KOLEOS Hybrid(콜레오스 하이브리드),2025
2025-06-12,현대자동차(주),쏘나타(SONATA),2020
2025-06-12,현대자동차(주),아이오닉5 (IONIQ5),2022
2025-06-12,케이지모빌리티 주식회사(KG Mobility Corp.),렉스턴,2022
2025-06-12,기아 주식회사,EV6,2022
2025-06-12,르노코리아(주),KOLEOS Hybrid(콜레오스 하이브리드),2025
2025-06-12,폭스바겐그룹코리아 주식회사,Q4 e-tron 40,2022
2025-06-12,기아 주식회사,K5 하이브리드,2022
2025-06-12,현대자동차(주),쏘나타(SONATA),2020
2025-06-12,현대자동차(주),G70,2018
2025-06-12,현대자동차(주),G80,2021
2025-06-12,현대자동차(주),G80,2021
2025-06-12,현대자동차(주),아이오닉5 (IONIQ5),2022
2025-06-12,기아 주식회사,EV3,2025
2025-06-12,혼다코리아(주),ACCORD 2.4,2017
2025-06-12,혼다코리아(주),ACCORD 2.4,2017
2025-06-12,한국상용트럭(주),한국상용16톤카고트럭,2025
2025-06-13,(주)재규어랜드로버코리아,디스커버리 TD6,2019
2025-06-13,기아 주식회사,K5 하이브리드,2021
2025-06-13,현대자동차(주),쏘나타(SONATA),2015
2025-06-13,케이지모빌리티 주식회사(KG Mobility Corp.),토레스,2023
2025-06-13,비엠더블유코리아(주),BMW 530i xDrive,2018
2025-06-13,기아 주식회사,쏘렌토,2022
2025-06-13,현대자동차(주),아반떼(AVANTE),2021
2025-06-13,기아 주식회사,K7,2020
2025-06-13,현대자동차(주),아반떼(AVANTE),2016
2025-06-13,한국지엠주식회사,올란도 1.6 디젤,2017
2025-06-13,케이지모빌리티 주식회사(KG Mobility Corp.),토레스,2023
2025-06-13,한국지엠(주),CHEVROLET TRAVERSE AWD,2022
2025-06-13,현대자동차(주),그랜저(GRANDEUR),2020
2025-06-13,폭스바겐그룹코리아 주식회사,Tiguan 2.0 TDI,2020
2025-06-13,현대자동차(주),팰리세이드(Palisade),2025
2025-06-13,메르세데스벤츠코리아(주),Mercedes-Benz GLB250 4MATIC,2020
2025-06-13,현대자동차(주),G80,2021
2025-06-13,기아 주식회사,EV6,2022
2025-06-13,현대자동차(주),싼타페 하이브리드(SANTAFE HYBRID),2024
2025-06-13,르노코리아(주),KOLEOS (콜레오스),2025
2025-06-13,기아 주식회사,봉고Ⅲ 4륜구동,2017
2025-06-13,한불모터스(주),Peugeot 5008 GT 2.0 BlueHDi,2020
2025-06-13,폭스바겐그룹코리아 주식회사,Arteon 2.0 TDI,2019
2025-06-13,기아 주식회사,K7 하이브리드,2017
2025-06-13,기아 주식회사,카니발 리무진,2022
2025-06-13,현대자동차(주),아반떼(AVANTE),2021
2025-06-13,현대자동차(주),아이오닉5 (IONIQ5),2022
2025-06-13,기아 주식회사,K7,2020
2025-06-13,기아 주식회사,K7,2020
2025-06-13,기아 주식회사,K7 하이브리드,2020
2025-06-13,현대자동차(주),쏘나타(SONATA),2020
2025-06-13,기아 주식회사,카니발,2021
2025-06-13,비엠더블유코리아(주),BMW 530i,2018
2025-06-13,기아 주식회사,카니발,2021
2025-06-13,현대자동차(주),GV80,2022
2025-06-13,기아 주식회사,카니발 리무진,2021
2025-06-13,기아 주식회사,카니발 리무진,2021
2025-06-13,기아 주식회사,EV9,2024
2025-06-13,케이지모빌리티 주식회사(KG Mobility Corp.),코란도,2020
2025-06-13,폭스바겐그룹코리아 주식회사,Tiguan 2.0 TDI,2018
2025-06-13,현대자동차(주),G80,2021
2025-06-16,폭스바겐그룹코리아 주식회사,A6 40 TDI,2020
2025-06-16,기아 주식회사,K3,2017
2025-06-16,기아 주식회사,카니발,2021
2025-06-16,현대자동차(주),G80,2021
2025-06-16,현대자동차(주),G80,2021
2025-06-16,현대자동차(주),아반떼(AVANTE),2021
2025-06-16,현대자동차(주),아반떼(AVANTE),2017
2025-06-16,현대자동차(주),쏘나타(SONATA),2020
2025-06-16,현대자동차(주),아반떼(AVANTE),2016
2025-06-16,현대자동차(주),G70,2019
2025-06-16,현대자동차(주),아반떼 N 라인(AVANTE N Line),2021
2025-06-16,현대자동차(주),쏘나타(SONATA),2020
2025-06-16,폭스바겐그룹코리아 주식회사,ID.4 Pro,2022
2025-06-16,현대자동차(주),쏘나타(SONATA),2020
2025-06-16,현대자동차(주),아반떼(AVANTE),2018
2025-06-16,현대자동차(주),그랜저 하이브리드,2019
2025-06-16,현대자동차(주),쏘나타(SONATA),2020
2025-06-16,기아 주식회사,쏘렌토 하이브리드,2022
2025-06-16,현대자동차(주),쏘나타(SONATA),2020
2025-06-16,메르세데스벤츠코리아(주),Mercedes-AMG GT43 4MATIC +,2021
2025-06-16,비엠더블유코리아(주),BMW 520d,2017
2025-06-16,기아 주식회사,K5,2021
2025-06-16,한불모터스(주),Peugeot 3008 1.5 BlueHDi,2019
2025-06-16,테슬라코리아 유한회사,Model 3 Long Range,2024
2025-06-16,비엠더블유코리아(주),BMW 520d,2018
2025-06-16,현대자동차(주),그랜저(GRANDEUR),2018
2025-06-16,기아 주식회사,K7,2020
2025-06-16,현대자동차(주),그랜저(GRANDEUR),2018
2025-06-16,현대자동차(주),아이오닉6 (IONIQ6),2023
2025-06-16,기아 주식회사,카니발,2022
2025-06-16,현대자동차(주),쏘나타(SONATA),2020
2025-06-16,현대자동차(주),G80,2025
2025-06-16,기아 주식회사,K5 하이브리드,2021
2025-06-16,현대자동차(주),제네시스(GENESIS),2013
2025-06-16,현대자동차(주),아반떼(AVANTE),2016
2025-06-16,기아 주식회사,K5 하이브리드,2023
2025-06-16,한국지엠주식회사,말리부 1.5 TURBO,2018
2025-06-16,현대자동차(주),아반떼(AVANTE),2021
2025-06-16,기아 주식회사,카니발 리무진,2021
2025-06-16,현대자동차(주),G80,2022
2025-06-17,기아 주식회사,K5,2021
2025-06-17,르노코리아(주),SM3 Z.E.,2015
2025-06-17,기아 주식회사,K7,2020
2025-06-17,현대자동차(주),아반떼(AVANTE),2021
2025-06-17,현대자동차(주),싼타페 하이브리드(SANTAFE HYBRID),2024
2025-06-17,현대자동차(주),넥쏘 (NEXO) 수소전기차,2022
2025-06-17,폭스바겐그룹코리아 주식회사,A7 55 TFSI quattro,2020
2025-06-17,한국지엠주식회사,트랙스 1.4,2018
2025-06-17,비엠더블유코리아(주),BMW iX xDrive50,2025
2025-06-17,현대자동차(주),G80,2021
2025-06-17,한불모터스(주),Peugeot 5008 GT 2.0 BlueHDi,2019
2025-06-17,기아 주식회사,K7,2020
2025-06-17,현대자동차(주),포터Ⅱ (PORTERⅡ),2020
2025-06-17,비엠더블유코리아(주),BMW iX3 M Sport,2023
2025-06-17,현대자동차(주),쏘나타(SONATA),2022
2025-06-17,현대자동차(주),쏘나타(SONATA),2020
2025-06-17,현대자동차(주),아반떼(AVANTE),2020
2025-06-17,현대자동차(주),아반떼(AVANTE),2021
2025-06-17,현대자동차(주),넥쏘 (NEXO) 수소전기차,2020
2025-06-17,현대자동차(주),쏘나타(SONATA),2020
2025-06-17,한불모터스(주),Peugeot 5008 1.5 BlueHDi,2019
2025-06-17,현대자동차(주),캐스퍼(CASPER),2024
2025-06-17,현대자동차(주),쏘나타(SONATA),2020
2025-06-17,기아 주식회사,쏘렌토 하이브리드,2022
2025-06-17,기아 주식회사,카니발 하이리무진,2022
2025-06-17,폭스바겐그룹코리아 주식회사,Arteon 2.0 TDI,2019
2025-06-17,기아 주식회사,K7,2020
2025-06-17,기아 주식회사,K7,2020
2025-06-17,현대자동차(주),아반떼(AVANTE),2021
2025-06-17,기아 주식회사,스포티지,2012
2025-06-17,현대자동차(주),쏘나타(SONATA),2020
2025-06-17,현대자동차(주),쏘나타(SONATA),2020
2025-06-17,현대자동차(주),아반떼(AVANTE),2021
2025-06-17,기아 주식회사,니로 EV,2022
2025-06-17,기아 주식회사,니로 EV,2022
2025-06-17,현대자동차(주),싼타페 하이브리드(SANTAFE HYBRID),2024
2025-06-17,현대자동차(주),쏘나타(SONATA),2020
2025-06-17,현대자동차(주),넥쏘 (NEXO) 수소전기차,2020
2025-06-17,현대자동차(주),아반떼(AVANTE),2017
2025-06-17,현대자동차(주),아반떼(AVANTE),2021
2025-06-17,한불모터스(주),Peugeot 5008 1.5 BlueHDi,2021
2025-06-17,기아 주식회사,K3,2020
2025-06-17,포드세일즈서비스코리아(유),Lincoln Nautilus 2.0L,2025
2025-06-17,기아 주식회사,K5,2022
2025-06-17,현대자동차(주),아반떼(AVANTE),2017
2025-06-17,메르세데스벤츠코리아(주),Mercedes-Benz E250,2023
2025-06-17,현대자동차(주),넥쏘 (NEXO) 수소전기차,2021
2025-06-17,현대자동차(주),쏘나타(SONATA),2020
2025-06-17,기아 주식회사,K7,2020
2025-06-17,현대자동차(주),아반떼(AVANTE),2021
2025-06-17,기아 주식회사,K7 하이브리드,2021
2025-06-17,르노코리아(주),XM3,2020
2025-06-17,현대자동차(주),넥쏘 (NEXO) 수소전기차,2021
2025-06-17,현대자동차(주),코나 하이브리드(KONA HYBRID),2020
2025-06-18,주식회사 한중특장,한중24톤상승윙바디,2022
2025-06-18,현대자동차(주),넥쏘 (NEXO) 수소전기차,2021
2025-06-18,현대자동차(주),넥쏘 (NEXO) 수소전기차,2022
2025-06-18,기아 주식회사,카니발,2021
2025-06-18,메르세데스벤츠코리아(주),Mercedes-Benz E350 4MATIC,2021
2025-06-18,현대자동차(주),아반떼(AVANTE),2016
2025-06-18,기아 주식회사,K7,2020
2025-06-18,한불모터스(주),Peugeot 5008 GT 2.0 BlueHDi,2018
2025-06-18,현대자동차(주),넥쏘 (NEXO) 수소전기차,2021
2025-06-18,기아 주식회사,카니발,2021
2025-06-18,기아 주식회사,쏘렌토,2018
2025-06-18,현대자동차(주),넥쏘 (NEXO) 수소전기차,2019
2025-06-18,현대자동차(주),그랜저(GRANDEUR),2018
2025-06-18,한국지엠주식회사,스파크 1.0,2019
2025-06-18,기아 주식회사,쏘렌토 하이브리드,2025
2025-06-18,현대자동차(주),쏘나타(SONATA),2021
2025-06-18,폭스바겐그룹코리아 주식회사,A6 45 TFSI,2020
2025-06-18,현대자동차(주),팰리세이드(PALISADE),2022
2025-06-18,현대자동차(주),아반떼 N(AVANTE N),2022
2025-06-18,기아 주식회사,스포티지,2022
2025-06-18,기아 주식회사,쏘렌토,2021
2025-06-18,기아 주식회사,스팅어,2018
2025-06-18,현대자동차(주),제네시스(GENESIS),2014
2025-06-18,현대자동차(주),아반떼(AVANTE),2021
2025-06-18,기아 주식회사,카니발,2021
2025-06-18,현대자동차(주),아반떼(AVANTE),2017
2025-06-18,기아 주식회사,카니발,2023
2025-06-18,현대자동차(주),그랜저(GRANDEUR),2023
2025-06-18,현대자동차(주),넥쏘 (NEXO) 수소전기차,2019
2025-06-18,케이지모빌리티 주식회사(KG Mobility Corp.),토레스 하이브리드,2026
2025-06-18,기아 주식회사,쏘렌토,2017
2025-06-18,기아 주식회사,K5,2021
2025-06-18,현대자동차(주),싼타페(SANTAFE),2019
2025-06-18,현대자동차(주),쏘나타(SONATA),2020
2025-06-18,기아 주식회사,쏘렌토 하이브리드,2023
2025-06-18,현대자동차(주),투싼 하이브리드(TUCSON HYBRID),2025
2025-06-18,케이지모빌리티 주식회사(KG Mobility Corp.),G4 렉스턴,2018
2025-06-18,기아 주식회사,K3,2019
2025-06-18,(주)볼보자동차코리아,볼보 XC60B6 AWD,2022
2025-06-18,현대자동차(주),G80,2021
2025-06-18,현대자동차(주),그랜저(GRANDEUR),2020
2025-06-18,현대자동차(주),넥쏘 (NEXO) 수소전기차,2022
2025-06-18,기아 주식회사,K7,2019
2025-06-18,기아 주식회사,카니발,2021
2025-06-18,현대자동차(주),쏘나타(SONATA),2021
2025-06-18,기아 주식회사,EV6,2022
2025-06-18,현대자동차(주),G80,2017
2025-06-18,케이지모빌리티 주식회사(KG Mobility Corp.),토레스,2023
2025-06-19,기아 주식회사,카니발,2023
2025-06-19,현대자동차(주),아반떼(AVANTE),2021
2025-06-19,현대자동차(주),넥쏘 (NEXO) 수소전기차,2022
2025-06-19,현대자동차(주),쏘나타(SONATA),2020
2025-06-19,현대자동차(주),그랜저(GRANDEUR),2020
2025-06-19,현대자동차(주),쏘나타(SONATA),2024
2025-06-19,현대자동차(주),캐스퍼 일렉트릭(CASPER Electric),2025
2025-06-19,현대자동차(주),G80,2021
2025-06-19,현대자동차(주),넥쏘 (NEXO) 수소전기차,2021
2025-06-19,현대자동차(주),아반떼(AVANTE),2022
2025-06-19,현대자동차(주),그랜저 하이브리드,2018
2025-06-19,현대자동차(주),아반떼(AVANTE),2021
2025-06-19,폭스바겐그룹코리아 주식회사,A6 40 TDI,2020
2025-06-19,혼다코리아(주),ACCORD 1.5T,2020
2025-06-19,기아 주식회사,쏘렌토 하이브리드,2025
2025-06-19,기아 주식회사,K3,2017
2025-06-19,현대자동차(주),싼타페(SANTAFE),2021
2025-06-19,현대자동차(주),싼타페(SANTAFE),2009
2025-06-19,비엠더블유코리아(주),BMW i5 M60 xDrive,2024
2025-06-19,현대자동차(주),스타리아 라운지 (STARIA LOUNGE),2023
2025-06-19,현대자동차(주),그랜저 하이브리드(GRANDEUR HYBRID),2025
2025-06-19,기아 주식회사,카니발,2021
2025-06-19,현대자동차(주),코나(KONA),2021
2025-06-19,르노코리아(주),QM3,2016
2025-06-19,현대자동차(주),포터Ⅱ 일렉트릭 (PORTERⅡ ELECTRIC),2020
2025-06-19,현대자동차(주),스타리아 (STARIA),2022
2025-06-19,기아 주식회사,니로 EV,2022
2025-06-19,현대자동차(주),아반떼(AVANTE),2018
2025-06-19,한국닛산(주),LEAF,2019
2025-06-19,현대자동차(주),투싼(TUCSON),2018
2025-06-19,르노코리아(주),QM3,2015
2025-06-19,기아 주식회사,쏘렌토 하이브리드,2021
2025-06-20,현대자동차(주),그랜저(GRANDEUR) 하이브리드,2014
2025-06-20,주식회사 한중특장,한중24톤상승윙바디,2022
2025-06-20,르노코리아(주),KOLEOS Hybrid(콜레오스 하이브리드),2025
2025-06-20,현대자동차(주),쏘나타(SONATA),2020
2025-06-20,기아 주식회사,K7,2020
2025-06-20,폭스바겐그룹코리아 주식회사,ID.4 Pro,2022
2025-06-20,현대자동차(주),그랜저(GRANDEUR),2018
2025-06-20,현대자동차(주),코나 일렉트릭 (KONA ELECTRIC),2019
2025-06-20,르노코리아(주),QM6,2017
2025-06-20,기아 주식회사,K7,2020
2025-06-20,스텔란티스코리아 주식회사,300C,2014
2025-06-20,한불모터스(주),Peugeot 2008 1.6 BlueHDi,2016
2025-06-20,기아 주식회사,K5 하이브리드,2020
2025-06-20,현대자동차(주),아이오닉5 (IONIQ5),2023
2025-06-20,현대자동차(주),그랜저(GRANDEUR),2020
2025-06-20,기아 주식회사,카니발 리무진,2021
2025-06-20,비엠더블유코리아(주),BMW X5 xDrive40i,2023
2025-06-20,기아 주식회사,쏘렌토 하이브리드,2025
2025-06-20,비엠더블유코리아(주),BMW iX3 M Sport,2023
2025-06-20,기아 주식회사,스포티지,2023
2025-06-20,비엠더블유코리아(주),BMW 530e,2022
2025-06-20,비엠더블유코리아(주),BMW 620d,2022
2025-06-20,현대자동차(주),투싼(TUCSON),2021
2025-06-20,현대자동차(주),GV70,2022
2025-06-20,현대자동차(주),그랜저(GRANDEUR),2025
2025-06-20,현대자동차(주),쏘나타(SONATA),2020
2025-06-20,한불모터스(주),Peugeot 3008 1.5 BlueHDi,2021
2025-06-20,현대자동차(주),싼타페(SANTAFE),2021
2025-06-20,현대자동차(주),넥쏘 (NEXO) 수소전기차,2019
2025-06-20,현대자동차(주),그랜저(GRANDEUR),2015
2025-06-20,기아 주식회사,K7,2020
2025-06-20,현대자동차(주),넥쏘 (NEXO) 수소전기차,2022
2025-06-20,기아 주식회사,니로 하이브리드,2025
2025-06-20,기아 주식회사,쏘렌토 하이브리드,2021
2025-06-20,현대자동차(주),G80,2021
2025-06-20,기아 주식회사,K7,2020
2025-06-20,메르세데스벤츠코리아(주),C350 e,2018
2025-06-20,기아 주식회사,K7,2020
2025-06-20,기아 주식회사,K8 하이브리드,2022
2025-06-20,기아 주식회사,K7,2020
2025-06-20,기아 주식회사,K7,2020
2025-06-20,기아 주식회사,K7,2020
2025-06-20,현대자동차(주),쏘나타(SONATA),2014
2025-06-20,기아 주식회사,K7,2020
2025-06-20,기아 주식회사,K7,2020
2025-06-20,기아 주식회사,K7,2012
2025-06-20,현대자동차(주),싼타페 하이브리드(SANTAFE HYBRID),2025
2025-06-20,현대자동차(주),아반떼(AVANTE),2021
2025-06-20,기아 주식회사,K7,2020
2025-06-23,기아 주식회사,쏘렌토 하이브리드,2021
2025-06-23,현대자동차(주),아반떼(AVANTE),2021
2025-06-23,기아 주식회사,카니발,2021
2025-06-23,현대자동차(주),아반떼(AVANTE),2021
2025-06-23,기아 주식회사,EV6,2022
2025-06-23,기아 주식회사,EV4,2026
2025-06-23,기아 주식회사,카니발,2022
2025-06-23,(주)재규어랜드로버코리아,디펜더 110 D240,2020
2025-06-23,유한회사 모토로싸,MULTISTRADA 950 S,2019
2025-06-23,르노코리아(주),XM3,2021
2025-06-23,기아 주식회사,K7,2020
2025-06-23,기아 주식회사,K7,2020
2025-06-23,르노코리아(주),QM3,2015
2025-06-23,기아 주식회사,K7,2020
2025-06-23,현대자동차(주),넥쏘 (NEXO) 수소전기차,2022
2025-06-23,현대자동차(주),넥쏘 (NEXO) 수소전기차,2022
2025-06-23,기아 주식회사,K8 하이브리드,2023
2025-06-23,현대자동차(주),싼타페 하이브리드(SANTAFE HYBRID),2025
2025-06-23,현대자동차(주),쏘나타(SONATA),2021
2025-06-23,메르세데스벤츠코리아(주),벤츠 A220 Sedan,2020
2025-06-23,비엠더블유코리아(주),BMW 520d,2017
2025-06-23,비엠더블유코리아(주),BMW 530i xDrive,2017
2025-06-23,현대자동차(주),아반떼(AVANTE),2021
2025-06-23,현대자동차(주),G80,2021
2025-06-24,르노코리아(주),XM3,2020
2025-06-24,메르세데스벤츠코리아(주),Mercedes-Benz GLC300 4MATIC,2020
2025-06-24,르노코리아(주),SM7,2012
2025-06-24,메르세데스벤츠코리아(주),Mercedes-Benz E450 4MATIC Cabriolet,2023
2025-06-24,(주)재규어랜드로버코리아,재규어 XE 2.0D,2016
2025-06-24,기아 주식회사,K7,2020
2025-06-24,폭스바겐그룹코리아 주식회사,ID.4 Pro,2022
2025-06-24,케이지모빌리티 주식회사(KG Mobility Corp.),티볼리,2021
2025-06-24,현대자동차(주),넥쏘 (NEXO) 수소전기차,2022
2025-06-24,기아 주식회사,EV3,2025
2025-06-24,르노코리아(주),QM3,2015
2025-06-24,현대자동차(주),팰리세이드(Palisade),2025
2025-06-24,기아 주식회사,K7,2017
2025-06-24,기아 주식회사,EV6,2022
2025-06-24,기아 주식회사,K8 하이브리드,2022
2025-06-24,기아 주식회사,K7,2020
2025-06-24,현대자동차(주),아반떼(AVANTE),2021
2025-06-24,한불모터스(주),Grand C4 Picasso 2.0 Blue-HDi,2015
2025-06-24,기아 주식회사,니로 플러스,2023
2025-06-24,르노코리아(주),QM3,2014
2025-06-24,기아 주식회사,K7,2020
2025-06-24,현대자동차(주),싼타페 하이브리드(SANTAFE HYBRID),2024
2025-06-24,르노코리아(주),KOLEOS Hybrid(콜레오스 하이브리드),2025
2025-06-24,현대자동차(주),그랜저(GRANDEUR),2022
2025-06-24,기아 주식회사,쏘울 전기차,2019
2025-06-24,현대자동차(주),넥쏘 (NEXO) 수소전기차,2022
2025-06-24,기아 주식회사,쏘렌토 하이브리드,2021
2025-06-24,현대자동차(주),싼타페(SANTAFE),2021
2025-06-24,기아 주식회사,K7,2020
2025-06-24,기아 주식회사,봉고Ⅲ 윙바디,2024
2025-06-24,현대자동차(주),그랜저(GRANDEUR),2020
2025-06-24,지엠아시아퍼시픽지역본부 주식회사,CADILLAC ESCALADE,2024
2025-06-24,비엠더블유코리아(주),BMW i7 xDrive60,2023
2025-06-25,주식회사 암롤코리아,암롤코리아21.8톤암롤트럭,2018
2025-06-25,기아 주식회사,K5,2024
2025-06-25,기아 주식회사,K7,2020
2025-06-25,현대자동차(주),포터Ⅱ하이내장탑차 (PORTER Ⅱ),2025
2025-06-25,메르세데스벤츠코리아(주),S350 d 4Matic,2018
2025-06-25,폭스바겐그룹코리아 주식회사,Tiguan 2.0 TDI,2020
2025-06-25,한국지엠주식회사,트랙스 1.4,2017
2025-06-25,한국지엠주식회사,트랙스 1.2 터보,2024
2025-06-25,비엠더블유코리아(주),BMW 320d xDrive,2015
2025-06-25,기아 주식회사,K7,2020
2025-06-25,한국지엠주식회사,트랙스 1.2 터보,2024
2025-06-25,현대자동차(주),아반떼(AVANTE),2022
2025-06-25,현대자동차(주),아반떼(AVANTE),2022
2025-06-25,현대자동차(주),그랜저(GRANDEUR),2021
2025-06-25,기아 주식회사,카니발,2021
2025-06-25,폭스바겐그룹코리아 주식회사,ID.5 Pro,2025
2025-06-25,폭스바겐그룹코리아 주식회사,A7 50 TDI quattro,2016
2025-06-25,케이지모빌리티 주식회사(KG Mobility Corp.),토레스 EVX,2024
2025-06-25,기아 주식회사,카니발,2021
2025-06-25,현대자동차(주),넥쏘 (NEXO) 수소전기차,2022
2025-06-25,기아 주식회사,카니발,2021
2025-06-25,현대자동차(주),쏘나타(SONATA),2025
2025-06-25,기아 주식회사,K7,2020
2025-06-25,비엠더블유코리아(주),BMW iX3 M Sport,2022
2025-06-25,기아 주식회사,카니발 하이브리드,2024
2025-06-25,현대자동차(주),팰리세이드(PALISADE),2021
2025-06-25,기아 주식회사,K7,2017
2025-06-25,르노코리아(주),XM3,2021
2025-06-25,기아 주식회사,K8 하이브리드,2023
2025-06-25,기아 주식회사,카니발,2022
2025-06-25,기아 주식회사,K3,2019
2025-06-25,기아 주식회사,봉고Ⅲ EV 윙바디,2021
2025-06-25,현대자동차(주),아반떼(AVANTE),2021
2025-06-25,현대자동차(주),그랜저(GRANDEUR),2018
2025-06-25,현대자동차(주),싼타페 하이브리드(SANTAFE HYBRID),2024
2025-06-25,현대자동차(주),G80,2022
2025-06-25,기아 주식회사,카니발 리무진,2021
2025-06-25,현대자동차(주),코나 일렉트릭 (KONA ELECTRIC),2019
2025-06-25,현대자동차(주),그랜저(GRANDEUR),2020
2025-06-25,혼다코리아(주),ACCORD HYBRID,2022
2025-06-25,기아 주식회사,K5,2025
2025-06-25,현대자동차(주),쏘나타(SONATA),2021
2025-06-25,현대자동차(주),그랜저(GRANDEUR),2020
2025-06-25,기아 주식회사,니로 EV,2019
2025-06-25,한불모터스(주),Peugeot 5008 GT 2.0 BlueHDi,2020
2025-06-25,현대자동차(주),팰리세이드(PALISADE),2020
2025-06-25,한국지엠(주),CHEVROLET TRAVERSE AWD,2021
2025-06-25,(유)기흥모터스,HARLEY-DAVIDSON RA1250S,2021
2025-06-25,현대자동차(주),넥쏘 (NEXO) 수소전기차,2022
2025-06-25,기아 주식회사,카니발,2021
2025-06-25,현대자동차(주),넥쏘 (NEXO) 수소전기차,2022
2025-06-25,폭스바겐그룹코리아 주식회사,Tiguan 2.0 TDI,2020
2025-06-25,현대자동차(주),쏘나타(SONATA),2020
2025-06-25,기아 주식회사,K7,2020
2025-06-25,현대자동차(주),넥쏘 (NEXO) 수소전기차,2021
2025-06-25,케이지모빌리티 주식회사(KG Mobility Corp.),액티언,2025
2025-06-25,케이지모빌리티 주식회사(KG Mobility Corp.),액티언,2025
2025-06-26,(주)한성특장,한성봉고1.4톤롱바디카고,2025
2025-06-26,기아 주식회사,카니발 하이브리드,2025
2025-06-26,현대자동차(주),팰리세이드(PALISADE),2022
2025-06-26,현대자동차(주),아이오닉5 (IONIQ5),2022
2025-06-26,기아 주식회사,K7,2020
2025-06-26,기아 주식회사,K7,2020
2025-06-26,메르세데스벤츠코리아(주),E300,2019
2025-06-26,현대자동차(주),아반떼(AVANTE),2016
2025-06-26,현대자동차(주),넥쏘 (NEXO) 수소전기차,2020
2025-06-26,기아 주식회사,K5 하이브리드,2020
2025-06-26,현대자동차(주),쏘나타(SONATA),2020
2025-06-26,기아 주식회사,K7,2020
2025-06-26,메르세데스벤츠코리아(주),E220 d 4Matic,2018
2025-06-26,현대자동차(주),아이오닉5 (IONIQ5),2025
2025-06-26,현대자동차(주),아이오닉5 (IONIQ5),2025
2025-06-26,비엠더블유코리아(주),BMW 520i,2021
2025-06-26,현대자동차(주),G80,2021
2025-06-26,기아 주식회사,카니발 리무진,2019
2025-06-26,현대자동차(주),싼타페(SANTAFE),2019
2025-06-26,메르세데스벤츠코리아(주),Mercedes-Benz GLE350 e 4MATIC,2021
2025-06-26,르노코리아(주),XM3,2020
2025-06-26,기아 주식회사,카니발,2021
2025-06-26,현대자동차(주),그랜저(GRANDEUR),2020
2025-06-26,기아 주식회사,EV9,2024
2025-06-26,폭스바겐그룹코리아 주식회사,Q7 55 TFSI quattro,2023
2025-06-26,현대자동차(주),투싼 하이브리드(TUCSON HYBRID),2021
2025-06-26,현대자동차(주),그랜저(GRANDEUR),2021
2025-06-26,현대자동차(주),포터Ⅱ하이냉동탑차 (PORTER Ⅱ),2024
2025-06-26,현대자동차(주),G80,2021
2025-06-26,현대자동차(주),G80,2021
2025-06-26,현대자동차(주),코나 일렉트릭 (KONA ELECTRIC),2020
2025-06-26,현대자동차(주),그랜저(GRANDEUR),2022
2025-06-26,비엠더블유코리아(주),BMW 320i Touring,2022
2025-06-26,현대자동차(주),아반떼 N 라인(AVANTE N Line),2021
2025-06-26,폭스바겐그룹코리아 주식회사,Arteon 2.0 TDI,2019
2025-06-26,현대자동차(주),넥쏘 (NEXO) 수소전기차,2023
2025-06-26,현대자동차(주),코나 일렉트릭 (KONA ELECTRIC),2020
2025-06-26,현대자동차(주),넥쏘 (NEXO) 수소전기차,2020
2025-06-26,현대자동차(주),아이오닉5 N(IONIQ5 N),2024
2025-06-26,현대자동차(주),그랜저(GRANDEUR),2019
2025-06-26,현대자동차(주),넥쏘 (NEXO) 수소전기차,2020
2025-06-27,현대자동차(주),캐스퍼 일렉트릭(CASPER Electric),2025
2025-06-27,르노코리아(주),SM7,2017
2025-06-27,현대자동차(주),투싼 하이브리드(TUCSON HYBRID),2025
2025-06-27,르노코리아(주),SM5 D,2014
2025-06-27,르노코리아(주),QM3,2017
2025-06-27,메르세데스벤츠코리아(주),Mercedes-AMG GLB35 4MATIC,2023
2025-06-27,현대자동차(주),넥쏘 (NEXO) 수소전기차,2021
2025-06-27,테슬라코리아 유한회사,Model Y RWD,2024
2025-06-27,메르세데스벤츠코리아(주),Mercedes-Benz S 450 d 4MATIC,2024
2025-06-27,현대자동차(주),GV80,2021
2025-06-27,현대자동차(주),쏘나타(SONATA),2021
2025-06-27,현대자동차(주),코나 일렉트릭 (KONA ELECTRIC),2021
2025-06-27,기아 주식회사,카니발,2022
2025-06-27,현대자동차(주),쏘나타(SONATA),2020
2025-06-27,기아 주식회사,쏘렌토 하이브리드,2025
2025-06-27,현대자동차(주),GV80,2020
2025-06-27,기아 주식회사,카니발,2021
2025-06-27,현대자동차(주),그랜저(GRANDEUR),2018
2025-06-27,기아 주식회사,카니발,2020
2025-06-27,기아 주식회사,봉고Ⅲ 1톤 EV,2020
2025-06-27,현대자동차(주),투싼 하이브리드(TUCSON HYBRID),2025
2025-06-27,현대자동차(주),그랜저(GRANDEUR),2015
2025-06-27,혼다코리아(주),ODYSSEY,2021
2025-06-27,현대자동차(주),아반떼 Hybrid(AVANTE Hybrid),2022
2025-06-27,현대자동차(주),그랜저(GRANDEUR),2020
2025-06-27,현대자동차(주),아반떼(AVANTE),2017
2025-06-27,포드세일즈서비스코리아(유),익스플로러,2019
2025-06-27,현대자동차(주),넥쏘 (NEXO) 수소전기차,2019
2025-06-27,현대자동차(주),아반떼(AVANTE),2021
2025-06-27,메르세데스벤츠코리아(주),Mercedes-Benz C200,2021
2025-06-27,기아 주식회사,니로 EV,2019
2025-06-27,현대자동차(주),G80,2021
2025-06-27,현대자동차(주),그랜저(GRANDEUR),2019
2025-06-27,케이지모빌리티 주식회사(KG Mobility Corp.),액티언,2025
2025-06-30,테슬라코리아 유한회사,Model 3 Long Range,2022
2025-06-30,메르세데스벤츠코리아(주),E220 CDI,2013
2025-06-30,포드세일즈서비스코리아(유),Explorer 2.3 AWD,2019
2025-06-30,기아 주식회사,K7,2016
2025-06-30,현대자동차(주),아반떼(AVANTE),2016
2025-06-30,기아 주식회사,카니발,2025
2025-06-30,기아 주식회사,레이,2025
2025-06-30,메르세데스벤츠코리아(주),E220 d 4Matic,2017
2025-06-30,현대자동차(주),아반떼(AVANTE),2021
2025-06-30,기아 주식회사,카니발 하이브리드,2025
2025-06-30,기아 주식회사,쏘렌토 하이브리드,2024
2025-06-30,기아 주식회사,카니발 하이브리드,2024
2025-06-30,기아 주식회사,카니발,2021
2025-06-30,메르세데스벤츠코리아(주),E220 d,2017
2025-06-30,현대자동차(주),그랜저(GRANDEUR),2020
2025-06-30,포드세일즈서비스코리아(유),Lincoln MKX 2.7 AWD,2016
2025-06-30,폭스바겐그룹코리아 주식회사,Arteon 2.0 TDI,2019
2025-06-30,기아 주식회사,K7,2020
2025-06-30,비엠더블유코리아(주),BMW M340i,2020
2025-06-30,현대자동차(주),아반떼(AVANTE),2022
2025-06-30,현대자동차(주),넥쏘 (NEXO) 수소전기차,2022
2025-06-30,현대자동차(주),아반떼(AVANTE),2017
2025-06-30,기아 주식회사,카니발 하이브리드,2024
2025-06-30,폭스바겐그룹코리아 주식회사,Arteon 2.0 TDI,2019
2025-06-30,현대자동차(주),아반떼(AVANTE),2021
2025-06-30,기아 주식회사,K7,2020
2025-06-30,르노코리아(주),QM6,2025
2025-06-30,기아 주식회사,K7,2020
2025-06-30,기아 주식회사,카니발 하이브리드,2024
2025-06-30,케이지모빌리티 주식회사(KG Mobility Corp.),티볼리,2021
2025-06-30,테슬라코리아 유한회사,Model 3 Long Range,2024
2025-06-30,현대자동차(주),투싼 하이브리드(TUCSON HYBRID),2021
2025-06-30,현대자동차(주),아반떼(AVANTE),2018
2025-06-30,현대자동차(주),넥쏘 (NEXO) 수소전기차,2022
2025-06-30,기아 주식회사,카니발,2021
2025-06-30,기아 주식회사,카니발,2021
2025-06-30,폭스바겐그룹코리아 주식회사,Q4 e-tron 40,2022
2025-06-30,현대자동차(주),아반떼 Hybrid(AVANTE Hybrid),2022
2025-06-30,비엠더블유코리아(주),BMW 530e iPerformance Luxury,2020
2025-06-30,기아 주식회사,카니발 하이리무진,2024
2025-06-30,주식회사 마이브,마이브 M1,2022
2025-07-01,현대자동차(주),아이오닉5 (IONIQ5),2025
2025-07-01,케이지모빌리티 주식회사(KG Mobility Corp.),코란도,2019
2025-07-01,비엠더블유코리아(주),MINI Cooper D,2015
2025-07-01,현대자동차(주),넥쏘 (NEXO) 수소전기차,2023
2025-07-01,기아 주식회사,K7,2020
2025-07-01,현대자동차(주),넥쏘 (NEXO) 수소전기차,2022
2025-07-01,현대자동차(주),G80,2021
2025-07-01,현대자동차(주),아반떼(AVANTE),2021
2025-07-01,현대자동차(주),아반떼 N 라인(AVANTE N Line),2021
2025-07-01,현대자동차(주),투싼(TUCSON),2020
2025-07-01,현대자동차(주),아반떼(AVANTE),2018
2025-07-01,기아 주식회사,쏘렌토,2017
2025-07-01,기아 주식회사,카니발,2021
2025-07-01,현대자동차(주),싼타페 하이브리드(SANTAFE HYBRID),2024
2025-07-01,현대자동차(주),쏘나타(SONATA),2020
2025-07-01,한국지엠주식회사,올란도 2.0 LPG,2012
2025-07-01,(주)재규어랜드로버코리아,디스커버리 TD6,2018
2025-07-01,비엠더블유코리아(주),BMW i4 M50,2024
2025-07-01,현대자동차(주),넥쏘 (NEXO) 수소전기차,2021
2025-07-01,주식회사 카셈(KASEM Co.，Ltd),카셈1톤포터롱바디내장탑,2024
2025-07-01,기아 주식회사,K7 하이브리드,2020
2025-07-01,현대자동차(주),아이오닉6 (IONIQ6),2023
2025-07-01,메르세데스벤츠코리아(주),Mercedes-Benz A 220 Sedan,2024
2025-07-01,기아 주식회사,카니발 리무진,2022
2025-07-01,폭스바겐그룹코리아 주식회사,Tiguan 2.0 TDI,2020
2025-07-01,기아 주식회사,K7,2020
2025-07-01,폭스바겐그룹코리아 주식회사,A4 35 TDI,2024
2025-07-01,스텔란티스코리아 주식회사,짚 체로키 2.2,2019
2025-07-01,현대자동차(주),아이오닉5 (IONIQ5),2022
2025-07-01,기아 주식회사,K7,2020
2025-07-01,기아 주식회사,카니발,2022
2025-07-01,현대자동차(주),넥쏘 (NEXO) 수소전기차,2019
2025-07-01,기아 주식회사,K7,2020
2025-07-01,아트원 주식회사,아트원글로밴리무진,2019
2025-07-01,현대자동차(주),포터Ⅱ냉장탑차 (PORTER Ⅱ),2025
2025-07-01,기아 주식회사,카니발 하이브리드,2024
2025-07-01,폭스바겐그룹코리아 주식회사,A6 40 TDI,2020
2025-07-01,기아 주식회사,K7,2020
2025-07-01,기아 주식회사,K7,2020
2025-07-01,기아 주식회사,카니발 하이브리드,2025
2025-07-01,한불모터스(주),Peugeot 308 2.0 Blue-HDi,2015
2025-07-01,현대자동차(주),아반떼(AVANTE),2021
2025-07-01,폭스바겐그룹코리아 주식회사,Arteon 2.0 TDI,2018
2025-07-01,르노코리아(주),KOLEOS Hybrid(콜레오스 하이브리드),2025
2025-07-02,기아 주식회사,카니발,2019
2025-07-02,현대자동차(주),싼타페(SANTAFE),2013
2025-07-02,현대자동차(주),싼타페(SANTAFE),2013
2025-07-02,현대자동차(주),G80,2021
2025-07-02,폭스바겐그룹코리아 주식회사,ID.4 Pro,2025
2025-07-02,폭스바겐그룹코리아 주식회사,A7 55 TFSI quattro,2020
2025-07-02,기아 주식회사,카니발 하이브리드,2024
2025-07-02,포르쉐코리아 주식회사,마칸 4,2025
2025-07-02,현대자동차(주),넥쏘 (NEXO) 수소전기차,2022
2025-07-02,기아 주식회사,K7,2020
2025-07-02,한불모터스(주),Peugeot 5008 1.5 BlueHDi,2019
2025-07-02,기아 주식회사,K7,2020
2025-07-02,현대자동차(주),넥쏘 (NEXO) 수소전기차,2022
2025-07-02,현대자동차(주),아반떼 Hybrid(AVANTE Hybrid),2022
2025-07-02,기아 주식회사,니로 EV,2022
2025-07-02,기아 주식회사,K7,2020
2025-07-02,한불모터스(주),Peugeot 3008 1.5 BlueHDi,2019
2025-07-02,기아 주식회사,스포티지 하이브리드,2022
2025-07-02,기아 주식회사,쏘울 전기차,2021
2025-07-02,현대자동차(주),아반떼(AVANTE),2022
2025-07-02,현대자동차(주),쏘나타 하이브리드 (SONATA HYBRID),2021
2025-07-02,현대자동차(주),쏘나타(SONATA),2020
2025-07-02,르노코리아(주),QM6,2017
2025-07-02,기아 주식회사,쏘렌토 하이브리드,2022
2025-07-02,현대자동차(주),아반떼 N 라인(AVANTE N Line),2021
2025-07-02,기아 주식회사,쏘렌토 하이브리드,2021
2025-07-02,기아 주식회사,카니발,2021
2025-07-02,기아 주식회사,니로 하이브리드,2018
2025-07-02,기아 주식회사,쏘렌토 하이브리드,2022
2025-07-02,기아 주식회사,EV6,2022
2025-07-02,포드세일즈서비스코리아(유),Explorer 2.3 AWD,2018
2025-07-02,현대자동차(주),코나(KONA),2026
2025-07-02,기아 주식회사,카니발 리무진,2021
2025-07-02,현대자동차(주),그랜저(GRANDEUR),2020
2025-07-02,테슬라코리아 유한회사,Model Y Long Range,2021
2025-07-02,비엠더블유코리아(주),BMW 530i M Sport Package Plus,2019
2025-07-02,기아 주식회사,카니발,2021
2025-07-02,기아 주식회사,K7,2020
2025-07-02,기아 주식회사,K7,2020
2025-07-02,기아 주식회사,스포티지,2020
2025-07-02,현대자동차(주),아반떼(AVANTE),2017
2025-07-02,현대자동차(주),아반떼 스포츠(AVANTE SPORT),2017
2025-07-02,현대자동차(주),싼타페(SANTAFE),2021
2025-07-02,메르세데스벤츠코리아(주),Mercedes-Benz E350 4MATIC,2022
2025-07-02,현대자동차(주),아이오닉6 (IONIQ6),2025
2025-07-02,90018049,C40,2020
2025-07-02,비엠더블유코리아(주),BMW X6 xDrive30d,2017
2025-07-02,메르세데스벤츠코리아(주),E400 4Matic,2018
2025-07-03,기아 주식회사,카니발,2023
2025-07-03,현대자동차(주),엑시언트(XCIENT)트랙터,2020
2025-07-03,폭스바겐그룹코리아 주식회사,Tiguan 2.0 TDI,2020
2025-07-03,한국지엠주식회사,올란도 2.0 LPG,2012
2025-07-03,기아 주식회사,K7,2020
2025-07-03,비엠더블유코리아(주),BMW X6 xDrive30d,2017
2025-07-03,현대자동차(주),쏘나타(SONATA),2020
2025-07-03,현대자동차(주),아반떼(AVANTE),2021
2025-07-03,현대자동차(주),싼타페 하이브리드(SANTAFE HYBRID),2022
2025-07-03,기아 주식회사,K7,2020
2025-07-03,현대자동차(주),넥쏘 (NEXO) 수소전기차,2019
2025-07-03,메르세데스벤츠코리아(주),Mercedes-Benz E 200,2025
2025-07-03,현대자동차(주),아반떼(AVANTE),2021
2025-07-03,현대자동차(주),쏘나타(SONATA),2020
2025-07-03,현대자동차(주),그랜저(GRANDEUR),2020
2025-07-03,현대자동차(주),포터Ⅱ (PORTERⅡ),2025
2025-07-03,기아 주식회사,니로 EV,2022
2025-07-03,기아 주식회사,K7,2021
2025-07-03,현대자동차(주),아반떼(AVANTE),2021
2025-07-03,현대자동차(주),아이오닉5 (IONIQ5),2022
2025-07-03,기아 주식회사,K8 하이브리드,2022
2025-07-03,비엠더블유코리아(주),BMW 520d,2017
2025-07-03,현대자동차(주),투싼 하이브리드(TUCSON HYBRID),2021
2025-07-03,기아 주식회사,카니발,2021
2025-07-03,한국지엠주식회사,말리부 2.0 DOHC,2015
2025-07-03,기아 주식회사,K7,2020
2025-07-03,기아 주식회사,카니발 하이브리드,2024
2025-07-03,르노코리아(주),ARKANA,2025
2025-07-03,포드세일즈서비스코리아(유),Explorer 2.3 AWD,2016
2025-07-03,기아 주식회사,카니발 하이브리드,2024
2025-07-03,기아 주식회사,카니발 하이리무진,2022
2025-07-03,기아 주식회사,K8 하이브리드,2024
2025-07-03,현대자동차(주),쏘나타(SONATA),2021
2025-07-03,현대자동차(주),쏘나타(SONATA),2020
2025-07-03,포드세일즈서비스코리아(유),Lincoln MKZ 2.0,2019
2025-07-03,기아 주식회사,쏘렌토,2021
2025-07-03,르노코리아(주),XM3,2022
2025-07-03,현대자동차(주),아반떼(AVANTE),2017
2025-07-03,비엠더블유코리아(주),BMW X3 xDrive20i,2021
2025-07-03,현대자동차(주),그랜저(GRANDEUR),2020
2025-07-03,현대자동차(주),GV60,2022
2025-07-03,메르세데스벤츠코리아(주),벤츠 A220 Sedan,2020
2025-07-03,현대자동차(주),그랜저(GRANDEUR),2022
2025-07-03,비엠더블유코리아(주),BMW 530i M Sport Package,2020
2025-07-03,현대자동차(주),싼타페 하이브리드(SANTAFE HYBRID),2024
2025-07-03,현대자동차(주),아반떼 (AVANTE),2013
2025-07-03,포드세일즈서비스코리아(유),Explorer 2.3,2020
2025-07-03,포드세일즈서비스코리아(유),Explorer 2.3,2020
2025-07-04,주식회사 쎄보모빌리티,CEVO-C,2020
2025-07-04,비엠더블유코리아(주),BMW X7 xDrive 30d Design Pure Excellence,2020
2025-07-04,현대자동차(주),포터Ⅱ (PORTERⅡ),2024
2025-07-04,현대자동차(주),아반떼(AVANTE),2021
2025-07-04,현대자동차(주),투싼(TUCSON),2025
2025-07-04,기아 주식회사,K8 하이브리드,2022
2025-07-04,기아 주식회사,K8 하이브리드,2022
2025-07-04,현대자동차(주),G70,2020
2025-07-04,메르세데스벤츠코리아(주),Mercedes-Benz E 200,2024
2025-07-04,CSA,카이로스4톤카고,2024
2025-07-04,기아 주식회사,K7,2020
2025-07-04,메르세데스벤츠코리아(주),E220 d Cabriolet,2018
2025-07-04,현대자동차(주),아이오닉6 (IONIQ6),2023
2025-07-04,현대자동차(주),그랜저 하이브리드(GRANDEUR HYBRID),2023
2025-07-04,현대자동차(주),그랜저(GRANDEUR),2020
2025-07-04,기아 주식회사,쏘울 전기차,2021
2025-07-04,현대자동차(주),아반떼(AVANTE),2021
2025-07-04,테슬라코리아 유한회사,Model Y Long Range,2021
2025-07-04,르노코리아(주),QM3,2015
2025-07-04,기아 주식회사,K8 하이브리드,2025
2025-07-04,기아 주식회사,카니발,2023
2025-07-04,현대자동차(주),팰리세이드 하이브리드(PALISADE HYBRID),2026
2025-07-04,기아 주식회사,스포티지 하이브리드,2024
2025-07-04,기아 주식회사,카니발,2021
2025-07-04,폭스바겐그룹코리아 주식회사,ID.4 Pro,2025
2025-07-04,폭스바겐그룹코리아 주식회사,ID.4 Pro,2023
2025-07-04,혼다코리아(주),ACCORD HYBRID,2019
2025-07-04,폭스바겐그룹코리아 주식회사,ID.4 Pro,2023
2025-07-04,폭스바겐그룹코리아 주식회사,ID.4 Pro,2025
2025-07-04,기아 주식회사,K8 하이브리드,2022
2025-07-04,기아 주식회사,K7,2017
2025-07-04,현대자동차(주),아반떼 (AVANTE),2013
2025-07-04,현대자동차(주),넥쏘 (NEXO) 수소전기차,2022
2025-07-04,비엠더블유코리아(주),BMW 530i,2018
2025-07-04,현대자동차(주),아반떼(AVANTE),2021
2025-07-04,현대자동차(주),아이오닉5 (IONIQ5),2022
2025-07-04,메르세데스벤츠코리아(주),GLC350 e 4Matic,2019
2025-07-04,현대자동차(주),쏘나타 하이브리드(SONATA HYBRID),2019
2025-07-04,한국지엠(주),CHEVROLET BOLT EV,2018
2025-07-07,기아 주식회사,모하비,2018
2025-07-07,(주)재규어랜드로버코리아,레인지로버 4.4D,2014
2025-07-07,기아 주식회사,K7,2020
2025-07-07,현대자동차(주),아반떼(AVANTE),2016
2025-07-07,폭스바겐그룹코리아 주식회사,Passat 2.0 TSI,2018
2025-07-07,르노코리아(주),QM3,2017
2025-07-07,현대자동차(주),넥쏘 (NEXO) 수소전기차,2022
2025-07-07,현대자동차(주),쏘나타(SONATA),2020
2025-07-07,현대자동차(주),아반떼(AVANTE),2021
2025-07-07,포드세일즈서비스코리아(유),Explorer 2.3 AWD,2018
2025-07-07,테슬라코리아 유한회사,Model 3 Long Range,2024
2025-07-07,폭스바겐그룹코리아 주식회사,Q4 45 e-tron,2025
2025-07-07,현대자동차(주),아반떼(AVANTE),2017
2025-07-07,기아 주식회사,K5,2022
2025-07-07,테슬라코리아 유한회사,Model Y Standard Range,2021
2025-07-07,현대자동차(주),넥쏘 (NEXO) 수소전기차,2021
2025-07-07,비엠더블유코리아(주),BMW 220i Active Tourer,2024
2025-07-07,기아 주식회사,카니발,2021
2025-07-07,현대자동차(주),쏘나타(SONATA),2020
2025-07-07,현대자동차(주),그랜저(GRANDEUR),2020
2025-07-07,현대자동차(주),아반떼(AVANTE),2021
2025-07-07,현대자동차(주),넥쏘 (NEXO) 수소전기차,2022
2025-07-07,기아 주식회사,K8 하이브리드,2022
2025-07-07,현대자동차(주),투싼 하이브리드(TUCSON HYBRID),2022
2025-07-07,현대자동차(주),싼타페 하이브리드(SANTAFE HYBRID),2024
2025-07-07,기아 주식회사,K7,2020
2025-07-07,현대자동차(주),아반떼(AVANTE),2021
2025-07-07,한국닛산(주),Altima 2.5,2019
2025-07-07,현대자동차(주),아반떼(AVANTE),2018
2025-07-07,기아 주식회사,K7,2017
2025-07-07,현대자동차(주),넥쏘 (NEXO) 수소전기차,2019
2025-07-07,현대자동차(주),넥쏘 (NEXO) 수소전기차,2022
2025-07-07,현대자동차(주),넥쏘 (NEXO) 수소전기차,2020
2025-07-07,현대자동차(주),넥쏘 (NEXO) 수소전기차,2021
2025-07-07,기아 주식회사,니로 하이브리드,2021
2025-07-07,르노코리아(주),QM6,2019
2025-07-07,기아 주식회사,쏘렌토 하이브리드,2021
2025-07-07,테슬라코리아 유한회사,Model 3 Long Range,2021
2025-07-07,테슬라코리아 유한회사,Model Y Standard Range,2021
2025-07-07,한국지엠주식회사,말리부 2.0 TURBO,2017
2025-07-07,지엠아시아퍼시픽지역본부 주식회사,CADILLAC ESCALADE,2023
2025-07-07,현대자동차(주),그랜저(GRANDEUR),2020
2025-07-07,기아 주식회사,K7,2020
2025-07-07,기아 주식회사,쏘렌토 하이브리드,2021
2025-07-07,폭스바겐그룹코리아 주식회사,Tiguan Allspace,2023
2025-07-07,기아 주식회사,니로 하이브리드,2020
2025-07-07,현대자동차(주),아이오닉5 (IONIQ5),2025
2025-07-07,폭스바겐그룹코리아 주식회사,ID.4 Pro,2025
2025-07-07,비엠더블유코리아(주),BMW 530e,2021
2025-07-08,포드세일즈서비스코리아(유),Lincoln Aviator 3.0,2023
2025-07-08,현대자동차(주),투싼(TUCSON),2017
2025-07-08,현대자동차(주),쏘나타(SONATA),2020
2025-07-08,현대자동차(주),팰리세이드(Palisade),2025
2025-07-08,기아 주식회사,카니발 하이브리드,2024
2025-07-08,현대자동차(주),그랜저(GRANDEUR),2021
2025-07-08,현대자동차(주),쏘나타(SONATA),2020
2025-07-08,현대자동차(주),G80,2021
2025-07-08,현대자동차(주),아반떼(AVANTE),2017
2025-07-08,현대자동차(주),쏘나타(SONATA),2020
2025-07-08,화창상사(주),CHIEFTAIN DARK HORSE,2019
2025-07-08,기아 주식회사,K7,2020
2025-07-08,기아 주식회사,봉고Ⅲ 하이 택배전용차,2024
2025-07-08,르노코리아(주),QM3,2015
2025-07-08,메르세데스벤츠코리아(주),Mercedes-Benz E350 4MATIC,2021
2025-07-08,케이지모빌리티 주식회사(KG Mobility Corp.),티볼리,2016
2025-07-08,현대자동차(주),그랜저(GRANDEUR),2023
2025-07-08,기아 주식회사,쏘렌토 하이브리드,2021
2025-07-08,기아 주식회사,카니발 하이리무진,2022
2025-07-08,현대자동차(주),그랜저(GRANDEUR),2020
2025-07-08,현대자동차(주),쏘나타(SONATA),2021
2025-07-08,메르세데스벤츠코리아(주),E220 d Coupe,2018
2025-07-08,테슬라코리아 유한회사,Model 3 Standard Range Plus RWD,2021
2025-07-08,폭스바겐그룹코리아 주식회사,ID.4 Pro,2023
2025-07-08,기아 주식회사,카니발,2021
2025-07-08,기아 주식회사,쏘렌토,2021
2025-07-08,한국지엠주식회사,말리부 1.35 TURBO,2020
2025-07-08,비엠더블유코리아(주),BMW 530i xDrive,2018
2025-07-08,현대자동차(주),쏘나타(SONATA),2020
2025-07-08,테슬라코리아 유한회사,Model 3 Long Range,2021
2025-07-08,테슬라코리아 유한회사,Model Y Long Range,2021
2025-07-08,폭스바겐그룹코리아 주식회사,Q4 e-tron 40,2022
2025-07-08,한불모터스(주),Peugeot 3008 1.5 BlueHDi,2019
2025-07-08,스텔란티스코리아 주식회사,짚랭글러 3.6 루비콘,2017
2025-07-08,메르세데스벤츠코리아(주),Mercedes-Benz E 300 4MATIC,2025
2025-07-08,테슬라코리아 유한회사,Model 3 Long Range,2021
2025-07-08,테슬라코리아 유한회사,Model 3 Performance,2020
2025-07-08,테슬라코리아 유한회사,Model Y Long Range,2021
2025-07-09,메르세데스벤츠코리아(주),Mercedes-Benz E350 4MATIC,2022
2025-07-09,현대자동차(주),싼타페(SANTAFE),2019
2025-07-09,테슬라코리아 유한회사,Model 3 Long Range,2021
2025-07-09,기아 주식회사,니로 하이브리드,2017
2025-07-09,기아 주식회사,K7,2020
2025-07-09,르노코리아(주),SM5 D,2015
2025-07-09,기아 주식회사,쏘렌토 하이브리드,2021
2025-07-09,현대자동차(주),아반떼(AVANTE),2021
2025-07-09,기아 주식회사,K5,2020
2025-07-09,테슬라코리아 유한회사,Model Y Standard Range,2021
2025-07-09,현대자동차(주),그랜저(GRANDEUR),2020
2025-07-09,현대자동차(주),그랜드 스타렉스(GRAND STAREX),2016
2025-07-09,현대자동차(주),쏘나타 하이브리드 (SONATA HYBRID),2021
2025-07-09,한불모터스(주),Peugeot 2008 1.5 BlueHDi,2019
2025-07-09,폭스바겐그룹코리아 주식회사,ID.4 Pro,2023
2025-07-09,현대자동차(주),그랜저(GRANDEUR),2020
2025-07-09,테슬라코리아 유한회사,Model Y Long Range,2021
2025-07-09,폭스바겐그룹코리아 주식회사,Q4 e-tron 40,2022
2025-07-09,기아 주식회사,K7,2020
2025-07-09,현대자동차(주),i40,2012
2025-07-09,현대자동차(주),넥쏘 (NEXO) 수소전기차,2020
2025-07-09,한국닛산(주),Altima 2.5,2019
2025-07-09,현대자동차(주),그랜저(GRANDEUR),2020
2025-07-09,기아 주식회사,카니발,2021
2025-07-09,한국지엠주식회사,스파크 1.0 DOHC,2014
2025-07-09,현대자동차(주),아반떼(AVANTE),2021
2025-07-09,기아 주식회사,쏘렌토,2021
2025-07-09,현대자동차(주),G80,2021
2025-07-09,테슬라코리아 유한회사,Model Y Performance,2021
2025-07-09,현대자동차(주),그랜저 하이브리드(GRANDEUR HYBRID),2020
2025-07-09,한불모터스(주),Peugeot 208 1.6 BlueHDi,2017
2025-07-09,한국닛산(주),INFINITI QX50 2.0 AWD,2019
2025-07-09,기아 주식회사,K8 하이브리드,2022
2025-07-09,르노코리아(주),SM7,2017
2025-07-09,현대자동차(주),쏘나타(SONATA),2021
2025-07-09,폭스바겐그룹코리아 주식회사,Q4 e-tron 40,2022
2025-07-09,폭스바겐그룹코리아 주식회사,Q4 e-tron 40,2022
2025-07-09,현대자동차(주),쏘나타(SONATA),2020
2025-07-09,한국토요타자동차(주),토요타 Camry,2019
2025-07-09,한국지엠주식회사,크루즈 1.8 DOHC,2016
2025-07-09,현대자동차(주),그랜저(GRANDEUR),2020
2025-07-09,현대자동차(주),투싼(TUCSON),2025
2025-07-09,현대자동차(주),쏘나타(SONATA),2020
2025-07-09,기아 주식회사,K7,2020
2025-07-09,현대자동차(주),그랜저(GRANDEUR),2020
2025-07-10,현대자동차(주),넥쏘 (NEXO) 수소전기차,2022
2025-07-10,혼다코리아(주),ACCORD HYBRID,2019
2025-07-10,기아 주식회사,쏘렌토 하이브리드,2021
2025-07-10,현대자동차(주),쏘나타(SONATA),2020
2025-07-10,현대자동차(주),G80,2021
2025-07-10,현대자동차(주),그랜저 하이브리드(GRANDEUR HYBRID),2022
2025-07-10,현대자동차(주),쏘나타 하이브리드 (SONATA HYBRID),2020
2025-07-10,현대자동차(주),넥쏘 (NEXO) 수소전기차,2022
2025-07-10,현대자동차(주),아반떼(AVANTE),2021
2025-07-10,현대자동차(주),쏘나타(SONATA),2020
2025-07-10,현대자동차(주),쏘나타 하이브리드 (SONATA HYBRID),2020
2025-07-10,현대자동차(주),넥쏘 (NEXO) 수소전기차,2022
2025-07-10,현대자동차(주),그랜저(GRANDEUR),2020
2025-07-10,현대자동차(주),넥쏘 (NEXO) 수소전기차,2020
2025-07-10,(주)재규어랜드로버코리아,디스커버리 스포츠 2.0D,2017
2025-07-10,한불모터스(주),Peugeot 508 2.0 BlueHDi,2021
2025-07-10,현대자동차(주),그랜저(GRANDEUR),2020
2025-07-10,현대자동차(주),그랜저(GRANDEUR),2020
2025-07-10,테슬라코리아 유한회사,Model Y Long Range,2021
2025-07-10,현대자동차(주),그랜저(GRANDEUR),2020
2025-07-10,기아 주식회사,EV9,2024
2025-07-10,현대자동차(주),넥쏘 (NEXO) 수소전기차,2022
2025-07-10,테슬라코리아 유한회사,Model Y Standard Range,2021
2025-07-10,포드세일즈서비스코리아(유),Focus 1.5,2016
2025-07-10,메르세데스벤츠코리아(주),Mercedes-Benz C200,2020
2025-07-10,현대자동차(주),아반떼(AVANTE),2021
2025-07-10,르노코리아(주),QM3,2014
2025-07-10,기아 주식회사,쏘렌토 하이브리드,2021
2025-07-10,현대자동차(주),그랜저(GRANDEUR),2015
2025-07-10,테슬라코리아 유한회사,Model 3 Performance,2021
2025-07-10,기아 주식회사,셀토스,2020
2025-07-10,현대자동차(주),넥쏘 (NEXO) 수소전기차,2023
2025-07-10,(주)쓰리축코리아,쓰리축코리아9톤카고트럭,2025
2025-07-11,현대자동차(주),넥쏘 (NEXO) 수소전기차,2021
2025-07-11,스텔란티스코리아 주식회사,300C,2014
2025-07-11,(주)재규어랜드로버코리아,레인지로버 이보크 2.0D,2017
2025-07-11,현대자동차(주),쏘나타(SONATA),2020
2025-07-11,기아 주식회사,K5,2022
2025-07-11,혼다코리아(주),ACCORD HYBRID,2019
2025-07-11,기아 주식회사,K5,2020
2025-07-11,(주)아이버스,아이버스스타리아어린이운송차,2022
2025-07-11,기아 주식회사,K7,2020
2025-07-11,기아 주식회사,K5,2019
2025-07-11,기아 주식회사,쏘렌토 하이브리드,2021
2025-07-11,현대자동차(주),그랜저(GRANDEUR),2020
2025-07-11,현대자동차(주),아반떼(AVANTE),2021
2025-07-11,르노코리아(주),KOLEOS Hybrid(콜레오스 하이브리드),2025
2025-07-11,현대자동차(주),그랜저(GRANDEUR),2020
2025-07-11,르노코리아(주),MASTER,2024
2025-07-11,현대자동차(주),쏘나타(SONATA),2020
2025-07-11,현대자동차(주),그랜저(GRANDEUR),2021
2025-07-11,포드세일즈서비스코리아(유),Explorer 2.3,2020
2025-07-11,현대자동차(주),아반떼(AVANTE),2021
2025-07-11,폭스바겐그룹코리아 주식회사,A6 40 TDI quattro,2020
2025-07-11,한불모터스(주),Peugeot 5008 1.5 BlueHDi,2019
2025-07-11,기아 주식회사,K5,2022
2025-07-11,포드세일즈서비스코리아(유),Explorer 2.3,2020
2025-07-11,기아 주식회사,쏘렌토,2016
2025-07-11,폭스바겐그룹코리아 주식회사,Q4 e-tron 40,2022
2025-07-11,폭스바겐그룹코리아 주식회사,Tiguan Allspace 2.0 TDI,2020
2025-07-11,테슬라코리아 유한회사,Model 3 Long Range,2021
2025-07-11,기아 주식회사,쏘렌토 하이브리드,2021
2025-07-11,현대자동차(주),쏘나타(SONATA),2020
2025-07-14,폭스바겐그룹코리아 주식회사,ID.4 Pro,2025
2025-07-14,현대자동차(주),i30,2017
2025-07-14,테슬라코리아 유한회사,Model 3 Long Range,2021
2025-07-14,테슬라코리아 유한회사,Model 3 Long Range,2024
2025-07-14,주식회사 쎄보모빌리티,CEVO-C SE,2022
2025-07-14,기아 주식회사,카니발 하이리무진,2023
2025-07-14,비엠더블유코리아(주),BMW 520d xDrive,2017
2025-07-14,현대자동차(주),쏘나타(SONATA),2020
2025-07-14,현대자동차(주),엑센트 (ACCENT),2014
2025-07-14,현대자동차(주),넥쏘 (NEXO) 수소전기차,2022
2025-07-14,현대자동차(주),그랜저(GRANDEUR),2020
2025-07-14,포드세일즈서비스코리아(유),Explorer 2.3 AWD,2018
2025-07-14,현대자동차(주),쏘나타(SONATA),2020
2025-07-14,기아 주식회사,K5,2020
2025-07-14,현대자동차(주),G80,2022
2025-07-14,기아 주식회사,K5,2023
2025-07-14,폭스바겐그룹코리아 주식회사,Q4 e-tron 40,2022
2025-07-14,한국토요타자동차(주),토요타 Sienna Hybrid 2WD,2025
2025-07-14,폭스바겐그룹코리아 주식회사,Arteon 2.0 TDI,2019
2025-07-14,기아 주식회사,K7,2021
2025-07-14,현대자동차(주),아반떼 Hybrid(AVANTE Hybrid),2022
2025-07-14,현대자동차(주),아반떼(AVANTE),2021
2025-07-14,현대자동차(주),G80,2024
2025-07-14,폭스바겐그룹코리아 주식회사,A6 40 TDI,2020
2025-07-14,현대자동차(주),GV80,2020
2025-07-14,기아 주식회사,쏘렌토 하이브리드,2024
2025-07-14,현대자동차(주),그랜저(GRANDEUR),2020
2025-07-14,르노코리아(주),QM6,2019
2025-07-14,테슬라코리아 유한회사,Model Y Standard Range,2021
2025-07-14,기아 주식회사,니로 하이브리드,2020
2025-07-14,기아 주식회사,K8 하이브리드,2022
2025-07-14,기아 주식회사,쏘렌토 하이브리드,2021
2025-07-14,현대자동차(주),G80,2021
2025-07-14,한국지엠주식회사,크루즈 1.4,2014
2025-07-14,테슬라코리아 유한회사,Model 3 Long Range,2022
2025-07-14,기아 주식회사,카니발,2023
2025-07-14,현대자동차(주),캐스퍼 일렉트릭(CASPER Electric),2025
2025-07-14,현대자동차(주),그랜저(GRANDEUR),2020
2025-07-14,현대자동차(주),그랜저(GRANDEUR),2020
2025-07-14,현대자동차(주),그랜저(GRANDEUR),2020
2025-07-14,현대자동차(주),아이오닉5(IONIQ5),2024
2025-07-14,현대자동차(주),아이오닉5(IONIQ5),2023
2025-07-14,현대자동차(주),아이오닉5(IONIQ5),2024
2025-07-14,현대자동차(주),아이오닉5(IONIQ5),2023
2025-07-14,현대자동차(주),아이오닉5(IONIQ5),2023
2025-07-14,현대자동차(주),아이오닉5(IONIQ5),2023
2025-07-14,현대자동차(주),아이오닉5(IONIQ5),2023
2025-07-14,현대자동차(주),아이오닉5(IONIQ5),2023
2025-07-14,폭스바겐그룹코리아 주식회사,ID.4 Pro,2025
2025-07-14,기아 주식회사,셀토스,2020
2025-07-14,르노코리아(주),QM3,2014
2025-07-14,현대자동차(주),그랜저(GRANDEUR),2021
2025-07-14,현대자동차(주),아이오닉5 (IONIQ5),2022
2025-07-15,르노코리아(주),SM5 D,2014
2025-07-15,현대자동차(주),싼타페(SANTAFE),2021
2025-07-15,기아 주식회사,K5,2020
2025-07-15,현대자동차(주),그랜저(GRANDEUR),2020
2025-07-15,한불모터스(주),Peugeot 3008 GT 2.0 BlueHDi,2018
2025-07-15,현대자동차(주),GV60,2022
2025-07-15,현대자동차(주),아반떼(AVANTE),2021
2025-07-15,현대자동차(주),아반떼(AVANTE),2021
2025-07-15,폭스바겐그룹코리아 주식회사,ID.4 Pro,2023
2025-07-15,폭스바겐그룹코리아 주식회사,ID.4 Pro,2023
2025-07-15,현대자동차(주),아반떼 Hybrid(AVANTE Hybrid),2021
2025-07-15,메르세데스벤츠코리아(주),벤츠 CLS450 4Matic,2019
2025-07-15,현대자동차(주),넥쏘 (NEXO) 수소전기차,2020
2025-07-15,기아 주식회사,K5,2021
2025-07-15,혼다코리아(주),ODYSSEY,2019
2025-07-15,현대자동차(주),넥쏘 (NEXO) 수소전기차,2023
2025-07-15,기아 주식회사,K7,2020
2025-07-15,기아 주식회사,K5 하이브리드,2020
2025-07-15,테슬라코리아 유한회사,Model Y Standard Range,2021
2025-07-15,폭스바겐그룹코리아 주식회사,ID.4 Pro,2025
2025-07-15,폭스바겐그룹코리아 주식회사,ID.4 Pro,2022
2025-07-15,폭스바겐그룹코리아 주식회사,Arteon 2.0 TDI,2019
2025-07-15,포드세일즈서비스코리아(유),Lincoln Continental 3.0 AWD,2019
2025-07-15,현대자동차(주),투싼 하이브리드(TUCSON HYBRID),2021
2025-07-15,현대자동차(주),넥쏘 (NEXO) 수소전기차,2020
2025-07-15,비엠더블유코리아(주),BMW 520d,2018
2025-07-15,기아 주식회사,EV6,2022
2025-07-15,현대자동차(주),아반떼 (AVANTE),2013
2025-07-15,케이지모빌리티 주식회사(KG Mobility Corp.),액티언,2025
2025-07-15,케이지모빌리티 주식회사(KG Mobility Corp.),토레스,2025
2025-07-15,기아 주식회사,쏘렌토,2020
2025-07-16,포드세일즈서비스코리아(유),Explorer 2.3 AWD,2018
2025-07-16,기아 주식회사,카니발,2019
2025-07-16,한불모터스(주),Peugeot 2008 1.5 BlueHDi,2021
2025-07-16,기아 주식회사,EV6,2022
2025-07-16,케이지모빌리티 주식회사(KG Mobility Corp.),렉스턴,2014
2025-07-16,기아 주식회사,쏘렌토 하이브리드,2021
2025-07-16,기아 주식회사,쏘렌토,2023
2025-07-16,폭스바겐그룹코리아 주식회사,ID.5 Pro,2025
2025-07-16,현대자동차(주),그랜저(GRANDEUR),2020
2025-07-16,현대자동차(주),그랜저(GRANDEUR),2022
2025-07-16,현대자동차(주),넥쏘 (NEXO) 수소전기차,2020
2025-07-16,기아 주식회사,K5,2022
2025-07-16,기아 주식회사,K5,2022
2025-07-16,기아 주식회사,스포티지 하이브리드,2025
2025-07-16,현대자동차(주),아반떼(AVANTE),2022
2025-07-16,현대자동차(주),코나 일렉트릭 (KONA ELECTRIC),2019
2025-07-16,현대자동차(주),그랜저(GRANDEUR),2020
2025-07-16,테슬라코리아 유한회사,Model Y Long Range,2021
2025-07-16,현대자동차(주),넥쏘 (NEXO) 수소전기차,2019
2025-07-16,현대자동차(주),G80,2021
2025-07-16,현대자동차(주),아반떼(AVANTE),2022
2025-07-16,폭스바겐그룹코리아 주식회사,Q4 e-tron 40,2022
2025-07-16,현대자동차(주),쏘나타(SONATA),2020
2025-07-16,테슬라코리아 유한회사,Model Y Long Range,2021
2025-07-16,현대자동차(주),아반떼(AVANTE),2021
2025-07-16,기아 주식회사,쏘렌토 하이브리드,2022
2025-07-16,현대자동차(주),아반떼(AVANTE),2021
2025-07-16,기아 주식회사,K5,2020
2025-07-17,현대자동차(주),넥쏘 (NEXO) 수소전기차,2023
2025-07-17,기아 주식회사,K7,2020
2025-07-17,주식회사 더씨케이모터스,C35 S5,2018
2025-07-17,현대자동차(주),투싼(TUCSON),2025
2025-07-17,테슬라코리아 유한회사,Model Y Standard Range,2021
2025-07-17,현대자동차(주),팰리세이드(PALISADE),2026
2025-07-17,기아 주식회사,카니발 리무진,2023
2025-07-17,현대자동차(주),G80,2021
2025-07-17,기아 주식회사,K5,2020
2025-07-17,현대자동차(주),아반떼(AVANTE),2021
2025-07-17,비엠더블유코리아(주),BMW 328i Convertible,2009
2025-07-17,포드세일즈서비스코리아(유),익스플로러,2019
2025-07-17,폭스바겐그룹코리아 주식회사,ID.4 Pro,2025
2025-07-17,현대자동차(주),투싼 하이브리드(TUCSON HYBRID),2025
2025-07-17,현대자동차(주),그랜저 하이브리드(GRANDEUR HYBRID),2020
2025-07-17,테슬라코리아 유한회사,Model 3 Long Range,2021
2025-07-17,폭스바겐그룹코리아 주식회사,ID.4 Pro,2023
2025-07-17,폭스바겐그룹코리아 주식회사,ID.4 Pro,2023
2025-07-17,테슬라코리아 유한회사,Model Y Standard Range,2021
2025-07-17,현대자동차(주),G80,2022
2025-07-17,현대자동차(주),아반떼(AVANTE),2021
2025-07-17,폭스바겐그룹코리아 주식회사,Q4 e-tron 40,2022
2025-07-17,현대자동차(주),넥쏘 (NEXO) 수소전기차,2024
2025-07-17,기아 주식회사,K7 하이브리드,2021
2025-07-17,기아 주식회사,K7,2017
2025-07-17,한불모터스(주),Peugeot 3008 GT 2.0 BlueHDi,2018
2025-07-17,현대자동차(주),아반떼(AVANTE),2018
2025-07-17,메르세데스벤츠코리아(주),Mercedes-Benz E220 d 4MATIC,2023
2025-07-17,비엠더블유코리아(주),BMW 530i xDrive,2018
2025-07-17,현대자동차(주),넥쏘 (NEXO) 수소전기차,2019
2025-07-18,유로모토코리아(주),ZT350T-D,2024
2025-07-18,현대자동차(주),그랜저(GRANDEUR),2022
2025-07-18,,아이오닉5 (IONIQ5),2022
2025-07-18,비엠더블유코리아(주),BMW i8,2016
2025-07-18,,MASADA 2밴,2025
2025-07-18,기아 주식회사,EV6,2022
2025-07-18,현대자동차(주),그랜저(GRANDEUR),2019
2025-07-18,(주)재규어랜드로버코리아,디스커버리4 3.0D,2016
2025-07-18,포드세일즈서비스코리아(유),Explorer 2.3,2020
2025-07-18,(주)재규어랜드로버코리아,디스커버리4 5.0,2011
2025-07-18,(주)재규어랜드로버코리아,디스커버리4 3.0D,2014
2025-07-18,폭스바겐그룹코리아 주식회사,ID.4 Pro,2023
2025-07-18,(주)재규어랜드로버코리아,디스커버리4 3.0D,2012
2025-07-18,기아 주식회사,카니발,2021
2025-07-18,혼다코리아(주),WW125A,2024
2025-07-18,현대자동차(주),코나 일렉트릭 (KONA ELECTRIC),2019
2025-07-18,테슬라코리아 유한회사,Model Y Long Range,2022
2025-07-18,비엠더블유코리아(주),BMW X4 xDrive20d M Sport Package,2020
2025-07-18,포르쉐코리아 주식회사,카이엔 COUPE (5인승),2024
2025-07-18,현대자동차(주),그랜저(GRANDEUR),2018
2025-07-18,(주)재규어랜드로버코리아,디스커버리4 3.0D,2016
2025-07-18,(주)재규어랜드로버코리아,디스커버리 TD6,2017
2025-07-18,현대자동차(주),투싼(TUCSON),2020
2025-07-18,비엠더블유코리아(주),BMW i4 eDrive40,2022
2025-07-18,(주)재규어랜드로버코리아,디스커버리4 3.0D,2015
2025-07-18,혼다코리아(주),CR-V HYBRID 4WD,2021
2025-07-18,(주)재규어랜드로버코리아,디스커버리 TD6,2019
2025-07-18,현대자동차(주),GV80,2022
2025-07-18,기아 주식회사,K7,2020
2025-07-18,(주)재규어랜드로버코리아,디스커버리4 3.0D,2016
2025-07-18,현대자동차(주),GV80,2021
2025-07-18,기아 주식회사,카니발,2025
2025-07-18,(주)재규어랜드로버코리아,디스커버리4 3.0D,2014
2025-07-18,폭스바겐그룹코리아 주식회사,Tiguan 2.0 TDI 4Motion,2018
2025-07-18,(주)재규어랜드로버코리아,디스커버리4 3.0D,2015
2025-07-18,(주)재규어랜드로버코리아,디스커버리4 3.0D,2016
2025-07-18,(주)재규어랜드로버코리아,디스커버리4 3.0D,2016
2025-07-18,현대자동차(주),싼타페 하이브리드(SANTAFE HYBRID),2022
2025-07-18,르노코리아(주),SM5,2014
2025-07-18,(주)재규어랜드로버코리아,디스커버리 스포츠 2.0D,2018
2025-07-18,(주)볼보자동차코리아,디스커버리3 TDV6,2007
2025-07-18,(주)재규어랜드로버코리아,디스커버리4 3.0D,2016
2025-07-18,(주)볼보자동차코리아,디스커버리3,2006
2025-07-18,(주)재규어랜드로버코리아,디스커버리4 3.0D,2013
2025-07-18,(주)재규어랜드로버코리아,디스커버리4 3.0D,2016
2025-07-18,기아 주식회사,K5,2020
2025-07-18,기아 주식회사,카니발,2022
2025-07-18,기아 주식회사,쏘렌토,2023
2025-07-18,기아 주식회사,K8 하이브리드,2022
2025-07-18,현대자동차(주),쏘나타 하이브리드 (SONATA HYBRID),2020
2025-07-18,테슬라코리아 유한회사,Model Y Standard Range,2021
2025-07-21,기아 주식회사,카니발 리무진,2019
2025-07-21,현대자동차(주),아반떼(AVANTE),2016
2025-07-21,기아 주식회사,스팅어,2022
2025-07-21,한불모터스(주),Grand C4 Picasso 2.0 Blue-HDi,2017
2025-07-21,테슬라코리아 유한회사,Model 3 Long Range,2020
2025-07-21,르노코리아(주),SM5,2016
2025-07-21,기아 주식회사,봉고Ⅲ 1톤 EV,2022
2025-07-21,한국지엠주식회사,올란도 2.0 LPG,2014
2025-07-21,(주)재규어랜드로버코리아,디스커버리4 3.0D,2016
2025-07-21,르노코리아(주),KOLEOS Hybrid(콜레오스 하이브리드),2025
2025-07-21,한국토요타자동차(주),토요타 Camry,2018
2025-07-21,기아 주식회사,쏘렌토 하이브리드,2022
2025-07-21,현대자동차(주),쏘나타 (SONATA),2011
2025-07-21,테슬라코리아 유한회사,Model Y Long Range,2021
2025-07-21,기아 주식회사,K5 하이브리드,2020
2025-07-21,기아 주식회사,카니발,2021
2025-07-21,기아 주식회사,K5,2020
2025-07-21,(주)재규어랜드로버코리아,디스커버리 스포츠 2.0D,2018
2025-07-21,현대자동차(주),포터Ⅱ (PORTERⅡ),2025
2025-07-21,기아 주식회사,스팅어,2022
2025-07-21,기아 주식회사,카니발,2024
2025-07-21,기아 주식회사,스팅어,2022
2025-07-21,기아 주식회사,스팅어,2022
2025-07-21,(주)재규어랜드로버코리아,디스커버리4 3.0D,2016
2025-07-21,(주)재규어랜드로버코리아,디스커버리4 3.0D,2016
2025-07-21,테슬라코리아 유한회사,Model 3 Performance,2024
2025-07-21,테슬라코리아 유한회사,Model 3 Performance,2024
2025-07-21,한국지엠주식회사,올란도 2.0 LPG,2012
2025-07-21,기아 주식회사,K5,2020
2025-07-21,기아 주식회사,K7,2020
2025-07-21,(주)볼보자동차코리아,볼보 S90B6 AWD,2023
2025-07-21,현대자동차(주),넥쏘 (NEXO) 수소전기차,2024
2025-07-21,폭스바겐그룹코리아 주식회사,Arteon 2.0 TDI,2019
2025-07-21,르노코리아(주),SM7,2017
2025-07-21,현대자동차(주),싼타페 하이브리드(SANTAFE HYBRID),2024
2025-07-21,한국지엠주식회사,올란도 2.0 LPG,2012
2025-07-21,기아 주식회사,카니발,2023
2025-07-21,현대자동차(주),팰리세이드(PALISADE),2022
2025-07-21,현대자동차(주),GV80,2023
2025-07-21,현대자동차(주),아이오닉5(IONIQ5),2022
2025-07-21,현대자동차(주),투싼(TUCSON),2025
2025-07-21,기아 주식회사,K7,2020
2025-07-22,기아 주식회사,카니발 하이리무진,2023
2025-07-22,현대자동차(주),팰리세이드(PALISADE),2019
2025-07-22,현대자동차(주),GV80,2023
2025-07-22,현대자동차(주),아반떼(AVANTE),2022
2025-07-22,한불모터스(주),Peugeot 5008 1.5 BlueHDi,2019
2025-07-22,현대자동차(주),팰리세이드(Palisade),2025
2025-07-22,기아 주식회사,카니발,2021
2025-07-22,한국지엠주식회사,말리부 1.5 TURBO,2018
2025-07-22,현대자동차(주),아반떼(AVANTE),2017
2025-07-22,현대자동차(주),투싼 하이브리드(TUCSON HYBRID),2025
2025-07-22,테슬라코리아 유한회사,Model Y Long Range,2021
2025-07-22,기아 주식회사,K7,2020
2025-07-22,기아 주식회사,K7,2020
2025-07-22,비엠더블유코리아(주),MINI Cooper SD Clubman,2014
2025-07-22,기아 주식회사,카니발,2017
2025-07-22,기아 주식회사,EV6,2022
2025-07-22,기아 주식회사,쏘렌토 하이브리드,2022
2025-07-22,기아 주식회사,카니발,2021
2025-07-22,현대자동차(주),싼타페(SANTAFE),2019
2025-07-22,기아 주식회사,카니발,2021
2025-07-22,폭스바겐그룹코리아 주식회사,ID.4 Pro,2022
2025-07-22,현대자동차(주),그랜저(GRANDEUR),2021
2025-07-22,현대자동차(주),넥쏘 (NEXO) 수소전기차,2020
2025-07-22,기아 주식회사,쏘렌토,2020
2025-07-22,현대자동차(주),그랜저(GRANDEUR),2021
2025-07-22,기아 주식회사,쏘렌토,2021
2025-07-22,지엠아시아퍼시픽지역본부 주식회사,CADILLAC CT4 2.0T,2020
2025-07-22,한국지엠주식회사,올란도 2.0 LPG,2016
2025-07-22,현대자동차(주),아반떼 N(AVANTE N),2022
2025-07-22,기아 주식회사,카니발,2023
2025-07-22,한국지엠주식회사,트레일블레이저 1.35 TURBO FWD,2022
2025-07-22,현대자동차(주),아반떼(AVANTE),2021
2025-07-22,(주)재규어랜드로버코리아,디스커버리4 3.0D,2014
2025-07-22,(주)재규어랜드로버코리아,디스커버리4 3.0D,2015
2025-07-22,(주)재규어랜드로버코리아,디스커버리4 3.0D,2013
2025-07-22,기아 주식회사,K5,2020
2025-07-22,(주)재규어랜드로버코리아,디스커버리4 3.0D,2016
2025-07-22,폭스바겐그룹코리아 주식회사,Tiguan 2.0 TDI Blue Motion,2015
2025-07-22,기아 주식회사,K3,2022
2025-07-22,현대자동차(주),아반떼(AVANTE),2022
2025-07-22,(주)재규어랜드로버코리아,디스커버리4 3.0D,2016
2025-07-22,(주)재규어랜드로버코리아,디스커버리4 3.0D,2016
2025-07-22,(주)재규어랜드로버코리아,디스커버리4 3.0D,2016
2025-07-22,(주)재규어랜드로버코리아,디스커버리4 3.0D,2016
2025-07-22,(주)재규어랜드로버코리아,디스커버리4 3.0D,2016
2025-07-22,(주)재규어랜드로버코리아,디스커버리4 3.0D,2012
2025-07-22,기아 주식회사,K5,2021
2025-07-22,(주)재규어랜드로버코리아,레인지로버 스포츠 3.0D,2017
2025-07-22,현대자동차(주),쏘나타 하이브리드 (SONATA HYBRID),2020
2025-07-22,현대자동차(주),쏘나타 하이브리드 (SONATA HYBRID),2020
2025-07-22,테슬라코리아 유한회사,Model 3 Long Range,2024
2025-07-22,테슬라코리아 유한회사,Model 3 Long Range,2024
2025-07-22,기아 주식회사,K7,2017
2025-07-22,폭스바겐그룹코리아 주식회사,Arteon 2.0 TDI,2019
2025-07-22,폭스바겐그룹코리아 주식회사,Arteon 2.0 TDI,2019
2025-07-22,(주)재규어랜드로버코리아,디스커버리4 3.0D,2014
2025-07-23,비엠더블유코리아(주),BMW iX3 M Sport,2023
2025-07-23,다임러트럭코리아(주),Actros,2020
2025-07-23,테슬라코리아 유한회사,Model 3 Standard Range Plus RWD,2021
2025-07-23,메르세데스벤츠코리아(주),Mercedes-Benz C200,2020
2025-07-23,현대자동차(주),투싼 하이브리드(TUCSON HYBRID),2024
2025-07-23,현대자동차(주),넥쏘 (NEXO) 수소전기차,2023
2025-07-23,테슬라코리아 유한회사,Model Y Standard Range,2021
2025-07-23,현대자동차(주),코나 하이브리드(KONA HYBRID),2026
2025-07-23,테슬라코리아 유한회사,Model 3 Standard Range Plus RWD,2021
2025-07-23,현대자동차(주),팰리세이드 하이브리드(PALISADE HYBRID),2026
2025-07-23,기아 주식회사,니로 EV,2019
2025-07-23,현대자동차(주),아반떼(AVANTE),2016
2025-07-23,기아 주식회사,쏘렌토 하이브리드,2021
2025-07-23,현대자동차(주),그랜저(GRANDEUR),2012
2025-07-23,테슬라코리아 유한회사,Model 3 Long Range,2021
2025-07-23,비엠더블유코리아(주),BMW 520d,2017
2025-07-23,현대자동차(주),GV80,2025
2025-07-23,비엠더블유코리아(주),BMW X6 xDrive30d M Sport,2025
2025-07-23,현대자동차(주),GV80,2024
2025-07-23,기아 주식회사,쏘렌토 하이브리드,2022
2025-07-23,기아 주식회사,쏘렌토,2021
2025-07-23,현대자동차(주),GV80,2022
2025-07-23,현대자동차(주),그랜저(GRANDEUR),2020
2025-07-23,현대자동차(주),GV80,2020
2025-07-23,한국닛산(주),LEAF,2019
2025-07-23,현대자동차(주),GV80,2025
2025-07-23,기아 주식회사,K7,2018
2025-07-23,메르세데스벤츠코리아(주),E200,2018
2025-07-23,현대자동차(주),GV80,2022
2025-07-23,현대자동차(주),GV80,2020
2025-07-23,현대자동차(주),아반떼(AVANTE),2021
2025-07-23,(주)재규어랜드로버코리아,레인지로버 3.0D,2015
2025-07-23,현대자동차(주),GV80,2021
2025-07-23,90020025,OK1 KOOROO PRO,2025
2025-07-23,기아 주식회사,EV6,2022
2025-07-23,메리트특장차주식회사,메리트7톤가축운반트럭,2026
2025-07-23,기아 주식회사,EV6,2022
2025-07-23,테슬라코리아 유한회사,Model Y Standard Range,2021
2025-07-23,메르세데스벤츠코리아(주),Mercedes-Benz E350 4MATIC,2021
2025-07-23,기아 주식회사,EV6,2022
2025-07-23,비엠더블유코리아(주),BMW 520d,2018
2025-07-23,현대자동차(주),GV60,2022
2025-07-24,현대자동차(주),코나 하이브리드(KONA HYBRID),2020
2025-07-24,폭스바겐그룹코리아 주식회사,A6 45 TFSI,2021
2025-07-24,현대자동차(주),캐스퍼 일렉트릭(CASPER Electric),2025
2025-07-24,기아 주식회사,K7,2020
2025-07-24,현대자동차(주),그랜저 하이브리드(GRANDEUR HYBRID),2020
2025-07-24,기아 주식회사,EV6,2022
2025-07-24,현대자동차(주),코나 일렉트릭 (KONA ELECTRIC),2019
2025-07-24,현대자동차(주),투싼(TUCSON),2024
2025-07-24,케이지모빌리티 주식회사(KG Mobility Corp.),토레스 EVX,2024
2025-07-24,현대자동차(주),아반떼(AVANTE),2021
2025-07-24,기아 주식회사,카니발,2019
2025-07-24,기아 주식회사,EV3,2025
2025-07-24,현대자동차(주),제네시스(GENESIS),2016
2025-07-24,케이지모빌리티 주식회사(KG Mobility Corp.),코란도 투리스모,2015
2025-07-24,기아 주식회사,모하비,2022
2025-07-24,기아 주식회사,카니발,2019
2025-07-24,폭스바겐그룹코리아 주식회사,ID.4 Pro,2022
2025-07-24,기아 주식회사,카니발,2019
2025-07-24,현대자동차(주),싼타페 하이브리드(SANTAFE HYBRID),2024
2025-07-24,포드세일즈서비스코리아(유),Explorer 2.3,2021
2025-07-24,기아 주식회사,카니발,2020
2025-07-24,현대자동차(주),넥쏘 (NEXO) 수소전기차,2022
2025-07-24,주식회사 디피코,포트로-탑S(POTRO-TOP S),2022
2025-07-24,현대자동차(주),코나 일렉트릭 (KONA ELECTRIC),2019
2025-07-24,기아 주식회사,K3,2015
2025-07-24,주식회사 디피코,포트로-탑(POTRO-TOP),2021
2025-07-24,기아 주식회사,쏘렌토 하이브리드,2021
2025-07-24,현대자동차(주),GV80,2023
2025-07-24,현대자동차(주),코나(KONA),2018
2025-07-24,현대자동차(주),아반떼 (AVANTE),2016
2025-07-24,현대자동차(주),베라크루즈(VERACRUZ),2011
2025-07-24,기아 주식회사,카니발,2019
2025-07-24,기아 주식회사,쏘렌토 하이브리드,2021
2025-07-24,현대자동차(주),코나 일렉트릭 (KONA ELECTRIC),2020
2025-07-24,기아 주식회사,쏘렌토 하이브리드,2021
2025-07-24,테슬라코리아 유한회사,Model Y Long Range,2021
2025-07-24,기아 주식회사,쏘렌토 하이브리드,2021
2025-07-24,기아 주식회사,카니발 하이브리드,2024
2025-07-24,현대자동차(주),GV80,2021
2025-07-24,비엠더블유코리아(주),BMW 530i M Sport Package Plus,2019
2025-07-24,기아 주식회사,K5,2022
2025-07-24,현대자동차(주),GV80,2023
2025-07-24,현대자동차(주),그랜저(GRANDEUR),2017
2025-07-24,현대자동차(주),GV80,2021
2025-07-24,현대자동차(주),투싼(TUCSON),2016
2025-07-24,현대자동차(주),그랜저(GRANDEUR),2020
2025-07-24,현대자동차(주),GV80,2022
2025-07-24,현대자동차(주),GV80,2024
2025-07-24,한국지엠주식회사,올란도 2.0 LPG,2014
2025-07-25,현대자동차(주),넥쏘 (NEXO) 수소전기차,2022
2025-07-25,한불모터스(주),Peugeot 508 1.6 Blue-HDi,2017
2025-07-25,기아 주식회사,쏘렌토 하이브리드,2024
2025-07-25,타타대우상용차(주),더쎈,2024
2025-07-25,현대자동차(주),그랜저(GRANDEUR),2020
2025-07-25,기아 주식회사,K7 하이브리드,2020
2025-07-25,기아 주식회사,K5,2022
2025-07-25,현대자동차(주),그랜저(GRANDEUR),2020
2025-07-25,현대자동차(주),아반떼(AVANTE),2018
2025-07-25,테슬라코리아 유한회사,Model Y Standard Range,2021
2025-07-25,메르세데스벤츠코리아(주),E220 d,2017
2025-07-25,폭스바겐그룹코리아 주식회사,Arteon 2.0TDI,2022
2025-07-25,현대자동차(주),쏘나타 하이브리드(SONATA HYBRID),2016
2025-07-25,기아 주식회사,K7,2020
2025-07-25,테슬라코리아 유한회사,Model 3 Long Range,2021
2025-07-25,케이지모빌리티 주식회사(KG Mobility Corp.),토레스 하이브리드,2026
2025-07-25,현대자동차(주),아반떼(AVANTE),2021
2025-07-25,현대자동차(주),투싼(TUCSON),2024
2025-07-25,기아 주식회사,K7,2020
2025-07-25,케이지모빌리티 주식회사(KG Mobility Corp.),토레스,2023
2025-07-25,메르세데스벤츠코리아(주),E220 d 4Matic,2017
2025-07-25,폭스바겐그룹코리아 주식회사,ID.4 Pro,2023
2025-07-25,케이지모빌리티 주식회사(KG Mobility Corp.),티볼리,2021
2025-07-25,메르세데스벤츠코리아(주),E220 d Cabriolet,2018
2025-07-25,(주)재규어랜드로버코리아,디스커버리 TD6,2018
2025-07-25,현대자동차(주),팰리세이드(PALISADE),2019
2025-07-28,기아 주식회사,EV6,2022
2025-07-28,한국지엠주식회사,말리부 2.0 TURBO,2017
2025-07-28,현대자동차(주),투싼 하이브리드(TUCSON HYBRID),2024
2025-07-28,현대자동차(주),그랜저(GRANDEUR),2020
2025-07-28,기아 주식회사,쏘렌토 하이브리드,2021
2025-07-28,주식회사 한중특장,한중9.5톤카고,2022
2025-07-28,포르쉐코리아 주식회사,카이엔 E-하이브리드 COUPE(5인승),2024
2025-07-28,기아 주식회사,쏘렌토 하이브리드,2021
2025-07-28,기아 주식회사,쏘렌토 하이브리드,2021
2025-07-28,현대자동차(주),싼타페 하이브리드(SANTAFE HYBRID),2025
2025-07-28,현대자동차(주),GV80,2020
2025-07-28,테슬라코리아 유한회사,Model Y Performance,2021
2025-07-28,(주)루트17,다니고밴,2021
2025-07-28,기아 주식회사,쏘렌토,2019
2025-07-28,한불모터스(주),Peugeot 5008 1.5 BlueHDi,2019
2025-07-28,현대자동차(주),아반떼(AVANTE),2018
2025-07-28,포르쉐코리아 주식회사,카이엔 E-하이브리드 COUPE(5인승),2024
2025-07-28,포르쉐코리아 주식회사,카이엔,2024
2025-07-28,기아 주식회사,쏘렌토,2019
2025-07-28,현대자동차(주),아반떼(AVANTE),2018
2025-07-28,현대자동차(주),쏘나타(SONATA),2020
2025-07-28,포르쉐코리아 주식회사,카이엔,2024
2025-07-28,포르쉐코리아 주식회사,카이엔 터보 GT,2024
2025-07-28,현대자동차(주),싼타페 하이브리드(SANTAFE HYBRID),2024
2025-07-28,현대자동차(주),G80,2022
2025-07-28,포드세일즈서비스코리아(유),Lincoln Continental 3.0 AWD,2019
2025-07-28,포르쉐코리아 주식회사,카이엔 E-하이브리드 COUPE(5인승),2024
2025-07-28,기아 주식회사,쏘렌토 하이브리드,2022
2025-07-28,현대자동차(주),그랜저 하이브리드(GRANDEUR HYBRID),2020
2025-07-28,한국지엠(주),CHEVROLET IMPALA 2.5,2016
2025-07-28,현대자동차(주),투싼 하이브리드(TUCSON HYBRID),2021
2025-07-28,기아 주식회사,K5,2025
2025-07-28,기아 주식회사,K7 하이브리드,2020
2025-07-28,기아 주식회사,카니발,2022
2025-07-28,혼다코리아(주),CB1100SA,2014
2025-07-28,현대자동차(주),넥쏘 (NEXO) 수소전기차,2022
2025-07-28,비엠더블유코리아(주),BMW X6 xDrive30d,2021
2025-07-28,현대자동차(주),투싼 하이브리드(TUCSON HYBRID),2021
2025-07-28,폭스바겐그룹코리아 주식회사,Arteon 2.0 TDI,2020
2025-07-28,기아 주식회사,K7,2018
2025-07-28,현대자동차(주),스타리아 라운지 (STARIA LOUNGE),2024
2025-07-28,현대자동차(주),아반떼(AVANTE),2021
2025-07-28,비엠더블유코리아(주),BMW 520i,2024
2025-07-29,비엠더블유코리아(주),BMW X1 xDrive18d,2018
2025-07-29,테슬라코리아 유한회사,Model Y Long Range,2021
2025-07-29,현대자동차(주),GV80,2020
2025-07-29,한국지엠(주),CHEVROLET TRAVERSE AWD,2022
2025-07-29,현대자동차(주),쏘나타(SONATA),2020
2025-07-29,현대자동차(주),쏘나타(SONATA),2020
2025-07-29,기아 주식회사,K7,2020
2025-07-29,테슬라코리아 유한회사,Model 3 Long Range,2021
2025-07-29,현대자동차(주),팰리세이드(Palisade),2025
2025-07-29,기아 주식회사,쏘렌토 하이브리드,2021
2025-07-29,비엠더블유코리아(주),BMW 520d,2018
2025-07-29,한국지엠주식회사,올란도 2.0 LPG,2013
2025-07-29,현대자동차(주),그랜저(GRANDEUR),2020
2025-07-29,현대자동차(주),쏘나타(SONATA),2020
2025-07-29,기아 주식회사,스포티지,2022
2025-07-29,현대자동차(주),쏘나타(SONATA),2020
2025-07-29,테슬라코리아 유한회사,Model Y Standard Range,2021
2025-07-29,기아 주식회사,K5,2020
2025-07-29,현대자동차(주),포터Ⅱ (PORTERⅡ),2025
2025-07-29,기아 주식회사,쏘렌토 하이브리드,2021
2025-07-29,비엠더블유코리아(주),BMW X3 xDrive20i,2024
2025-07-29,테슬라코리아 유한회사,Model 3 Long Range,2021
2025-07-29,현대자동차(주),아반떼(AVANTE),2025
2025-07-29,테슬라코리아 유한회사,Model Y Performance,2021
2025-07-29,폭스바겐그룹코리아 주식회사,Tiguan 2.0 TDI 4Motion,2018
2025-07-29,기아 주식회사,니로 하이브리드,2020
2025-07-29,현대자동차(주),쏘나타(SONATA),2020
2025-07-29,현대자동차(주),아반떼 Hybrid(AVANTE Hybrid),2021
2025-07-29,기아 주식회사,K5 하이브리드,2021
2025-07-29,기아 주식회사,쏘렌토 하이브리드,2021
2025-07-29,현대자동차(주),투싼 하이브리드(TUCSON HYBRID),2021
2025-07-29,폭스바겐그룹코리아 주식회사,ID.4 Pro,2023
2025-07-29,현대자동차(주),쏘나타(SONATA),2020
2025-07-29,기아 주식회사,K5,2022
2025-07-29,현대자동차(주),그랜저 하이브리드,2019
2025-07-29,테슬라코리아 유한회사,Model Y Standard Range,2021
2025-07-29,현대자동차(주),팰리세이드(PALISADE),2019
2025-07-29,현대자동차(주),투싼 하이브리드(TUCSON HYBRID),2025
2025-07-29,현대자동차(주),그랜저(GRANDEUR),2019
2025-07-29,리텍 주식회사,리텍5.3톤진공식노면청소차,2025
2025-07-29,테슬라코리아 유한회사,Model Y Standard Range,2021
2025-07-29,테슬라코리아 유한회사,Model 3 Long Range,2020
2025-07-29,블루샤크코리아 주식회사,R1K,2025
2025-07-29,기아 주식회사,봉고Ⅲ 내장차,2025
2025-07-30,르노코리아(주),SM6,2024
2025-07-30,메르세데스벤츠코리아(주),Mercedes-AMG GLB35 4MATIC,2022
2025-07-30,비엠더블유코리아(주),BMW 320d,2018
2025-07-30,주식회사 대일특장,대일특장4.2톤카고트럭,2021
2025-07-30,기아 주식회사,K7,2021
2025-07-30,현대자동차(주),팰리세이드(PALISADE),2019
2025-07-30,현대자동차(주),아반떼(AVANTE),2022
2025-07-30,현대자동차(주),G80,2022
2025-07-30,메르세데스벤츠코리아(주),Mercedes-Benz E350 4MATIC,2022
2025-07-30,기아 주식회사,카니발,2024
2025-07-30,현대자동차(주),투싼(TUCSON),2025
2025-07-30,포드세일즈서비스코리아(유),Lincoln Continental 3.0 AWD,2019
2025-07-30,르노코리아(주),KOLEOS Hybrid(콜레오스 하이브리드),2025
2025-07-30,현대자동차(주),아반떼(AVANTE),2018
2025-07-30,폭스바겐그룹코리아 주식회사,A6 45 TFSI,2020
2025-07-30,현대자동차(주),그랜저 하이브리드,2018
2025-07-30,한국지엠주식회사,올란도 2.0 LPG,2013
2025-07-30,기아 주식회사,카니발,2021
2025-07-30,혼다코리아(주),CB1100SA,2014
2025-07-30,기아 주식회사,니로 EV,2019
2025-07-30,기아 주식회사,쏘렌토 하이브리드,2021
2025-07-30,현대자동차(주),G80,2025
2025-07-30,기아 주식회사,K5 하이브리드,2021
2025-07-30,현대자동차(주),아반떼 (AVANTE),2014
2025-07-30,현대자동차(주),쏘나타(SONATA),2020
2025-07-30,비엠더블유코리아(주),BMW 540i xDrive,2018
2025-07-30,한국지엠주식회사,트랙스 1.2 터보,2024
2025-07-30,현대자동차(주),넥쏘 (NEXO) 수소전기차,2022
2025-07-30,현대자동차(주),아반떼(AVANTE),2018
2025-07-30,케이지모빌리티 주식회사(KG Mobility Corp.),액티언,2025
2025-07-30,혼다코리아(주),CB1100SA,2014
2025-07-30,현대자동차(주),아반떼(AVANTE),2021
2025-07-30,기아 주식회사,카니발,2021
2025-07-30,기아 주식회사,쏘렌토,2021
2025-07-30,기아 주식회사,쏘렌토 하이브리드,2021
2025-07-30,현대자동차(주),넥쏘 (NEXO) 수소전기차,2019
2025-07-30,메르세데스벤츠코리아(주),Mercedes-Benz GLC 300 4MATIC Coupe,2024
2025-07-30,메르세데스벤츠코리아(주),E200,2017
2025-07-30,현대자동차(주),투싼(TUCSON),2016
2025-07-30,폭스바겐그룹코리아 주식회사,Q6 e-tron performance,2025
2025-07-31,비엠더블유코리아(주),BMW i7 eDrive50,2025
2025-07-31,르노코리아(주),QM6,2017
2025-07-31,한국토요타자동차(주),토요타 Camry Hybrid,2018
2025-07-31,기아 주식회사,카니발 하이브리드,2024
2025-07-31,기아 주식회사,K5,2020
2025-07-31,(주)재규어랜드로버코리아,재규어 XE 2.0D,2016
2025-07-31,기아 주식회사,카니발 리무진,2019
2025-07-31,기아 주식회사,카니발 리무진,2021
2025-07-31,포드세일즈서비스코리아(유),Explorer 2.3 AWD,2019
2025-07-31,포드세일즈서비스코리아(유),Lincoln Aviator 3.0,2021
2025-07-31,기아 주식회사,카니발,2021
2025-07-31,현대자동차(주),아반떼(AVANTE),2021
2025-07-31,현대자동차(주),그랜저(GRANDEUR),2020
2025-07-31,르노코리아(주),QM6,2017
2025-07-31,르노코리아(주),QM6,2017
2025-07-31,기아 주식회사,카니발,2025
2025-07-31,혼다코리아(주),ACCORD HYBRID,2019
2025-07-31,현대자동차(주),코나(KONA),2023
2025-07-31,현대자동차(주),그랜저 하이브리드(GRANDEUR HYBRID),2020
2025-07-31,현대자동차(주),제네시스(GENESIS),2015
2025-07-31,기아 주식회사,레이,2025
2025-07-31,테슬라코리아 유한회사,Model 3 Long Range,2021
2025-07-31,현대자동차(주),아이오닉5(IONIQ5),2022
2025-07-31,폭스바겐그룹코리아 주식회사,A6 45 TFSI quattro,2020
2025-07-31,르노코리아(주),KOLEOS Hybrid(콜레오스 하이브리드),2025
2025-08-01,폭스바겐그룹코리아 주식회사,Q4 Sportback e-tron 40,2022
2025-08-01,현대자동차(주),쏘나타(SONATA),2020
2025-08-01,기아 주식회사,카니발,2020
2025-08-01,테슬라코리아 유한회사,Model Y RWD,2024
2025-08-01,,그랜저,2025
2025-08-01,현대자동차(주),아이오닉5 (IONIQ5),2023
2025-08-01,현대자동차(주),쏘나타(SONATA),2020
2025-08-01,기아 주식회사,K7,2020
2025-08-01,현대자동차(주),투싼 하이브리드(TUCSON HYBRID),2021
2025-08-01,테슬라코리아 유한회사,Model 3 Long Range,2020
2025-08-01,폭스바겐그룹코리아 주식회사,A4 30 TDI,2018
2025-08-01,현대자동차(주),포터Ⅱ 일렉트릭 (PORTERⅡ ELECTRIC),2022
2025-08-01,포르쉐코리아 주식회사,카이엔 E-하이브리드,2024
2025-08-01,기아 주식회사,카니발 리무진,2021
2025-08-01,현대자동차(주),팰리세이드(PALISADE),2021
2025-08-01,기아 주식회사,카니발 리무진,2023
2025-08-01,현대자동차(주),i40 Saloon,2014
2025-08-01,테슬라코리아 유한회사,Model Y Long Range,2021
2025-08-01,기아 주식회사,쏘렌토 하이브리드,2021
2025-08-01,현대자동차(주),카운티일렉트릭 어린이운송차,2025
2025-08-01,기아 주식회사,K7,2020
2025-08-01,포르쉐코리아 주식회사,카이엔 COUPE (5인승),2024
2025-08-01,포르쉐코리아 주식회사,카이엔 E-하이브리드,2024
2025-08-01,포르쉐코리아 주식회사,카이엔 E-하이브리드 COUPE(5인승),2024
2025-08-01,기아 주식회사,쏘렌토 하이브리드,2021
2025-08-01,르노코리아(주),KOLEOS Hybrid(콜레오스 하이브리드),2025
2025-08-01,현대자동차(주),쏘나타(SONATA),2020
2025-08-01,테슬라코리아 유한회사,Model 3 Long Range,2021
2025-08-01,기아 주식회사,쏘렌토,2021
2025-08-01,(주)볼보자동차코리아,볼보 XC40B4 AWD,2022
2025-08-01,기아 주식회사,카니발,2024
2025-08-01,폭스바겐그룹코리아 주식회사,ID.4 Pro,2025
2025-08-01,현대자동차(주),그랜저(GRANDEUR),2018
2025-08-01,기아 주식회사,스팅어,2019
2025-08-01,기아 주식회사,쏘렌토 하이브리드,2021
2025-08-01,기아 주식회사,쏘렌토 하이브리드,2021
2025-08-01,한국지엠주식회사,트랙스 1.6 디젤,2016
2025-08-01,현대자동차(주),그랜저 하이브리드(GRANDEUR HYBRID),2023
2025-08-01,기아 주식회사,K3,2019
2025-08-01,현대자동차(주),쏘나타(SONATA),2020
2025-08-01,기아 주식회사,EV6,2023
2025-08-01,한국닛산(주),LEAF,2019
2025-08-01,테슬라코리아 유한회사,Model 3 Long Range,2021
2025-08-01,현대자동차(주),그랜저 하이브리드(GRANDEUR HYBRID),2023
2025-08-04,기아 주식회사,카니발,2021
2025-08-04,비엠더블유코리아(주),BMW Gran Turismo 30d xDrive,2015
2025-08-04,기아 주식회사,K3,2019
2025-08-04,현대자동차(주),투싼 하이브리드(TUCSON HYBRID),2025
2025-08-04,,XM3,2023
2025-08-04,기아 주식회사,쏘렌토 하이브리드,2021
2025-08-04,현대자동차(주),GV80,2020
2025-08-04,포르쉐코리아 주식회사,카이엔 E-하이브리드 COUPE(5인승),2024
2025-08-04,한국지엠주식회사,올란도 2.0 LPG,2014
2025-08-04,현대자동차(주),쏘나타(SONATA),2020
2025-08-04,기아 주식회사,카니발 리무진,2022
2025-08-04,(주)재규어랜드로버코리아,디스커버리 TD6,2017
2025-08-04,기아 주식회사,카니발,2025
2025-08-04,현대자동차(주),GV80,2022
2025-08-04,현대자동차(주),아반떼(AVANTE),2021
2025-08-04,기아 주식회사,카니발,2021
2025-08-04,기아 주식회사,K5,2022
2025-08-04,현대자동차(주),팰리세이드(PALISADE),2022
2025-08-04,기아 주식회사,쏘렌토,2021
2025-08-04,폭스바겐그룹코리아 주식회사,Tiguan Allspace 2.0 TDI,2020
2025-08-04,현대자동차(주),GV80,2023
2025-08-04,현대자동차(주),GV80,2020
2025-08-04,현대자동차(주),투싼 하이브리드(TUCSON HYBRID),2021
2025-08-04,폭스바겐그룹코리아 주식회사,Q8 55 TFSI quattro,2023
2025-08-04,현대자동차(주),그랜저(GRANDEUR),2020
2025-08-04,기아 주식회사,스팅어,2018
2025-08-04,현대자동차(주),아반떼(AVANTE),2021
2025-08-04,현대자동차(주),쏘나타(SONATA),2021
2025-08-04,기아 주식회사,K7,2020
2025-08-04,테슬라코리아 유한회사,Model Y Long Range,2021
2025-08-04,폭스바겐그룹코리아 주식회사,A4 30 TDI,2018
2025-08-04,기아 주식회사,봉고Ⅲ 1톤,2024
2025-08-04,기아 주식회사,쏘렌토 하이브리드,2021
2025-08-04,폭스바겐그룹코리아 주식회사,Q8 50 TDI quattro,2025
2025-08-04,기아 주식회사,카니발,2021
2025-08-04,기아 주식회사,EV6,2022
2025-08-04,현대자동차(주),투싼(TUCSON),2019
2025-08-04,현대자동차(주),그랜저(GRANDEUR),2019
2025-08-04,비엠더블유코리아(주),BMW 520i Luxury,2020
2025-08-05,기아 주식회사,K7,2020
2025-08-05,현대자동차(주),GV80,2020
2025-08-05,현대자동차(주),쏘나타(SONATA),2020
2025-08-05,기아 주식회사,K7 하이브리드,2020
2025-08-05,케이지모빌리티 주식회사(KG Mobility Corp.),MUSSO EV,2026
2025-08-05,스텔란티스코리아 주식회사,짚 랭글러 루비콘,2018
2025-08-05,포르쉐코리아 주식회사,카이엔,2024
2025-08-05,혼다코리아(주),ODYSSEY,2018
2025-08-05,(주)재규어랜드로버코리아,디스커버리4 3.0D,2016
2025-08-05,테슬라코리아 유한회사,Model Y Long Range,2021
2025-08-05,르노코리아(주),KOLEOS Hybrid(콜레오스 하이브리드),2025
2025-08-05,기아 주식회사,쏘렌토 하이브리드,2021
2025-08-05,타타대우상용차(주),더쎈,2022
2025-08-05,현대자동차(주),쏘나타(SONATA) 하이브리드,2014
2025-08-05,테슬라코리아 유한회사,Model Y Long Range,2021
2025-08-05,테슬라코리아 유한회사,Model 3 Long Range,2021
2025-08-05,기아 주식회사,K7,2013
2025-08-05,한국지엠주식회사,올란도 2.0 디젤,2014
2025-08-05,기아 주식회사,쏘렌토 하이브리드,2022
2025-08-05,기아 주식회사,쏘렌토 하이브리드,2021
2025-08-05,한국지엠(주),CHEVROLET BOLT EV,2018
2025-08-05,포르쉐코리아 주식회사,카이엔 COUPE (5인승),2024
2025-08-05,폭스바겐그룹코리아 주식회사,Q4 e-tron 40,2022
2025-08-05,폭스바겐그룹코리아 주식회사,Q4 e-tron 40,2022
2025-08-05,한불모터스(주),Peugeot 3008 1.5 BlueHDi,2020
2025-08-05,포르쉐코리아 주식회사,카이엔,2024
2025-08-05,기아 주식회사,쏘렌토 하이브리드,2021
2025-08-05,현대자동차(주),GV80,2023
2025-08-05,메르세데스벤츠코리아(주),E300 4Matic,2014
2025-08-05,비엠더블유코리아(주),BMW 520d,2013
2025-08-05,기아 주식회사,카니발 하이리무진,2021
2025-08-05,기아 주식회사,쏘렌토 하이브리드,2021
2025-08-05,현대자동차(주),넥쏘 (NEXO) 수소전기차,2019
2025-08-05,기아 주식회사,쏘렌토 하이브리드,2021
2025-08-05,현대자동차(주),투싼(TUCSON),2019
2025-08-05,폭스바겐그룹코리아 주식회사,Tiguan Allspace 2.0 TDI,2023
2025-08-05,현대자동차(주),GV80,2022
2025-08-05,(주)재규어랜드로버코리아,레인지로버 이보크 2.0D,2016
2025-08-05,비엠더블유코리아(주),BMW Gran Turismo 30d,2012
2025-08-05,기아 주식회사,쏘렌토 하이브리드,2021
2025-08-05,기아 주식회사,쏘렌토 하이브리드,2021
2025-08-05,현대자동차(주),G80,2022
2025-08-05,현대자동차(주),GV80,2025
2025-08-05,현대자동차(주),아이오닉5 (IONIQ5),2025
2025-08-06,현대자동차(주),포터Ⅱ냉동탑차 (PORTER Ⅱ),2023
2025-08-06,(주)재규어랜드로버코리아,재규어 I-PACE EV400,2019
2025-08-06,현대자동차(주),투싼(TUCSON),2020
2025-08-06,현대자동차(주),아반떼(AVANTE),2021
2025-08-06,현대자동차(주),그랜저(GRANDEUR),2020
2025-08-06,포드세일즈서비스코리아(유),Explorer 2.3L,2022
2025-08-06,기아 주식회사,K5,2020
2025-08-06,기아 주식회사,쏘렌토 하이브리드,2021
2025-08-06,기아 주식회사,쏘렌토 하이브리드,2021
2025-08-06,한국닛산(주),ALTIMA 2.5,2017
2025-08-06,현대자동차(주),코나 일렉트릭(KONA Electric),2026
2025-08-06,현대자동차(주),넥쏘 (NEXO) 수소전기차,2020
2025-08-06,현대자동차(주),그랜저(GRANDEUR),2020
2025-08-06,메르세데스벤츠코리아(주),Mercedes-Benz A220 Sedan,2021
2025-08-06,기아 주식회사,스포티지,2022
2025-08-06,현대자동차(주),GV80,2022
2025-08-06,비엠더블유코리아(주),BMW 520d,2011
2025-08-06,비엠더블유코리아(주),BMW 530i xDrive M Sport Package Plus,2019
2025-08-06,기아 주식회사,카니발 리무진,2021
2025-08-06,현대자동차(주),그랜저(GRANDEUR),2020
2025-08-06,현대자동차(주),GV80,2023
2025-08-06,기아 주식회사,K7,2020
2025-08-06,한불모터스(주),Peugeot 5008 1.5 BlueHDi,2019
2025-08-06,현대자동차(주),투싼 하이브리드(TUCSON HYBRID),2025
2025-08-06,현대자동차(주),그랜저 하이브리드(GRANDEUR HYBRID),2023
2025-08-06,르노코리아(주),QM6,2026
2025-08-06,테슬라코리아 유한회사,Model Y Standard Range,2021
2025-08-06,기아 주식회사,K5,2022
2025-08-06,현대자동차(주),아반떼(AVANTE),2018
2025-08-06,폭스바겐그룹코리아 주식회사,Q4 Sportback e-tron 40,2022
2025-08-06,기아 주식회사,카니발,2021
2025-08-06,현대자동차(주),GV80,2020
2025-08-06,현대자동차(주),아이오닉 일렉트릭(IONIQ ELECTRIC),2018
2025-08-06,르노코리아(주),QM3,2015
2025-08-06,현대자동차(주),GV80,2020
2025-08-06,폭스바겐그룹코리아 주식회사,Q4 Sportback e-tron 40,2022
2025-08-06,기아 주식회사,K5,2023
2025-08-06,한불모터스(주),Peugeot 5008 GT 2.0 BlueHDi,2020
2025-08-06,기아 주식회사,K7,2020
2025-08-06,현대자동차(주),GV80,2020
2025-08-07,메르세데스벤츠코리아(주),Mercedes-Benz GLC220 d 4MATIC,2024
2025-08-07,현대자동차(주),싼타페 하이브리드(SANTAFE HYBRID),2024
2025-08-07,현대자동차(주),아반떼(AVANTE),2021
2025-08-07,기아 주식회사,K7,2016
2025-08-07,현대자동차(주),코나 하이브리드(KONA HYBRID),2023
2025-08-07,메르세데스벤츠코리아(주),Mercedes-Benz E 300 4MATIC,2024
2025-08-07,현대자동차(주),아반떼(AVANTE),2021
2025-08-07,현대자동차(주),그랜저(GRANDEUR),2015
2025-08-07,기아 주식회사,쏘렌토 하이브리드,2021
2025-08-07,현대자동차(주),GV80,2022
2025-08-07,현대자동차(주),팰리세이드 하이브리드(PALISADE HYBRID),2026
2025-08-07,케이지모빌리티 주식회사(KG Mobility Corp.),토레스 EVX,2024
2025-08-07,포르쉐코리아 주식회사,카이엔 COUPE (5인승),2024
2025-08-07,기아 주식회사,스포티지,2018
2025-08-07,폭스바겐그룹코리아 주식회사,ID.4 Pro,2025
2025-08-07,현대자동차(주),아반떼 (AVANTE),2015
2025-08-07,현대자동차(주),투싼 하이브리드(TUCSON HYBRID),2024
2025-08-07,기아 주식회사,카니발 리무진,2023
2025-08-07,기아 주식회사,K3,2013
2025-08-07,비엠더블유코리아(주),BMW 520d,2018
2025-08-07,기아 주식회사,카니발,2021
2025-08-07,기아 주식회사,카니발,2022
2025-08-07,기아 주식회사,레이,2018
2025-08-07,기아 주식회사,K7,2020
2025-08-07,비엠더블유코리아(주),BMW X6 xDrive30d,2016
2025-08-07,폭스바겐그룹코리아 주식회사,ID.4 Pro,2025
2025-08-07,비엠더블유코리아(주),BMW 530i xDrive,2018
2025-08-07,기아 주식회사,모하비,2021
2025-08-07,르노코리아(주),SM5,2016
2025-08-07,비엠더블유코리아(주),BMW 330i,2018
2025-08-07,기아 주식회사,니로 EV,2019
2025-08-07,기아 주식회사,K7,2020
2025-08-07,현대자동차(주),쏘나타(SONATA),2020
2025-08-07,폭스바겐그룹코리아 주식회사,Tiguan 2.0 TDI,2020
2025-08-07,현대자동차(주),그랜저(GRANDEUR),2020
2025-08-07,혼다코리아(주),PILOT,2019
2025-08-07,포드세일즈서비스코리아(유),Explorer 2.3 AWD,2016
2025-08-07,케이알모터스 주식회사,E-LUTION,2023
2025-08-07,현대자동차(주),투싼 하이브리드(TUCSON HYBRID),2025
2025-08-07,테슬라코리아 유한회사,Model Y Standard Range,2021
2025-08-08,비엠더블유코리아(주),BMW 525d xDrive Touring,2012
2025-08-08,기아 주식회사,카니발,2021
2025-08-08,현대자동차(주),투싼(TUCSON),2024
2025-08-08,테슬라코리아 유한회사,Model 3 Long Range,2021
2025-08-08,현대자동차(주),G80,2021
2025-08-08,현대자동차(주),아반떼(AVANTE),2021
2025-08-08,기아 주식회사,K5 하이브리드,2020
2025-08-08,현대자동차(주),아이오닉5 (IONIQ5),2022
2025-08-08,기아 주식회사,K5,2020
2025-08-08,디앤에이모터스 주식회사,UHR125,2023
2025-08-08,현대자동차(주),아반떼(AVANTE),2021
2025-08-08,현대자동차(주),쏘나타(SONATA),2021
2025-08-08,현대자동차(주),그랜저(GRANDEUR),2018
2025-08-08,현대자동차(주),그랜저(GRANDEUR),2017
2025-08-08,기아 주식회사,카니발 리무진,2021
2025-08-08,현대자동차(주),아반떼(AVANTE),2016
2025-08-08,현대자동차(주),아반떼 Hybrid(AVANTE Hybrid),2022
2025-08-08,현대자동차(주),넥쏘 (NEXO) 수소전기차,2020
2025-08-08,기아 주식회사,K5,2020
2025-08-08,기아 주식회사,K5,2020
2025-08-08,현대자동차(주),GV80,2020
2025-08-08,현대자동차(주),G80,2022
2025-08-08,한국닛산(주),INFINITI Q50 2.2d,2016
2025-08-08,기아 주식회사,K5,2022
2025-08-08,한불모터스(주),Peugeot 5008 1.5 BlueHDi,2019
2025-08-08,(유)삼능기계,삼능6톤압착진개차,2023
2025-08-08,(주)함코,함코2.3톤동양크레인집게차,2023
2025-08-08,현대자동차(주),아이오닉5 (IONIQ5),2025
2025-08-08,현대자동차(주),투싼 하이브리드(TUCSON HYBRID),2025
2025-08-11,현대자동차(주),싼타페(SANTAFE),2019
2025-08-11,비엠더블유코리아(주),BMW X5 xDrive30d,2017
2025-08-11,기아 주식회사,스포티지,2022
2025-08-11,기아 주식회사,카니발,2021
2025-08-11,테슬라코리아 유한회사,Model 3 Long Range,2021
2025-08-11,기아 주식회사,봉고Ⅲ 플러스 택배전용차,2023
2025-08-11,기아 주식회사,K7,2020
2025-08-11,테슬라코리아 유한회사,Model 3 Long Range,2021
2025-08-11,현대자동차(주),넥쏘 (NEXO) 수소전기차,2023
2025-08-11,테슬라코리아 유한회사,Model 3 Long Range,2021
2025-08-11,현대자동차(주),투싼 하이브리드(TUCSON HYBRID),2021
2025-08-11,기아 주식회사,카니발,2019
2025-08-11,현대자동차(주),싼타페 하이브리드(SANTAFE HYBRID),2025
2025-08-11,포르쉐코리아 주식회사,718 박스터 GTS 4.0,2021
2025-08-11,제이스모빌리티 주식회사,이티밴 프로,2024
2025-08-11,포르쉐코리아 주식회사,718 박스터 GTS 4.0,2021
2025-08-11,현대자동차(주),아반떼(AVANTE),2021
2025-08-11,메르세데스벤츠코리아(주),Mercedes-Benz GLC300 4MATIC Coupe,2020
2025-08-11,테슬라코리아 유한회사,Model Y Long Range,2021
2025-08-11,기아 주식회사,니로 하이브리드,2022
2025-08-11,폭스바겐그룹코리아 주식회사,ID.4 Pro,2025
2025-08-11,비엠더블유코리아(주),BMW M340i,2022
2025-08-11,한불모터스(주),Peugeot 508 2.0 BlueHDi,2019
2025-08-11,폭스바겐그룹코리아 주식회사,Polo 5 FL 1.4 TDI BMT,2015
2025-08-11,현대자동차(주),아이오닉 일렉트릭(IONIQ ELECTRIC),2020
2025-08-11,기아 주식회사,K5,2021
2025-08-11,테슬라코리아 유한회사,Model 3 Long Range,2020
2025-08-11,현대자동차(주),아반떼(AVANTE),2021
2025-08-11,기아 주식회사,카니발,2024
2025-08-11,기아 주식회사,K7,2020
2025-08-11,기아 주식회사,카니발 리무진,2021
2025-08-11,(주)재규어랜드로버코리아,재규어 I-PACE EV400,2019
2025-08-11,(주)재규어랜드로버코리아,재규어 I-PACE EV400,2019
2025-08-11,(주)재규어랜드로버코리아,재규어 I-PACE EV400,2019
2025-08-11,(주)재규어랜드로버코리아,재규어 I-PACE EV400,2019
2025-08-11,현대자동차(주),그랜저 하이브리드,2019
2025-08-11,테슬라코리아 유한회사,Model 3 Long Range,2020
2025-08-11,비엠더블유코리아(주),BMW 530i,2017
2025-08-11,현대자동차(주),그랜저 하이브리드(GRANDEUR HYBRID),2025
2025-08-11,기아 주식회사,쏘렌토 하이브리드,2021
2025-08-11,(주)재규어랜드로버코리아,재규어 I-PACE EV400,2020
2025-08-11,(주)재규어랜드로버코리아,재규어 I-PACE EV400,2019
2025-08-11,테슬라코리아 유한회사,Model Y Long Range,2021
2025-08-11,현대자동차(주),투싼(TUCSON),2020
2025-08-11,폭스바겐그룹코리아 주식회사,Arteon 2.0 TDI,2019
2025-08-11,기아 주식회사,쏘렌토 하이브리드,2021
2025-08-11,현대자동차(주),투싼(TUCSON),2024
2025-08-11,현대자동차(주),그랜저(GRANDEUR),2022
2025-08-11,기아 주식회사,카니발,2023
2025-08-11,기아 주식회사,쏘렌토,2021
2025-08-12,현대자동차(주),싼타페 하이브리드(SANTAFE HYBRID),2025
2025-08-12,폭스바겐그룹코리아 주식회사,A7 55 TFSI quattro,2020
2025-08-12,기아 주식회사,카니발,2021
2025-08-12,기아 주식회사,쏘렌토 하이브리드,2026
2025-08-12,기아 주식회사,K5,2022
2025-08-12,기아 주식회사,K5,2022
2025-08-12,기아 주식회사,카니발,2024
2025-08-12,기아 주식회사,K5,2022
2025-08-12,현대자동차(주),쏘나타(SONATA),2020
2025-08-12,기아 주식회사,K7,2020
2025-08-12,현대자동차(주),쏘나타 하이브리드 (SONATA HYBRID),2020
2025-08-12,현대자동차(주),그랜저(GRANDEUR),2020
2025-08-12,기아 주식회사,K7,2020
2025-08-12,폭스바겐그룹코리아 주식회사,Tiguan 2.0 TDI 4Motion,2018
2025-08-12,현대자동차(주),그랜저(GRANDEUR),2020
2025-08-12,한국지엠주식회사,트랙스 1.4,2020
2025-08-12,현대자동차(주),아반떼(AVANTE),2021
2025-08-12,테슬라코리아 유한회사,Model Y Standard Range,2021
2025-08-12,현대자동차(주),투싼 하이브리드(TUCSON HYBRID),2025
2025-08-12,(주)재규어랜드로버코리아,재규어 F-PACE 20d,2017
2025-08-12,현대자동차(주),아반떼(AVANTE),2021
2025-08-12,기아 주식회사,K5,2022
2025-08-12,테슬라코리아 유한회사,Model Y Long Range,2021
2025-08-12,기아 주식회사,니로 하이브리드,2022
2025-08-12,기아 주식회사,카니발 리무진,2021
2025-08-12,(주)재규어랜드로버코리아,재규어 I-PACE EV400,2019
2025-08-12,현대자동차(주),포터Ⅱ 일렉트릭 (PORTERⅡ ELECTRIC),2020
2025-08-12,기아 주식회사,레이 EV,2024
2025-08-12,폭스바겐그룹코리아 주식회사,ID.4 Pro,2022
2025-08-12,테슬라코리아 유한회사,Model 3 Long Range,2021
2025-08-12,케이지모빌리티 주식회사(KG Mobility Corp.),MUSSO EV,2026
2025-08-12,스텔란티스코리아 주식회사,짚 체로키,2015
2025-08-12,기아 주식회사,K5,2021
2025-08-12,르노코리아(주),QM3,2014
2025-08-12,기아 주식회사,K5,2022
2025-08-12,폭스바겐그룹코리아 주식회사,Touareg 3.0TDI,2024
2025-08-12,기아 주식회사,카니발,2022
2025-08-12,기아 주식회사,니로 하이브리드,2020
2025-08-12,케이지모빌리티 주식회사(KG Mobility Corp.),액티언 하이브리드,2026
2025-08-12,테슬라코리아 유한회사,Model 3 Long Range,2021
2025-08-12,현대자동차(주),그랜저(GRANDEUR),2009
2025-08-12,현대자동차(주),아반떼(AVANTE),2018
2025-08-12,(주)재규어랜드로버코리아,디스커버리 SD4,2019
2025-08-12,르노코리아(주),ARKANA,2025
2025-08-12,테슬라코리아 유한회사,Model Y Long Range,2021
2025-08-12,(주)재규어랜드로버코리아,재규어 I-PACE EV400,2019
2025-08-13,폭스바겐그룹코리아 주식회사,Passat GT 2.0TDI,2022
2025-08-13,현대자동차(주),포터Ⅱ (PORTERⅡ),2025
2025-08-13,현대자동차(주),그랜저(GRANDEUR),2020
2025-08-13,기아 주식회사,K5,2022
2025-08-13,기아 주식회사,쏘렌토 하이브리드,2021
2025-08-13,테슬라코리아 유한회사,Model Y Long Range,2021
2025-08-13,기아 주식회사,K8 하이브리드,2023
2025-08-13,현대자동차(주),그랜저(GRANDEUR),2020
2025-08-13,테슬라코리아 유한회사,Model 3 Long Range,2021
2025-08-13,테슬라코리아 유한회사,Model Y Long Range,2021
2025-08-13,테슬라코리아 유한회사,Model Y Performance,2021
2025-08-13,현대자동차(주),아반떼 (AVANTE),2015
2025-08-13,현대자동차(주),그랜저(GRANDEUR),2020
2025-08-13,한국지엠주식회사,올란도 2.0 LPG,2013
2025-08-13,기아 주식회사,EV3,2026
2025-08-13,기아 주식회사,쏘렌토 하이브리드,2022
2025-08-13,현대자동차(주),GV80,2024
2025-08-13,주식회사 한중특장,한중7.5톤카고,2024
2025-08-13,폭스바겐그룹코리아 주식회사,Arteon 2.0 TDI,2019
2025-08-13,혼다코리아(주),ODYSSEY,2019
2025-08-13,현대자동차(주),싼타페(SANTAFE),2021
2025-08-13,현대자동차(주),GV80,2020
2025-08-13,현대자동차(주),넥쏘 (NEXO) 수소전기차,2019
2025-08-13,현대자동차(주),넥쏘 (NEXO) 수소전기차,2019
2025-08-13,비엠더블유코리아(주),BMW iX3 M Sport,2024
2025-08-13,현대자동차(주),아반떼(AVANTE),2021
2025-08-13,기아 주식회사,K7,2020
2025-08-13,현대자동차(주),그랜저(GRANDEUR),2020
2025-08-13,이탈로모토(유),MEDLEY 125 S HPE ABS,2022
2025-08-13,기아 주식회사,K8 하이브리드,2024
2025-08-13,현대자동차(주),GV80,2021
2025-08-13,현대자동차(주),투싼 하이브리드(TUCSON HYBRID),2025
2025-08-13,현대자동차(주),캐스퍼(CASPER),2024
2025-08-13,테슬라코리아 유한회사,Model 3 Long Range,2020
2025-08-13,테슬라코리아 유한회사,Model Y Long Range,2022
2025-08-13,기아 주식회사,카니발 리무진,2023
2025-08-13,현대자동차(주),팰리세이드(PALISADE),2022
2025-08-13,현대자동차(주),그랜저(GRANDEUR),2020
2025-08-13,한국지엠주식회사,올란도 2.0 LPG,2015
2025-08-13,포르쉐코리아 주식회사,카이엔 COUPE (5인승),2024
2025-08-13,현대자동차(주),포터Ⅱ (PORTERⅡ),2025
2025-08-13,기아 주식회사,카니발,2021
2025-08-13,기아 주식회사,K5 하이브리드,2022
2025-08-13,케이지모빌리티 주식회사(KG Mobility Corp.),MUSSO EV,2026
2025-08-13,폭스바겐그룹코리아 주식회사,Arteon 2.0 TDI,2018
2025-08-13,현대자동차(주),팰리세이드(PALISADE),2020
2025-08-13,케이지모빌리티 주식회사(KG Mobility Corp.),MUSSO EV,2026
2025-08-13,비엠더블유코리아(주),BMW 320d Gran Turismo xDrive,2018
2025-08-14,기아 주식회사,쏘렌토,2021
2025-08-14,메르세데스벤츠코리아(주),Mercedes-Benz E 200,2024
2025-08-14,현대자동차(주),아반떼(AVANTE),2022
2025-08-14,현대자동차(주),그랜저 하이브리드,2019
2025-08-14,현대자동차(주),스타리아 라운지 (STARIA LOUNGE),2024
2025-08-14,테슬라코리아 유한회사,Model Y Standard Range,2021
2025-08-14,폭스바겐그룹코리아 주식회사,Arteon 2.0 TDI,2019
2025-08-14,비엠더블유코리아(주),BMW X3 xDrive30e,2021
2025-08-14,스텔란티스코리아 주식회사,Peugeot e-208,2022
2025-08-14,기아 주식회사,EV6,2022
2025-08-14,한불모터스(주),Peugeot 5008 1.5 BlueHDi,2019
2025-08-14,현대자동차(주),투싼(TUCSON),2025
2025-08-14,테슬라코리아 유한회사,Model Y Long Range,2021
2025-08-14,비엠더블유코리아(주),BMW X4 xDrive20d M Sport X,2020
2025-08-14,현대자동차(주),쏘나타(SONATA),2021
2025-08-14,테슬라코리아 유한회사,Model Y Long Range,2021
2025-08-14,현대자동차(주),스타리아 어린이 통학차 (STARIA SCHOOL BUS),2022
2025-08-14,한국지엠주식회사,크루즈 1.6 디젤,2016
2025-08-14,폭스바겐그룹코리아 주식회사,A7 55 TFSI quattro,2020
2025-08-14,현대자동차(주),G80,2022
2025-08-14,기아 주식회사,K5 하이브리드,2022
2025-08-14,테슬라코리아 유한회사,Model 3 Standard Range Plus RWD,2020
2025-08-14,현대자동차(주),G80,2022
2025-08-14,현대자동차(주),그랜저(GRANDEUR),2020
2025-08-14,폭스바겐그룹코리아 주식회사,Golf 2.0 TDI BMT,2015
2025-08-14,테슬라코리아 유한회사,Model 3 Long Range,2021
2025-08-14,현대자동차(주),아반떼(AVANTE),2022
2025-08-14,기아 주식회사,쏘렌토 하이브리드,2022
2025-08-14,기아 주식회사,니로 EV,2023
2025-08-14,테슬라코리아 유한회사,Model 3 Long Range,2021
2025-08-14,현대자동차(주),코나 일렉트릭 (KONA ELECTRIC),2020
2025-08-14,기아 주식회사,쏘렌토,2021
2025-08-14,현대자동차(주),쏘나타 하이브리드(SONATA HYBRID),2016
2025-08-14,기아 주식회사,쏘렌토 하이브리드,2021
2025-08-14,(주)재규어랜드로버코리아,디스커버리4 3.0D,2013
2025-08-14,기아 주식회사,카니발,2021
2025-08-14,한국지엠주식회사,트랙스 1.2 터보,2024
2025-08-14,케이지모빌리티 주식회사(KG Mobility Corp.),토레스 EVX,2024
2025-08-18,현대자동차(주),투싼(TUCSON),2016
2025-08-18,현대자동차(주),넥쏘 (NEXO) 수소전기차,2022
2025-08-18,르노코리아(주),ARKANA 하이브리드,2025
2025-08-18,현대자동차(주),GV80,2022
2025-08-18,폭스바겐그룹코리아 주식회사,ID.4 Pro,2025
2025-08-18,기아 주식회사,쏘렌토 하이브리드,2022
2025-08-18,테슬라코리아 유한회사,Model 3 Standard Range Plus RWD,2021
2025-08-18,케이지모빌리티 주식회사(KG Mobility Corp.),G4 렉스턴,2020
2025-08-18,기아 주식회사,쏘렌토 하이브리드,2022
2025-08-18,테슬라코리아 유한회사,Model 3 Long Range,2021
2025-08-18,기아 주식회사,카니발,2025
2025-08-18,현대자동차(주),아반떼 Hybrid(AVANTE Hybrid),2022
2025-08-18,현대자동차(주),넥쏘 (NEXO) 수소전기차,2022
2025-08-18,테슬라코리아 유한회사,Model 3 Long Range,2020
2025-08-18,기아 주식회사,쏘렌토 하이브리드,2021
2025-08-18,테슬라코리아 유한회사,Model 3 Long Range,2021
2025-08-18,테슬라코리아 유한회사,Model Y Standard Range,2021
2025-08-18,테슬라코리아 유한회사,Model Y Long Range,2021
2025-08-18,테슬라코리아 유한회사,Model Y Standard Range,2021
2025-08-18,혼다코리아(주),ACCORD HYBRID,2021
2025-08-18,(주)재규어랜드로버코리아,재규어 I-PACE EV400,2019
2025-08-18,테슬라코리아 유한회사,Model Y Long Range,2021
2025-08-18,현대자동차(주),투싼(TUCSON),2023
2025-08-18,기아 주식회사,니로 EV,2022
2025-08-18,현대자동차(주),투싼 하이브리드(TUCSON HYBRID),2021
2025-08-18,한국지엠주식회사,크루즈 1.4,2015
2025-08-18,현대자동차(주),아이오닉 9 (IONIQ 9),2025
2025-08-18,비엠더블유코리아(주),BMW 520d,2017
2025-08-18,현대자동차(주),투싼 하이브리드(TUCSON HYBRID),2025
2025-08-18,현대자동차(주),아반떼 Hybrid(AVANTE Hybrid),2022
2025-08-18,현대자동차(주),아반떼(AVANTE),2018
2025-08-18,르노코리아(주),XM3,2022
2025-08-18,현대자동차(주),팰리세이드 하이브리드(PALISADE HYBRID),2026
2025-08-18,르노코리아(주),QM3,2015
2025-08-18,폭스바겐그룹코리아 주식회사,ID.5 Pro,2025
2025-08-18,현대자동차(주),투싼 하이브리드(TUCSON HYBRID),2025
2025-08-18,테슬라코리아 유한회사,Model Y Long Range,2021
2025-08-18,현대자동차(주),싼타페(SANTAFE),2024
2025-08-18,테슬라코리아 유한회사,Model Y Standard Range,2021
2025-08-18,기아 주식회사,K5 하이브리드,2021
2025-08-18,현대자동차(주),팰리세이드(PALISADE),2026
2025-08-19,,모하비,2020
2025-08-19,기아 주식회사,니로 하이브리드,2022
2025-08-19,르노코리아(주),SM3,2013
2025-08-19,현대자동차(주),GV80,2021
2025-08-19,현대자동차(주),GV70,2025
2025-08-19,현대자동차(주),GV80,2020
2025-08-19,기아 주식회사,쏘렌토 하이브리드,2021
2025-08-19,테슬라코리아 유한회사,Model Y Long Range,2021
2025-08-19,테슬라코리아 유한회사,Model Y Long Range,2021
2025-08-19,기아 주식회사,K5,2020
2025-08-19,테슬라코리아 유한회사,Model 3 Long Range,2021
2025-08-19,기아 주식회사,K5,2022
2025-08-19,현대자동차(주),GV80,2020
2025-08-19,현대자동차(주),GV80,2020
2025-08-19,테슬라코리아 유한회사,Model Y Standard Range,2021
2025-08-19,현대자동차(주),GV80,2025
2025-08-19,테슬라코리아 유한회사,Model Y Long Range,2021
2025-08-19,현대자동차(주),i40 Saloon,2012
2025-08-19,포르쉐코리아 주식회사,카이엔 E-하이브리드 COUPE(5인승),2024
2025-08-19,포드세일즈서비스코리아(유),익스플로러,2019
2025-08-19,현대자동차(주),그랜저(GRANDEUR),2024
2025-08-19,기아 주식회사,카니발,2023
2025-08-19,테슬라코리아 유한회사,Model Y Long Range,2021
2025-08-19,현대자동차(주),투싼 하이브리드(TUCSON HYBRID),2022
2025-08-19,르노코리아(주),SM5 D,2015
2025-08-19,비엠더블유코리아(주),BMW 520d M Sport Package,2020
2025-08-19,기아 주식회사,카니발,2019
2025-08-19,한국지엠(주),CHEVROLET TRAVERSE AWD,2023
2025-08-19,기아 주식회사,K5,2020
2025-08-19,기아 주식회사,K7,2020
2025-08-19,현대자동차(주),투싼(TUCSON),2024
2025-08-19,비엠더블유코리아(주),BMW 330e,2020
2025-08-19,케이지모빌리티 주식회사(KG Mobility Corp.),토레스 EVX,2025
2025-08-19,테슬라코리아 유한회사,Model 3 Long Range,2021
2025-08-19,현대자동차(주),제네시스(GENESIS),2016
2025-08-19,기아 주식회사,카니발,2025
2025-08-19,기아 주식회사,K5,2022
2025-08-19,현대자동차(주),쏘나타(SONATA),2020
2025-08-19,기아 주식회사,쏘렌토,2018
2025-08-19,기아 주식회사,쏘렌토 하이브리드,2023
2025-08-19,케이지모빌리티 주식회사(KG Mobility Corp.),렉스턴,2021
2025-08-19,케이지모빌리티 주식회사(KG Mobility Corp.),G4 렉스턴,2019
2025-08-19,비엠더블유코리아(주),BMW X6 xDrive30d,2021
2025-08-19,기아 주식회사,카니발,2019
2025-08-19,현대자동차(주),싼타페 하이브리드(SANTAFE HYBRID),2024
2025-08-19,기아 주식회사,K8 하이브리드,2022
2025-08-19,비엠더블유코리아(주),BMW 530i xDrive M Sport Package,2020
2025-08-19,비엠더블유코리아(주),BMW i4 eDrive40,2022
2025-08-19,현대자동차(주),싼타페 하이브리드(SANTAFE HYBRID),2024
2025-08-20,기아 주식회사,쏘렌토 하이브리드,2021
2025-08-20,테슬라코리아 유한회사,Model 3 Performance,2020
2025-08-20,현대자동차(주),GV80,2023
2025-08-20,한국지엠주식회사,올란도 2.0 LPG,2013
2025-08-20,(주)재규어랜드로버코리아,레인지로버 이보크 2.0D,2016
2025-08-20,테슬라코리아 유한회사,Model Y Long Range,2021
2025-08-20,90020025,OK1 KOOROO,2024
2025-08-20,테슬라코리아 유한회사,Model Y Long Range,2021
2025-08-20,현대자동차(주),아반떼(AVANTE),2018
2025-08-20,테슬라코리아 유한회사,Model Y Long Range,2021
2025-08-20,테슬라코리아 유한회사,Model X P100D,2019
2025-08-20,(주)바이크코리아,BONNEVILLE T120,2022
2025-08-20,기아 주식회사,스포티지,2022
2025-08-20,현대자동차(주),투싼 하이브리드(TUCSON HYBRID),2025
2025-08-20,현대자동차(주),투싼 하이브리드(TUCSON HYBRID),2021
2025-08-20,현대자동차(주),아이오닉5 (IONIQ5),2024
2025-08-20,테슬라코리아 유한회사,Model Y Standard Range,2021
2025-08-20,기아 주식회사,봉고Ⅲ EV 윙바디,2021
2025-08-20,테슬라코리아 유한회사,Model Y Standard Range,2021
2025-08-20,현대자동차(주),아반떼(AVANTE),2021
2025-08-20,현대자동차(주),아반떼(AVANTE),2016
2025-08-20,테슬라코리아 유한회사,Model Y Long Range,2021
2025-08-20,테슬라코리아 유한회사,Model Y Standard Range,2021
2025-08-20,현대자동차(주),아이오닉 9 (IONIQ 9),2025
2025-08-21,테슬라코리아 유한회사,Model Y Long Range,2021
2025-08-21,기아 주식회사,카니발,2025
2025-08-21,기아 주식회사,카니발,2025
2025-08-21,현대자동차(주),쏘나타(SONATA),2020
2025-08-21,기아 주식회사,카니발,2021
2025-08-21,테슬라코리아 유한회사,Model Y RWD,2024
2025-08-21,케이지모빌리티 주식회사(KG Mobility Corp.),티볼리,2020
2025-08-21,현대자동차(주),그랜저(GRANDEUR),2020
2025-08-21,한국지엠주식회사,말리부 1.8 HYBRID,2019
2025-08-21,현대자동차(주),팰리세이드 하이브리드(PALISADE HYBRID),2026
2025-08-21,현대자동차(주),코나 하이브리드(KONA HYBRID),2020
2025-08-21,기아 주식회사,모닝,2018
2025-08-21,한국지엠(주),CHEVROLET BOLT EV,2018
2025-08-21,테슬라코리아 유한회사,Model Y Long Range,2021
2025-08-21,테슬라코리아 유한회사,Model X Long Range,2020
2025-08-21,기아 주식회사,카니발 리무진,2023
2025-08-21,기아 주식회사,K8 하이브리드,2022
2025-08-21,테슬라코리아 유한회사,Model Y Long Range,2022
2025-08-21,현대자동차(주),G80,2022
2025-08-21,메르세데스벤츠코리아(주),Mercedes-Benz C200,2020
2025-08-21,테슬라코리아 유한회사,Model 3 Long Range,2020
2025-08-21,한국지엠(주),CHEVROLET BOLT EV,2018
2025-08-21,기아 주식회사,쏘렌토 하이브리드,2021
2025-08-21,기아 주식회사,K5,2020
2025-08-21,기아 주식회사,K5,2020
2025-08-21,이탈로모토(유),GTS 300 SUPER TECH,2020
2025-08-21,테슬라코리아 유한회사,Model Y Performance,2021
2025-08-21,현대자동차(주),코나 일렉트릭 (KONA ELECTRIC),2019
2025-08-21,비엠더블유코리아(주),BMW 530i M Sport Package Plus,2019
2025-08-21,기아 주식회사,쏘렌토 하이브리드,2021
2025-08-21,기아 주식회사,EV9,2024
2025-08-21,비엠더블유코리아(주),BMW 530i M Sport Package Plus,2019
2025-08-21,기아 주식회사,K7 하이브리드,2020
2025-08-21,현대자동차(주),넥쏘 (NEXO) 수소전기차,2020
2025-08-21,기아 주식회사,봉고Ⅲ 미닫이차,2025
2025-08-21,기아 주식회사,니로 EV,2024
2025-08-21,케이지모빌리티 주식회사(KG Mobility Corp.),코란도 투리스모,2019
2025-08-21,기아 주식회사,카니발,2019
2025-08-21,현대자동차(주),G80,2022
2025-08-21,현대자동차(주),코나 일렉트릭 (KONA ELECTRIC),2019
2025-08-21,현대자동차(주),싼타페 하이브리드(SANTAFE HYBRID),2024
2025-08-21,기아 주식회사,니로 EV,2022
2025-08-21,제이스모빌리티 주식회사,이티밴 프로,2024
2025-08-21,제이스모빌리티 주식회사,이티밴 프로,2024
2025-08-21,테슬라코리아 유한회사,Model Y Performance,2021
2025-08-21,기아 주식회사,쏘렌토,2016
2025-08-21,기아 주식회사,EV9,2024
2025-08-21,기아 주식회사,니로 EV,2022
2025-08-21,기아 주식회사,스포티지,2025
2025-08-21,기아 주식회사,쏘렌토,2016
2025-08-22,비엠더블유코리아(주),BMW 530i,2017
2025-08-22,현대자동차(주),투싼 하이브리드(TUCSON HYBRID),2025
2025-08-22,현대자동차(주),투싼 하이브리드(TUCSON HYBRID),2025
2025-08-22,(주)재규어랜드로버코리아,레인지로버 4.4D,2016
2025-08-22,현대자동차(주),그랜저(GRANDEUR),2021
2025-08-22,현대자동차(주),쏘나타(SONATA),2020
2025-08-22,현대자동차(주),그랜저(GRANDEUR),2020
2025-08-22,현대자동차(주),투싼 하이브리드(TUCSON HYBRID),2025
2025-08-22,현대자동차(주),캐스퍼(CASPER),2024
2025-08-22,기아 주식회사,쏘렌토,2021
2025-08-22,현대자동차(주),코나(KONA),2022
2025-08-22,현대자동차(주),팰리세이드(PALISADE),2021
2025-08-22,기아 주식회사,EV9,2024
2025-08-22,포드세일즈서비스코리아(유),Mustang 2.3L Convertible,2024
2025-08-22,케이알모터스 주식회사,E-LUTION,2023
2025-08-22,현대자동차(주),아반떼 (AVANTE),2014
2025-08-22,폭스바겐그룹코리아 주식회사,ID.4 Pro,2023
2025-08-22,현대자동차(주),그랜저(GRANDEUR),2017
2025-08-22,폭스바겐그룹코리아 주식회사,Tiguan Allspace 2.0 TDI,2020
2025-08-22,현대자동차(주),팰리세이드(PALISADE),2021
2025-08-22,현대자동차(주),G80,2022
2025-08-22,현대자동차(주),G80,2021
2025-08-22,르노코리아(주),KOLEOS Hybrid(콜레오스 하이브리드),2025
2025-08-22,폭스바겐그룹코리아 주식회사,Q6 e-tron performance,2025
2025-08-22,기아 주식회사,봉고Ⅲ 1톤 EV,2022
2025-08-22,현대자동차(주),아반떼 스포츠(AVANTE SPORT),2018
2025-08-22,기아 주식회사,스포티지,2023
2025-08-22,현대자동차(주),GV80,2022
2025-08-22,현대자동차(주),그랜저(GRANDEUR),2020
2025-08-22,현대자동차(주),투싼 하이브리드(TUCSON HYBRID),2025
2025-08-22,기아 주식회사,K8 하이브리드,2022
2025-08-22,현대자동차(주),GV80,2021
2025-08-22,기아 주식회사,쏘렌토 하이브리드,2026
2025-08-22,기아 주식회사,K7,2021
2025-08-22,케이지모빌리티 주식회사(KG Mobility Corp.),액티언,2025
2025-08-22,XGL,몬스터S,2025
2025-08-22,기아 주식회사,K5,2022
2025-08-22,현대자동차(주),아반떼(AVANTE),2021
2025-08-22,한국토요타자동차(주),토요타 Camry,2019
2025-08-22,르노코리아(주),QM6,2018
2025-08-22,현대자동차(주),GV80,2021
2025-08-22,케이지모빌리티 주식회사(KG Mobility Corp.),렉스턴,2015
2025-08-25,비엠더블유코리아(주),BMW 520i Luxury,2019
2025-08-25,메르세데스벤츠코리아(주),C220 d 4Matic,2017
2025-08-25,현대자동차(주),그랜저(GRANDEUR),2020
2025-08-25,테슬라코리아 유한회사,Model Y Long Range,2022
2025-08-25,기아 주식회사,카니발,2019
2025-08-25,기아 주식회사,쏘렌토,2021
2025-08-25,현대자동차(주),아반떼(AVANTE),2021
2025-08-25,현대자동차(주),GV80,2020
2025-08-25,메르세데스벤츠코리아(주),E220 d 4Matic,2018
2025-08-25,기아 주식회사,EV6,2023
2025-08-25,기아 주식회사,K5,2021
2025-08-25,기아 주식회사,K5,2021
2025-08-25,테슬라코리아 유한회사,Model Y Long Range,2021
2025-08-25,기아 주식회사,K8 하이브리드,2023
2025-08-25,기아 주식회사,EV6,2022
2025-08-25,테슬라코리아 유한회사,Model 3 Long Range,2021
2025-08-25,테슬라코리아 유한회사,Model Y Long Range,2021
2025-08-25,테슬라코리아 유한회사,Model Y Long Range,2021
2025-08-25,기아 주식회사,K5,2022
2025-08-25,테슬라코리아 유한회사,Model 3 Long Range,2020
2025-08-25,기아 주식회사,쏘렌토,2015
2025-08-25,메르세데스벤츠코리아(주),Mercedes-Benz CLS450 4Matic,2023
2025-08-25,현대자동차(주),GV80,2022
2025-08-25,현대자동차(주),쏘나타 하이브리드(SONATA HYBRID),2017
2025-08-25,현대자동차(주),그랜저(GRANDEUR),2015
2025-08-25,기아 주식회사,카니발 하이리무진,2022
2025-08-25,비엠더블유코리아(주),BMW X3 xDrive20d,2018
2025-08-25,테슬라코리아 유한회사,Model 3 Long Range,2021
2025-08-25,케이지모빌리티 주식회사(KG Mobility Corp.),G4 렉스턴,2019
2025-08-25,기아 주식회사,K7,2020
2025-08-25,포르쉐코리아 주식회사,911 카레라 4S,2020
2025-08-25,현대자동차(주),그랜저 하이브리드(GRANDEUR HYBRID),2022
2025-08-25,테슬라코리아 유한회사,Model Y Long Range,2022
2025-08-25,비엠더블유코리아(주),BMW 520i,2021
2025-08-25,기아 주식회사,쏘렌토 하이브리드,2023
2025-08-25,기아 주식회사,K5,2022
2025-08-25,현대자동차(주),넥쏘 (NEXO) 수소전기차,2022
2025-08-25,기아 주식회사,K5,2022
2025-08-25,한국지엠주식회사,올란도 2.0 LPG,2012
2025-08-25,기아 주식회사,니로 하이브리드,2017
2025-08-25,기아 주식회사,EV6,2022
2025-08-25,케이지모빌리티 주식회사(KG Mobility Corp.),액티언 하이브리드,2026
2025-08-25,르노코리아(주),SM6,2016
2025-08-26,스텔란티스코리아 주식회사,짚 그랜드 체로키 4xe,2023
2025-08-26,메르세데스벤츠코리아(주),Mercedes-Benz EQA 250,2024
2025-08-26,현대자동차(주),쏘나타 하이브리드 (SONATA HYBRID),2021
2025-08-26,현대자동차(주),싼타페 하이브리드(SANTAFE HYBRID),2025
2025-08-26,현대자동차(주),싼타페 하이브리드(SANTAFE HYBRID),2025
2025-08-26,현대자동차(주),투싼 하이브리드(TUCSON HYBRID),2025
2025-08-26,폭스바겐그룹코리아 주식회사,A7 55 TFSI quattro,2020
2025-08-26,메르세데스벤츠코리아(주),ML350 BlueTEC 4Matic,2013
2025-08-26,메르세데스벤츠코리아(주),Mercedes-Benz E250,2023
2025-08-26,테슬라코리아 유한회사,Model 3 Long Range,2020
2025-08-26,폭스바겐그룹코리아 주식회사,Q5 45 TDI quattro,2015
2025-08-26,현대자동차(주),그랜저(GRANDEUR),2013
2025-08-26,현대자동차(주),GV60,2022
2025-08-26,현대자동차(주),아반떼 Hybrid(AVANTE Hybrid),2021
2025-08-26,기아 주식회사,K5,2024
2025-08-26,폭스바겐그룹코리아 주식회사,Arteon 2.0 TDI,2019
2025-08-26,한불모터스(주),Peugeot 3008 1.5 BlueHDi,2019
2025-08-26,기아 주식회사,K8 하이브리드,2022
2025-08-26,현대자동차(주),그랜저(GRANDEUR),2020
2025-08-26,기아 주식회사,쏘렌토,2019
2025-08-26,한국지엠주식회사,올란도 2.0 LPG,2013
2025-08-26,(주)재규어랜드로버코리아,디스커버리 스포츠 2.0D,2018
2025-08-26,테슬라코리아 유한회사,Model Y Long Range,2021
2025-08-26,현대자동차(주),G80,2022
2025-08-26,한국지엠(주),CHEVROLET BOLT EV,2018
2025-08-26,르노코리아(주),QM6,2017
2025-08-26,기아 주식회사,니로 하이브리드,2022
2025-08-26,현대자동차(주),그랜저(GRANDEUR),2020
2025-08-26,테슬라코리아 유한회사,Model Y Long Range,2021
2025-08-26,기아 주식회사,쏘렌토,2021
2025-08-26,기아 주식회사,K7,2020
2025-08-26,폭스바겐그룹코리아 주식회사,Arteon 2.0 TDI,2019
2025-08-26,기아 주식회사,K7,2020
2025-08-26,한불모터스(주),Peugeot 5008 1.5 BlueHDi,2019
2025-08-26,기아 주식회사,K7,2020
2025-08-26,폭스바겐그룹코리아 주식회사,Tiguan Allspace 2.0 TDI,2020
2025-08-26,기아 주식회사,K5,2019
2025-08-26,기아 주식회사,K7,2020
2025-08-26,폭스바겐그룹코리아 주식회사,Q4 e-tron 40,2022
2025-08-26,폭스바겐그룹코리아 주식회사,ID.4 Pro,2022
2025-08-26,기아 주식회사,K5,2022
2025-08-26,현대자동차(주),아반떼(AVANTE),2021
2025-08-26,기아 주식회사,K7,2020
2025-08-26,현대자동차(주),아이오닉 하이브리드(IONIQ HYBRID),2016
2025-08-26,기아 주식회사,K5,2024
2025-08-26,기아 주식회사,K5,2022
2025-08-27,기아 주식회사,K7,2016
2025-08-27,(주)볼보자동차코리아,볼보 S60D3,2016
2025-08-27,기아 주식회사,K5,2024
2025-08-27,테슬라코리아 유한회사,Model 3 Long Range,2022
2025-08-27,한국지엠주식회사,말리부 1.5 TURBO,2017
2025-08-27,현대자동차(주),G80,2021
2025-08-27,기아 주식회사,EV9,2024
2025-08-27,현대자동차(주),그랜저(GRANDEUR),2020
2025-08-27,혼다코리아(주),ODYSSEY,2019
2025-08-27,현대자동차(주),투싼(TUCSON),2016
2025-08-27,기아 주식회사,쏘렌토,2021
2025-08-27,르노코리아(주),XM3,2020
2025-08-27,기아 주식회사,쏘렌토 하이브리드,2021
2025-08-27,테슬라코리아 유한회사,Model Y Long Range,2021
2025-08-27,테슬라코리아 유한회사,Model 3 Long Range,2020
2025-08-27,기아 주식회사,쏘렌토 하이브리드,2025
2025-08-27,기아 주식회사,K5,2022
2025-08-27,현대자동차(주),그랜저(GRANDEUR),2020
2025-08-27,현대자동차(주),그랜저(GRANDEUR),2020
2025-08-27,테슬라코리아 유한회사,Model Y Standard Range,2021
2025-08-27,현대자동차(주),GV80,2024
2025-08-27,테슬라코리아 유한회사,Model 3 Long Range,2021
2025-08-27,현대자동차(주),투싼(TUCSON),2025
2025-08-27,메르세데스벤츠코리아(주),E220 d,2017
2025-08-27,기아 주식회사,스포티지 하이브리드,2024
2025-08-27,테슬라코리아 유한회사,Model 3 Long Range,2020
2025-08-27,테슬라코리아 유한회사,Model 3 Long Range,2020
2025-08-27,현대자동차(주),그랜저(GRANDEUR),2016
2025-08-27,혼다코리아(주),ODYSSEY,2019
2025-08-27,케이지모빌리티 주식회사(KG Mobility Corp.),G4 렉스턴,2020
2025-08-27,90020025,OK1 KOOROO,2024
2025-08-27,테슬라코리아 유한회사,Model Y Long Range,2022
2025-08-27,현대자동차(주),투싼 하이브리드(TUCSON HYBRID),2024
2025-08-27,기아 주식회사,카니발,2021
2025-08-27,테슬라코리아 유한회사,Model Y Long Range,2021
2025-08-27,기아 주식회사,쏘렌토 하이브리드,2025
2025-08-27,비엠더블유코리아(주),BMW 320d,2014
2025-08-27,현대자동차(주),아반떼(AVANTE),2021
2025-08-27,기아 주식회사,K5,2022
2025-08-27,현대자동차(주),그랜저(GRANDEUR),2022
2025-08-27,기아 주식회사,K7,2020
2025-08-27,현대자동차(주),아반떼(AVANTE),2021
2025-08-27,케이지모빌리티 주식회사(KG Mobility Corp.),G4 렉스턴,2018
2025-08-27,현대자동차(주),GV80,2023
2025-08-27,기아 주식회사,K7,2020
2025-08-27,비엠더블유코리아(주),BMW X5 xDrive30d M Sport Package,2020
2025-08-27,현대자동차(주),넥쏘 (NEXO) 수소전기차,2019
2025-08-27,현대자동차(주),G80,2019
2025-08-28,테슬라코리아 유한회사,Model Y Standard Range,2021
2025-08-28,테슬라코리아 유한회사,Model X Performance,2020
2025-08-28,테슬라코리아 유한회사,Model Y Long Range,2022
2025-08-28,테슬라코리아 유한회사,Model S Long Range,2020
2025-08-28,기아 주식회사,K5,2013
2025-08-28,현대자동차(주),그랜저(GRANDEUR),2020
2025-08-28,테슬라코리아 유한회사,Model Y Long Range,2021
2025-08-28,현대자동차(주),넥쏘 (NEXO) 수소전기차,2020
2025-08-28,현대자동차(주),그랜저(GRANDEUR),2021
2025-08-28,테슬라코리아 유한회사,Model Y Long Range,2024
2025-08-28,현대자동차(주),그랜저(GRANDEUR),2020
2025-08-28,기아 주식회사,카니발,2021
2025-08-28,테슬라코리아 유한회사,Model Y Standard Range,2021
2025-08-28,테슬라코리아 유한회사,Model Y Long Range,2021
2025-08-28,기아 주식회사,쏘렌토 하이브리드,2021
2025-08-28,기아 주식회사,쏘렌토 하이브리드,2021
2025-08-28,현대자동차(주),쏘나타(SONATA),2020
2025-08-28,테슬라코리아 유한회사,Model 3 Long Range,2021
2025-08-28,현대자동차(주),G80,2021
2025-08-28,테슬라코리아 유한회사,Model Y Long Range,2021
2025-08-28,테슬라코리아 유한회사,Model Y Long Range,2022
2025-08-28,현대자동차(주),쏘나타(SONATA),2018
2025-08-28,테슬라코리아 유한회사,Model Y Long Range,2021
2025-08-28,기아 주식회사,쏘렌토,2023
2025-08-28,현대자동차(주),GV80,2020
2025-08-28,테슬라코리아 유한회사,Model Y Long Range,2021
2025-08-28,기아 주식회사,K7,2020
2025-08-28,현대자동차(주),아반떼(AVANTE),2021
2025-08-28,현대자동차(주),그랜저(GRANDEUR),2018
2025-08-28,테슬라코리아 유한회사,Model Y Long Range,2021
2025-08-28,메르세데스벤츠코리아(주),Mercedes-Benz E350 4MATIC,2021
2025-08-28,현대자동차(주),아반떼 N 라인 (AVANTE N Line),2023
2025-08-28,현대자동차(주),팰리세이드(PALISADE),2021
2025-08-28,테슬라코리아 유한회사,Model Y Long Range,2021
2025-08-28,르노코리아(주),QM3,2014
2025-08-28,테슬라코리아 유한회사,Model 3 Long Range,2020
2025-08-28,테슬라코리아 유한회사,Model Y Standard Range,2021
2025-08-28,기아 주식회사,K5,2021
2025-08-28,현대자동차(주),싼타페(SANTAFE),2021
2025-08-28,현대자동차(주),그랜저(GRANDEUR),2020
2025-08-28,테슬라코리아 유한회사,Model S Long Range,2020
2025-08-28,현대자동차(주),투싼 하이브리드(TUCSON HYBRID),2021
2025-08-28,기아 주식회사,니로 하이브리드,2020
2025-08-28,현대자동차(주),넥쏘 (NEXO) 수소전기차,2022
2025-08-28,현대자동차(주),넥쏘 (NEXO) 수소전기차,2019
2025-08-28,테슬라코리아 유한회사,Model Y Long Range,2021
2025-08-28,현대자동차(주),팰리세이드(PALISADE),2021
2025-08-28,한국지엠(주),CHEVROLET BOLT EV,2018
2025-08-29,비엠더블유코리아(주),BMW 530e,2024
2025-08-29,메르세데스벤츠코리아(주),Mercedes-Benz GLB250 4MATIC,2021
2025-08-29,현대자동차(주),그랜저(GRANDEUR),2020
2025-08-29,테슬라코리아 유한회사,Model 3 Long Range,2020
2025-08-29,기아 주식회사,카니발,2023
2025-08-29,르노코리아(주),SM5,2010
2025-08-29,현대자동차(주),그랜저(GRANDEUR),2022
2025-08-29,현대자동차(주),싼타페 하이브리드(SANTAFE HYBRID),2025
2025-08-29,테슬라코리아 유한회사,Model 3 Long Range,2021
2025-08-29,기아 주식회사,K8 하이브리드,2025
2025-08-29,현대자동차(주),그랜저(GRANDEUR),2021
2025-08-29,현대자동차(주),그랜저(GRANDEUR),2020
2025-08-29,현대자동차(주),아반떼 Hybrid(AVANTE Hybrid),2021
2025-08-29,기아 주식회사,니로 EV,2019
2025-08-29,현대자동차(주),투싼 하이브리드(TUCSON HYBRID),2025
2025-08-29,캠핑카 마스터,캠핑카마스터팝업루프캠핑카,2025
2025-08-29,현대자동차(주),넥쏘 (NEXO) 수소전기차,2023
2025-08-29,기아 주식회사,쏘렌토 하이브리드,2021
2025-08-29,현대자동차(주),그랜저 하이브리드(GRANDEUR HYBRID),2020
2025-08-29,비엠더블유코리아(주),BMW R 18,2021
2025-08-29,현대자동차(주),팰리세이드(PALISADE),2021
2025-08-29,기아 주식회사,K5,2021
2025-08-29,기아 주식회사,K5,2020
2025-08-29,기아 주식회사,K5,2022
2025-08-29,현대자동차(주),아반떼 Hybrid(AVANTE Hybrid),2021
2025-08-29,한국지엠주식회사,올란도 2.0 LPG,2016
2025-08-29,(주)볼보자동차코리아,볼보 XC90B6 AWD,2023
2025-08-29,기아 주식회사,쏘렌토 하이브리드,2021
2025-08-29,주식회사 쎄보모빌리티,CEVO-C SE,2021
2025-08-29,현대자동차(주),그랜저(GRANDEUR),2025
2025-08-29,현대자동차(주),쏘나타 하이브리드 (SONATA HYBRID),2020
2025-08-29,비엠더블유코리아(주),BMW 528i,2012
2025-08-29,한국닛산(주),LEAF,2019
2025-08-29,메르세데스벤츠코리아(주),Mercedes-Benz C 200,2025
2025-09-01,기아 주식회사,스포티지 하이브리드,2025
2025-09-01,기아 주식회사,스포티지,2025
2025-09-01,비엠더블유코리아(주),BMW 740i,2023
2025-09-01,(주)재규어랜드로버코리아,더 뉴 레인지로버 P530 LWB,2023
2025-09-01,,E CLASS,2020
2025-09-01,현대자동차(주),싼타페 하이브리드(SANTAFE HYBRID),2025
2025-09-01,기아 주식회사,쏘렌토,2021
2025-09-01,기아 주식회사,쏘렌토,2016
2025-09-01,현대자동차(주),투싼 하이브리드(TUCSON HYBRID),2022
2025-09-01,현대자동차(주),코나 일렉트릭 (KONA ELECTRIC),2019
2025-09-01,현대자동차(주),아반떼 (AVANTE),2014
2025-09-01,현대자동차(주),투싼(TUCSON),2020
2025-09-01,현대자동차(주),그랜저 하이브리드(GRANDEUR HYBRID),2022
2025-09-01,현대자동차(주),그랜저(GRANDEUR),2020
2025-09-01,기아 주식회사,EV6,2022
2025-09-01,기아 주식회사,카니발 리무진,2020
2025-09-01,테슬라코리아 유한회사,Model 3 Long Range,2022
2025-09-01,현대자동차(주),넥쏘 (NEXO) 수소전기차,2019
2025-09-01,현대자동차(주),쏘나타(SONATA),2022
2025-09-01,현대자동차(주),GV80,2022
2025-09-01,테슬라코리아 유한회사,Model 3 Long Range,2021
2025-09-01,케이지모빌리티 주식회사(KG Mobility Corp.),G4 렉스턴,2020
2025-09-01,비엠더블유코리아(주),BMW 620d xDrive M Sport Package,2020
2025-09-01,기아 주식회사,K5,2020
2025-09-01,(주)재규어랜드로버코리아,디스커버리 스포츠 2.0D,2017
2025-09-01,현대자동차(주),아반떼(AVANTE),2021
2025-09-01,현대자동차(주),쏘나타(SONATA),2024
2025-09-01,현대자동차(주),아반떼(AVANTE),2017
2025-09-01,기아 주식회사,카니발 리무진,2021
2025-09-01,기아 주식회사,K7,2020
2025-09-01,테슬라코리아 유한회사,Model Y Standard Range,2021
2025-09-01,메르세데스벤츠코리아(주),Mercedes-AMG C63 Cabriolet,2017
2025-09-02,현대자동차(주),스타리아 라운지 (STARIA LOUNGE),2024
2025-09-02,현대자동차(주),현대5.5톤덤프트럭,2026
2025-09-02,기아 주식회사,K7,2020
2025-09-02,폭스바겐그룹코리아 주식회사,A7 55 TFSI quattro,2020
2025-09-02,르노코리아(주),SM6,2017
2025-09-02,현대자동차(주),코나 일렉트릭 (KONA ELECTRIC),2019
2025-09-02,케이지모빌리티 주식회사(KG Mobility Corp.),코란도 투리스모,2014
2025-09-02,현대자동차(주),넥쏘 (NEXO) 수소전기차,2019
2025-09-02,현대자동차(주),아이오닉5 (IONIQ5),2022
2025-09-02,비엠더블유코리아(주),BMW 330i,2018
2025-09-02,기아 주식회사,K5,2022
2025-09-02,현대자동차(주),G70,2019
2025-09-02,기아 주식회사,K8 하이브리드,2023
2025-09-02,기아 주식회사,K7,2020
2025-09-02,테슬라코리아 유한회사,Model 3 Long Range,2021
2025-09-02,메르세데스벤츠코리아(주),E220 d,2017
2025-09-02,테슬라코리아 유한회사,Model Y Long Range,2021
2025-09-02,현대자동차(주),투싼 하이브리드(TUCSON HYBRID),2023
2025-09-02,현대자동차(주),아반떼(AVANTE),2021
2025-09-02,테슬라코리아 유한회사,Model S Long Range,2019
2025-09-02,현대자동차(주),아반떼(AVANTE),2021
2025-09-02,현대자동차(주),투싼(TUCSON),2017
2025-09-02,테슬라코리아 유한회사,Model S 100D,2018
2025-09-02,현대자동차(주),GV80,2024
2025-09-02,기아 주식회사,스포티지,2023
2025-09-02,기아 주식회사,쏘렌토 하이브리드,2025
2025-09-02,(주)스즈키씨엠씨,GSX-S1000TRQ,2022
2025-09-02,기아 주식회사,K5,2021
2025-09-02,현대자동차(주),아반떼 N(AVANTE N),2022
2025-09-02,DH6,BTM렉스턴언더리프트,2022
2025-09-02,테슬라코리아 유한회사,Model X 100D,2019
2025-09-02,폭스바겐그룹코리아 주식회사,A7 55 TFSI quattro,2020
2025-09-03,기아 주식회사,K7,2020
2025-09-03,폭스바겐그룹코리아 주식회사,Q5 45 TFSI quattro,2024
2025-09-03,기아 주식회사,스포티지 하이브리드,2024
2025-09-03,기아 주식회사,EV6,2022
2025-09-03,기아 주식회사,쏘렌토 하이브리드,2023
2025-09-03,폭스바겐그룹코리아 주식회사,Tiguan Allspace 2.0 TDI,2020
2025-09-03,현대자동차(주),팰리세이드(PALISADE),2021
2025-09-03,현대자동차(주),아반떼(AVANTE),2017
2025-09-03,현대자동차(주),캐스퍼 일렉트릭(CASPER Electric),2025
2025-09-03,기아 주식회사,K5,2020
2025-09-03,현대자동차(주),그랜드 스타렉스(GRAND STAREX),2011
2025-09-03,현대자동차(주),투싼(TUCSON),2017
2025-09-03,폭스바겐그룹코리아 주식회사,Golf 2.0 TDI BMT,2015
2025-09-03,기아 주식회사,쏘렌토 하이브리드,2021
2025-09-03,르노코리아(주),SM5 D,2014
2025-09-03,기아 주식회사,TASMAN,2026
2025-09-03,테슬라코리아 유한회사,Model 3 Standard Range Plus RWD,2020
2025-09-03,기아 주식회사,K5,2022
2025-09-03,테슬라코리아 유한회사,Model Y Long Range,2022
2025-09-03,메르세데스벤츠코리아(주),E220 d,2017
2025-09-03,기아 주식회사,쏘렌토 하이브리드,2021
2025-09-03,테슬라코리아 유한회사,Model Y Performance,2021
2025-09-03,DH6,BTM렉스턴언더리프트,2022
2025-09-03,현대자동차(주),넥쏘 (NEXO) 수소전기차,2021
2025-09-03,현대자동차(주),넥쏘 (NEXO) 수소전기차,2019
2025-09-03,기아 주식회사,K8 하이브리드,2025
2025-09-03,현대자동차(주),쏘나타(SONATA),2024
2025-09-03,폭스바겐그룹코리아 주식회사,Q5 45 TFSI quattro,2024
2025-09-04,기아 주식회사,K8 하이브리드,2024
2025-09-04,(주)재규어랜드로버코리아,레인지로버 4.4D,2017
2025-09-04,폭스바겐그룹코리아 주식회사,A7 55 TFSI quattro,2020
2025-09-04,기아 주식회사,K5,2021
2025-09-04,현대자동차(주),투싼 하이브리드(TUCSON HYBRID),2021
2025-09-04,르노코리아(주),QM6,2017
2025-09-04,현대자동차(주),포터Ⅱ 일렉트릭 (PORTERⅡ ELECTRIC),2022
2025-09-04,현대자동차(주),G80,2019
2025-09-04,폭스바겐그룹코리아 주식회사,Tiguan 2.0 TDI BMT,2016
2025-09-04,비엠더블유코리아(주),BMW 520d,2017
2025-09-04,메르세데스벤츠코리아(주),Mercedes-Benz E250,2021
2025-09-04,(주)재규어랜드로버코리아,레인지로버 4.4D,2017
2025-09-04,비엠더블유코리아(주),BMW X3 xDrive20d,2018
2025-09-04,현대자동차(주),싼타페 하이브리드(SANTAFE HYBRID),2025
2025-09-04,현대자동차(주),아반떼 Hybrid(AVANTE Hybrid),2021
2025-09-04,한국지엠(주),CHEVROLET TRAVERSE AWD,2020
2025-09-04,포르쉐코리아 주식회사,911 카레라 S,2020
2025-09-04,기아 주식회사,K7 하이브리드,2020
2025-09-04,현대자동차(주),싼타페(SANTAFE),2016
2025-09-04,현대자동차(주),GV80,2025
2025-09-04,기아 주식회사,K7,2016
2025-09-04,기아 주식회사,쏘렌토,2022
2025-09-04,기아 주식회사,쏘렌토,2022
2025-09-04,현대자동차(주),그랜저(GRANDEUR),2021
2025-09-04,기아 주식회사,EV6,2022
2025-09-04,테슬라코리아 유한회사,Model S Long Range,2020
2025-09-04,현대자동차(주),아반떼(AVANTE),2021
2025-09-04,현대자동차(주),캐스퍼(CASPER),2024
2025-09-04,한불모터스(주),Peugeot 5008 1.5 BlueHDi,2021
2025-09-04,현대자동차(주),아반떼(AVANTE),2021
2025-09-04,현대자동차(주),싼타페(SANTAFE),2019
2025-09-04,기아 주식회사,쏘울 전기차,2019
2025-09-04,한국지엠주식회사,올란도 2.0 LPG,2017
2025-09-04,지엠아시아퍼시픽지역본부 주식회사,캐딜락 CT6 2.0T,2018
2025-09-05,기아 주식회사,모닝,2016
2025-09-05,혼다코리아(주),CIVIC 4D,2017
2025-09-05,현대자동차(주),아반떼(AVANTE),2020
2025-09-05,현대자동차(주),싼타페(SANTAFE),2021
2025-09-05,메르세데스벤츠코리아(주),C200 CGI,2012
2025-09-05,현대자동차(주),아반떼 (AVANTE),2012
2025-09-05,기아 주식회사,니로 EV,2024
2025-09-05,기아 주식회사,K5,2022
2025-09-05,(주)재규어랜드로버코리아,레인지로버 3.0D,2015
2025-09-05,현대자동차(주),코나 일렉트릭 (KONA ELECTRIC),2019
2025-09-05,기아 주식회사,EV6,2022
2025-09-05,한국지엠주식회사,올란도 2.0 LPG,2012
2025-09-05,현대자동차(주),아반떼(AVANTE),2021
2025-09-05,현대자동차(주),그랜저(GRANDEUR),2021
2025-09-05,케이지모빌리티 주식회사(KG Mobility Corp.),G4 렉스턴,2019
2025-09-05,현대자동차(주),팰리세이드(Palisade),2025
2025-09-05,현대자동차(주),GV80,2022
2025-09-05,현대자동차(주),G80,2021
2025-09-05,현대자동차(주),쏘나타 하이브리드(SONATA HYBRID),2016
2025-09-05,기아 주식회사,K9,2013
2025-09-05,현대자동차(주),그랜저(GRANDEUR),2020
2025-09-05,기아 주식회사,EV6,2023
2025-09-05,현대자동차(주),아반떼(AVANTE),2021
2025-09-05,기아 주식회사,스팅어,2019
2025-09-05,현대자동차(주),아반떼 (AVANTE),2015
2025-09-05,한국지엠주식회사,올란도 2.0 LPG,2014
2025-09-05,기아 주식회사,카니발,2021
2025-09-05,현대자동차(주),GV70,2022
2025-09-05,현대자동차(주),아반떼(AVANTE),2021
2025-09-05,현대자동차(주),GV80,2022
2025-09-05,테슬라코리아 유한회사,Model Y Standard Range,2021
2025-09-05,현대자동차(주),투싼(TUCSON),2025
2025-09-05,현대자동차(주),넥쏘 (NEXO) 수소전기차,2022
2025-09-05,기아 주식회사,K7 하이브리드,2015
2025-09-05,폭스바겐그룹코리아 주식회사,A7 55 TFSI quattro,2020
2025-09-08,포드세일즈서비스코리아(유),Lincoln MKX 2.7 AWD,2016
2025-09-08,주식회사 모빌리티네트웍스,SE-A2밴,2023
2025-09-08,현대자동차(주),그랜저(GRANDEUR),2026
2025-09-08,현대자동차(주),i30,2018
2025-09-08,현대자동차(주),투싼 하이브리드(TUCSON HYBRID),2025
2025-09-08,기아 주식회사,스포티지 하이브리드,2023
2025-09-08,현대자동차(주),아이오닉5 (IONIQ5),2025
2025-09-08,테슬라코리아 유한회사,Model Y Long Range,2021
2025-09-08,현대자동차(주),아이오닉5 (IONIQ5),2026
2025-09-08,폭스바겐그룹코리아 주식회사,A7 55 TFSI quattro,2020
2025-09-08,현대자동차(주),싼타페(SANTAFE),2022
2025-09-08,기아 주식회사,K5,2020
2025-09-08,현대자동차(주),투싼 하이브리드(TUCSON HYBRID),2022
2025-09-08,현대자동차(주),포터Ⅱ 일렉트릭 (PORTERⅡ ELECTRIC),2021
2025-09-08,현대자동차(주),아이오닉 9 (IONIQ 9),2025
2025-09-08,기아 주식회사,카니발,2021
2025-09-08,기아 주식회사,EV9,2024
2025-09-08,폭스바겐그룹코리아 주식회사,A6 40 TDI,2020
2025-09-08,테슬라코리아 유한회사,Model 3 Long Range,2021
2025-09-08,현대자동차(주),아이오닉 9 (IONIQ 9),2025
2025-09-08,비엠더블유코리아(주),BMW iX3 M Sport,2023
2025-09-08,현대자동차(주),아이오닉5 (IONIQ5),2022
2025-09-08,현대자동차(주),아반떼(AVANTE),2022
2025-09-08,한국지엠(주),CHEVROLET BOLT EV,2019
2025-09-08,기아 주식회사,K7,2020
2025-09-08,기아 주식회사,K7,2020
2025-09-08,테슬라코리아 유한회사,Model Y Long Range,2021
2025-09-08,기아 주식회사,카니발,2019
2025-09-08,기아 주식회사,카니발,2021
2025-09-08,테슬라코리아 유한회사,Model 3 Long Range,2020
2025-09-08,현대자동차(주),그랜저 하이브리드(GRANDEUR HYBRID),2022
2025-09-08,현대자동차(주),투싼 하이브리드(TUCSON HYBRID),2025
2025-09-08,기아 주식회사,K7 하이브리드,2020
2025-09-08,기아 주식회사,쏘렌토 하이브리드,2023
2025-09-08,테슬라코리아 유한회사,Model Y Long Range,2021
2025-09-08,테슬라코리아 유한회사,Model Y Standard Range,2021
2025-09-08,기아 주식회사,K7 하이브리드,2020
2025-09-08,현대자동차(주),아이오닉5 (IONIQ5),2023
2025-09-08,한국지엠주식회사,말리부 1.5 TURBO,2017
2025-09-08,현대자동차(주),아이오닉5 (IONIQ5),2022
2025-09-08,현대자동차(주),아이오닉5 (IONIQ5),2023
2025-09-09,혼다코리아(주),CBR600R3,2025
2025-09-09,현대자동차(주),스타리아 라운지 (STARIA LOUNGE),2025
2025-09-09,현대자동차(주),넥쏘 (NEXO) 수소전기차,2021
2025-09-09,테슬라코리아 유한회사,Model Y Standard Range,2021
2025-09-09,현대자동차(주),투싼 하이브리드(TUCSON HYBRID),2022
2025-09-09,현대자동차(주),그랜저(GRANDEUR),2020
2025-09-09,기아 주식회사,쏘렌토 하이브리드,2023
2025-09-09,기아 주식회사,쏘렌토,2021
2025-09-09,메르세데스벤츠코리아(주),Mercedes-Benz EQE350 +,2023
2025-09-09,기아 주식회사,K7,2020
2025-09-09,현대자동차(주),넥쏘 (NEXO) 수소전기차,2019
2025-09-09,기아 주식회사,모닝,2020
2025-09-09,현대자동차(주),쏘나타(SONATA),2024
2025-09-09,기아 주식회사,카니발,2019
2025-09-09,테슬라코리아 유한회사,Model Y Long Range,2021
2025-09-09,기아 주식회사,K5,2015
2025-09-09,기아 주식회사,쏘렌토,2022
2025-09-09,현대자동차(주),그랜저(GRANDEUR),2020
2025-09-09,메르세데스벤츠코리아(주),Mercedes-AMG GT63 S 4MATIC +,2023
2025-09-09,현대자동차(주),GV80,2020
2025-09-09,현대자동차(주),아반떼(AVANTE),2021
2025-09-09,한국지엠주식회사,올란도 2.0 LPG,2012
2025-09-09,현대자동차(주),아반떼(AVANTE),2021
2025-09-09,기아 주식회사,카니발,2021
2025-09-09,현대자동차(주),스타리아 (STARIA),2022
2025-09-09,현대자동차(주),아반떼(AVANTE),2021
2025-09-09,비엠더블유코리아(주),BMW M340i xDrive Touring,2023
2025-09-09,주식회사 씨엔모터스,CN카니발하이리무진,2022
2025-09-09,기아 주식회사,EV6,2022
2025-09-09,기아 주식회사,쏘렌토 하이브리드,2021
2025-09-09,기아 주식회사,쏘렌토 하이브리드,2021
2025-09-09,케이지모빌리티 주식회사(KG Mobility Corp.),G4 렉스턴,2020
2025-09-09,메르세데스벤츠코리아(주),Mercedes-Benz C 300 4MATIC,2024
2025-09-09,현대자동차(주),그랜저(GRANDEUR),2020
2025-09-09,기아 주식회사,쏘렌토,2018
2025-09-09,기아 주식회사,K5,2021
2025-09-09,테슬라코리아 유한회사,Model Y Standard Range,2021
2025-09-09,포르쉐코리아 주식회사,911 타르가 4 GTS,2016
2025-09-09,메르세데스벤츠코리아(주),E200,2018
2025-09-09,현대자동차(주),투싼 하이브리드(TUCSON HYBRID),2025
2025-09-10,현대자동차(주),투싼(TUCSON),2018
2025-09-10,케이지모빌리티 주식회사(KG Mobility Corp.),토레스 하이브리드,2026
2025-09-10,메르세데스벤츠코리아(주),Mercedes-Benz A250 4MATIC,2020
2025-09-10,현대자동차(주),싼타페(SANTAFE),2019
2025-09-10,르노코리아(주),SM3,2011
2025-09-10,테슬라코리아 유한회사,Model Y Long Range,2022
2025-09-10,현대자동차(주),투싼 하이브리드(TUCSON HYBRID),2025
2025-09-10,테슬라코리아 유한회사,Model Y Long Range,2021
2025-09-10,기아 주식회사,쏘렌토 하이브리드,2023
2025-09-10,현대자동차(주),아반떼(AVANTE),2021
2025-09-10,기아 주식회사,EV9,2024
2025-09-10,테슬라코리아 유한회사,Model 3 Long Range,2021
2025-09-10,케이지모빌리티 주식회사(KG Mobility Corp.),액티언 하이브리드,2026
2025-09-10,현대자동차(주),아이오닉5 (IONIQ5),2022
2025-09-10,현대자동차(주),투싼 하이브리드(TUCSON HYBRID),2025
2025-09-10,현대자동차(주),팰리세이드(Palisade),2025
2025-09-10,한국지엠주식회사,크루즈 2.0 디젤,2011
2025-09-10,현대자동차(주),아반떼 (AVANTE),2012
2025-09-10,한국지엠주식회사,트랙스 1.2 터보,2024
2025-09-10,메르세데스벤츠코리아(주),벤츠 GLE 300 d 4MATIC,2019
2025-09-10,기아 주식회사,쏘렌토 하이브리드,2021
2025-09-10,폭스바겐그룹코리아 주식회사,ID.4 Pro,2022
2025-09-10,현대자동차(주),그랜저(GRANDEUR),2020
2025-09-10,한국지엠주식회사,올란도 1.6 디젤,2016
2025-09-10,현대자동차(주),GV80,2023
2025-09-10,테슬라코리아 유한회사,Model Y Performance,2021
2025-09-10,현대자동차(주),G80,2022
2025-09-10,현대자동차(주),넥쏘 (NEXO) 수소전기차,2021
2025-09-10,기아 주식회사,K7,2020
2025-09-10,테슬라코리아 유한회사,Model Y Long Range,2021
2025-09-10,기아 주식회사,쏘렌토 하이브리드,2021
2025-09-10,스텔란티스코리아 주식회사,짚 체로키 2.4,2019
2025-09-10,현대자동차(주),투싼(TUCSON),2025
2025-09-10,현대자동차(주),쏘나타(SONATA),2025
2025-09-11,테슬라코리아 유한회사,Model Y Long Range,2021
2025-09-11,폭스바겐그룹코리아 주식회사,Q7 50 TDI quattro,2023
2025-09-11,테슬라코리아 유한회사,Model 3 Long Range,2020
2025-09-11,(주)한국쓰리축,한국쓰리축1.1톤롱바디트럭,2023
2025-09-11,(주)재규어랜드로버코리아,디스커버리 TD6,2017
2025-09-11,르노코리아(주),XM3 하이브리드,2024
2025-09-11,현대자동차(주),투싼 하이브리드(TUCSON HYBRID),2025
2025-09-11,기아 주식회사,셀토스,2020
2025-09-11,테슬라코리아 유한회사,Model Y Standard Range,2021
2025-09-11,테슬라코리아 유한회사,Model S Long Range,2020
2025-09-11,현대자동차(주),넥쏘 (NEXO) 수소전기차,2020
2025-09-11,기아 주식회사,K7,2020
2025-09-11,기아 주식회사,쏘렌토 하이브리드,2023
2025-09-11,한국지엠주식회사,올란도 1.6 디젤,2016
2025-09-11,현대자동차(주),투싼 하이브리드(TUCSON HYBRID),2025
2025-09-11,메르세데스벤츠코리아(주),E220 d 4Matic,2017
2025-09-11,한불모터스(주),Peugeot 5008 1.5 BlueHDi,2019
2025-09-11,메르세데스벤츠코리아(주),E300,2019
2025-09-11,메르세데스벤츠코리아(주),C220 d 4Matic,2017
2025-09-11,기아 주식회사,쏘렌토 하이브리드,2025
2025-09-11,메르세데스벤츠코리아(주),C220 d 4Matic,2017
2025-09-11,메르세데스벤츠코리아(주),E300 4Matic,2019
2025-09-11,테슬라코리아 유한회사,Model Y Long Range,2021
2025-09-11,현대자동차(주),팰리세이드(PALISADE),2019
2025-09-11,기아 주식회사,K8 하이브리드,2022
2025-09-11,현대자동차(주),아이오닉 일렉트릭(IONIQ ELECTRIC),2020
2025-09-11,기아 주식회사,쏘렌토 하이브리드,2025
2025-09-11,기아 주식회사,쏘렌토 하이브리드,2025
2025-09-11,기아 주식회사,K7,2020
2025-09-11,혼다코리아(주),PILOT,2019
2025-09-12,현대자동차(주),싼타페(SANTAFE),2015
2025-09-12,기아 주식회사,스포티지,2025
2025-09-12,현대자동차(주),그랜저 하이브리드(GRANDEUR HYBRID),2022
2025-09-12,현대자동차(주),아이오닉5(IONIQ5),2022
2025-09-12,현대자동차(주),싼타페 하이브리드(SANTAFE HYBRID),2024
2025-09-12,현대자동차(주),싼타페 하이브리드(SANTAFE HYBRID),2024
2025-09-12,현대자동차(주),싼타페 하이브리드(SANTAFE HYBRID),2024
2025-09-12,기아 주식회사,K7,2020
2025-09-12,(주)재규어랜드로버코리아,재규어 F-PACE 20d,2018
2025-09-12,한국지엠주식회사,올란도 1.6 디젤,2016
2025-09-12,현대자동차(주),싼타페(SANTAFE),2022
2025-09-12,한국지엠(주),CHEVROLET BOLT EUV,2023
2025-09-12,메르세데스벤츠코리아(주),Mercedes-Benz GLA250 4MATIC,2021
2025-09-12,현대자동차(주),코나 하이브리드(KONA HYBRID),2026
2025-09-12,기아 주식회사,K5,2022
2025-09-12,현대자동차(주),싼타페 하이브리드(SANTAFE HYBRID),2024
2025-09-12,현대자동차(주),코나 일렉트릭 (KONA ELECTRIC),2020
2025-09-12,기아 주식회사,K7,2020
2025-09-12,현대자동차(주),아반떼(AVANTE),2021
2025-09-12,비엠더블유코리아(주),BMW X4 xDrive20i,2023
2025-09-12,현대자동차(주),팰리세이드 하이브리드(PALISADE HYBRID),2026
2025-09-12,(주)재규어랜드로버코리아,디스커버리 SD4,2020
2025-09-12,기아 주식회사,K7,2020
2025-09-12,메르세데스벤츠코리아(주),Mercedes-Benz E 450 4MATIC,2024
2025-09-12,기아 주식회사,K7,2020
2025-09-12,비엠더블유코리아(주),BMW 530i,2018
2025-09-12,현대자동차(주),투싼(TUCSON),2025
2025-09-12,현대자동차(주),캐스퍼(CASPER),2023
2025-09-12,현대자동차(주),그랜저(GRANDEUR),2014
2025-09-12,기아 주식회사,쏘렌토,2021
2025-09-12,기아 주식회사,스포티지,2023
2025-09-12,르노코리아(주),SM3 Z.E.,2017
2025-09-12,메르세데스벤츠코리아(주),Mercedes-Benz S580 4MATIC,2022
2025-09-12,기아 주식회사,카니발,2021
2025-09-12,현대자동차(주),싼타페 하이브리드(SANTAFE HYBRID),2024
2025-09-12,기아 주식회사,K5 하이브리드,2021
2025-09-12,비엠더블유코리아(주),BMW X1 sDrive20i,2023
2025-09-12,현대자동차(주),쏘나타(SONATA),2024
2025-09-12,기아 주식회사,K7,2020
2025-09-12,현대자동차(주),투싼 하이브리드(TUCSON HYBRID),2024
2025-09-12,기아 주식회사,EV6,2022
2025-09-12,한국지엠주식회사,올란도 2.0 LPG,2016
2025-09-12,현대자동차(주),그랜저(GRANDEUR),2020
2025-09-12,기아 주식회사,K7,2020
2025-09-12,현대자동차(주),넥쏘 (NEXO) 수소전기차,2023
2025-09-12,현대자동차(주),아반떼(AVANTE),2021
2025-09-12,현대자동차(주),싼타페 하이브리드(SANTAFE HYBRID),2024
2025-09-12,현대자동차(주),싼타페 하이브리드(SANTAFE HYBRID),2024
2025-09-12,현대자동차(주),아반떼(AVANTE),2021
2025-09-12,현대자동차(주),그랜저 하이브리드(GRANDEUR HYBRID),2020
2025-09-12,기아 주식회사,카니발,2019
2025-09-12,현대자동차(주),아반떼(AVANTE),2022
2025-09-12,현대자동차(주),아반떼(AVANTE),2021
2025-09-12,현대자동차(주),싼타페 하이브리드(SANTAFE HYBRID),2024
2025-09-15,기아 주식회사,K7 하이브리드,2019
2025-09-15,기아 주식회사,K8 하이브리드,2022
2025-09-15,메르세데스벤츠코리아(주),Mercedes-Benz GLC300 e 4MATIC Coupe,2021
2025-09-15,기아 주식회사,K5,2025
2025-09-15,한국오토모빌얼라이언스(주),유로비전,2025
2025-09-15,현대자동차(주),싼타페 하이브리드(SANTAFE HYBRID),2024
2025-09-15,테슬라코리아 유한회사,Model Y Long Range,2021
2025-09-15,한국지엠주식회사,올란도 2.0 LPG,2016
2025-09-15,테슬라코리아 유한회사,Model Y Long Range,2021
2025-09-15,현대자동차(주),그랜저(GRANDEUR),2014
2025-09-15,테슬라코리아 유한회사,Model S P100D,2019
2025-09-15,현대자동차(주),아반떼(AVANTE),2021
2025-09-15,기아 주식회사,K7,2020
2025-09-15,한국지엠주식회사,올란도 2.0 LPG,2014
2025-09-15,테슬라코리아 유한회사,Model Y RWD,2025
2025-09-15,현대자동차(주),아반떼(AVANTE),2021
2025-09-15,기아 주식회사,EV6,2022
2025-09-15,비엠더블유코리아(주),BMW 520d M Sport Package,2019
2025-09-15,현대자동차(주),그랜저(GRANDEUR),2023
2025-09-15,현대자동차(주),G80,2022
2025-09-15,메르세데스벤츠코리아(주),E220 BlueTEC,2016
2025-09-15,폭스바겐그룹코리아 주식회사,A7 55 TFSI quattro,2020
2025-09-15,현대자동차(주),아반떼(AVANTE),2016
2025-09-15,현대자동차(주),쏘나타 하이브리드(SONATA HYBRID),2016
2025-09-15,기아 주식회사,K5,2021
2025-09-15,비엠더블유코리아(주),BMW 520d M Sport Package,2020
2025-09-15,기아 주식회사,쏘렌토,2024
2025-09-16,폭스바겐그룹코리아 주식회사,ID.4 Pro,2025
2025-09-16,현대자동차(주),넥쏘 (NEXO) 수소전기차,2019
2025-09-16,현대자동차(주),아반떼(AVANTE),2016
2025-09-16,기아 주식회사,K7,2020
2025-09-16,현대자동차(주),GV70,2025
2025-09-16,폭스바겐그룹코리아 주식회사,Arteon 2.0 TDI,2018
2025-09-16,현대자동차(주),아반떼(AVANTE),2023
2025-09-16,기아 주식회사,쏘렌토 하이브리드,2022
2025-09-16,현대자동차(주),아반떼 Hybrid(AVANTE Hybrid),2021
2025-09-16,현대자동차(주),코나 일렉트릭(KONA Electric),2023
2025-09-16,현대자동차(주),아반떼(AVANTE),2021
2025-09-16,기아 주식회사,카니발,2020
2025-09-16,기아 주식회사,카니발,2022
2025-09-16,현대자동차(주),팰리세이드 하이브리드(PALISADE HYBRID),2026
2025-09-16,현대자동차(주),싼타페 하이브리드(SANTAFE HYBRID),2025
2025-09-16,현대자동차(주),투싼(TUCSON),2025
2025-09-16,기아 주식회사,카니발 리무진,2023
2025-09-16,기아 주식회사,K7,2020
2025-09-16,현대자동차(주),투싼 하이브리드(TUCSON HYBRID),2025
2025-09-16,르노코리아(주),KOLEOS Hybrid(콜레오스 하이브리드),2025
2025-09-16,케이지모빌리티 주식회사(KG Mobility Corp.),티볼리,2016
2025-09-16,현대자동차(주),쏘나타 하이브리드 (SONATA HYBRID),2021
2025-09-16,현대자동차(주),아반떼(AVANTE),2021
2025-09-16,기아 주식회사,쏘렌토 하이브리드,2022
2025-09-16,비엠더블유코리아(주),BMW i4 eDrive40,2024
2025-09-16,스텔란티스코리아 주식회사,짚 그랜드 체로키 L,2021
2025-09-16,르노코리아(주),QM6,2017
2025-09-16,한불모터스(주),DS7 Crossback 2.0 BlueHDi,2019
2025-09-16,현대자동차(주),넥쏘(NEXO) 수소전기차,2018
2025-09-16,테슬라코리아 유한회사,Model 3 Long Range,2021
2025-09-16,현대자동차(주),그랜저 하이브리드(GRANDEUR HYBRID),2020
2025-09-16,현대자동차(주),그랜저 하이브리드(GRANDEUR HYBRID),2023
2025-09-16,메르세데스벤츠코리아(주),Mercedes-Benz EQB300 4MATIC,2023
2025-09-17,한국지엠(주),CHEVROLET IMPALA 2.5,2016
2025-09-17,현대자동차(주),아반떼(AVANTE),2016
2025-09-17,테슬라코리아 유한회사,Model Y Standard Range,2021
2025-09-17,폭스바겐그룹코리아 주식회사,Tiguan 2.0TDI 4Motion,2022
2025-09-17,케이지모빌리티 주식회사(KG Mobility Corp.),티볼리,2017
2025-09-17,한국닛산(주),ALTIMA 2.5,2017
2025-09-17,현대자동차(주),포터Ⅱ (PORTERⅡ),2020
2025-09-17,현대자동차(주),넥쏘 (NEXO) 수소전기차,2024
2025-09-17,혼다코리아(주),CBR600R3,2025
2025-09-17,현대자동차(주),아반떼(AVANTE),2021
2025-09-17,현대자동차(주),넥쏘 (NEXO) 수소전기차,2019
2025-09-17,비엠더블유코리아(주),BMW X3 xDrive20d xLine WLTP,2019
2025-09-17,기아 주식회사,카니발 리무진,2022
2025-09-17,르노코리아(주),QM6,2017
2025-09-17,현대자동차(주),싼타페 하이브리드(SANTAFE HYBRID),2024
2025-09-17,혼다코리아(주),CBR600R3,2025
2025-09-17,기아 주식회사,쏘렌토 하이브리드,2021
2025-09-17,현대자동차(주),쏘나타(SONATA),2020
2025-09-17,기아 주식회사,카니발 리무진,2022
2025-09-17,기아 주식회사,카니발,2025
2025-09-17,한국지엠주식회사,트레일블레이저 1.35 TURBO FWD,2022
2025-09-17,혼다코리아(주),CBR600R3,2025
2025-09-17,기아 주식회사,K5 하이브리드,2020
2025-09-17,한국지엠주식회사,말리부 2.0 DOHC,2013
2025-09-17,테슬라코리아 유한회사,Model 3 Long Range,2022
2025-09-18,현대자동차(주),코나 일렉트릭 (KONA ELECTRIC),2019
2025-09-18,현대자동차(주),G80,2019
2025-09-18,현대자동차(주),투싼 하이브리드(TUCSON HYBRID),2025
2025-09-18,한국지엠(주),CHEVROLET BOLT EV,2018
2025-09-18,테슬라코리아 유한회사,Model 3 Long Range,2021
2025-09-18,현대자동차(주),G80,2019
2025-09-18,현대자동차(주),GV80,2020
2025-09-18,비엠더블유코리아(주),BMW 520i,2021
2025-09-18,기아 주식회사,K8,2025
2025-09-18,현대자동차(주),GV70,2022
2025-09-18,케이지모빌리티 주식회사(KG Mobility Corp.),G4 렉스턴,2018
2025-09-18,현대자동차(주),GV80,2020
2025-09-18,현대자동차(주),투싼(TUCSON),2025
2025-09-18,기아 주식회사,K9,2020
2025-09-18,기아 주식회사,K7,2020
2025-09-18,현대자동차(주),GV80,2023
2025-09-18,현대자동차(주),GV80,2024
2025-09-18,한불모터스(주),Peugeot 5008 1.5 BlueHDi,2019
2025-09-18,메르세데스벤츠코리아(주),C220 CDI,2012
2025-09-18,기아 주식회사,카니발,2021
2025-09-18,현대자동차(주),아이오닉6 (IONIQ6),2025
2025-09-18,메르세데스벤츠코리아(주),C220 CDI,2012
2025-09-18,기아 주식회사,쏘렌토 하이브리드,2023
2025-09-18,현대자동차(주),그랜저(GRANDEUR),2020
2025-09-18,현대자동차(주),GV80,2022
2025-09-18,현대자동차(주),GV80,2022
2025-09-18,현대자동차(주),GV80,2025
2025-09-18,현대자동차(주),그랜저(GRANDEUR),2021
2025-09-18,(주)스포츠모터사이클코리아,790 ADVENTURE,2019
2025-09-18,현대자동차(주),투싼 하이브리드(TUCSON HYBRID),2024
2025-09-18,현대자동차(주),투싼(TUCSON),2025
2025-09-18,현대자동차(주),투싼(TUCSON),2025
2025-09-18,한국지엠주식회사,트랙스 1.4,2015
2025-09-18,현대자동차(주),싼타페 하이브리드(SANTAFE HYBRID),2024
2025-09-18,기아 주식회사,카니발,2024
2025-09-18,기아 주식회사,카니발,2024
2025-09-18,메르세데스벤츠코리아(주),SLK200,2012
2025-09-18,테슬라코리아 유한회사,Model 3 Long Range,2021
2025-09-18,비엠더블유코리아(주),BMW 530i xDrive,2018
2025-09-18,현대자동차(주),그랜저 하이브리드(GRANDEUR HYBRID),2023
2025-09-18,기아 주식회사,스포티지 하이브리드,2022
2025-09-18,테슬라코리아 유한회사,Model 3 Long Range,2021
2025-09-18,르노코리아(주),QM6,2020
2025-09-18,한국지엠주식회사,트랙스 1.2 터보,2025
2025-09-19,현대자동차(주),포터Ⅱ (PORTERⅡ),2024
2025-09-19,현대자동차(주),GV80,2021
2025-09-19,현대자동차(주),포터Ⅱ (PORTERⅡ),2024
2025-09-19,폭스바겐그룹코리아 주식회사,Q4 Sportback e-tron 40,2022
2025-09-19,폭스바겐그룹코리아 주식회사,Q4 Sportback e-tron 40,2022
2025-09-19,기아 주식회사,쏘렌토,2021
2025-09-19,폭스바겐그룹코리아 주식회사,Q4 e-tron 40,2022
2025-09-19,기아 주식회사,봉고Ⅲ 1톤 EV,2021
2025-09-19,폭스바겐그룹코리아 주식회사,Q4 e-tron 40,2022
2025-09-19,기아 주식회사,쏘렌토,2022
2025-09-19,폭스바겐그룹코리아 주식회사,Q4 e-tron 40,2022
2025-09-19,폭스바겐그룹코리아 주식회사,Q4 e-tron 40,2022
2025-09-19,폭스바겐그룹코리아 주식회사,Q4 e-tron 40,2022
2025-09-19,폭스바겐그룹코리아 주식회사,Q4 e-tron 40,2022
2025-09-19,현대자동차(주),G80,2021
2025-09-19,기아 주식회사,K7,2018
2025-09-19,폭스바겐그룹코리아 주식회사,Q4 e-tron 40,2022
2025-09-19,현대자동차(주),포터Ⅱ (PORTERⅡ),2024
2025-09-19,기아 주식회사,카니발,2021
2025-09-19,폭스바겐그룹코리아 주식회사,Q4 Sportback e-tron 40,2022
2025-09-19,현대자동차(주),GV80,2020
2025-09-19,폭스바겐그룹코리아 주식회사,Q4 e-tron 40,2022
2025-09-19,폭스바겐그룹코리아 주식회사,Q4 e-tron 40,2022
2025-09-19,폭스바겐그룹코리아 주식회사,Q4 e-tron 40,2022
2025-09-19,폭스바겐그룹코리아 주식회사,Q4 e-tron 40,2022
2025-09-19,폭스바겐그룹코리아 주식회사,Q4 e-tron 40,2022
2025-09-19,폭스바겐그룹코리아 주식회사,Q4 e-tron 40,2022
2025-09-19,혼다코리아(주),ACCORD HYBRID,2018
2025-09-19,폭스바겐그룹코리아 주식회사,Q4 e-tron 40,2022
2025-09-19,현대자동차(주),투싼 하이브리드(TUCSON HYBRID),2025
2025-09-19,폭스바겐그룹코리아 주식회사,Q4 e-tron 40,2022
2025-09-19,폭스바겐그룹코리아 주식회사,Q4 e-tron 40,2022
2025-09-19,폭스바겐그룹코리아 주식회사,Q4 e-tron 40,2022
2025-09-19,폭스바겐그룹코리아 주식회사,Q4 e-tron 40,2022
2025-09-19,폭스바겐그룹코리아 주식회사,Q4 Sportback e-tron 40,2022
2025-09-19,폭스바겐그룹코리아 주식회사,Q4 e-tron 40,2022
2025-09-19,폭스바겐그룹코리아 주식회사,Q4 Sportback e-tron 40,2022
2025-09-19,폭스바겐그룹코리아 주식회사,Q4 Sportback e-tron 40,2022
2025-09-19,폭스바겐그룹코리아 주식회사,Q4 e-tron 40,2022
2025-09-19,폭스바겐그룹코리아 주식회사,Q4 e-tron 40,2022
2025-09-19,폭스바겐그룹코리아 주식회사,Q4 e-tron 40,2022
2025-09-19,폭스바겐그룹코리아 주식회사,Q4 e-tron 40,2022
2025-09-19,폭스바겐그룹코리아 주식회사,Q4 e-tron 40,2022
2025-09-19,폭스바겐그룹코리아 주식회사,Q4 e-tron 40,2022
2025-09-19,폭스바겐그룹코리아 주식회사,Q4 e-tron 40,2022
2025-09-19,폭스바겐그룹코리아 주식회사,Q4 e-tron 40,2022
2025-09-19,기아 주식회사,K8 하이브리드,2023
2025-09-19,폭스바겐그룹코리아 주식회사,Q4 Sportback e-tron 40,2022
2025-09-19,폭스바겐그룹코리아 주식회사,Q4 e-tron 40,2022
2025-09-19,폭스바겐그룹코리아 주식회사,Q4 e-tron 40,2022
2025-09-19,폭스바겐그룹코리아 주식회사,Q4 Sportback e-tron 40,2022
2025-09-19,폭스바겐그룹코리아 주식회사,Q4 e-tron 40,2022
2025-09-19,폭스바겐그룹코리아 주식회사,Q4 e-tron 40,2022
2025-09-19,폭스바겐그룹코리아 주식회사,Q4 e-tron 40,2022
2025-09-19,폭스바겐그룹코리아 주식회사,Q4 Sportback e-tron 40,2022
2025-09-19,폭스바겐그룹코리아 주식회사,Q4 e-tron 40,2022
2025-09-19,폭스바겐그룹코리아 주식회사,Q4 e-tron 40,2022
2025-09-19,폭스바겐그룹코리아 주식회사,Q4 e-tron 40,2022
2025-09-19,폭스바겐그룹코리아 주식회사,Q4 Sportback e-tron 40,2022
2025-09-19,폭스바겐그룹코리아 주식회사,Q4 Sportback e-tron 40,2022
2025-09-19,폭스바겐그룹코리아 주식회사,Q4 e-tron 40,2022
2025-09-19,폭스바겐그룹코리아 주식회사,Q4 e-tron 40,2022
2025-09-19,폭스바겐그룹코리아 주식회사,Q4 Sportback e-tron 40,2022
2025-09-19,메르세데스벤츠코리아(주),Mercedes-Benz E250,2023
2025-09-19,폭스바겐그룹코리아 주식회사,Q4 e-tron 40,2022
2025-09-19,폭스바겐그룹코리아 주식회사,Q4 Sportback e-tron 40,2022
2025-09-19,폭스바겐그룹코리아 주식회사,Q4 e-tron 40,2022
2025-09-19,폭스바겐그룹코리아 주식회사,Q4 Sportback e-tron 40,2022
2025-09-19,폭스바겐그룹코리아 주식회사,Q4 e-tron 40,2022
2025-09-19,폭스바겐그룹코리아 주식회사,Q4 e-tron 40,2022
2025-09-19,폭스바겐그룹코리아 주식회사,Q4 Sportback e-tron 40,2022
2025-09-19,폭스바겐그룹코리아 주식회사,Q4 e-tron 40,2022
2025-09-19,폭스바겐그룹코리아 주식회사,Q4 e-tron 40,2022
2025-09-19,폭스바겐그룹코리아 주식회사,Q4 e-tron 40,2022
2025-09-19,폭스바겐그룹코리아 주식회사,Q4 Sportback e-tron 40,2022
2025-09-19,폭스바겐그룹코리아 주식회사,Q4 e-tron 40,2022
2025-09-19,폭스바겐그룹코리아 주식회사,Q4 e-tron 40,2022
2025-09-19,폭스바겐그룹코리아 주식회사,Q4 e-tron 40,2022
2025-09-19,폭스바겐그룹코리아 주식회사,Q4 e-tron 40,2022
2025-09-19,폭스바겐그룹코리아 주식회사,Q4 e-tron 40,2022
2025-09-19,폭스바겐그룹코리아 주식회사,Q4 Sportback e-tron 40,2022
2025-09-19,폭스바겐그룹코리아 주식회사,Q4 e-tron 40,2022
2025-09-19,폭스바겐그룹코리아 주식회사,Q4 e-tron 40,2022
2025-09-19,폭스바겐그룹코리아 주식회사,Q4 e-tron 40,2022
2025-09-19,폭스바겐그룹코리아 주식회사,Q4 e-tron 40,2022
2025-09-19,폭스바겐그룹코리아 주식회사,Q4 e-tron 40,2022
2025-09-19,폭스바겐그룹코리아 주식회사,Q4 e-tron 40,2022
2025-09-19,기아 주식회사,니로 하이브리드,2022
2025-09-19,현대자동차(주),GV80,2023
2025-09-19,기아 주식회사,쏘렌토 하이브리드,2022
2025-09-19,현대자동차(주),GV70,2022
2025-09-19,현대자동차(주),그랜저 하이브리드(GRANDEUR HYBRID),2021
2025-09-19,한국지엠주식회사,올란도 2.0 LPG,2012
2025-09-19,현대자동차(주),쏘나타(SONATA),2020
2025-09-19,현대자동차(주),팰리세이드(PALISADE),2023
2025-09-19,비엠더블유코리아(주),BMW iX3 M Sport,2022
2025-09-19,현대자동차(주),그랜저 하이브리드 (GRANDEUR HYBRID),2016
2025-09-22,다임러트럭코리아(주),Actros,2023
2025-09-22,포드세일즈서비스코리아(유),Explorer 2.3,2020
2025-09-22,현대자동차(주),그랜저(GRANDEUR),2011
2025-09-22,현대자동차(주),싼타페(SANTAFE),2024
2025-09-22,기아 주식회사,쏘렌토,2020
2025-09-22,현대자동차(주),아반떼(AVANTE),2021
2025-09-22,케이지모빌리티 주식회사(KG Mobility Corp.),액티언 하이브리드,2026
2025-09-22,기아 주식회사,K7,2020
2025-09-22,현대자동차(주),싼타페(SANTAFE),2025
2025-09-22,현대자동차(주),그랜저(GRANDEUR),2020
2025-09-22,현대자동차(주),투싼 하이브리드(TUCSON HYBRID),2025
2025-09-22,현대자동차(주),팰리세이드(PALISADE),2020
2025-09-22,폭스바겐그룹코리아 주식회사,Arteon 2.0 TDI,2019
2025-09-22,현대자동차(주),싼타페(SANTAFE),2024
2025-09-22,기아 주식회사,니로 하이브리드,2017
2025-09-22,폭스바겐그룹코리아 주식회사,Q4 Sportback e-tron 40,2022
2025-09-22,폭스바겐그룹코리아 주식회사,Q4 40 e-tron,2023
2025-09-22,기아 주식회사,모하비,2012
2025-09-22,폭스바겐그룹코리아 주식회사,Q4 e-tron 40,2022
2025-09-22,폭스바겐그룹코리아 주식회사,Q4 Sportback e-tron 40,2022
2025-09-22,현대자동차(주),투싼 하이브리드(TUCSON HYBRID),2021
2025-09-22,폭스바겐그룹코리아 주식회사,Q4 e-tron 40,2022
2025-09-22,현대자동차(주),아이오닉6 (IONIQ6),2023
2025-09-22,테슬라코리아 유한회사,Model Y Standard Range,2021
2025-09-22,폭스바겐그룹코리아 주식회사,Q4 e-tron 40,2022
2025-09-22,현대자동차(주),아이오닉6 (IONIQ6),2023
2025-09-22,기아 주식회사,카니발 리무진,2021
2025-09-22,현대자동차(주),그랜저(GRANDEUR),2021
2025-09-22,기아 주식회사,K5,2020
2025-09-22,현대자동차(주),그랜저(GRANDEUR),2022
2025-09-22,폭스바겐그룹코리아 주식회사,Q4 e-tron 40,2022
2025-09-22,기아 주식회사,K9,2023
2025-09-22,기아 주식회사,스포티지,2023
2025-09-22,기아 주식회사,니로 EV,2022
2025-09-22,현대자동차(주),아이오닉5 (IONIQ5),2022
2025-09-22,기아 주식회사,카니발,2019
2025-09-22,90017014,TY50QT-18D,2025
2025-09-22,현대자동차(주),투싼 하이브리드(TUCSON HYBRID),2025
2025-09-22,현대자동차(주),넥쏘 (NEXO) 수소전기차,2020
2025-09-23,주식회사 태영테크,태영25.5톤카고트럭,2022
2025-09-23,르노코리아(주),SM3 Z.E.,2018
2025-09-23,포드세일즈서비스코리아(유),익스플로러,2019
2025-09-23,비엠더블유코리아(주),BMW Gran Turismo EfficientDynamics Edition,2015
2025-09-23,한국지엠주식회사,올란도 2.0 LPG,2017
2025-09-23,기아 주식회사,K5,2022
2025-09-23,현대자동차(주),싼타페(SANTAFE),2025
2025-09-23,현대자동차(주),싼타페 하이브리드(SANTAFE HYBRID),2026
2025-09-23,메르세데스벤츠코리아(주),Mercedes-Benz GLC300 4MATIC Coupe,2021
2025-09-23,기아 주식회사,카니발 리무진,2019
2025-09-23,기아 주식회사,카니발,2019
2025-09-23,기아 주식회사,카니발,2020
2025-09-23,현대자동차(주),투싼 하이브리드(TUCSON HYBRID),2025
2025-09-23,포드세일즈서비스코리아(유),Explorer 2.3,2020
2025-09-23,포드세일즈서비스코리아(유),Explorer 2.3,2020
2025-09-23,현대자동차(주),아반떼(AVANTE),2021
2025-09-23,비엠더블유코리아(주),BMW M2,2016
2025-09-23,현대자동차(주),그랜저(GRANDEUR),2020
2025-09-23,폭스바겐그룹코리아 주식회사,Passat 2.0 TSI,2018
2025-09-23,테슬라코리아 유한회사,Model Y Standard Range,2021
2025-09-23,테슬라코리아 유한회사,Model 3 Standard Range Plus RWD,2021
2025-09-23,기아 주식회사,쏘렌토 하이브리드,2021
2025-09-23,현대자동차(주),싼타페 하이브리드(SANTAFE HYBRID),2024
2025-09-23,현대자동차(주),투싼(TUCSON),2025
2025-09-23,폭스바겐그룹코리아 주식회사,Q4 e-tron 40,2022
2025-09-23,현대자동차(주),싼타페 하이브리드(SANTAFE HYBRID),2024
2025-09-23,현대자동차(주),넥쏘 (NEXO) 수소전기차,2020
2025-09-24,현대자동차(주),뉴-카운티,2025
2025-09-24,현대자동차(주),아이오닉5 (IONIQ5),2025
2025-09-24,르노코리아(주),QM3,2014
2025-09-24,현대자동차(주),포터Ⅱ 일렉트릭 (PORTERⅡ ELECTRIC),2021
2025-09-24,현대자동차(주),싼타페 하이브리드(SANTAFE HYBRID),2025
2025-09-24,현대자동차(주),아반떼(AVANTE),2021
2025-09-24,현대자동차(주),그랜저(GRANDEUR),2020
2025-09-24,현대자동차(주),싼타페 하이브리드(SANTAFE HYBRID),2025
2025-09-24,현대자동차(주),그랜저(GRANDEUR),2015
2025-09-24,현대자동차(주),그랜저(GRANDEUR),2022
2025-09-24,현대자동차(주),싼타페 하이브리드(SANTAFE HYBRID),2025
2025-09-24,현대자동차(주),쏘나타(SONATA),2020
2025-09-24,현대자동차(주),싼타페 하이브리드(SANTAFE HYBRID),2025
2025-09-24,현대자동차(주),투싼 하이브리드(TUCSON HYBRID),2024
2025-09-24,현대자동차(주),싼타페 하이브리드(SANTAFE HYBRID),2025
2025-09-24,현대자동차(주),싼타페 하이브리드(SANTAFE HYBRID),2024
2025-09-24,현대자동차(주),싼타페(SANTAFE),2025
2025-09-24,기아 주식회사,쏘렌토,2021
2025-09-24,현대자동차(주),싼타페 하이브리드(SANTAFE HYBRID),2024
2025-09-24,현대자동차(주),싼타페 하이브리드(SANTAFE HYBRID),2024
2025-09-24,기아 주식회사,쏘렌토,2021
2025-09-24,현대자동차(주),싼타페 하이브리드(SANTAFE HYBRID),2024
2025-09-24,기아 주식회사,쏘렌토 하이브리드,2023
2025-09-24,현대자동차(주),싼타페 하이브리드(SANTAFE HYBRID),2025
2025-09-24,현대자동차(주),G80,2021
2025-09-24,현대자동차(주),싼타페 하이브리드(SANTAFE HYBRID),2026
2025-09-24,한국지엠주식회사,올란도 1.6 디젤,2016
2025-09-24,현대자동차(주),싼타페 하이브리드(SANTAFE HYBRID),2026
2025-09-24,현대자동차(주),싼타페 하이브리드(SANTAFE HYBRID),2024
2025-09-24,현대자동차(주),싼타페 하이브리드(SANTAFE HYBRID),2025
2025-09-24,기아 주식회사,K7,2020
2025-09-24,현대자동차(주),그랜저(GRANDEUR),2020
2025-09-24,현대자동차(주),싼타페 하이브리드(SANTAFE HYBRID),2025
2025-09-24,현대자동차(주),GV80,2020
2025-09-24,(주)재규어랜드로버코리아,디스커버리4 3.0D,2015
2025-09-24,현대자동차(주),쏘나타(SONATA),2021
2025-09-24,현대자동차(주),싼타페(SANTAFE),2025
2025-09-24,현대자동차(주),싼타페 하이브리드(SANTAFE HYBRID),2025
2025-09-24,비엠더블유코리아(주),BMW X6 xDrive30d,2022
2025-09-24,현대자동차(주),싼타페 하이브리드(SANTAFE HYBRID),2025
2025-09-24,기아 주식회사,쏘렌토,2022
2025-09-24,기아 주식회사,쏘렌토,2021
2025-09-24,현대자동차(주),싼타페 하이브리드(SANTAFE HYBRID),2025
2025-09-24,현대자동차(주),싼타페 하이브리드(SANTAFE HYBRID),2025
2025-09-24,기아 주식회사,K5,2022
2025-09-24,비엠더블유코리아(주),BMW 520i,2021
2025-09-24,현대자동차(주),GV70,2022
2025-09-24,기아 주식회사,K7,2020
2025-09-24,현대자동차(주),G80,2021
2025-09-24,현대자동차(주),쏘나타(SONATA),2020
2025-09-24,폭스바겐그룹코리아 주식회사,Q4 e-tron 40,2022
2025-09-24,기아 주식회사,K7,2020
2025-09-24,현대자동차(주),GV80,2022
2025-09-24,현대자동차(주),GV80,2021
2025-09-24,현대자동차(주),싼타페 하이브리드(SANTAFE HYBRID),2024
2025-09-24,르노코리아(주),QM3,2014
2025-09-24,현대자동차(주),그랜저 하이브리드(GRANDEUR HYBRID),2020
2025-09-24,폭스바겐그룹코리아 주식회사,Q4 45 e-tron,2025
2025-09-24,현대자동차(주),그랜저(GRANDEUR),2020
2025-09-24,르노코리아(주),QM6,2021
2025-09-25,현대자동차(주),그랜저(GRANDEUR),2017
2025-09-25,기아 주식회사,K5 하이브리드,2020
2025-09-25,현대자동차(주),싼타페 하이브리드(SANTAFE HYBRID),2024
2025-09-25,현대자동차(주),투싼 하이브리드(TUCSON HYBRID),2025
2025-09-25,현대자동차(주),쏘나타(SONATA),2020
2025-09-25,현대자동차(주),트라제XG(TRAJET XG),2004
2025-09-25,현대자동차(주),싼타페 하이브리드(SANTAFE HYBRID),2025
2025-09-25,현대자동차(주),투싼 하이브리드(TUCSON HYBRID),2025
2025-09-25,기아 주식회사,K7,2020
2025-09-25,폭스바겐그룹코리아 주식회사,ID.5 Pro,2025
2025-09-25,현대자동차(주),싼타페 하이브리드(SANTAFE HYBRID),2024
2025-09-25,현대자동차(주),싼타페 하이브리드(SANTAFE HYBRID),2025
2025-09-25,기아 주식회사,봉고Ⅲ 1톤 EV,2023
2025-09-25,현대자동차(주),넥쏘 (NEXO) 수소전기차,2022
2025-09-25,기아 주식회사,쏘렌토,2021
2025-09-25,현대자동차(주),G80,2022
2025-09-25,현대자동차(주),트라제XG(TRAJET XG),2004
2025-09-25,기아 주식회사,쏘렌토 하이브리드,2022
2025-09-25,기아 주식회사,K7,2015
2025-09-25,현대자동차(주),싼타페 하이브리드(SANTAFE HYBRID),2024
2025-09-25,케이지모빌리티 주식회사(KG Mobility Corp.),G4 렉스턴,2020
2025-09-25,기아 주식회사,K7,2020
2025-09-25,비엠더블유코리아(주),BMW X5 xDrive30d M Sport Package,2019
2025-09-25,(주)재규어랜드로버코리아,재규어 I-PACE EV400,2019
2025-09-25,현대자동차(주),싼타페 하이브리드(SANTAFE HYBRID),2025
2025-09-25,현대자동차(주),싼타페(SANTAFE),2024
2025-09-25,현대자동차(주),싼타페 하이브리드(SANTAFE HYBRID),2024
2025-09-25,현대자동차(주),싼타페(SANTAFE),2024
2025-09-25,케이지모빌리티 주식회사(KG Mobility Corp.),G4 렉스턴,2019
2025-09-25,기아 주식회사,K5,2020
2025-09-25,기아 주식회사,K5,2021
2025-09-25,현대자동차(주),싼타페 하이브리드(SANTAFE HYBRID),2024
2025-09-25,현대자동차(주),싼타페 하이브리드(SANTAFE HYBRID),2025
2025-09-25,메르세데스벤츠코리아(주),E220 d Coupe,2017
2025-09-25,현대자동차(주),싼타페 하이브리드(SANTAFE HYBRID),2024
2025-09-25,현대자동차(주),넥쏘 (NEXO) 수소전기차,2019
2025-09-25,제이스모빌리티 주식회사,이티밴 프로,2024
2025-09-25,현대자동차(주),싼타페 하이브리드(SANTAFE HYBRID),2024
2025-09-25,현대자동차(주),아이오닉5 (IONIQ5),2022
2025-09-25,현대자동차(주),팰리세이드 하이브리드(PALISADE HYBRID),2026
2025-09-25,메르세데스벤츠코리아(주),Mercedes-Benz GLS580 4MATIC,2022
2025-09-26,르노코리아(주),MASTER,2020
2025-09-26,현대자동차(주),싼타페 하이브리드(SANTAFE HYBRID),2025
2025-09-26,현대자동차(주),GV70,2021
2025-09-26,현대자동차(주),싼타페(SANTAFE),2024
2025-09-26,현대자동차(주),투싼(TUCSON),2025
2025-09-26,현대자동차(주),싼타페 하이브리드(SANTAFE HYBRID),2024
2025-09-26,폭스바겐그룹코리아 주식회사,A7 55 TFSI quattro,2020
2025-09-26,기아 주식회사,스포티지,2024
2025-09-26,현대자동차(주),그랜저(GRANDEUR),2020
2025-09-26,비엠더블유코리아(주),BMW X3 xDrive20d xLine WLTP,2019
2025-09-26,폭스바겐그룹코리아 주식회사,Q4 e-tron 40,2022
2025-09-26,기아 주식회사,카니발 하이브리드,2024
2025-09-26,폭스바겐그룹코리아 주식회사,ID.4 Pro,2022
2025-09-26,기아 주식회사,K5,2022
2025-09-26,르노코리아(주),QM6,2020
2025-09-26,기아 주식회사,쏘렌토,2021
2025-09-26,르노코리아(주),SM3,2014
2025-09-26,메르세데스벤츠코리아(주),C250 d 4Matic,2016
2025-09-26,현대자동차(주),아반떼(AVANTE),2021
2025-09-26,폴스타오토모티브코리아 유한회사,Polestar 2 Standard Range Single Motor,2025
2025-09-26,폭스바겐그룹코리아 주식회사,Q4 e-tron 40,2022
2025-09-26,테슬라코리아 유한회사,Model Y RWD,2025
2025-09-26,스텔란티스코리아 주식회사,Peugeot 3008 1.5 BlueHDi,2022
2025-09-26,현대자동차(주),넥쏘 (NEXO) 수소전기차,2022
2025-09-26,현대자동차(주),투싼(TUCSON),2025
2025-09-26,(주)재규어랜드로버코리아,디스커버리 스포츠 2.0D,2017
2025-09-26,메르세데스벤츠코리아(주),GLC220 d 4Matic,2016
2025-09-26,현대자동차(주),아이오닉 일렉트릭(IONIQ ELECTRIC),2020
2025-09-26,현대자동차(주),포터Ⅱ 일렉트릭 (PORTERⅡ ELECTRIC),2021
2025-09-29,메르세데스벤츠코리아(주),Mercedes-Benz S580 e 4MATIC,2023
2025-09-29,현대자동차(주),쏘나타(SONATA),2022
2025-09-29,현대자동차(주),싼타페(SANTAFE),2024
2025-09-29,현대자동차(주),투싼(TUCSON),2024
2025-09-29,기아 주식회사,K5,2018
2025-09-29,현대자동차(주),GV60,2022
2025-09-29,현대자동차(주),투싼 하이브리드(TUCSON HYBRID),2022
2025-09-29,케이지모빌리티 주식회사(KG Mobility Corp.),토레스 EVX,2024
2025-09-29,기아 주식회사,카니발,2025
2025-09-29,현대자동차(주),아이오닉 일렉트릭(IONIQ ELECTRIC),2020
2025-09-29,테슬라코리아 유한회사,Model 3 Long Range,2021
2025-09-29,현대자동차(주),그랜저(GRANDEUR),2015
2025-09-29,현대자동차(주),아반떼 Hybrid(AVANTE Hybrid),2022
2025-09-29,현대자동차(주),싼타페 하이브리드(SANTAFE HYBRID),2024
2025-09-29,현대자동차(주),싼타페 하이브리드(SANTAFE HYBRID),2024
2025-09-29,비엠더블유코리아(주),BMW i5 eDrive40,2024
2025-09-29,기아 주식회사,니로 PHEV,2020
2025-09-29,기아 주식회사,니로 하이브리드,2026
2025-09-29,기아 주식회사,K5,2022
2025-09-29,현대자동차(주),팰리세이드(Palisade),2025
2025-09-29,현대자동차(주),싼타페 하이브리드(SANTAFE HYBRID),2025
2025-09-29,현대자동차(주),싼타페 하이브리드(SANTAFE HYBRID),2024
2025-09-29,현대자동차(주),팰리세이드 하이브리드(PALISADE HYBRID),2026
2025-09-29,현대자동차(주),팰리세이드(Palisade),2025
2025-09-29,현대자동차(주),팰리세이드(PALISADE),2021
2025-09-29,현대자동차(주),쏘나타(SONATA),2022
2025-09-29,기아 주식회사,카니발,2025
2025-09-29,비엠더블유코리아(주),BMW 530i xDrive Luxury,2019
2025-09-29,제이스모빌리티 주식회사,이티밴 프로,2024
2025-09-29,현대자동차(주),싼타페 하이브리드(SANTAFE HYBRID),2024
2025-09-29,현대자동차(주),그랜저(GRANDEUR),2024
2025-09-29,한국지엠주식회사,크루즈 1.4,2015
2025-09-29,테슬라코리아 유한회사,Model Y Long Range,2021
2025-09-29,케이지모빌리티 주식회사(KG Mobility Corp.),G4 렉스턴,2020
2025-09-29,기아 주식회사,니로 EV,2024
2025-09-29,기아 주식회사,K5 하이브리드,2021
2025-09-29,현대자동차(주),그랜저 하이브리드(GRANDEUR HYBRID),2022
2025-09-29,한국지엠주식회사,올란도 2.0 LPG,2015
2025-09-29,폭스바겐그룹코리아 주식회사,Tiguan 2.0 TDI,2020
2025-09-29,기아 주식회사,쏘렌토 하이브리드,2021
2025-09-30,현대자동차(주),그랜저(GRANDEUR),2018
2025-09-30,현대자동차(주),아이오닉5 (IONIQ5),2022
2025-09-30,혼다코리아(주),ACCORD HYBRID,2017
2025-09-30,현대자동차(주),아반떼(AVANTE),2019
2025-09-30,기아 주식회사,K5 하이브리드,2020
2025-09-30,현대자동차(주),그랜저(GRANDEUR),2020
2025-09-30,기아 주식회사,K5,2024
2025-09-30,현대자동차(주),그랜저(GRANDEUR),2020
2025-09-30,현대자동차(주),그랜저(GRANDEUR),2020
2025-09-30,현대자동차(주),그랜저(GRANDEUR),2020
2025-09-30,현대자동차(주),투싼(TUCSON),2024
2025-09-30,현대자동차(주),그랜저(GRANDEUR),2022
2025-09-30,메르세데스벤츠코리아(주),Mercedes-Benz EQA250,2021
2025-09-30,현대자동차(주),아반떼(AVANTE),2021
2025-09-30,현대자동차(주),그랜저(GRANDEUR),2023
2025-09-30,현대자동차(주),투싼(TUCSON),2024
2025-09-30,폭스바겐그룹코리아 주식회사,ID.4 Pro,2022
2025-09-30,현대자동차(주),그랜저 하이브리드(GRANDEUR HYBRID),2023
2025-09-30,현대자동차(주),아이오닉5 (IONIQ5),2023
2025-09-30,현대자동차(주),포터Ⅱ (PORTERⅡ),2025
2025-09-30,기아 주식회사,카니발,2020
2025-09-30,현대자동차(주),G80,2022
2025-09-30,현대자동차(주),그랜저(GRANDEUR),2020
2025-09-30,현대자동차(주),그랜저(GRANDEUR),2020
2025-09-30,비엠더블유코리아(주),620d Luxury,2019
2025-09-30,기아 주식회사,카니발,2016
2025-09-30,현대자동차(주),팰리세이드 하이브리드(PALISADE HYBRID),2026
2025-09-30,폭스바겐그룹코리아 주식회사,Arteon 2.0 TDI,2019
2025-09-30,현대자동차(주),그랜저(GRANDEUR),2020
2025-09-30,폭스바겐그룹코리아 주식회사,A7 55 TFSI quattro,2020
2025-09-30,현대자동차(주),그랜저 하이브리드(GRANDEUR HYBRID),2022
2025-09-30,현대자동차(주),투싼(TUCSON),2025
2025-09-30,현대자동차(주),그랜저 하이브리드(GRANDEUR HYBRID),2020
2025-09-30,현대자동차(주),그랜저(GRANDEUR),2023
2025-09-30,기아 주식회사,K3,2022
2025-09-30,현대자동차(주),그랜저(GRANDEUR),2020
2025-09-30,기아 주식회사,카니발,2022
2025-09-30,현대자동차(주),그랜저(GRANDEUR),2020
2025-09-30,기아 주식회사,카니발,2019
2025-09-30,현대자동차(주),그랜저 하이브리드(GRANDEUR HYBRID),2022
2025-09-30,현대자동차(주),아반떼(AVANTE),2021
2025-09-30,한국지엠(주),CHEVROLET BOLT EV,2020
2025-09-30,테슬라코리아 유한회사,Model 3 Long Range,2021
2025-09-30,현대자동차(주),코나 일렉트릭 (KONA ELECTRIC),2019
2025-09-30,기아 주식회사,쏘렌토 하이브리드,2021
2025-09-30,테슬라코리아 유한회사,Model Y Long Range,2021
2025-10-01,CZ1,메이저카니발하이리무진,2023
2025-10-01,기아 주식회사,쏘렌토,2026
2025-10-01,기아 주식회사,쏘렌토,2021
2025-10-01,현대자동차(주),싼타페 하이브리드(SANTAFE HYBRID),2025
2025-10-01,현대자동차(주),싼타페 하이브리드(SANTAFE HYBRID),2025
2025-10-01,현대자동차(주),그랜저(GRANDEUR),2020
2025-10-01,기아 주식회사,카니발 하이브리드,2025
2025-10-01,기아 주식회사,쏘렌토 하이브리드,2021
2025-10-01,기아 주식회사,쏘울 전기차,2019
2025-10-01,현대자동차(주),그랜저(GRANDEUR),2020
2025-10-01,현대자동차(주),그랜저(GRANDEUR),2020
2025-10-01,기아 주식회사,K5,2024
2025-10-01,기아 주식회사,쏘렌토 하이브리드,2022
2025-10-01,기아 주식회사,쏘렌토 하이브리드,2022
2025-10-01,한국지엠주식회사,올란도 1.6 디젤,2016
2025-10-01,기아 주식회사,쏘울 전기차,2021
2025-10-01,폭스바겐그룹코리아 주식회사,Arteon 2.0 TDI,2019
2025-10-01,기아 주식회사,K5 하이브리드,2020
2025-10-01,현대자동차(주),그랜저(GRANDEUR),2022
2025-10-01,기아 주식회사,K7,2020
2025-10-01,테슬라코리아 유한회사,Model Y Standard Range,2021
2025-10-01,현대자동차(주),싼타페 하이브리드(SANTAFE HYBRID),2024
2025-10-01,현대자동차(주),싼타페 하이브리드(SANTAFE HYBRID),2025
2025-10-01,기아 주식회사,K5 하이브리드,2024
2025-10-01,기아 주식회사,K5 하이브리드,2022
2025-10-01,한국지엠주식회사,올란도 1.6 디젤,2016
2025-10-01,이베코그룹코리아 유한회사,이베코 6X2 트랙터,2022
2025-10-01,기아 주식회사,쏘렌토,2021
2025-10-01,현대자동차(주),팰리세이드 하이브리드(PALISADE HYBRID),2026
2025-10-01,이베코그룹코리아 유한회사,이베코 6X2 트랙터,2021
2025-10-01,이베코그룹코리아 유한회사,이베코 6X2 트랙터,2017
2025-10-01,현대자동차(주),싼타페 하이브리드(SANTAFE HYBRID),2025
2025-10-01,기아 주식회사,K5 하이브리드,2021
2025-10-01,기아 주식회사,K5,2024
2025-10-01,기아 주식회사,K5,2020
2025-10-01,기아 주식회사,K5,2020
2025-10-01,현대자동차(주),아반떼(AVANTE),2023
2025-10-01,기아 주식회사,K5 하이브리드,2023
2025-10-01,(주)한국쓰리축,한국쓰리축20톤트럭,2022
2025-10-01,기아 주식회사,K5 하이브리드,2023
2025-10-01,현대자동차(주),그랜저(GRANDEUR),2021
2025-10-01,현대자동차(주),GV80,2024
2025-10-01,현대자동차(주),그랜저(GRANDEUR),2021
2025-10-01,현대자동차(주),그랜저(GRANDEUR),2020
2025-10-01,기아 주식회사,카니발,2023
2025-10-01,현대자동차(주),싼타페(SANTAFE),2025
2025-10-01,이베코그룹코리아 유한회사,이베코 6X2 트랙터,2023
2025-10-01,이베코그룹코리아 유한회사,이베코 6X2 트랙터,2022
2025-10-01,현대자동차(주),쏘나타(SONATA),2016
2025-10-01,현대자동차(주),아이오닉6 (IONIQ6),2023
2025-10-01,현대자동차(주),아이오닉6 (IONIQ6),2023
2025-10-01,이베코그룹코리아 유한회사,이베코 6X2 트랙터,2022
2025-10-01,이베코그룹코리아 유한회사,이베코 6X2 트랙터,2022
2025-10-01,현대자동차(주),그랜저 하이브리드(GRANDEUR HYBRID),2020
2025-10-01,현대자동차(주),아이오닉5 (IONIQ5),2022
2025-10-01,현대자동차(주),그랜저(GRANDEUR),2020
2025-10-01,현대자동차(주),싼타페 하이브리드(SANTAFE HYBRID),2022
2025-10-01,현대자동차(주),그랜저(GRANDEUR),2020
2025-10-02,기아 주식회사,K5 하이브리드,2020
2025-10-02,기아 주식회사,쏘렌토 하이브리드,2021
2025-10-02,현대자동차(주),그랜저(GRANDEUR),2020
2025-10-02,기아 주식회사,K5,2025
2025-10-02,기아 주식회사,K5,2020
2025-10-02,기아 주식회사,K5,2020
2025-10-02,기아 주식회사,쏘렌토 하이브리드,2021
2025-10-02,기아 주식회사,카니발 하이리무진,2023
2025-10-02,기아 주식회사,K5 하이브리드,2020
2025-10-02,기아 주식회사,K5 하이브리드,2024
2025-10-02,현대자동차(주),그랜저(GRANDEUR),2020
2025-10-02,기아 주식회사,스포티지 하이브리드,2024
2025-10-02,현대자동차(주),그랜저(GRANDEUR),2020
2025-10-02,현대자동차(주),그랜저(GRANDEUR),2020
2025-10-02,메르세데스벤츠코리아(주),E300,2019
2025-10-02,테슬라코리아 유한회사,Model Y Standard Range,2021
2025-10-02,현대자동차(주),쏘나타(SONATA),2021
2025-10-02,기아 주식회사,EV9,2024
2025-10-02,기아 주식회사,K8 하이브리드,2025
2025-10-02,현대자동차(주),싼타페 하이브리드(SANTAFE HYBRID),2025
2025-10-02,현대자동차(주),그랜저(GRANDEUR),2020
2025-10-02,현대자동차(주),아반떼(AVANTE),2021
2025-10-02,기아 주식회사,K5,2021
2025-10-02,르노코리아(주),QM6,2018
2025-10-02,이베코그룹코리아 유한회사,이베코 6X2 트랙터,2016
2025-10-02,현대자동차(주),투싼 하이브리드(TUCSON HYBRID),2025
2025-10-02,기아 주식회사,K8,2023
2025-10-02,현대자동차(주),그랜저 하이브리드(GRANDEUR HYBRID),2020
2025-10-02,현대자동차(주),투싼 하이브리드(TUCSON HYBRID),2024
2025-10-02,한국토요타자동차(주),토요타 Camry,2018
2025-10-02,현대자동차(주),그랜저 하이브리드(GRANDEUR HYBRID),2020
2025-10-02,(주)재규어랜드로버코리아,디스커버리 TD6,2019
2025-10-02,현대자동차(주),그랜저 하이브리드(GRANDEUR HYBRID),2021
2025-10-02,현대자동차(주),싼타페 하이브리드(SANTAFE HYBRID),2025
2025-10-02,현대자동차(주),아이오닉5 (IONIQ5),2025
2025-10-02,르노코리아(주),SM3 Z.E.,2016
2025-10-02,지엠아시아퍼시픽지역본부 주식회사,캐딜락 CT6 2.0T,2018
2025-10-02,현대자동차(주),아반떼(AVANTE),2021
2025-10-02,현대자동차(주),투싼 하이브리드(TUCSON HYBRID),2025
2025-10-02,르노코리아(주),SM3 Z.E.,2014
2025-10-02,메르세데스벤츠코리아(주),SLK200,2012
2025-10-02,현대자동차(주),아이오닉5 (IONIQ5),2022
2025-10-02,기아 주식회사,카니발,2019
2025-10-02,비엠더블유코리아(주),BMW iX3 M Sport,2022
2025-10-02,폭스바겐그룹코리아 주식회사,Q4 e-tron 40,2022
2025-10-02,현대자동차(주),팰리세이드(PALISADE),2020
2025-10-02,테슬라코리아 유한회사,Model 3 Long Range,2021
2025-10-02,이베코그룹코리아 유한회사,이베코 6X2 트랙터,2016
2025-10-02,현대자동차(주),그랜저 하이브리드(GRANDEUR HYBRID),2020
2025-10-02,폭스바겐그룹코리아 주식회사,A3 40 TFSI,2018
2025-10-02,기아 주식회사,K7,2020
2025-10-02,르노코리아(주),SM3 Z.E.,2016
2025-10-02,현대자동차(주),싼타페 하이브리드(SANTAFE HYBRID),2024
2025-10-02,기아 주식회사,K5 하이브리드,2023
2025-10-02,기아 주식회사,K5 하이브리드,2023
2025-10-02,메르세데스벤츠코리아(주),Mercedes-Benz A200 d Sedan,2021
2025-10-02,기아 주식회사,K8 하이브리드,2025
2025-10-02,이베코그룹코리아 유한회사,이베코 6X2 트랙터,2022
2025-10-02,주식회사 더좋은사람,MOJITO,2025
2025-10-02,기아 주식회사,카니발 하이리무진,2018
2025-10-10,기아 주식회사,쏘렌토,2018
2025-10-10,현대자동차(주),그랜저(GRANDEUR),2020
2025-10-10,한국닛산(주),INFINITI Q50S Hybrid,2016
2025-10-10,기아 주식회사,쏘렌토 하이브리드,2022
2025-10-10,기아 주식회사,카니발 하이리무진,2022
2025-10-10,포르쉐코리아 주식회사,카이엔 COUPE (5인승),2024
2025-10-10,현대자동차(주),싼타페 하이브리드(SANTAFE HYBRID),2024
2025-10-10,현대자동차(주),G80,2021
2025-10-10,기아 주식회사,K5,2022
2025-10-10,현대자동차(주),투싼(TUCSON),2024
2025-10-10,테슬라코리아 유한회사,Model 3 Standard Range Plus RWD,2020
2025-10-10,현대자동차(주),G80,2024
2025-10-10,기아 주식회사,스포티지 하이브리드,2022
2025-10-10,현대자동차(주),그랜저(GRANDEUR),2020
2025-10-10,기아 주식회사,쏘렌토 하이브리드,2023
2025-10-10,현대자동차(주),G80,2021
2025-10-10,한국지엠주식회사,올란도 2.0 LPG,2014
2025-10-10,현대자동차(주),그랜저(GRANDEUR),2020
2025-10-10,현대자동차(주),아반떼(AVANTE),2018
2025-10-10,비엠더블유코리아(주),BMW 530i,2017
2025-10-10,메르세데스벤츠코리아(주),Mercedes-Benz E350 4MATIC,2021
2025-10-10,메르세데스벤츠코리아(주),Mercedes-Benz S350 d,2021
2025-10-10,화창상사(주),SCOUT BOBBER TWENTY,2021
2025-10-10,혼다코리아(주),ODYSSEY,2018
2025-10-10,포드세일즈서비스코리아(유),Lincoln Aviator 3.0,2021
2025-10-10,현대자동차(주),그랜저(GRANDEUR),2020
2025-10-10,현대자동차(주),그랜저(GRANDEUR),2022
2025-10-10,기아 주식회사,K5,2022
2025-10-10,한국지엠주식회사,올란도 1.6 디젤,2018
2025-10-10,기아 주식회사,카니발 리무진,2021
2025-10-10,기아 주식회사,쏘렌토 하이브리드,2022
2025-10-10,한국닛산(주),LEAF,2019
2025-10-10,현대자동차(주),싼타페 하이브리드(SANTAFE HYBRID),2025
2025-10-10,기아 주식회사,스포티지 하이브리드,2022
2025-10-10,현대자동차(주),싼타페 하이브리드(SANTAFE HYBRID),2024
2025-10-10,현대자동차(주),GV80 쿠페(GV80 Coupe),2025
2025-10-10,현대자동차(주),그랜저 하이브리드(GRANDEUR HYBRID),2020
2025-10-10,현대자동차(주),코나 일렉트릭 (KONA ELECTRIC),2019
2025-10-10,기아 주식회사,K5,2021
2025-10-10,(유)기흥모터스,HARLEY-DAVIDSON FXFBS,2018
2025-10-10,기아 주식회사,K5 하이브리드,2020
2025-10-10,포드세일즈서비스코리아(유),Explorer 3.0 PHEV,2020
2025-10-10,현대자동차(주),아반떼(AVANTE),2026
2025-10-10,기아 주식회사,쏘렌토 하이브리드,2022
2025-10-10,한국토요타자동차(주),렉서스 ES300h,2026
2025-10-10,한국닛산(주),LEAF,2019
2025-10-13,현대자동차(주),스타리아 (STARIA),2025
2025-10-13,기아 주식회사,프라이드,2014
2025-10-13,기아 주식회사,쏘렌토,2021
2025-10-13,현대자동차(주),그랜저(GRANDEUR),2020
2025-10-13,기아 주식회사,카니발 하이브리드,2024
2025-10-13,기아 주식회사,K5,2020
2025-10-13,르노코리아(주),SM3 Z.E.,2018
2025-10-13,폭스바겐그룹코리아 주식회사,Touareg 3.0TDI,2024
2025-10-13,케이지모빌리티 주식회사(KG Mobility Corp.),토레스 하이브리드,2026
2025-10-13,폭스바겐그룹코리아 주식회사,Touareg 3.0TDI,2024
2025-10-13,한국닛산(주),INFINITI Q50S Hybrid,2016
2025-10-13,폭스바겐그룹코리아 주식회사,Touareg 3.0TDI,2024
2025-10-13,현대자동차(주),포터Ⅱ하이냉동탑차 (PORTER Ⅱ),2024
2025-10-13,폭스바겐그룹코리아 주식회사,Touareg 3.0TDI,2024
2025-10-13,케이지모빌리티 주식회사(KG Mobility Corp.),토레스,2023
2025-10-13,기아 주식회사,쏘렌토 하이브리드,2021
2025-10-13,현대자동차(주),쏘나타(SONATA),2020
2025-10-13,기아 주식회사,K5,2023
2025-10-13,폭스바겐그룹코리아 주식회사,Touareg 3.0TDI,2024
2025-10-13,현대자동차(주),투싼 하이브리드(TUCSON HYBRID),2024
2025-10-13,현대자동차(주),엑시언트(XCIENT),2018
2025-10-13,케이지모빌리티 주식회사(KG Mobility Corp.),토레스,2023
2025-10-13,르노코리아(주),SM3 Z.E.,2018
2025-10-13,현대자동차(주),투싼 하이브리드(TUCSON HYBRID),2024
2025-10-13,혼다코리아(주),ACCORD HYBRID,2023
2025-10-13,기아 주식회사,카니발,2023
2025-10-13,한국지엠주식회사,트레일블레이저 1.35 TURBO FWD,2023
2025-10-13,현대자동차(주),싼타페 하이브리드(SANTAFE HYBRID),2022
2025-10-13,기아 주식회사,K7,2020
2025-10-13,폭스바겐그룹코리아 주식회사,A7 55 TFSI quattro,2020
2025-10-13,케이알모터스 주식회사,E-LUTION,2023
2025-10-13,기아 주식회사,EV6,2022
2025-10-13,르노코리아(주),QM3,2016
2025-10-13,화창상사(주),SCOUT BOBBER,2021
2025-10-13,기아 주식회사,쏘렌토,2020
2025-10-13,한국닛산(주),LEAF,2019
2025-10-13,비엠더블유코리아(주),BMW 330i,2018
2025-10-13,기아 주식회사,쏘렌토,2021
2025-10-13,현대자동차(주),아이오닉5 (IONIQ5),2025
2025-10-13,기아 주식회사,스포티지,2025
2025-10-14,(주)한성특장,한성7.5톤카고,2025
2025-10-14,메르세데스벤츠코리아(주),C220 d 4Matic Estate,2016
2025-10-14,현대자동차(주),그랜저(GRANDEUR),2014
2025-10-14,메르세데스벤츠코리아(주),E220 d,2017
2025-10-14,현대자동차(주),팰리세이드(Palisade),2025
2025-10-14,현대자동차(주),그랜저(GRANDEUR),2020
2025-10-14,기아 주식회사,K3,2018
2025-10-14,르노코리아(주),QM6,2017
2025-10-14,기아 주식회사,K5,2020
2025-10-14,현대자동차(주),코나 일렉트릭 (KONA ELECTRIC),2019
2025-10-14,현대자동차(주),넥쏘 (NEXO) 수소전기차,2020
2025-10-14,기아 주식회사,카니발 리무진,2020
2025-10-14,현대자동차(주),쏘나타(SONATA),2020
2025-10-14,현대자동차(주),GV70,2022
2025-10-14,포르쉐코리아 주식회사,718 박스터 GTS 4.0,2023
2025-10-14,기아 주식회사,K7,2020
2025-10-14,현대자동차(주),아반떼(AVANTE),2016
2025-10-14,기아 주식회사,봉고Ⅲ 1톤 EV,2024
2025-10-14,기아 주식회사,스포티지,2016
2025-10-14,기아 주식회사,K8 하이브리드,2025
2025-10-14,비엠더블유코리아(주),BMW 320i,2023
2025-10-14,현대자동차(주),아반떼(AVANTE),2021
2025-10-14,현대자동차(주),그랜저(GRANDEUR),2020
2025-10-14,기아 주식회사,카니발 리무진,2022
2025-10-14,기아 주식회사,카니발 하이리무진,2022
2025-10-14,르노코리아(주),SM6,2016
2025-10-14,한국닛산(주),LEAF,2019
2025-10-14,현대자동차(주),그랜저(GRANDEUR),2021
2025-10-14,케이지모빌리티 주식회사(KG Mobility Corp.),G4 렉스턴,2020
2025-10-14,한국지엠주식회사,트랙스 1.2 터보,2024
2025-10-14,기아 주식회사,K8 하이브리드,2024
2025-10-14,현대자동차(주),G70,2018
2025-10-14,현대자동차(주),그랜저(GRANDEUR),2020
2025-10-14,기아 주식회사,니로 하이브리드,2022
2025-10-14,기아 주식회사,스포티지,2023
2025-10-14,현대자동차(주),G80,2021
2025-10-14,기아 주식회사,K5,2021
2025-10-14,현대자동차(주),아반떼(AVANTE),2017
2025-10-14,메르세데스벤츠코리아(주),Mercedes-Benz E 250,2020
2025-10-15,기아 주식회사,K5,2022
2025-10-15,한국지엠주식회사,올란도 2.0 LPG,2015
2025-10-15,현대자동차(주),GV70,2022
2025-10-15,현대자동차(주),G80,2022
2025-10-15,기아 주식회사,K7,2020
2025-10-15,메르세데스벤츠코리아(주),Mercedes-Benz GLB200 d,2021
2025-10-15,기아 주식회사,K5,2020
2025-10-15,케이지모빌리티 주식회사(KG Mobility Corp.),G4 렉스턴,2018
2025-10-15,현대자동차(주),그랜저(GRANDEUR),2020
2025-10-15,현대자동차(주),아반떼(AVANTE),2022
2025-10-15,한국지엠주식회사,올란도 2.0 LPG,2013
2025-10-15,폭스바겐그룹코리아 주식회사,Touareg 3.0TDI,2024
2025-10-15,기아 주식회사,K3,2019
2025-10-15,현대자동차(주),그랜저 하이브리드,2019
2025-10-15,기아 주식회사,K7,2020
2025-10-15,(주)재규어랜드로버코리아,디스커버리 TD6,2018
2025-10-15,현대자동차(주),코나 일렉트릭 (KONA ELECTRIC),2020
2025-10-15,르노코리아(주),SM3,2014
2025-10-15,한국지엠(주),CHEVROLET TRAVERSE AWD,2022
2025-10-15,한국닛산(주),LEAF,2019
2025-10-15,한불모터스(주),Peugeot 3008 GT 2.0 BlueHDi,2018
2025-10-15,르노코리아(주),SM3 Z.E.,2018
2025-10-15,현대자동차(주),그랜저(GRANDEUR),2020
2025-10-15,르노코리아(주),SM5,2012
2025-10-15,현대자동차(주),아이오닉5 (IONIQ5),2026
2025-10-15,현대자동차(주),GV80,2020
2025-10-15,현대자동차(주),싼타페 하이브리드(SANTAFE HYBRID),2025
2025-10-15,현대자동차(주),투싼(TUCSON),2022
2025-10-15,현대자동차(주),GV70,2021
2025-10-15,폭스바겐그룹코리아 주식회사,Touareg 3.0TDI,2024
2025-10-15,메르세데스벤츠코리아(주),Mercedes-Benz GLC300 4MATIC Coupe,2021
2025-10-15,케이지모빌리티 주식회사(KG Mobility Corp.),G4 렉스턴,2018
2025-10-15,현대자동차(주),포터Ⅱ (PORTERⅡ),2024
2025-10-15,폭스바겐그룹코리아 주식회사,Touareg 3.0TDI,2024
2025-10-15,폭스바겐그룹코리아 주식회사,Touareg 3.0TDI,2024
2025-10-15,한국지엠주식회사,트레일블레이저 1.35 TURBO FWD,2023
2025-10-15,폭스바겐그룹코리아 주식회사,Touareg 3.0TDI,2024
2025-10-15,현대자동차(주),그랜저(GRANDEUR),2020
2025-10-15,현대자동차(주),그랜저(GRANDEUR),2020
2025-10-15,폭스바겐그룹코리아 주식회사,Touareg 3.0TDI,2024
2025-10-15,폭스바겐그룹코리아 주식회사,Touareg 3.0TDI,2024
2025-10-15,현대자동차(주),그랜저 하이브리드(GRANDEUR HYBRID),2022
2025-10-15,기아 주식회사,K7,2020
2025-10-15,비엠더블유코리아(주),BMW iX3 M Sport,2023
2025-10-15,현대자동차(주),아이오닉5 (IONIQ5),2022
2025-10-15,현대자동차(주),쏘나타(SONATA),2015
2025-10-15,테슬라코리아 유한회사,Model 3 Long Range,2021
2025-10-15,르노코리아(주),SM3 Z.E.,2018
2025-10-15,메르세데스벤츠코리아(주),GLA220,2019
2025-10-15,기아 주식회사,EV6,2022
2025-10-15,한국닛산(주),LEAF,2019
2025-10-15,기아 주식회사,카니발 리무진,2019
2025-10-15,현대자동차(주),G80,2021
2025-10-15,르노코리아(주),ARKANA 하이브리드,2025
2025-10-15,현대자동차(주),아이오닉5 (IONIQ5),2023
2025-10-15,(주)재규어랜드로버코리아,재규어 XJ 3.0D,2019
2025-10-16,기아 주식회사,니로 하이브리드,2022
2025-10-16,기아 주식회사,스포티지,2025
2025-10-16,기아 주식회사,K5,2023
2025-10-16,현대자동차(주),G80,2021
2025-10-16,기아 주식회사,카니발,2021
2025-10-16,현대자동차(주),그랜저(GRANDEUR),2021
2025-10-16,기아 주식회사,쏘렌토,2022
2025-10-16,메르세데스벤츠코리아(주),Mercedes-Benz E 200,2025
2025-10-16,메르세데스벤츠코리아(주),Mercedes-Benz E 200,2025
2025-10-16,한국닛산(주),LEAF,2019
2025-10-16,기아 주식회사,K5 하이브리드,2022
2025-10-16,기아 주식회사,K5,2022
2025-10-16,기아 주식회사,카니발,2023
2025-10-16,현대자동차(주),그랜저(GRANDEUR),2019
2025-10-16,현대자동차(주),넥쏘 (NEXO) 수소전기차,2019
2025-10-16,현대자동차(주),캐스퍼 일렉트릭(CASPER ELECTRIC),2026
2025-10-16,포드세일즈서비스코리아(유),Mustang 5.0 GT Convertible,2021
2025-10-16,현대자동차(주),투싼 하이브리드(TUCSON HYBRID),2024
2025-10-16,기아 주식회사,쏘렌토 하이브리드,2021
2025-10-16,현대자동차(주),캐스퍼 일렉트릭(CASPER ELECTRIC),2026
2025-10-16,현대자동차(주),투싼 하이브리드(TUCSON HYBRID),2024
2025-10-16,기아 주식회사,쏘렌토,2021
2025-10-16,한국닛산(주),LEAF,2019
2025-10-16,(주)재규어랜드로버코리아,디스커버리 SD4,2018
2025-10-16,테슬라코리아 유한회사,Model 3 Long Range,2020
2025-10-16,메르세데스벤츠코리아(주),E220 d 4Matic,2017
2025-10-16,현대자동차(주),아반떼(AVANTE),2021
2025-10-16,한국지엠(주),CHEVROLET BOLT EV,2019
2025-10-16,한불모터스(주),Peugeot 508 RXH 2.0 Blue-HDi,2017
2025-10-16,혼다코리아(주),ACCORD HYBRID,2018
2025-10-16,현대자동차(주),넥쏘 (NEXO) 수소전기차,2021
2025-10-16,현대자동차(주),팰리세이드(PALISADE),2021
2025-10-16,한국지엠주식회사,말리부 1.5 TURBO,2017
2025-10-16,현대자동차(주),파비스(PAVISE),2023
2025-10-16,기아 주식회사,EV3,2026
2025-10-16,현대자동차(주),아반떼(AVANTE),2018
2025-10-16,현대자동차(주),그랜저(GRANDEUR),2014
2025-10-16,테슬라코리아 유한회사,Model 3 Long Range,2022
2025-10-16,폭스바겐그룹코리아 주식회사,A6 45 TFSI,2020
2025-10-16,기아 주식회사,쏘렌토,2018
2025-10-16,르노코리아(주),QM6,2017
2025-10-16,(주)재규어랜드로버코리아,디스커버리 스포츠 D150,2020
2025-10-16,르노코리아(주),SM5 LPLi,2015
2025-10-16,기아 주식회사,모닝,2017
2025-10-16,르노코리아(주),QM3,2015
2025-10-16,현대자동차(주),싼타페(SANTAFE),2015
2025-10-16,현대자동차(주),아이오닉5 (IONIQ5),2023
2025-10-16,기아 주식회사,모닝,2012
2025-10-16,기아 주식회사,K8 하이브리드,2022
2025-10-16,메르세데스벤츠코리아(주),Mercedes-Benz A200 d Sedan,2021
2025-10-17,메르세데스벤츠코리아(주),Mercedes-Benz E 300 4MATIC,2025
2025-10-17,현대자동차(주),GV80,2024
2025-10-17,기아 주식회사,쏘렌토,2021
2025-10-17,한국지엠주식회사,말리부 1.6 DIESEL,2019
2025-10-17,현대자동차(주),그랜저(GRANDEUR),2020
2025-10-17,르노코리아(주),KOLEOS Hybrid(콜레오스 하이브리드),2025
2025-10-17,현대자동차(주),그랜저(GRANDEUR),2020
2025-10-17,현대자동차(주),팰리세이드 하이브리드(PALISADE HYBRID),2026
2025-10-17,기아 주식회사,니로 EV,2024
2025-10-17,현대자동차(주),그랜저(GRANDEUR),2020
2025-10-17,현대자동차(주),아이오닉5 (IONIQ5),2023
2025-10-17,기아 주식회사,카니발 하이브리드,2024
2025-10-17,현대자동차(주),팰리세이드(PALISADE),2022
2025-10-17,테슬라코리아 유한회사,Model Y Standard Range,2021
2025-10-17,현대자동차(주),싼타페(SANTAFE),2021
2025-10-17,르노코리아(주),QM6,2020
2025-10-17,기아 주식회사,쏘렌토 하이브리드,2024
2025-10-17,현대자동차(주),싼타페 하이브리드(SANTAFE HYBRID),2024
2025-10-17,현대자동차(주),그랜저(GRANDEUR),2021
2025-10-17,현대자동차(주),싼타페 하이브리드(SANTAFE HYBRID),2024
2025-10-17,기아 주식회사,K7,2020
2025-10-17,기아 주식회사,K7,2020
2025-10-17,기아 주식회사,K7,2020
2025-10-17,현대자동차(주),쏘나타(SONATA),2020
2025-10-17,현대자동차(주),GV60,2023
2025-10-17,기아 주식회사,쏘렌토,2021
2025-10-17,기아 주식회사,K5,2022
2025-10-17,현대자동차(주),아이오닉5(IONIQ5),2022
2025-10-17,기아 주식회사,EV9,2024
2025-10-17,(주)재규어랜드로버코리아,디스커버리 TD6,2017
2025-10-17,테슬라코리아 유한회사,Model Y Standard Range,2021
2025-10-17,메르세데스벤츠코리아(주),CLA220,2019
2025-10-17,비엠더블유코리아(주),BMW X3 xDrive20i,2021
2025-10-17,포드세일즈서비스코리아(유),Lincoln Nautilus 2.0L,2024
2025-10-17,현대자동차(주),싼타페 하이브리드(SANTAFE HYBRID),2025
2025-10-17,현대자동차(주),투싼(TUCSON),2024
2025-10-17,기아 주식회사,쏘렌토 하이브리드,2023
2025-10-17,기아 주식회사,K5,2022
2025-10-17,포르쉐코리아 주식회사,카이엔,2021
2025-10-20,르노코리아(주),QM3,2015
2025-10-20,기아 주식회사,K5,2023
2025-10-20,한국지엠주식회사,말리부 2.0 TURBO,2017
2025-10-20,기아 주식회사,쏘렌토 하이브리드,2025
2025-10-20,비엠더블유코리아(주),BMW 530d,2018
2025-10-20,테슬라코리아 유한회사,Model Y Long Range,2021
2025-10-20,메르세데스벤츠코리아(주),Mercedes-Benz GLC300 4MATIC,2020
2025-10-20,한국지엠주식회사,말리부 2.0 DOHC,2012
2025-10-20,기아 주식회사,쏘렌토,2024
2025-10-20,비엠더블유코리아(주),BMW X2 xDrive20i,2025
2025-10-20,기아 주식회사,쏘렌토 하이브리드,2021
2025-10-20,폭스바겐그룹코리아 주식회사,Touareg 3.0TDI,2024
2025-10-20,테슬라코리아 유한회사,Model 3 Standard Range Plus RWD,2020
2025-10-20,현대자동차(주),쏘나타(SONATA),2021
2025-10-20,현대자동차(주),투싼 하이브리드(TUCSON HYBRID),2024
2025-10-20,기아 주식회사,EV3,2025
2025-10-20,기아 주식회사,K8,2024
2025-10-20,현대자동차(주),그랜저(GRANDEUR),2018
2025-10-20,기아 주식회사,카니발 리무진,2020
2025-10-20,한국지엠주식회사,크루즈 1.4,2014
2025-10-20,기아 주식회사,쏘렌토 하이브리드,2022
2025-10-20,비엠더블유코리아(주),BMW 530i M Sport Package Plus,2019
2025-10-20,현대자동차(주),투싼 하이브리드(TUCSON HYBRID),2025
2025-10-20,폭스바겐그룹코리아 주식회사,Arteon 2.0 TDI,2019
2025-10-20,비엠더블유코리아(주),BMW 530d,2018
2025-10-20,메르세데스벤츠코리아(주),Mercedes-Benz EQA250,2022
2025-10-20,메르세데스벤츠코리아(주),E220 d,2017
2025-10-20,기아 주식회사,쏘렌토 하이브리드,2022
2025-10-20,기아 주식회사,카니발,2024
2025-10-20,기아 주식회사,K5 하이브리드,2020
2025-10-20,메르세데스벤츠코리아(주),Mercedes-Benz E450 4MATIC Cabriolet,2021
2025-10-20,테슬라코리아 유한회사,Model Y Long Range,2021
2025-10-20,현대자동차(주),팰리세이드(PALISADE),2020
2025-10-20,기아 주식회사,K5,2020
2025-10-20,현대자동차(주),쏘나타 하이브리드(SONATA HYBRID),2016
2025-10-21,기아 주식회사,카니발,2016
2025-10-21,,피라인모터스 하이퍼스 1609 중형 전기저상버스,2022
2025-10-21,혼다코리아(주),CBR600R3,2025
2025-10-21,포드세일즈서비스코리아(유),Mustang 2.3 Coupe,2020
2025-10-21,현대자동차(주),G70,2018
2025-10-21,기아 주식회사,카니발,2019
2025-10-21,폭스바겐그룹코리아 주식회사,Arteon 2.0 TDI,2019
2025-10-21,현대자동차(주),팰리세이드(PALISADE),2022
2025-10-21,현대자동차(주),쏘나타(SONATA),2022
2025-10-21,비엠더블유코리아(주),BMW X6 xDrive30d,2016
2025-10-21,비엠더블유코리아(주),BMW 630i xDrive,2023
2025-10-21,현대자동차(주),아이오닉5 (IONIQ5),2022
2025-10-21,한국닛산(주),LEAF,2019
2025-10-21,기아 주식회사,K5,2022
2025-10-21,혼다코리아(주),ODYSSEY,2018
2025-10-21,기아 주식회사,K5,2022
2025-10-21,현대자동차(주),그랜저(GRANDEUR),2018
2025-10-21,현대자동차(주),그랜저(GRANDEUR),2019
2025-10-21,포드세일즈서비스코리아(유),Mustang 2.3 Coupe,2020
2025-10-21,포드세일즈서비스코리아(유),Mustang 2.3 Coupe,2020
2025-10-21,현대자동차(주),GV80,2020
2025-10-21,폭스바겐그룹코리아 주식회사,Tiguan 2.0 TDI,2020
2025-10-21,한국지엠(주),CHEVROLET EQUINOX FWD,2020
2025-10-21,기아 주식회사,쏘렌토 하이브리드,2021
2025-10-21,현대자동차(주),투싼 하이브리드(TUCSON HYBRID),2021
2025-10-21,케이지모빌리티 주식회사(KG Mobility Corp.),G4 렉스턴,2020
2025-10-21,르노코리아(주),QM6,2017
2025-10-21,현대자동차(주),아반떼(AVANTE),2017
2025-10-21,비엠더블유코리아(주),BMW 520i,2022
2025-10-21,케이지모빌리티 주식회사(KG Mobility Corp.),G4 렉스턴,2020
2025-10-21,(주)한성특장,한성4.2톤카고,2021
2025-10-21,현대자동차(주),쏘나타(SONATA),2020
2025-10-21,테슬라코리아 유한회사,Model Y Long Range,2021
2025-10-21,기아 주식회사,카니발 리무진,2022
2025-10-21,한불모터스(주),Peugeot 5008 1.5 BlueHDi,2019
2025-10-21,기아 주식회사,쏘렌토 하이브리드,2025
2025-10-21,현대자동차(주),팰리세이드(PALISADE),2023
2025-10-21,메르세데스벤츠코리아(주),E220 d,2017
2025-10-21,기아 주식회사,K7,2015
2025-10-21,현대자동차(주),G80,2026
2025-10-21,현대자동차(주),GV60,2025
2025-10-21,혼다코리아(주),CBR600R3,2025
2025-10-21,혼다코리아(주),CBR600R3,2025
2025-10-21,혼다코리아(주),CBR600R3,2025
2025-10-21,기아 주식회사,K5,2022
2025-10-21,현대자동차(주),투싼(TUCSON),2024
2025-10-21,기아 주식회사,K7,2020
2025-10-21,기아 주식회사,카니발,2025
2025-10-21,기아 주식회사,쏘렌토 하이브리드,2022
2025-10-21,기아 주식회사,쏘렌토 하이브리드,2022
2025-10-22,기아 주식회사,니로 하이브리드,2018
2025-10-22,테슬라코리아 유한회사,Model S 90D,2017
2025-10-22,현대자동차(주),쏘나타(SONATA),2020
2025-10-22,현대자동차(주),그랜저(GRANDEUR),2023
2025-10-22,현대자동차(주),G80,2021
2025-10-22,기아 주식회사,K7 하이브리드,2020
2025-10-22,기아 주식회사,카니발,2019
2025-10-22,(주) 골드밴,골드밴1.1톤냉동탑차,2024
2025-10-22,화창상사(주),CHIEF BOBBER DARK HORSE,2022
2025-10-22,기아 주식회사,쏘렌토 하이브리드,2023
2025-10-22,현대자동차(주),그랜저 하이브리드(GRANDEUR HYBRID),2020
2025-10-22,현대자동차(주),그랜저(GRANDEUR),2020
2025-10-22,현대자동차(주),투싼(TUCSON),2024
2025-10-22,현대자동차(주),투싼 하이브리드(TUCSON HYBRID),2025
2025-10-22,현대자동차(주),그랜저(GRANDEUR),2014
2025-10-22,비엠더블유코리아(주),BMW 320d Gran Turismo,2018
2025-10-22,(주)재규어랜드로버코리아,디스커버리4 3.0D,2014
2025-10-22,비엠더블유코리아(주),BMW 530i xDrive,2023
2025-10-22,폭스바겐그룹코리아 주식회사,Tiguan 2.0 TDI Blue Motion,2015
2025-10-22,현대자동차(주),그랜저(GRANDEUR),2022
2025-10-22,테슬라코리아 유한회사,Model Y Long Range,2021
2025-10-22,(주)재규어랜드로버코리아,디스커버리 D300,2022
2025-10-22,현대자동차(주),그랜저(GRANDEUR),2020
2025-10-22,테슬라코리아 유한회사,Model Y Standard Range,2021
2025-10-22,기아 주식회사,스포티지,2022
2025-10-22,현대자동차(주),그랜저(GRANDEUR),2020
2025-10-22,현대자동차(주),투싼 하이브리드(TUCSON HYBRID),2021
2025-10-22,기아 주식회사,EV6,2022
2025-10-22,메르세데스벤츠코리아(주),E220 d Cabriolet,2018
2025-10-22,기아 주식회사,스포티지 하이브리드,2022
2025-10-22,현대자동차(주),싼타페(SANTAFE),2024
2025-10-22,한국닛산(주),LEAF,2019
2025-10-22,폭스바겐그룹코리아 주식회사,Arteon 2.0TDI,2023
2025-10-22,현대자동차(주),그랜저(GRANDEUR),2019
2025-10-22,현대자동차(주),그랜저(GRANDEUR),2020
2025-10-22,한국지엠주식회사,올란도 1.6 디젤,2017
2025-10-22,기아 주식회사,쏘렌토,2022
2025-10-22,폭스바겐그룹코리아 주식회사,Tiguan 2.0 TDI,2018
2025-10-22,메르세데스벤츠코리아(주),E220 d Cabriolet,2018
2025-10-22,기아 주식회사,K5 하이브리드,2020
2025-10-22,기아 주식회사,K7,2020
2025-10-22,기아 주식회사,K7,2020
2025-10-22,기아 주식회사,쏘렌토,2023
2025-10-22,현대자동차(주),쏘나타(SONATA),2025
2025-10-23,메르세데스벤츠코리아(주),Mercedes-Benz EQA250,2021
2025-10-23,주식회사 모빌리티네트웍스,SE-A2밴,2023
2025-10-23,(주)재규어랜드로버코리아,디스커버리 스포츠 2.0D,2018
2025-10-23,한국지엠주식회사,올란도 2.0 LPG,2017
2025-10-23,현대자동차(주),투싼(TUCSON),2019
2025-10-23,현대자동차(주),아이오닉5 (IONIQ5),2022
2025-10-23,한불모터스(주),DS7 Crossback 2.0 BlueHDi,2019
2025-10-23,기아 주식회사,카니발 하이리무진,2019
2025-10-23,기아 주식회사,K7,2020
2025-10-23,현대자동차(주),아반떼(AVANTE),2016
2025-10-23,현대자동차(주),아반떼(AVANTE),2016
2025-10-23,테슬라코리아 유한회사,Model Y Long Range,2021
2025-10-23,한불모터스(주),Peugeot 5008 1.5 BlueHDi,2020
2025-10-23,현대자동차(주),싼타페 하이브리드(SANTAFE HYBRID),2025
2025-10-23,비엠더블유코리아(주),BMW iX3 M Sport,2023
2025-10-23,기아 주식회사,K9,2019
2025-10-23,현대자동차(주),싼타페 하이브리드(SANTAFE HYBRID),2024
2025-10-23,현대자동차(주),투싼 하이브리드(TUCSON HYBRID),2024
2025-10-23,기아 주식회사,스포티지,2024
2025-10-23,기아 주식회사,K7,2020
2025-10-23,테슬라코리아 유한회사,Model Y Long Range,2021
2025-10-23,현대자동차(주),쏘나타 하이브리드 (SONATA HYBRID),2021
2025-10-23,테슬라코리아 유한회사,Model Y Long Range,2021
2025-10-23,기아 주식회사,쏘렌토,2026
2025-10-23,기아 주식회사,쏘렌토 하이브리드,2021
2025-10-23,기아 주식회사,K7,2020
2025-10-23,기아 주식회사,카니발 리무진,2023
2025-10-23,기아 주식회사,봉고Ⅲ 1톤,2024
2025-10-23,기아 주식회사,K5 하이브리드,2021
2025-10-23,메르세데스벤츠코리아(주),E300,2019
2025-10-23,한국지엠주식회사,올란도 2.0 LPG,2015
2025-10-23,현대자동차(주),싼타페 하이브리드(SANTAFE HYBRID),2023
2025-10-23,현대자동차(주),코나 일렉트릭 (KONA ELECTRIC),2019
2025-10-23,현대자동차(주),그랜저(GRANDEUR),2020
2025-10-23,현대자동차(주),싼타페 하이브리드(SANTAFE HYBRID),2024
2025-10-23,기아 주식회사,카니발 리무진,2018
2025-10-23,기아 주식회사,K5,2020
2025-10-23,메르세데스벤츠코리아(주),E200 Cabriolet,2016
2025-10-23,현대자동차(주),그랜저(GRANDEUR),2020
2025-10-23,현대자동차(주),싼타페(SANTAFE),2025
2025-10-23,현대자동차(주),아이오닉5(IONIQ5),2023
2025-10-23,주식회사 유니캠프,유니캠프스타리아팝업루프캠핑카,2022
2025-10-23,기아 주식회사,스포티지,2022
2025-10-23,케이지모빌리티 주식회사(KG Mobility Corp.),액티언,2025
2025-10-23,현대자동차(주),쏘나타(SONATA),2026
2025-10-23,현대자동차(주),그랜드스타렉스어린이보호차(GRAND STAREX),2015
2025-10-23,현대자동차(주),팰리세이드 하이브리드(PALISADE HYBRID),2026
2025-10-23,폭스바겐그룹코리아 주식회사,A7 55 TFSI quattro,2020
2025-10-23,테슬라코리아 유한회사,Model 3 Long Range,2021
2025-10-23,현대자동차(주),그랜저(GRANDEUR),2020
2025-10-23,현대자동차(주),그랜저(GRANDEUR),2020
2025-10-23,비엠더블유코리아(주),BMW 520d,2018
2025-10-23,현대자동차(주),그랜저(GRANDEUR),2020
2025-10-23,케이지모빌리티 주식회사(KG Mobility Corp.),G4 렉스턴,2019
2025-10-23,폭스바겐그룹코리아 주식회사,Tiguan 2.0 TDI,2018
2025-10-23,기아 주식회사,K5,2022
2025-10-23,현대자동차(주),그랜저(GRANDEUR),2020
2025-10-23,현대자동차(주),그랜저(GRANDEUR),2020
2025-10-23,폭스바겐그룹코리아 주식회사,Q5 Sportback 45 TFSI quattro,2022
2025-10-23,폭스바겐그룹코리아 주식회사,Q5 Sportback 45 TFSI quattro,2022
2025-10-24,메르세데스벤츠코리아(주),Mercedes-AMG C43 4Matic,2019
2025-10-24,기아 주식회사,스포티지,2024
2025-10-24,현대자동차(주),아이오닉5 (IONIQ5),2023
2025-10-24,현대자동차(주),아이오닉5 (IONIQ5),2023
2025-10-24,폭스바겐그룹코리아 주식회사,A6 40 TDI,2020
2025-10-24,기아 주식회사,쏘렌토,2021
2025-10-24,기아 주식회사,쏘렌토,2021
2025-10-24,기아 주식회사,쏘렌토,2021
2025-10-24,기아 주식회사,카니발,2021
2025-10-24,기아 주식회사,봉고Ⅲ 1톤,2024
2025-10-24,현대자동차(주),그랜저(GRANDEUR),2021
2025-10-24,현대자동차(주),투싼 하이브리드(TUCSON HYBRID),2025
2025-10-24,케이지모빌리티 주식회사(KG Mobility Corp.),액티언 하이브리드,2026
2025-10-24,현대자동차(주),G70,2018
2025-10-24,현대자동차(주),GV70,2022
2025-10-24,케이지모빌리티 주식회사(KG Mobility Corp.),티볼리,2021
2025-10-24,현대자동차(주),아이오닉5 (IONIQ5),2022
2025-10-24,현대자동차(주),투싼 하이브리드(TUCSON HYBRID),2025
2025-10-24,현대자동차(주),그랜저(GRANDEUR),2018
2025-10-24,현대자동차(주),G70,2019
2025-10-24,현대자동차(주),아이오닉5 (IONIQ5),2026
2025-10-24,현대자동차(주),투싼 하이브리드(TUCSON HYBRID),2025
2025-10-24,기아 주식회사,K5,2025
2025-10-24,한불모터스(주),Peugeot 5008 1.6 BlueHDi,2019
2025-10-24,현대자동차(주),GV80,2022
2025-10-24,현대자동차(주),아이오닉5 (IONIQ5),2025
2025-10-24,케이지모빌리티 주식회사(KG Mobility Corp.),G4 렉스턴,2019
2025-10-24,혼다코리아(주),ACCORD HYBRID,2018
2025-10-24,기아 주식회사,카니발,2018
2025-10-24,현대자동차(주),투싼(TUCSON),2024
2025-10-24,현대자동차(주),쏘나타(SONATA),2023
2025-10-24,현대자동차(주),GV60,2022
2025-10-24,기아 주식회사,쏘렌토,2023
2025-10-24,현대자동차(주),그랜저(GRANDEUR),2020
2025-10-24,현대자동차(주),쏘나타(SONATA),2016
2025-10-24,현대자동차(주),투싼(TUCSON),2019
2025-10-24,기아 주식회사,카니발,2016
2025-10-24,폭스바겐그룹코리아 주식회사,Touareg 3.0TDI,2024
2025-10-24,기아 주식회사,봉고Ⅲ 플러스내장차,2021
2025-10-24,현대자동차(주),팰리세이드 하이브리드(PALISADE HYBRID),2026
2025-10-24,현대자동차(주),그랜저(GRANDEUR),2018
2025-10-24,현대자동차(주),싼타페(SANTAFE),2024
2025-10-27,한불모터스(주),Peugeot 3008 1.5 BlueHDi,2021
2025-10-27,폭스바겐그룹코리아 주식회사,A6 45 TFSI,2020
2025-10-27,현대자동차(주),투싼 하이브리드(TUCSON HYBRID),2025
2025-10-27,현대자동차(주),아이오닉5 (IONIQ5),2022
2025-10-27,폭스바겐그룹코리아 주식회사,A6 45 TFSI,2020
2025-10-27,기아 주식회사,카니발,2021
2025-10-27,현대자동차(주),투싼 하이브리드(TUCSON HYBRID),2025
2025-10-27,기아 주식회사,쏘렌토,2021
2025-10-27,비엠더블유코리아(주),BMW 320d,2014
2025-10-27,현대자동차(주),그랜저(GRANDEUR),2020
2025-10-27,한국닛산(주),LEAF,2019
2025-10-27,현대자동차(주),아이오닉5 (IONIQ5),2025
2025-10-27,현대자동차(주),마이티,2023
2025-10-27,현대자동차(주),아이오닉5 (IONIQ5),2025
2025-10-27,케이지모빌리티 주식회사(KG Mobility Corp.),렉스턴,2021
2025-10-27,현대자동차(주),싼타페(SANTAFE),2021
2025-10-27,기아 주식회사,카니발 하이브리드,2024
2025-10-27,기아 주식회사,EV9,2024
2025-10-27,현대자동차(주),GV80,2021
2025-10-27,메르세데스벤츠코리아(주),E220 d,2017
2025-10-27,현대자동차(주),쏘나타(SONATA),2020
2025-10-27,케이지모빌리티 주식회사(KG Mobility Corp.),MUSSO EV,2026
2025-10-27,기아 주식회사,쏘렌토 하이브리드,2022
2025-10-27,기아 주식회사,쏘렌토 하이브리드,2022
2025-10-27,현대자동차(주),그랜저 하이브리드(GRANDEUR HYBRID),2020
2025-10-27,현대자동차(주),아이오닉5 (IONIQ5),2022
2025-10-27,현대자동차(주),아이오닉5 (IONIQ5),2023
2025-10-27,테슬라코리아 유한회사,Model 3 RWD,2024
2025-10-27,현대자동차(주),그랜저(GRANDEUR),2020
2025-10-27,르노코리아(주),KOLEOS (콜레오스),2026
2025-10-27,기아 주식회사,카니발,2023
2025-10-27,케이지모빌리티 주식회사(KG Mobility Corp.),MUSSO EV,2026
2025-10-28,현대자동차(주),아반떼(AVANTE),2024
2025-10-28,한국지엠(주),CHEVROLET CAMARO,2017
2025-10-28,한불모터스(주),Peugeot 3008 1.6 BlueHDi,2019
2025-10-28,현대자동차(주),GV80,2023
2025-10-28,기아 주식회사,EV6,2022
2025-10-28,기아 주식회사,K3,2018
2025-10-28,현대자동차(주),아이오닉5 (IONIQ5),2022
2025-10-28,르노코리아(주),SM5,2014
2025-10-28,기아 주식회사,카니발,2021
2025-10-28,기아 주식회사,니로 EV,2020
2025-10-28,현대자동차(주),싼타페(SANTAFE),2025
2025-10-28,현대자동차(주),투싼(TUCSON),2024
2025-10-28,현대자동차(주),GV80,2020
2025-10-28,메르세데스벤츠코리아(주),GLA220,2019
2025-10-28,기아 주식회사,쏘렌토,2021
2025-10-28,기아 주식회사,쏘렌토,2021
2025-10-28,현대자동차(주),팰리세이드(PALISADE),2023
2025-10-28,테슬라코리아 유한회사,Model 3 Long Range,2021
2025-10-28,현대자동차(주),그랜저(GRANDEUR),2016
2025-10-28,기아 주식회사,쏘렌토 하이브리드,2023
2025-10-28,기아 주식회사,카니발,2021
2025-10-28,현대자동차(주),투싼 하이브리드(TUCSON HYBRID),2024
2025-10-28,비엠더블유코리아(주),BMW iX3 M Sport,2023
2025-10-28,현대자동차(주),포터Ⅱ (PORTERⅡ),2022
2025-10-28,현대자동차(주),그랜저(GRANDEUR),2018
2025-10-28,르노코리아(주),ARKANA 하이브리드,2025
2025-10-28,현대자동차(주),그랜저(GRANDEUR),2021
2025-10-28,현대자동차(주),아반떼(AVANTE),2017
2025-10-28,현대자동차(주),그랜저(GRANDEUR),2020
2025-10-28,비엠더블유코리아(주),BMW 330i,2018
2025-10-28,현대자동차(주),투싼 하이브리드(TUCSON HYBRID),2025
2025-10-28,현대자동차(주),아반떼(AVANTE),2021
2025-10-28,기아 주식회사,쏘렌토 하이브리드,2022
2025-10-28,(주)재규어랜드로버코리아,디스커버리 TD6,2018
2025-10-28,현대자동차(주),GV80,2020
2025-10-28,기아 주식회사,카니발,2024
2025-10-28,케이지모빌리티 주식회사(KG Mobility Corp.),렉스턴스포츠 칸 쿨멘,2024
2025-10-28,현대자동차(주),투싼 하이브리드(TUCSON HYBRID),2025
2025-10-28,현대자동차(주),그랜저(GRANDEUR),2020
2025-10-28,기아 주식회사,K7,2020
2025-10-28,현대자동차(주),아이오닉5 (IONIQ5),2025
2025-10-28,현대자동차(주),쏘나타(SONATA),2021
2025-10-28,케이지모빌리티 주식회사(KG Mobility Corp.),토레스 EVX,2025
2025-10-28,현대자동차(주),그랜저(GRANDEUR),2021
2025-10-28,현대자동차(주),넥쏘 (NEXO) 수소전기차,2022
2025-10-28,기아 주식회사,카니발,2024
2025-10-28,현대자동차(주),아이오닉5 (IONIQ5),2025
2025-10-28,현대자동차(주),넥쏘 (NEXO) 수소전기차,2020
2025-10-28,테슬라코리아 유한회사,Model 3 Long Range,2022
2025-10-28,현대자동차(주),그랜저(GRANDEUR),2020
2025-10-28,기아 주식회사,셀토스,2024
2025-10-29,르노코리아(주),XM3,2020
2025-10-29,현대자동차(주),그랜저(GRANDEUR),2020
2025-10-29,현대자동차(주),그랜저(GRANDEUR),2020
2025-10-29,한국지엠주식회사,캡티바 2.0 디젤,2017
2025-10-29,현대자동차(주),그랜저(GRANDEUR),2020
2025-10-29,기아 주식회사,카니발,2024
2025-10-29,현대자동차(주),아반떼(AVANTE),2021
2025-10-29,테슬라코리아 유한회사,Model 3 Standard Range Plus RWD,2020
2025-10-29,테슬라코리아 유한회사,Model Y Long Range,2021
2025-10-29,현대자동차(주),메가트럭,2021
2025-10-29,기아 주식회사,K7,2012
2025-10-29,기아 주식회사,K5,2022
2025-10-29,기아 주식회사,EV3,2025
2025-10-29,혼다코리아(주),CBR600R3,2025
2025-10-29,케이지모빌리티 주식회사(KG Mobility Corp.),G4 렉스턴,2020
2025-10-29,현대자동차(주),투싼 하이브리드(TUCSON HYBRID),2025
2025-10-29,르노코리아(주),QM6,2017
2025-10-29,현대자동차(주),그랜저(GRANDEUR),2020
2025-10-29,현대자동차(주),아반떼(AVANTE),2021
2025-10-29,현대자동차(주),넥쏘 (NEXO) 수소전기차,2019
2025-10-29,현대자동차(주),쏘나타(SONATA),2013
2025-10-29,기아 주식회사,K5 하이브리드,2020
2025-10-29,폭스바겐그룹코리아 주식회사,Q5 2.0 TDI quattro,2011
2025-10-29,르노코리아(주),QM6,2019
2025-10-29,기아 주식회사,K5,2022
2025-10-29,폭스바겐그룹코리아 주식회사,Tiguan 2.0TDI,2023
2025-10-29,케이지모빌리티 주식회사(KG Mobility Corp.),G4 렉스턴,2020
2025-10-29,현대자동차(주),넥쏘 (NEXO) 수소전기차,2022
2025-10-29,기아 주식회사,쏘렌토,2019
2025-10-29,기아 주식회사,쏘렌토 하이브리드,2025
2025-10-29,현대자동차(주),투싼 하이브리드(TUCSON HYBRID),2024
2025-10-29,기아 주식회사,쏘렌토 하이브리드,2022
2025-10-29,비엠더블유코리아(주),BMW 520d,2017
2025-10-29,현대자동차(주),그랜저(GRANDEUR),2020
2025-10-29,기아 주식회사,스포티지 하이브리드,2024
2025-10-29,현대자동차(주),G80,2026
2025-10-29,(주)재규어랜드로버코리아,레인지로버 4.4D,2015
2025-10-30,현대자동차(주),쏘나타 (SONATA) 하이브리드,2012
2025-10-30,한국지엠주식회사,트레일블레이저 1.35 TURBO FWD,2022
2025-10-30,현대자동차(주),싼타페(SANTAFE),2025
2025-10-30,르노코리아(주),QM6,2019
2025-10-30,한국닛산(주),LEAF,2019
2025-10-30,비엠더블유코리아(주),BMW 520d,2012
2025-10-30,현대자동차(주),아반떼(AVANTE),2021
2025-10-30,현대자동차(주),아반떼(AVANTE),2021
2025-10-30,르노코리아(주),SM3,2013
2025-10-30,기아 주식회사,쏘렌토 하이브리드,2021
2025-10-30,현대자동차(주),싼타페 하이브리드(SANTAFE HYBRID),2025
2025-10-30,르노코리아(주),QM3,2014
2025-10-30,현대자동차(주),넥쏘 (NEXO) 수소전기차,2021
2025-10-30,메르세데스벤츠코리아(주),Mercedes-Benz GLB250 4MATIC,2021
2025-10-30,메르세데스벤츠코리아(주),Mercedes-Benz GLB250 4MATIC,2021
2025-10-30,비엠더블유코리아(주),BMW i5 xDrive40,2025
2025-10-30,폭스바겐그룹코리아 주식회사,Q5 2.0 TDI quattro,2012
2025-10-30,현대자동차(주),투싼 하이브리드(TUCSON HYBRID),2024
2025-10-30,현대자동차(주),G80,2025
2025-10-30,현대자동차(주),싼타페 하이브리드(SANTAFE HYBRID),2025
2025-10-30,기아 주식회사,K7,2020
2025-10-30,르노코리아(주),MASTER,2020
2025-10-30,폭스바겐그룹코리아 주식회사,A6 40 TDI,2020
2025-10-30,현대자동차(주),투싼(TUCSON),2025
2025-10-30,한국토요타자동차(주),렉서스 ES300h,2023
2025-10-30,비엠더블유코리아(주),BMW 520d xDrive,2018
2025-10-30,한국지엠주식회사,올란도 1.6 디젤,2016
2025-10-30,혼다코리아(주),CBR600R3,2025
2025-10-30,현대자동차(주),아이오닉5(IONIQ5),2023
2025-10-30,폭스바겐그룹코리아 주식회사,Q4 Sportback e-tron 40,2022
2025-10-30,현대자동차(주),싼타페 하이브리드(SANTAFE HYBRID),2024
2025-10-30,현대자동차(주),아이오닉5 (IONIQ5),2023
2025-10-30,한불모터스(주),Peugeot e-2008 SUV,2022
2025-10-30,현대자동차(주),G90,2022
2025-10-31,기아 주식회사,쏘렌토 하이브리드,2022
2025-10-31,현대자동차(주),팰리세이드(PALISADE),2023
2025-10-31,현대자동차(주),아반떼(AVANTE),2021
2025-10-31,메르세데스벤츠코리아(주),Mercedes-Benz A220 Sedan,2021
2025-10-31,현대자동차(주),GV70,2025
2025-10-31,비엠더블유코리아(주),BMW 520d xDrive,2017
2025-10-31,현대자동차(주),투싼 하이브리드(TUCSON HYBRID),2025
2025-10-31,기아 주식회사,K7,2020
2025-10-31,현대자동차(주),아반떼(AVANTE),2021
2025-10-31,케이지모빌리티 주식회사(KG Mobility Corp.),렉스턴,2021
2025-10-31,폭스바겐그룹코리아 주식회사,Tiguan 2.0 TDI,2020
2025-10-31,현대자동차(주),그랜저(GRANDEUR),2020
2025-10-31,기아 주식회사,카니발,2019
2025-10-31,비엠더블유코리아(주),BMW 630i xDrive M Sport Package,2020
2025-10-31,혼다코리아(주),ACCORD HYBRID,2019
2025-10-31,폭스바겐그룹코리아 주식회사,A7 55 TFSI quattro,2020
2025-10-31,한국지엠주식회사,트레일블레이저 1.35 TURBO FWD,2022
2025-10-31,한국지엠주식회사,트레일블레이저 1.35 TURBO FWD,2022
2025-10-31,현대자동차(주),투싼(TUCSON),2026
2025-10-31,현대자동차(주),투싼 하이브리드(TUCSON HYBRID),2023
2025-10-31,기아 주식회사,쏘렌토 하이브리드,2022
2025-10-31,현대자동차(주),싼타페 하이브리드(SANTAFE HYBRID),2025
2025-10-31,현대자동차(주),아이오닉6 (IONIQ6),2023
2025-10-31,테슬라코리아 유한회사,Model Y Long Range,2021
2025-10-31,현대자동차(주),아반떼(AVANTE),2016
2025-10-31,메르세데스벤츠코리아(주),Mercedes-Benz EQB300 4MATIC,2023
2025-10-31,케이지모빌리티 주식회사(KG Mobility Corp.),티볼리,2020
2025-11-03,기아 주식회사,쏘렌토,2021
2025-11-03,기아 주식회사,K5 하이브리드,2023
2025-11-03,기아 주식회사,K5,2022
2025-11-03,현대자동차(주),아이오닉6 (IONIQ6),2023
2025-11-03,기아 주식회사,쏘렌토 하이브리드,2022
2025-11-03,기아 주식회사,카니발,2021
2025-11-03,기아 주식회사,카니발,2022
2025-11-03,기아 주식회사,쏘렌토,2021
2025-11-03,폭스바겐그룹코리아 주식회사,A6 3.0 TDI quattro,2013
2025-11-03,현대자동차(주),싼타페 하이브리드(SANTAFE HYBRID),2025
2025-11-03,현대자동차(주),팰리세이드(PALISADE),2020
2025-11-03,현대자동차(주),싼타페 하이브리드(SANTAFE HYBRID),2025
2025-11-03,기아 주식회사,EV4,2026
2025-11-03,현대자동차(주),팰리세이드(PALISADE),2024
2025-11-03,기아 주식회사,쏘렌토 하이브리드,2021
2025-11-03,현대자동차(주),G80,2022
2025-11-03,현대자동차(주),아반떼(AVANTE),2021
2025-11-03,기아 주식회사,셀토스,2023
2025-11-03,르노코리아(주),SM6,2021
2025-11-03,비엠더블유코리아(주),BMW X3 xDrive20i,2023
2025-11-03,비엠더블유코리아(주),BMW 320d xDrive,2015
2025-11-03,폭스바겐그룹코리아 주식회사,Q4 e-tron 40,2022
2025-11-03,기아 주식회사,카니발 하이브리드,2024
2025-11-03,현대자동차(주),G80,2022
2025-11-03,기아 주식회사,K5,2025
2025-11-03,기아 주식회사,쏘렌토,2016
2025-11-03,현대자동차(주),쏘나타(SONATA),2020
2025-11-03,혼다코리아(주),CBR600R3,2025
2025-11-03,현대자동차(주),GV80,2022
2025-11-03,케이지모빌리티 주식회사(KG Mobility Corp.),토레스,2024
2025-11-03,현대자동차(주),아이오닉5 (IONIQ5),2022
2025-11-03,기아 주식회사,스포티지,2025
2025-11-03,비엠더블유코리아(주),BMW X6 xDrive30d,2022
2025-11-03,메르세데스벤츠코리아(주),Mercedes-AMG C43 4Matic,2019
2025-11-03,현대자동차(주),그랜저(GRANDEUR),2020
2025-11-03,케이지모빌리티 주식회사(KG Mobility Corp.),렉스턴,2023
2025-11-03,기아 주식회사,EV3,2026
2025-11-03,기아 주식회사,쏘렌토 하이브리드,2022
2025-11-03,기아 주식회사,K7 하이브리드,2020
2025-11-03,메르세데스벤츠코리아(주),벤츠 E350 4Matic,2020
2025-11-03,기아 주식회사,쏘렌토,2020
2025-11-03,테슬라코리아 유한회사,Model Y Long Range,2021
2025-11-04,,그랜저,2023
2025-11-04,현대자동차(주),포터Ⅱ 일렉트릭 (PORTERⅡ ELECTRIC),2023
2025-11-04,현대자동차(주),쏘나타 (SONATA) 하이브리드,2012
2025-11-04,(주)재규어랜드로버코리아,디스커버리 TD6,2019
2025-11-04,현대자동차(주),팰리세이드 하이브리드(PALISADE HYBRID),2026
2025-11-04,현대자동차(주),제네시스(GENESIS),2010
2025-11-04,현대자동차(주),넥쏘 (NEXO) 수소전기차,2019
2025-11-04,르노코리아(주),KOLEOS Hybrid(콜레오스 하이브리드),2025
2025-11-04,메르세데스벤츠코리아(주),Mercedes-Benz E 300 4MATIC,2020
2025-11-04,현대자동차(주),그랜저 하이브리드(GRANDEUR HYBRID),2022
2025-11-04,스텔란티스코리아 주식회사,Peugeot e-2008 SUV,2023
2025-11-04,제이스모빌리티 주식회사,이티밴 미니,2024
2025-11-04,메르세데스벤츠코리아(주),벤츠 E350 4Matic,2020
2025-11-04,현대자동차(주),코나 하이브리드(KONA HYBRID),2026
2025-11-04,기아 주식회사,쏘렌토,2021
2025-11-04,테슬라코리아 유한회사,Model Y Long Range,2021
2025-11-04,혼다코리아(주),CBR600R3,2025
2025-11-04,현대자동차(주),투싼 하이브리드(TUCSON HYBRID),2021
2025-11-04,현대자동차(주),그랜저 하이브리드(GRANDEUR HYBRID),2025
2025-11-04,현대자동차(주),아반떼(AVANTE),2019
2025-11-04,기아 주식회사,카니발,2022
2025-11-04,기아 주식회사,K5,2025
2025-11-04,폭스바겐그룹코리아 주식회사,Q5 45 TDI quattro,2015
2025-11-04,기아 주식회사,스포티지 하이브리드,2023
2025-11-04,기아 주식회사,카니발,2025
2025-11-04,기아 주식회사,쏘렌토 하이브리드,2022
2025-11-04,기아 주식회사,K7,2020
2025-11-04,한국닛산(주),LEAF,2019
2025-11-04,한국지엠(주),CHEVROLET TRAVERSE AWD,2022
2025-11-04,현대자동차(주),싼타페 하이브리드(SANTAFE HYBRID),2025
2025-11-04,기아 주식회사,카니발,2021
2025-11-04,폭스바겐그룹코리아 주식회사,Q5 45 TDI quattro,2015
2025-11-04,현대자동차(주),그랜저(GRANDEUR),2025
2025-11-04,케이지모빌리티 주식회사(KG Mobility Corp.),토레스 EVX,2024
2025-11-04,기아 주식회사,쏘렌토,2018
2025-11-04,케이지모빌리티 주식회사(KG Mobility Corp.),렉스턴스포츠 칸,2021
2025-11-05,포드세일즈서비스코리아(유),Lincoln Navigator 3.5,2021
2025-11-05,기아 주식회사,K7,2021
2025-11-05,혼다코리아(주),CBR600R3,2025
2025-11-05,현대자동차(주),쏘나타(SONATA),2020
2025-11-05,현대자동차(주),아반떼 (AVANTE),2014
2025-11-05,테슬라코리아 유한회사,Model Y Standard Range,2021
2025-11-05,기아 주식회사,K5,2015
2025-11-05,현대자동차(주),그랜저(GRANDEUR),2022
2025-11-05,기아 주식회사,K5 하이브리드,2025
2025-11-05,폭스바겐그룹코리아 주식회사,Arteon 2.0 TDI,2019
2025-11-05,현대자동차(주),아이오닉5 (IONIQ5),2022
2025-11-05,한국지엠주식회사,올란도 2.0 디젤,2015
2025-11-05,현대자동차(주),넥쏘 (NEXO) 수소전기차,2021
2025-11-05,폭스바겐그룹코리아 주식회사,Passat 2.0 TSI,2018
2025-11-05,현대자동차(주),투싼 하이브리드(TUCSON HYBRID),2021
2025-11-05,현대자동차(주),그랜저(GRANDEUR),2020
2025-11-05,메르세데스벤츠코리아(주),Mercedes-Benz E250,2023
2025-11-05,테슬라코리아 유한회사,Model 3 Long Range,2022
2025-11-05,폭스바겐그룹코리아 주식회사,Tiguan Allspace 2.0 TDI,2020
2025-11-05,현대자동차(주),싼타페 하이브리드(SANTAFE HYBRID),2024
2025-11-05,혼다코리아(주),CBR600R3,2025
2025-11-05,현대자동차(주),그랜저(GRANDEUR),2020
2025-11-05,혼다코리아(주),CBR600R3,2025
2025-11-05,기아 주식회사,스팅어,2021
2025-11-05,비엠더블유코리아(주),BMW 520i,2022
2025-11-05,케이지모빌리티 주식회사(KG Mobility Corp.),토레스 EVX,2024
2025-11-05,혼다코리아(주),CBR600R3,2025
2025-11-05,기아 주식회사,스포티지,2017
2025-11-05,현대자동차(주),GV80,2024
2025-11-05,포드세일즈서비스코리아(유),Explorer 2.3,2020
2025-11-05,기아 주식회사,쏘렌토,2021
2025-11-05,기아 주식회사,셀토스,2020
2025-11-05,현대자동차(주),싼타페 하이브리드(SANTAFE HYBRID),2025
2025-11-05,비엠더블유코리아(주),BMW 320i,2022
2025-11-05,현대자동차(주),넥쏘 (NEXO) 수소전기차,2021
2025-11-05,혼다코리아(주),CBR600R3,2025
2025-11-05,기아 주식회사,K5 하이브리드,2021
2025-11-05,현대자동차(주),아반떼(AVANTE),2021
2025-11-05,현대자동차(주),아이오닉5 (IONIQ5),2023
2025-11-05,현대자동차(주),싼타페(SANTAFE),2024
2025-11-05,현대자동차(주),싼타페 하이브리드(SANTAFE HYBRID),2025
2025-11-05,현대자동차(주),싼타페(SANTAFE),2014
2025-11-05,현대자동차(주),G80,2021
2025-11-05,기아 주식회사,K7 하이브리드,2021
2025-11-05,한국지엠주식회사,올란도 2.0 LPG,2014
2025-11-05,현대자동차(주),쏘나타(SONATA),2020
2025-11-06,현대자동차(주),싼타페 하이브리드(SANTAFE HYBRID),2025
2025-11-06,현대자동차(주),아이오닉5(IONIQ5),2022
2025-11-06,테슬라코리아 유한회사,Model Y Standard Range,2021
2025-11-06,기아 주식회사,쏘렌토 하이브리드,2026
2025-11-06,기아 주식회사,카니발 하이리무진,2019
2025-11-06,포르쉐코리아 주식회사,마칸 4S,2025
2025-11-06,스텔란티스코리아 주식회사,Peugeot e-208,2022
2025-11-06,현대자동차(주),아반떼(AVANTE),2017
2025-11-06,르노코리아(주),SM6,2023
2025-11-06,한국지엠주식회사,트레일블레이저 1.35 TURBO FWD,2022
2025-11-06,폭스바겐그룹코리아 주식회사,Jetta 1.4 TSI,2020
2025-11-06,현대자동차(주),GV80,2024
2025-11-06,폭스바겐그룹코리아 주식회사,A6 45 TDI quattro,2021
2025-11-06,혼다코리아(주),CBR600R3,2025
2025-11-06,기아 주식회사,K5,2020
2025-11-06,혼다코리아(주),CBR600R3,2025
2025-11-06,혼다코리아(주),CBR600R3,2025
2025-11-06,한국지엠주식회사,올란도 2.0 LPG,2013
2025-11-06,비엠더블유코리아(주),BMW 530i,2018
2025-11-06,현대자동차(주),아반떼(AVANTE),2021
2025-11-06,기아 주식회사,K5,2024
2025-11-06,비엠더블유코리아(주),BMW 118d,2016
2025-11-06,한국지엠주식회사,올란도 2.0 LPG,2013
2025-11-06,폭스바겐그룹코리아 주식회사,A3 40 TFSI,2018
2025-11-06,한불모터스(주),Peugeot 3008 1.6 BlueHDi,2019
2025-11-06,현대자동차(주),싼타페 하이브리드(SANTAFE HYBRID),2025
2025-11-06,현대자동차(주),싼타페 하이브리드(SANTAFE HYBRID),2024
2025-11-06,현대자동차(주),아반떼(AVANTE),2021
2025-11-06,현대자동차(주),투싼 하이브리드(TUCSON HYBRID),2021
2025-11-06,기아 주식회사,카니발,2016
2025-11-06,기아 주식회사,니로 플러스,2023
2025-11-06,기아 주식회사,쏘렌토 하이브리드,2021
2025-11-06,비엠더블유코리아(주),BMW X3 xDrive20d,2014
2025-11-06,현대자동차(주),넥쏘 (NEXO) 수소전기차,2019
2025-11-07,현대자동차(주),아이오닉5 (IONIQ5),2024
2025-11-07,기아 주식회사,모닝,2018
2025-11-07,현대자동차(주),스타리아 (STARIA),2023
2025-11-07,기아 주식회사,K5,2023
2025-11-07,현대자동차(주),포터Ⅱ (PORTERⅡ),2025
2025-11-07,현대자동차(주),싼타페 하이브리드(SANTAFE HYBRID),2024
2025-11-07,기아 주식회사,카니발 하이리무진,2019
2025-11-07,기아 주식회사,K5,2023
2025-11-07,비엠더블유코리아(주),BMW 320i,2022
2025-11-07,메르세데스벤츠코리아(주),Mercedes-Benz C200,2020
2025-11-07,현대자동차(주),그랜저(GRANDEUR),2019
2025-11-07,비엠더블유코리아(주),BMW X5 xDrive30d xLine,2019
2025-11-07,비엠더블유코리아(주),BMW i5 eDrive40,2025
2025-11-07,폭스바겐그룹코리아 주식회사,A6 45 TFSI,2023
2025-11-07,현대자동차(주),G80,2024
2025-11-07,비엠더블유코리아(주),BMW 520d,2017
2025-11-07,현대자동차(주),아이오닉6 (IONIQ6),2026
2025-11-07,비엠더블유코리아(주),BMW 520d,2017
2025-11-07,현대자동차(주),아반떼(AVANTE),2018
2025-11-07,폭스바겐그룹코리아 주식회사,Arteon 2.0 TDI,2020
2025-11-07,현대자동차(주),아반떼(AVANTE),2016
2025-11-07,현대자동차(주),아반떼(AVANTE),2021
2025-11-07,기아 주식회사,EV5,2026
2025-11-07,현대자동차(주),싼타페 하이브리드(SANTAFE HYBRID),2025
2025-11-07,메르세데스벤츠코리아(주),E200 Cabriolet,2014
2025-11-07,현대자동차(주),G80,2025
2025-11-07,현대자동차(주),팰리세이드(PALISADE),2021
2025-11-07,기아 주식회사,셀토스,2020
2025-11-07,현대자동차(주),싼타페 하이브리드(SANTAFE HYBRID),2025
2025-11-07,혼다코리아(주),CBR600R3,2025
2025-11-07,혼다코리아(주),CBR600R3,2025
2025-11-07,기아 주식회사,쏘렌토 하이브리드,2021
2025-11-07,현대자동차(주),아이오닉6 (IONIQ6),2026
2025-11-07,현대자동차(주),그랜저(GRANDEUR),2021
2025-11-07,기아 주식회사,스포티지,2023
2025-11-07,혼다코리아(주),CBR600R3,2025
2025-11-07,현대자동차(주),그랜저(GRANDEUR),2021
2025-11-07,기아 주식회사,K5,2020
2025-11-07,기아 주식회사,K5 하이브리드,2015
2025-11-07,현대자동차(주),G80,2021
2025-11-07,기아 주식회사,카니발,2021
2025-11-07,현대자동차(주),그랜저(GRANDEUR),2021
2025-11-07,폭스바겐그룹코리아 주식회사,A3 40 TFSI,2018
2025-11-10,비엠더블유코리아(주),BMW 530i,2018
2025-11-10,기아 주식회사,EV6,2022
2025-11-10,기아 주식회사,EV6,2023
2025-11-10,기아 주식회사,카니발 리무진,2023
2025-11-10,비엠더블유코리아(주),BMW X4 xDrive20i,2025
2025-11-10,현대자동차(주),포터Ⅱ 일렉트릭 (PORTERⅡ ELECTRIC),2020
2025-11-10,기아 주식회사,카니발 하이브리드,2024
2025-11-10,기아 주식회사,카니발 리무진,2019
2025-11-10,현대자동차(주),팰리세이드 하이브리드(PALISADE HYBRID),2026
2025-11-10,기아 주식회사,K7,2015
2025-11-10,한국토요타자동차(주),토요타 Camry Hybrid LE,2019
2025-11-10,기아 주식회사,카니발,2019
2025-11-10,현대자동차(주),싼타페 하이브리드(SANTAFE HYBRID),2026
2025-11-10,메르세데스벤츠코리아(주),E300 4Matic,2017
2025-11-10,현대자동차(주),아이오닉6 (IONIQ6),2023
2025-11-10,현대자동차(주),아이오닉 9 (IONIQ 9),2025
2025-11-10,현대자동차(주),쏘나타 하이브리드(SONATA HYBRID),2016
2025-11-10,(주)한국토미,토미엑시언트16톤윙바디,2023
2025-11-10,폭스바겐그룹코리아 주식회사,A7 55 TFSI quattro,2020
2025-11-10,기아 주식회사,K5,2023
2025-11-10,기아 주식회사,K5 하이브리드,2022
2025-11-10,비엠더블유코리아(주),BMW 420i Convertible,2025
2025-11-10,기아 주식회사,K5 하이브리드,2022
2025-11-10,기아 주식회사,K5,2022
2025-11-10,포르쉐코리아 주식회사,타이칸 4 (5인승),2026
2025-11-10,현대자동차(주),그랜저 하이브리드,2019
2025-11-10,현대자동차(주),팰리세이드(PALISADE),2021
2025-11-10,기아 주식회사,K5 하이브리드,2024
2025-11-10,기아 주식회사,EV6,2022
2025-11-10,비엠더블유코리아(주),BMW 520i,2018
2025-11-10,기아 주식회사,K5 하이브리드,2023
2025-11-10,현대자동차(주),그랜저 하이브리드(GRANDEUR HYBRID),2022
2025-11-10,기아 주식회사,K7,2020
2025-11-10,현대자동차(주),아반떼(AVANTE),2021
2025-11-10,현대자동차(주),아반떼(AVANTE),2018
2025-11-10,기아 주식회사,포르테,2011
2025-11-10,비엠더블유코리아(주),BMW 520d,2018
2025-11-10,기아 주식회사,카니발 하이리무진,2016
2025-11-10,혼다코리아(주),CBR600R3,2025
2025-11-10,폭스바겐그룹코리아 주식회사,Q4 40 e-tron,2023
2025-11-10,기아 주식회사,쏘렌토 하이브리드,2021
2025-11-10,혼다코리아(주),WW125A,2025
2025-11-10,기아 주식회사,카니발,2019
2025-11-11,기아 주식회사,K5,2020
2025-11-11,기아 주식회사,K5 하이브리드,2022
2025-11-11,기아 주식회사,K5,2024
2025-11-11,현대자동차(주),아반떼(AVANTE),2021
2025-11-11,기아 주식회사,K5 하이브리드,2023
2025-11-11,기아 주식회사,K5,2026
2025-11-11,기아 주식회사,K5,2022
2025-11-11,(주)GS글로벌,T4K,2024
2025-11-11,기아 주식회사,EV6,2022
2025-11-11,기아 주식회사,K5,2022
2025-11-11,혼다코리아(주),CBR600R3,2025
2025-11-11,한국닛산(주),LEAF,2019
2025-11-11,기아 주식회사,K5 하이브리드,2024
2025-11-11,기아 주식회사,K5 하이브리드,2022
2025-11-11,기아 주식회사,K7,2020
2025-11-11,현대자동차(주),아이오닉5 (IONIQ5),2022
2025-11-11,기아 주식회사,K5,2021
2025-11-11,기아 주식회사,K5 하이브리드,2020
2025-11-11,혼다코리아(주),CBR600R3,2025
2025-11-11,기아 주식회사,K5,2024
2025-11-11,기아 주식회사,K5 하이브리드,2020
2025-11-11,현대자동차(주),넥쏘 (NEXO) 수소전기차,2023
2025-11-11,현대자동차(주),그랜저(GRANDEUR),2022
2025-11-11,기아 주식회사,K5,2020
2025-11-11,기아 주식회사,K5,2024
2025-11-11,기아 주식회사,K5,2020
2025-11-11,기아 주식회사,쏘렌토,2019
2025-11-11,기아 주식회사,K5,2020
2025-11-11,기아 주식회사,K5 하이브리드,2022
2025-11-11,기아 주식회사,K5 하이브리드,2023
2025-11-11,현대자동차(주),싼타페 하이브리드(SANTAFE HYBRID),2025
2025-11-11,현대자동차(주),싼타페 하이브리드(SANTAFE HYBRID),2025
2025-11-11,기아 주식회사,니로 플러스,2023
2025-11-11,기아 주식회사,쏘렌토 하이브리드,2022
2025-11-11,비엠더블유코리아(주),BMW 118d Sport,2020
2025-11-11,메르세데스벤츠코리아(주),Mercedes-AMG CLA45 4Matic,2017
2025-11-11,폭스바겐그룹코리아 주식회사,A7 55 TFSI quattro,2020
2025-11-11,기아 주식회사,카니발,2024
2025-11-11,폭스바겐그룹코리아 주식회사,Tiguan 2.0TDI,2022
2025-11-11,현대자동차(주),그랜저(GRANDEUR),2020
2025-11-11,기아 주식회사,스포티지,2025
2025-11-11,현대자동차(주),아이오닉6 (IONIQ6),2023
2025-11-11,기아 주식회사,쏘렌토 하이브리드,2022
2025-11-11,메르세데스벤츠코리아(주),E220 d 4Matic,2017
2025-11-11,현대자동차(주),아이오닉5 (IONIQ5),2023
2025-11-11,현대자동차(주),그랜저 하이브리드 (GRANDEUR HYBRID),2016
2025-11-11,현대자동차(주),GV80,2020
2025-11-11,기아 주식회사,K7,2018
2025-11-11,기아 주식회사,카니발,2021
2025-11-11,현대자동차(주),그랜저(GRANDEUR),2022
2025-11-11,메르세데스벤츠코리아(주),SLK200,2012
2025-11-11,현대자동차(주),싼타페(SANTAFE),2024
2025-11-11,기아 주식회사,쏘렌토 하이브리드,2022
2025-11-11,기아 주식회사,EV9,2024
2025-11-11,비엠더블유코리아(주),MINI Cooper five-door,2016
2025-11-11,기아 주식회사,니로 하이브리드,2026
2025-11-11,메르세데스벤츠코리아(주),E220 d,2017
2025-11-12,현대자동차(주),넥쏘 (NEXO) 수소전기차,2022
2025-11-12,현대자동차(주),포터Ⅱ 일렉트릭 (PORTERⅡ ELECTRIC),2021
2025-11-12,기아 주식회사,봉고Ⅲ 윙바디,2024
2025-11-12,비엠더블유코리아(주),BMW 528i xDrive,2016
2025-11-12,기아 주식회사,K5,2020
2025-11-12,현대자동차(주),그랜저 하이브리드(GRANDEUR HYBRID),2021
2025-11-12,기아 주식회사,K5,2020
2025-11-12,현대자동차(주),그랜저(GRANDEUR),2020
2025-11-12,제이스모빌리티 주식회사,이티밴,2023
2025-11-12,기아 주식회사,카니발,2021
2025-11-12,기아 주식회사,K5 하이브리드,2021
2025-11-12,기아 주식회사,K5,2020
2025-11-12,기아 주식회사,K5 하이브리드,2024
2025-11-12,기아 주식회사,EV6,2022
2025-11-12,기아 주식회사,K5,2022
2025-11-12,현대자동차(주),그랜저 하이브리드(GRANDEUR HYBRID),2025
2025-11-12,비엠더블유코리아(주),BMW X3 xDrive20d M Sport Package,2018
2025-11-12,기아 주식회사,K5,2020
2025-11-12,기아 주식회사,쏘렌토,2017
2025-11-12,기아 주식회사,K5,2024
2025-11-12,기아 주식회사,K5 하이브리드,2024
2025-11-12,기아 주식회사,K5,2020
2025-11-12,기아 주식회사,K5,2022
2025-11-12,르노코리아(주),QM3,2015
2025-11-12,폭스바겐그룹코리아 주식회사,A4 2.0 TFSI,2010
2025-11-12,기아 주식회사,EV9,2024
2025-11-12,기아 주식회사,K5,2021
2025-11-12,기아 주식회사,K5,2021
2025-11-12,기아 주식회사,K5 하이브리드,2025
2025-11-12,현대자동차(주),싼타페(SANTAFE),2024
2025-11-12,기아 주식회사,K5,2022
2025-11-12,기아 주식회사,K5,2020
2025-11-12,현대자동차(주),아반떼(AVANTE),2016
2025-11-12,기아 주식회사,K5,2021
2025-11-12,폭스바겐그룹코리아 주식회사,Golf 2.0 TDI BMT,2016
2025-11-12,기아 주식회사,K5 하이브리드,2020
2025-11-12,기아 주식회사,K5,2025
2025-11-12,기아 주식회사,K5,2020
2025-11-12,기아 주식회사,K5,2020
2025-11-12,기아 주식회사,K5 하이브리드,2020
2025-11-12,기아 주식회사,K5,2023
2025-11-12,기아 주식회사,K5,2022
2025-11-12,기아 주식회사,K5,2023
2025-11-12,기아 주식회사,K5,2020
2025-11-12,(주)재규어랜드로버코리아,디스커버리4 3.0D,2016
2025-11-13,,스타리아(US),
2025-11-13,메르세데스벤츠코리아(주),Mercedes-Benz EQS450 +,2022
2025-11-13,현대자동차(주),그랜저 하이브리드,2019
2025-11-13,르노코리아(주),QM6,2020
2025-11-13,비엠더블유코리아(주),BMW 520i,2023
2025-11-13,기아 주식회사,K5,2025
2025-11-13,기아 주식회사,K5,2024
2025-11-13,비엠더블유코리아(주),BMW 520d,2018
2025-11-13,르노코리아(주),QM6,2020
2025-11-13,혼다코리아(주),CBR600R3,2025
2025-11-13,르노코리아(주),QM6,2022
2025-11-13,한국지엠주식회사,캡티바 2.0D 디젤,2013
2025-11-13,혼다코리아(주),CBR600R3,2025
2025-11-13,르노코리아(주),QM6,2017
2025-11-13,현대자동차(주),ST1,2025
2025-11-13,기아 주식회사,K5,2020
2025-11-13,기아 주식회사,K5,2020
2025-11-13,르노코리아(주),QM6,2017
2025-11-13,르노코리아(주),QM6,2017
2025-11-13,르노코리아(주),QM6,2020
2025-11-13,혼다코리아(주),CBR600R3,2025
2025-11-13,기아 주식회사,니로 하이브리드,2017
2025-11-13,르노코리아(주),QM6,2021
2025-11-13,현대자동차(주),팰리세이드 하이브리드(PALISADE HYBRID),2026
2025-11-13,한불모터스(주),Citroen C4 Cactus 1.5 BlueHDi,2019
2025-11-13,현대자동차(주),그랜저(GRANDEUR),2020
2025-11-13,비엠더블유코리아(주),BMW 530e,2021
2025-11-13,르노코리아(주),QM6,2019
2025-11-13,르노코리아(주),QM6,2020
2025-11-13,현대자동차(주),아반떼(AVANTE),2021
2025-11-13,비엠더블유코리아(주),BMW X6 xDrive30d M Sport Package,2020
2025-11-13,르노코리아(주),QM6,2018
2025-11-13,르노코리아(주),QM6,2022
2025-11-13,르노코리아(주),QM6,2020
2025-11-13,르노코리아(주),QM6,2017
2025-11-13,기아 주식회사,K5,2020
2025-11-13,기아 주식회사,카니발 리무진,2021
2025-11-13,기아 주식회사,K5,2020
2025-11-13,기아 주식회사,K7,2018
2025-11-13,현대자동차(주),G80,2022
2025-11-13,기아 주식회사,쏘렌토,2021
2025-11-13,혼다코리아(주),CBR600R3,2025
2025-11-14,케이지모빌리티 주식회사(KG Mobility Corp.),액티언 하이브리드,2026
2025-11-14,르노코리아(주),QM6,2019
2025-11-14,르노코리아(주),QM6,2020
2025-11-14,혼다코리아(주),CBR600R3,2025
2025-11-14,현대자동차(주),아이오닉5 (IONIQ5),2023
2025-11-14,르노코리아(주),QM6,2020
2025-11-14,현대자동차(주),쏘나타 하이브리드 (SONATA Hybrid),2024
2025-11-14,비엠더블유코리아(주),BMW X3 xDrive20d,2012
2025-11-14,르노코리아(주),QM6,2020
2025-11-14,르노코리아(주),QM6,2023
2025-11-14,기아 주식회사,카니발 리무진,2019
2025-11-14,르노코리아(주),QM6,2018
2025-11-14,르노코리아(주),QM6,2020
2025-11-14,현대자동차(주),그랜저 하이브리드,2019
2025-11-14,르노코리아(주),QM6,2018
2025-11-14,현대자동차(주),싼타페 하이브리드(SANTAFE HYBRID),2025
2025-11-14,르노코리아(주),QM6,2018
2025-11-14,(주)루트17,Danigo,2018
2025-11-14,현대자동차(주),싼타페 하이브리드(SANTAFE HYBRID),2024
2025-11-14,르노코리아(주),QM6,2018
2025-11-14,기아 주식회사,니로 EV,2019
2025-11-14,르노코리아(주),QM6,2020
2025-11-14,한국지엠주식회사,올란도 2.0 LPG,2013
2025-11-14,르노코리아(주),QM6,2020
2025-11-14,현대자동차(주),i40 Saloon,2014
2025-11-14,르노코리아(주),QM6,2019
2025-11-14,르노코리아(주),QM6,2019
2025-11-14,현대자동차(주),아반떼(AVANTE),2017
2025-11-14,기아 주식회사,K5,2024
2025-11-14,혼다코리아(주),CBR600R3,2025
2025-11-14,르노코리아(주),QM6,2018
2025-11-14,기아 주식회사,쏘렌토 하이브리드,2022
2025-11-14,기아 주식회사,카니발,2016
2025-11-14,르노코리아(주),QM6,2019
2025-11-14,기아 주식회사,K5,2023
2025-11-14,르노코리아(주),QM6,2020
2025-11-14,르노코리아(주),QM6,2018
2025-11-14,르노코리아(주),QM6,2019
2025-11-14,기아 주식회사,K5,2024
2025-11-17,비엠더블유코리아(주),BMW 520d M Sport Package,2020
2025-11-17,한국지엠주식회사,트레일블레이저 1.35 TURBO FWD,2021
2025-11-17,주식회사 태영테크,태영25.5톤카고트럭,2024
2025-11-17,주식회사 한중특장,한중12.1톤윙바디,2023
2025-11-17,현대자동차(주),코나 일렉트릭(KONA Electric),2023
2025-11-17,현대자동차(주),아반떼(AVANTE),2018
2025-11-17,르노코리아(주),SM6,2016
2025-11-17,현대자동차(주),쏘나타(SONATA),2026
2025-11-17,지엠아시아퍼시픽지역본부 주식회사,캐딜락 XT5,2020
2025-11-17,기아 주식회사,스토닉,2019
2025-11-17,메르세데스벤츠코리아(주),Mercedes-Benz GLC300 4MATIC,2020
2025-11-17,현대자동차(주),싼타페 하이브리드(SANTAFE HYBRID),2022
2025-11-17,기아 주식회사,스포티지 하이브리드,2024
2025-11-17,현대자동차(주),GV70,2022
2025-11-17,비엠더블유코리아(주),BMW 520d,2017
2025-11-17,현대자동차(주),투싼 하이브리드(TUCSON HYBRID),2021
2025-11-17,기아 주식회사,EV6,2022
2025-11-17,르노코리아(주),QM6,2018
2025-11-17,기아 주식회사,EV9,2024
2025-11-17,혼다코리아(주),CBR600R3,2025
2025-11-17,현대자동차(주),그랜저(GRANDEUR),2015
2025-11-17,르노코리아(주),QM6,2020
2025-11-17,혼다코리아(주),CBR600R3,2025
2025-11-17,르노코리아(주),QM6,2017
2025-11-17,르노코리아(주),QM6,2021
2025-11-17,르노코리아(주),QM6,2019
2025-11-17,현대자동차(주),그랜저(GRANDEUR),2021
2025-11-17,기아 주식회사,K5,2022
2025-11-17,지엠아시아퍼시픽지역본부 주식회사,CADILLAC CT5 2.0T,2020
2025-11-17,현대자동차(주),싼타페 하이브리드(SANTAFE HYBRID),2025
2025-11-17,현대자동차(주),코나 하이브리드(KONA HYBRID),2025
2025-11-17,르노코리아(주),QM6,2020
2025-11-17,기아 주식회사,K7,2019
2025-11-17,기아 주식회사,카니발,2021
2025-11-17,르노코리아(주),QM6,2017
2025-11-17,르노코리아(주),QM6,2021
2025-11-17,르노코리아(주),QM6,2019
2025-11-17,기아 주식회사,EV9,2024
2025-11-17,주식회사 쎄보모빌리티,CEVO-C,2020
2025-11-17,기아 주식회사,카니발 리무진,2021
2025-11-17,르노코리아(주),QM6,2017
2025-11-17,주식회사 쎄보모빌리티,CEVO-C,2020
2025-11-17,기아 주식회사,봉고Ⅲ 윙바디,2024
2025-11-17,르노코리아(주),KOLEOS Hybrid(콜레오스 하이브리드),2025
2025-11-17,혼다코리아(주),CBR600R3,2025
2025-11-17,기아 주식회사,K5,2020
2025-11-17,기아 주식회사,K5,2011
2025-11-17,메르세데스벤츠코리아(주),C200 CGI,2011
2025-11-18,기아 주식회사,니로 플러스,2023
2025-11-18,르노코리아(주),QM6,2019
2025-11-18,르노코리아(주),QM6,2019
2025-11-18,기아 주식회사,쏘렌토 하이브리드,2021
2025-11-18,현대자동차(주),쏘나타(SONATA),2020
2025-11-18,르노코리아(주),QM3,2016
2025-11-18,기아 주식회사,K3,2018
2025-11-18,케이지모빌리티 주식회사(KG Mobility Corp.),MUSSO EV,2026
2025-11-18,현대자동차(주),팰리세이드(PALISADE),2021
2025-11-18,한국지엠주식회사,캡티바 2.0 디젤,2018
2025-11-18,한국토요타자동차(주),렉서스 NX300h,2017
2025-11-18,기아 주식회사,EV6,2023
2025-11-18,현대자동차(주),싼타페 하이브리드(SANTAFE HYBRID),2025
2025-11-18,현대자동차(주),팰리세이드(PALISADE),2024
2025-11-18,르노코리아(주),KOLEOS Hybrid(콜레오스 하이브리드),2025
2025-11-18,현대자동차(주),G80,2022
2025-11-18,현대자동차(주),싼타페(SANTAFE),2024
2025-11-18,현대자동차(주),제네시스(GENESIS),2012
2025-11-18,현대자동차(주),싼타페 하이브리드(SANTAFE HYBRID),2025
2025-11-18,르노코리아(주),QM6,2021
2025-11-18,폭스바겐그룹코리아 주식회사,Tiguan 2.0 TDI Blue Motion,2015
2025-11-18,비엠더블유코리아(주),BMW X4 xDrive20d,2015
2025-11-18,혼다코리아(주),CBR600R3,2025
2025-11-18,혼다코리아(주),CBR600R3,2025
2025-11-18,메르세데스벤츠코리아(주),벤츠 A220,2020
2025-11-18,현대자동차(주),아반떼(AVANTE),2021
2025-11-18,(주)재규어랜드로버코리아,레인지로버 스포츠 3.0D,2016
2025-11-18,비엠더블유코리아(주),BMW 420i Coupe,2018
2025-11-18,폭스바겐그룹코리아 주식회사,Golf 2.0 TDI BMT,2016
2025-11-18,기아 주식회사,쏘렌토 하이브리드,2022
2025-11-18,한불모터스(주),Peugeot 508 2.0 BlueHDi,2020
2025-11-18,혼다코리아(주),CBR600R3,2025
2025-11-18,르노코리아(주),QM6,2020
2025-11-18,케이지모빌리티 주식회사(KG Mobility Corp.),토레스,2024
2025-11-18,르노코리아(주),QM6,2017
2025-11-18,기아 주식회사,쏘렌토 하이브리드,2022
2025-11-18,기아 주식회사,K7 하이브리드,2017
2025-11-18,비엠더블유코리아(주),BMW 530i,2018
2025-11-18,르노코리아(주),QM6,2017
2025-11-18,현대자동차(주),쏘나타 (SONATA),2012
2025-11-18,르노코리아(주),QM6,2017
2025-11-18,제이스모빌리티 주식회사,이티4밴,2023
2025-11-18,폭스바겐그룹코리아 주식회사,A7 55 TFSI quattro,2020
2025-11-18,르노코리아(주),QM6,2018
2025-11-18,혼다코리아(주),CBR600R3,2025
2025-11-18,르노코리아(주),QM6,2020
2025-11-18,기아 주식회사,카니발,2021
2025-11-18,한국지엠주식회사,올란도 2.0 LPG,2012
2025-11-18,포르쉐코리아 주식회사,718 박스터 GTS 4.0,2022
2025-11-18,혼다코리아(주),CBR600R3,2025
2025-11-18,현대자동차(주),넥쏘 (NEXO) 수소전기차,2020
2025-11-18,기아 주식회사,K5,2021
2025-11-18,르노코리아(주),QM6,2017
2025-11-18,르노코리아(주),QM6,2018
2025-11-18,르노코리아(주),QM6,2019
2025-11-18,혼다코리아(주),CBR600R3,2025
2025-11-18,기아 주식회사,K7,2020
2025-11-18,기아 주식회사,쏘렌토 하이브리드,2023
2025-11-18,혼다코리아(주),CBR600R3,2025
2025-11-19,현대자동차(주),G80,2023
2025-11-19,기아 주식회사,카니발 리무진,2019
2025-11-19,메르세데스벤츠코리아(주),Mercedes-Maybach GLS 600,2025
2025-11-19,비엠더블유코리아(주),BMW X5 xDrive50e,2025
2025-11-19,비엠더블유코리아(주),BMW 530i xDrive M Sport Package Plus,2019
2025-11-19,제이스모빌리티 주식회사,이티4밴 미니,2024
2025-11-19,비엠더블유코리아(주),BMW 520i Luxury,2020
2025-11-20,기아 주식회사,EV6,2022
2025-11-20,(주)한국쓰리축,한국쓰리축7.5톤트럭,2023
2025-11-20,케이지모빌리티 주식회사(KG Mobility Corp.),무쏘 스포츠,2026
2025-11-20,(주) 에이엠특장,에이엠4톤덤프트럭,2026
2025-11-20,폭스바겐그룹코리아 주식회사,Tiguan 2.0 TDI,2018
2025-11-20,주식회사 이브이케이엠씨,MASADA 픽업,2022
2025-11-20,르노코리아(주),QM6,2020
2025-11-20,(주)한국모터스,GEMMA,2024
2025-11-20,케이지모빌리티 주식회사(KG Mobility Corp.),토레스 EVX,2024
2025-11-20,르노코리아(주),QM6,2019
2025-11-20,폭스바겐그룹코리아 주식회사,A7 55 TFSI quattro,2020
2025-11-20,기아 주식회사,셀토스,2022
2025-11-20,현대자동차(주),GV60,2022
2025-11-20,현대자동차(주),싼타페(SANTAFE),2025
2025-11-20,르노코리아(주),QM6,2017
2025-11-20,현대자동차(주),팰리세이드(PALISADE),2024
2025-11-20,르노코리아(주),QM6,2020
2025-11-20,현대자동차(주),넥쏘 (NEXO) 수소전기차,2019
2025-11-20,혼다코리아(주),CBR600R3,2025
2025-11-20,르노코리아(주),QM6,2017
2025-11-20,기아 주식회사,카니발 하이리무진,2022
2025-11-20,현대자동차(주),i30,2011
2025-11-20,현대자동차(주),아반떼(AVANTE),2021
2025-11-20,포드세일즈서비스코리아(유),Explorer 2.3,2020
2025-11-20,기아 주식회사,쏘렌토,2021
2025-11-20,비엠더블유코리아(주),BMW 520d,2017
2025-11-20,르노코리아(주),XM3,2023
2025-11-20,제이스모빌리티 주식회사,이티밴,2023
2025-11-20,르노코리아(주),QM6,2026
2025-11-20,르노코리아(주),QM6,2017
2025-11-20,현대자동차(주),싼타페 하이브리드(SANTAFE HYBRID),2024
2025-11-20,현대자동차(주),싼타페 하이브리드(SANTAFE HYBRID),2022
2025-11-20,르노코리아(주),QM6,2018
2025-11-20,현대자동차(주),아반떼(AVANTE),2019
2025-11-20,기아 주식회사,스포티지 하이브리드,2023
2025-11-20,기아 주식회사,니로 EV,2023
2025-11-20,현대자동차(주),아반떼(AVANTE),2018
2025-11-21,르노코리아(주),QM6,2018
2025-11-21,스카니아코리아그룹(주),스카니아트랙터,2023
2025-11-21,기아 주식회사,EV6,2022
2025-11-21,기아 주식회사,K8 하이브리드,2022
2025-11-21,현대자동차(주),G70,2021
2025-11-21,기아 주식회사,K5 하이브리드,2024
2025-11-21,르노코리아(주),KOLEOS Hybrid(콜레오스 하이브리드),2025
2025-11-21,메르세데스벤츠코리아(주),Mercedes-Benz A 220,2024
2025-11-21,현대자동차(주),에쿠스 (EQUUS),2006
2025-11-21,(주)재규어랜드로버코리아,재규어 F-PACE 20d,2018
2025-11-21,기아 주식회사,K9,2022
2025-11-21,비엠더블유코리아(주),BMW i4 eDrive40,2024
2025-11-21,기아 주식회사,K7,2020
2025-11-21,르노코리아(주),QM6,2019
2025-11-21,르노코리아(주),QM6,2020
2025-11-21,기아 주식회사,카니발,2021
2025-11-21,포드세일즈서비스코리아(유),Explorer 2.3,2020
2025-11-21,폭스바겐그룹코리아 주식회사,A6 40 TDI quattro,2016
2025-11-21,현대자동차(주),넥쏘 (NEXO) 수소전기차,2019
2025-11-21,케이지모빌리티 주식회사(KG Mobility Corp.),토레스,2023
2025-11-21,메르세데스벤츠코리아(주),GLC350 e 4Matic,2019
2025-11-21,현대자동차(주),G80,2022
2025-11-21,한국닛산(주),LEAF,2019
2025-11-21,비엠더블유코리아(주),BMW 520d M Sport Package,2020
2025-11-21,비엠더블유코리아(주),BMW 530i xDrive,2018
2025-11-21,한불모터스(주),Peugeot 3008 1.5 BlueHDi,2019
2025-11-21,르노코리아(주),QM6,2021
2025-11-21,(주)재규어랜드로버코리아,디스커버리4 3.0D,2016
2025-11-21,현대자동차(주),아이오닉 9 (IONIQ 9),2026
2025-11-21,현대자동차(주),팰리세이드(Palisade),2025
2025-11-21,기아 주식회사,K5,2023
2025-11-21,현대자동차(주),GV80,2020
2025-11-21,현대자동차(주),G80,2021
2025-11-21,르노코리아(주),KOLEOS Hybrid(콜레오스 하이브리드),2025
2025-11-21,르노코리아(주),QM6,2020
2025-11-21,(주) 한국모터트레이딩,CZD300D-A,2025
2025-11-24,기아 주식회사,K7,2020
2025-11-24,현대자동차(주),벨로스터(VELOSTER),2012
2025-11-24,DNP,케이탑고소작업차,2025
2025-11-24,기아 주식회사,EV6,2022
2025-11-24,르노코리아(주),QM6,2022
2025-11-24,현대자동차(주),아반떼(AVANTE),2024
2025-11-24,현대자동차(주),에쿠스(EQUUS),2013
2025-11-24,기아 주식회사,카니발,2021
2025-11-24,현대자동차(주),아반떼 N(AVANTE N),2026
2025-11-24,비엠더블유코리아(주),BMW 430i Convertible M Sport Package,2019
2025-11-24,현대자동차(주),그랜저(GRANDEUR),2020
2025-11-24,르노코리아(주),QM6,2020
2025-11-24,르노코리아(주),KOLEOS Hybrid(콜레오스 하이브리드),2025
2025-11-24,한국지엠(주),CHEVROLET COLORADO AWD,2024
2025-11-24,르노코리아(주),QM6,2020
2025-11-24,르노코리아(주),QM6,2018
2025-11-24,메르세데스벤츠코리아(주),E220 d 4Matic,2017
2025-11-24,기아 주식회사,봉고Ⅲ EV 윙바디,2023
2025-11-24,한국지엠주식회사,스파크 1.0,2016
2025-11-24,포드세일즈서비스코리아(유),Lincoln Nautilus 2.7 AWD,2022
2025-11-24,폭스바겐그룹코리아 주식회사,A7 55 TFSI quattro,2020
2025-11-24,기아 주식회사,카니발,2016
2025-11-24,혼다코리아(주),CBR600R3,2025
2025-11-24,기아 주식회사,K5,2025
2025-11-24,케이지모빌리티 주식회사(KG Mobility Corp.),G4 렉스턴,2018
2025-11-24,현대자동차(주),투싼 하이브리드(TUCSON HYBRID),2021
2025-11-24,현대자동차(주),GV60,2022
2025-11-24,현대자동차(주),넥쏘 (NEXO) 수소전기차,2019
2025-11-24,기아 주식회사,쏘렌토,2021
2025-11-24,르노코리아(주),QM6,2017
2025-11-24,기아 주식회사,K3,2022
2025-11-24,기아 주식회사,K7 하이브리드,2021
2025-11-24,한국지엠주식회사,올란도 2.0 LPG,2013
2025-11-24,포드세일즈서비스코리아(유),Expedition 3.5,2021
2025-11-24,기아 주식회사,K7,2020
2025-11-24,르노코리아(주),KOLEOS Hybrid(콜레오스 하이브리드),2025
2025-11-25,현대자동차(주),팰리세이드(PALISADE),2023
2025-11-25,르노코리아(주),QM6,2017
2025-11-25,르노코리아(주),QM6,2018
2025-11-25,기아 주식회사,K7,2020
2025-11-25,기아 주식회사,카니발,2021
2025-11-25,기아 주식회사,카니발,2024
2025-11-25,비엠더블유코리아(주),BMW 740i xDrive,2025
2025-11-25,르노코리아(주),KOLEOS Hybrid(콜레오스 하이브리드),2025
2025-11-25,르노코리아(주),QM6,2023
2025-11-25,폭스바겐그룹코리아 주식회사,A7 55 TFSI quattro,2020
2025-11-25,르노코리아(주),QM6,2021
2025-11-25,현대자동차(주),그랜저(GRANDEUR),2015
2025-11-25,포르쉐코리아 주식회사,타이칸 4S (High. 5인승),2024
2025-11-25,르노코리아(주),KOLEOS Hybrid(콜레오스 하이브리드),2025
2025-11-25,르노코리아(주),QM6,2020
2025-11-25,기아 주식회사,EV6,2022
2025-11-25,현대자동차(주),아반떼(AVANTE),2020
2025-11-25,르노코리아(주),QM6,2020
2025-11-25,폭스바겐그룹코리아 주식회사,Tiguan 2.0 TDI 4Motion,2018
2025-11-25,기아 주식회사,EV6,2022
2025-11-25,르노코리아(주),QM6,2019
2025-11-25,케이지모빌리티 주식회사(KG Mobility Corp.),토레스 하이브리드,2026
2025-11-25,기아 주식회사,EV6,2022
2025-11-25,기아 주식회사,카니발,2021
2025-11-25,포드세일즈서비스코리아(유),이스케이프,2013
2025-11-25,기아 주식회사,EV6,2023
2025-11-25,기아 주식회사,쏘렌토,2021
2025-11-25,(주)볼보자동차코리아,볼보 XC90T8 AWD,2019
2025-11-25,한불모터스(주),Peugeot 508 2.0 BlueHDi,2020
2025-11-25,케이지모빌리티 주식회사(KG Mobility Corp.),코란도,2021
2025-11-25,기아 주식회사,카니발 하이브리드,2026
2025-11-25,르노코리아(주),SM5 D,2015
2025-11-25,기아 주식회사,쏘렌토,2026
2025-11-25,비엠더블유코리아(주),BMW X5 xDrive40e iPerformance,2016
2025-11-26,혼다코리아(주),CBR600R3,2025
2025-11-26,르노코리아(주),QM6,2022
2025-11-26,현대자동차(주),쏘나타(SONATA),2024
2025-11-26,기아 주식회사,K5,2022
2025-11-26,현대자동차(주),쏘나타(SONATA),2020
2025-11-26,현대자동차(주),GV80,2021
2025-11-26,르노코리아(주),QM6,2019
2025-11-26,메르세데스벤츠코리아(주),Mercedes-Benz GLB220,2021
2025-11-26,기아 주식회사,EV6,2026
2025-11-26,한국지엠주식회사,말리부 1.6 DIESEL,2019
2025-11-26,르노코리아(주),QM6,2017
2025-11-26,비엠더블유코리아(주),BMW 530i xDrive,2017
2025-11-26,기아 주식회사,카니발 리무진,2021
2025-11-26,메르세데스벤츠코리아(주),Mercedes-Benz E350 4MATIC,2021
2025-11-26,케이지모빌리티 주식회사(KG Mobility Corp.),MUSSO EV,2026
2025-11-26,기아 주식회사,카니발,2025
2025-11-26,현대자동차(주),그랜저 하이브리드(GRANDEUR HYBRID),2023
2025-11-26,현대자동차(주),EQ900,2016
2025-11-26,현대자동차(주),넥쏘 (NEXO) 수소전기차,2021
2025-11-27,기아 주식회사,스포티지,2024
2025-11-27,포르쉐코리아 주식회사,타이칸 4 (5인승),2026
2025-11-27,폭스바겐그룹코리아 주식회사,ID.4 Pro,2023
2025-11-27,(주)재규어랜드로버코리아,디스커버리 TD6,2019
2025-11-27,혼다코리아(주),CBR600R3,2025
2025-11-27,기아 주식회사,쏘렌토,2021
2025-11-27,르노코리아(주),QM6,2017
2025-11-27,한국지엠주식회사,올란도 2.0 LPG,2016
2025-11-27,기아 주식회사,스포티지 하이브리드,2022
2025-11-27,기아 주식회사,K5,2020
2025-11-27,현대자동차(주),아반떼(AVANTE),2016
2025-11-27,현대자동차(주),아이오닉5 (IONIQ5),2025
2025-11-27,메르세데스벤츠코리아(주),Mercedes-Benz GLC300 4MATIC,2020
2025-11-27,혼다코리아(주),CBR600R3,2025
2025-11-27,르노코리아(주),QM6,2022
2025-11-27,기아 주식회사,셀토스,2020
2025-11-27,기아 주식회사,셀토스,2020
2025-11-27,기아 주식회사,카니발 하이리무진,2020
2025-11-27,비엠더블유코리아(주),BMW 330e,2023
2025-11-27,기아 주식회사,K7,2020
2025-11-27,현대자동차(주),아반떼(AVANTE),2021
2025-11-27,현대자동차(주),싼타페 하이브리드(SANTAFE HYBRID),2025
2025-11-27,포르쉐코리아 주식회사,타이칸 4 (5인승),2026
2025-11-27,기아 주식회사,EV6,2022
2025-11-27,현대자동차(주),아이오닉5 (IONIQ5),2022
2025-11-27,현대자동차(주),아이오닉5 (IONIQ5),2022
2025-11-27,테슬라코리아 유한회사,Model 3 Long Range,2021
2025-11-27,기아 주식회사,K8 하이브리드,2023
2025-11-27,기아 주식회사,K8 하이브리드,2023
2025-11-28,기아 주식회사,스포티지 하이브리드,2025
2025-11-28,기아 주식회사,K7,2020
2025-11-28,르노코리아(주),QM6,2020
2025-11-28,기아 주식회사,카니발 리무진,2023
2025-11-28,르노코리아(주),QM6,2017
2025-11-28,현대자동차(주),넥쏘 (NEXO) 수소전기차,2020
2025-11-28,기아 주식회사,카니발,2021
2025-11-28,메르세데스벤츠코리아(주),Mercedes-Benz E 250,2020
2025-11-28,기아 주식회사,봉고Ⅲ 1톤 EV,2022
2025-11-28,현대자동차(주),G80,2021
2025-11-28,기아 주식회사,스포티지,2024
2025-11-28,기아 주식회사,K8 하이브리드,2025
2025-11-28,비엠더블유코리아(주),BMW 528i,2012
2025-11-28,제이스모빌리티 주식회사,이티4밴,2023
2025-11-28,르노코리아(주),QM6,2018
2025-11-28,르노코리아(주),QM6,2023
2025-11-28,르노코리아(주),QM6,2021
2025-11-28,기아 주식회사,EV6,2022
2025-11-28,기아 주식회사,쏘렌토 하이브리드,2021
2025-11-28,비엠더블유코리아(주),BMW 520d xDrive,2018
2025-11-28,기아 주식회사,EV6,2025
2025-11-28,메르세데스벤츠코리아(주),Mercedes-Benz EQE350 4MATIC SUV,2023
2025-11-28,(주)재규어랜드로버코리아,재규어 XF 20d,2017
2025-11-28,(주)재규어랜드로버코리아,디스커버리 TD6,2018
2025-11-28,제이스모빌리티 주식회사,이티4밴 프로,2024
2025-11-28,기아 주식회사,스포티지,2016
2025-11-28,현대자동차(주),팰리세이드(PALISADE),2022
2025-11-28,테슬라코리아 유한회사,Model 3 Long Range,2021
2025-11-28,현대자동차(주),그랜저 하이브리드(GRANDEUR HYBRID),2024
2025-11-28,메르세데스벤츠코리아(주),Mercedes-Benz E350 4MATIC,2022
2025-11-28,폭스바겐그룹코리아 주식회사,ID.5 Pro,2025
2025-11-28,현대자동차(주),GV70,2025
2025-11-28,기아 주식회사,카니발,2019
2025-12-01,기아 주식회사,카니발,2021
2025-12-01,르노코리아(주),KOLEOS Hybrid(콜레오스 하이브리드),2025
2025-12-01,메르세데스벤츠코리아(주),Mercedes-Benz E300 d 4MATIC Coupe,2022
2025-12-01,기아 주식회사,스포티지,2019
2025-12-01,(주)재규어랜드로버코리아,레인지로버 스포츠 SVR,2017
2025-12-01,기아 주식회사,니로 하이브리드,2023
2025-12-01,르노코리아(주),KOLEOS Hybrid(콜레오스 하이브리드),2025
2025-12-01,르노코리아(주),KOLEOS Hybrid(콜레오스 하이브리드),2025
2025-12-01,폭스바겐그룹코리아 주식회사,A7 55 TFSI quattro,2020
2025-12-01,혼다코리아(주),CBR600R3,2025
2025-12-01,르노코리아(주),KOLEOS Hybrid(콜레오스 하이브리드),2025
2025-12-01,현대자동차(주),넥쏘 (NEXO) 수소전기차,2022
2025-12-01,비엠더블유코리아(주),BMW 530i,2017
2025-12-01,비엠더블유코리아(주),BMW iX3 M Sport,2023
2025-12-01,르노코리아(주),KOLEOS Hybrid(콜레오스 하이브리드),2025
2025-12-01,현대자동차(주),넥쏘 (NEXO) 수소전기차,2021
2025-12-01,르노코리아(주),QM6,2022
2025-12-01,현대자동차(주),코나(KONA),2025
2025-12-01,르노코리아(주),KOLEOS Hybrid(콜레오스 하이브리드),2025
2025-12-01,르노코리아(주),QM6,2017
2025-12-01,한국토요타자동차(주),토요타 Alphard Hybrid,2026
2025-12-01,르노코리아(주),KOLEOS Hybrid(콜레오스 하이브리드),2025
2025-12-01,르노코리아(주),KOLEOS Hybrid(콜레오스 하이브리드),2025
2025-12-01,기아 주식회사,카니발,2019
2025-12-01,르노코리아(주),XM3,2022
2025-12-01,현대자동차(주),그랜저(GRANDEUR),2012
2025-12-01,르노코리아(주),QM6,2021
2025-12-01,르노코리아(주),QM6,2017
2025-12-01,현대자동차(주),아반떼(AVANTE),2016
2025-12-01,르노코리아(주),KOLEOS Hybrid(콜레오스 하이브리드),2025
2025-12-01,현대자동차(주),그랜저(GRANDEUR),2019
2025-12-01,현대자동차(주),캐스퍼(CASPER),2023
2025-12-01,기아 주식회사,EV6,2023
2025-12-01,기아 주식회사,카니발 하이브리드,2024
2025-12-01,한국지엠주식회사,올란도 2.0 LPG,2016
2025-12-01,한국지엠주식회사,올란도 2.0 LPG,2016
2025-12-02,폭스바겐그룹코리아 주식회사,Passat 1.8 TSI,2015
2025-12-02,현대자동차(주),쏠라티(SOLATI),2025
2025-12-02,현대자동차(주),그랜저(GRANDEUR),2020
2025-12-02,르노코리아(주),KOLEOS Hybrid(콜레오스 하이브리드),2025
2025-12-02,르노코리아(주),QM6,2019
2025-12-02,르노코리아(주),KOLEOS Hybrid(콜레오스 하이브리드),2025
2025-12-02,폭스바겐그룹코리아 주식회사,A4 40 TDI quattro,2021
2025-12-02,포드세일즈서비스코리아(유),Explorer 2.3,2020
2025-12-02,메르세데스벤츠코리아(주),Mercedes-Maybach S600,2015
2025-12-02,르노코리아(주),QM3,2017
2025-12-02,르노코리아(주),KOLEOS Hybrid(콜레오스 하이브리드),2025
2025-12-02,르노코리아(주),KOLEOS Hybrid(콜레오스 하이브리드),2025
2025-12-02,기아 주식회사,카니발,2023
2025-12-02,르노코리아(주),KOLEOS Hybrid(콜레오스 하이브리드),2025
2025-12-02,폭스바겐그룹코리아 주식회사,A7 55 TFSI quattro,2020
2025-12-02,르노코리아(주),KOLEOS Hybrid(콜레오스 하이브리드),2025
2025-12-02,르노코리아(주),KOLEOS Hybrid(콜레오스 하이브리드),2025
2025-12-02,르노코리아(주),KOLEOS Hybrid(콜레오스 하이브리드),2025
2025-12-02,르노코리아(주),KOLEOS Hybrid(콜레오스 하이브리드),2025
2025-12-02,현대자동차(주),그랜저(GRANDEUR),2020
2025-12-02,현대자동차(주),베라크루즈(VERACRUZ),2010
2025-12-02,르노코리아(주),KOLEOS Hybrid(콜레오스 하이브리드),2025
2025-12-02,르노코리아(주),KOLEOS Hybrid(콜레오스 하이브리드),2025
2025-12-02,르노코리아(주),KOLEOS Hybrid(콜레오스 하이브리드),2025
2025-12-02,르노코리아(주),KOLEOS Hybrid(콜레오스 하이브리드),2025
2025-12-02,르노코리아(주),KOLEOS Hybrid(콜레오스 하이브리드),2025
2025-12-02,폭스바겐그룹코리아 주식회사,A7 55 TFSI quattro,2020
2025-12-02,르노코리아(주),KOLEOS Hybrid(콜레오스 하이브리드),2025
2025-12-02,(주)GS글로벌,T4K,2024
2025-12-02,르노코리아(주),KOLEOS Hybrid(콜레오스 하이브리드),2025
2025-12-02,르노코리아(주),KOLEOS Hybrid(콜레오스 하이브리드),2025
2025-12-02,르노코리아(주),KOLEOS Hybrid(콜레오스 하이브리드),2025
2025-12-02,르노코리아(주),KOLEOS Hybrid(콜레오스 하이브리드),2025
2025-12-02,르노코리아(주),KOLEOS Hybrid(콜레오스 하이브리드),2025
2025-12-02,르노코리아(주),KOLEOS Hybrid(콜레오스 하이브리드),2025
2025-12-02,르노코리아(주),KOLEOS Hybrid(콜레오스 하이브리드),2025
2025-12-02,르노코리아(주),KOLEOS Hybrid(콜레오스 하이브리드),2025
2025-12-02,현대자동차(주),넥쏘 (NEXO) 수소전기차,2022
2025-12-02,르노코리아(주),KOLEOS Hybrid(콜레오스 하이브리드),2025
2025-12-02,르노코리아(주),KOLEOS Hybrid(콜레오스 하이브리드),2025
2025-12-02,비엠더블유코리아(주),BMW 530i xDrive,2017
2025-12-02,현대자동차(주),아이오닉5(IONIQ5),2022
2025-12-02,한국지엠주식회사,올란도 2.0 LPG,2012
2025-12-02,르노코리아(주),KOLEOS Hybrid(콜레오스 하이브리드),2025
2025-12-02,기아 주식회사,봉고Ⅲ 1톤 EV,2022
2025-12-02,비엠더블유코리아(주),BMW 520d,2011
2025-12-02,(주)GS글로벌,T4K,2023
2025-12-02,스텔란티스코리아 주식회사,Maserati Grecale Folgore,2025
2025-12-02,한국토요타자동차(주),토요타 CAMRY,2010
2025-12-03,현대자동차(주),그랜저(GRANDEUR) 하이브리드,2014
2025-12-03,현대자동차(주),그랜저(GRANDEUR),2010
2025-12-03,르노코리아(주),QM6,2021
2025-12-03,르노코리아(주),QM6,2019
2025-12-03,르노코리아(주),QM6,2019
2025-12-03,르노코리아(주),QM6,2020
2025-12-03,르노코리아(주),QM6,2017
2025-12-03,르노코리아(주),QM6,2020
2025-12-03,르노코리아(주),QM6,2017
2025-12-03,르노코리아(주),KOLEOS Hybrid(콜레오스 하이브리드),2025
2025-12-03,르노코리아(주),QM6,2020
2025-12-03,르노코리아(주),QM6,2017
2025-12-03,르노코리아(주),QM6,2020
2025-12-03,현대자동차(주),그랜저 하이브리드(GRANDEUR HYBRID),2020
2025-12-03,르노코리아(주),QM6,2019
2025-12-03,르노코리아(주),QM6,2019
2025-12-03,르노코리아(주),QM6,2017
2025-12-03,기아 주식회사,K5,2020
2025-12-03,르노코리아(주),QM6,2019
2025-12-03,르노코리아(주),QM6,2021
2025-12-03,르노코리아(주),QM6,2019
2025-12-03,르노코리아(주),QM6,2017
2025-12-03,르노코리아(주),QM6,2019
2025-12-03,르노코리아(주),QM6,2021
2025-12-03,르노코리아(주),QM6,2019
2025-12-03,르노코리아(주),QM6,2018
2025-12-03,르노코리아(주),QM6,2020
2025-12-03,르노코리아(주),QM6,2020
2025-12-03,르노코리아(주),QM6,2018
2025-12-03,르노코리아(주),QM6,2022
2025-12-03,현대자동차(주),아이오닉6 (IONIQ6),2023
2025-12-03,르노코리아(주),QM6,2021
2025-12-03,르노코리아(주),QM6,2020
2025-12-03,르노코리아(주),QM6,2023
2025-12-03,르노코리아(주),QM6,2020
2025-12-03,르노코리아(주),QM6,2022
2025-12-03,르노코리아(주),QM6,2018
2025-12-03,현대자동차(주),그랜저(GRANDEUR),2023
2025-12-03,르노코리아(주),QM6,2019
2025-12-03,르노코리아(주),QM6,2020
2025-12-03,르노코리아(주),QM6,2022
2025-12-03,르노코리아(주),QM6,2020
2025-12-03,르노코리아(주),QM6,2021
2025-12-03,르노코리아(주),QM6,2020
2025-12-03,르노코리아(주),QM6,2017
2025-12-03,르노코리아(주),QM6,2017
2025-12-03,르노코리아(주),QM6,2019
2025-12-03,르노코리아(주),QM6,2022
2025-12-03,르노코리아(주),QM6,2020
2025-12-03,르노코리아(주),QM6,2020
2025-12-03,르노코리아(주),QM6,2021
2025-12-03,르노코리아(주),QM6,2020
2025-12-03,르노코리아(주),QM6,2020
2025-12-03,르노코리아(주),QM6,2019
2025-12-03,르노코리아(주),QM6,2020
2025-12-03,르노코리아(주),QM6,2017
2025-12-03,르노코리아(주),QM6,2020
2025-12-03,르노코리아(주),QM6,2021
2025-12-03,르노코리아(주),QM6,2020
2025-12-03,르노코리아(주),QM6,2017
2025-12-03,르노코리아(주),QM6,2019
2025-12-03,르노코리아(주),QM6,2019
2025-12-03,르노코리아(주),QM6,2021
2025-12-03,르노코리아(주),QM6,2020
2025-12-03,르노코리아(주),QM6,2019
2025-12-03,르노코리아(주),QM6,2020
2025-12-03,르노코리아(주),QM6,2019
2025-12-03,르노코리아(주),QM6,2021
2025-12-03,르노코리아(주),QM6,2019
2025-12-03,르노코리아(주),QM6,2019
2025-12-03,르노코리아(주),QM6,2019
2025-12-03,르노코리아(주),QM6,2020
2025-12-03,르노코리아(주),QM6,2017
2025-12-03,르노코리아(주),QM6,2017
2025-12-03,르노코리아(주),QM6,2020
2025-12-03,현대자동차(주),그랜저(GRANDEUR),2017
2025-12-03,르노코리아(주),QM6,2018
2025-12-03,르노코리아(주),QM6,2019
2025-12-03,르노코리아(주),QM6,2019
2025-12-03,르노코리아(주),QM6,2018
2025-12-03,르노코리아(주),QM6,2020
2025-12-03,르노코리아(주),QM6,2019
2025-12-03,르노코리아(주),QM6,2020
2025-12-03,르노코리아(주),QM6,2021
2025-12-03,르노코리아(주),QM6,2022
2025-12-03,르노코리아(주),QM6,2020
2025-12-03,르노코리아(주),QM6,2021
2025-12-03,한국지엠주식회사,올란도 2.0 디젤,2013
2025-12-03,르노코리아(주),KOLEOS Hybrid(콜레오스 하이브리드),2025
2025-12-03,르노코리아(주),KOLEOS Hybrid(콜레오스 하이브리드),2025
2025-12-03,르노코리아(주),KOLEOS Hybrid(콜레오스 하이브리드),2025
2025-12-03,폭스바겐그룹코리아 주식회사,Golf 2.0 TDI BMT,2016
2025-12-03,르노코리아(주),KOLEOS Hybrid(콜레오스 하이브리드),2025
2025-12-03,메르세데스벤츠코리아(주),E220 d 4Matic,2017
2025-12-03,현대자동차(주),싼타페(SANTAFE),2023
2025-12-03,한국지엠주식회사,올란도 2.0 LPG,2013
2025-12-03,기아 주식회사,스포티지,2024
2025-12-03,르노코리아(주),KOLEOS Hybrid(콜레오스 하이브리드),2025
2025-12-03,(주)볼보자동차코리아,볼보 S90B6 AWD,2022
2025-12-03,포드세일즈서비스코리아(유),Kuga 2.0 AWD,2017
2025-12-03,현대자동차(주),GV80,2021
2025-12-03,현대자동차(주),투싼 하이브리드(TUCSON HYBRID),2024
2025-12-04,스텔란티스코리아 주식회사,짚 랭글러 사하라,2025
2025-12-04,르노코리아(주),QM6,2020
2025-12-04,기아 주식회사,EV6,2024
2025-12-04,현대자동차(주),스타리아 라운지 (STARIA LOUNGE),2025
2025-12-04,르노코리아(주),QM6,2020
2025-12-04,기아 주식회사,K3,2018
2025-12-04,현대자동차(주),팰리세이드(PALISADE),2021
2025-12-04,르노코리아(주),QM6,2020
2025-12-04,현대자동차(주),넥쏘 (NEXO) 수소전기차,2023
2025-12-04,현대자동차(주),그랜저(GRANDEUR),2017
2025-12-04,현대자동차(주),팰리세이드(PALISADE),2022
2025-12-04,르노코리아(주),QM6,2019
2025-12-04,현대자동차(주),그랜저(GRANDEUR),2019
2025-12-04,현대자동차(주),투싼 하이브리드(TUCSON HYBRID),2021
2025-12-04,폭스바겐그룹코리아 주식회사,A6 40 TDI,2022
2025-12-04,르노코리아(주),QM6,2018
2025-12-04,현대자동차(주),GV80,2026
2025-12-04,기아 주식회사,K5 하이브리드,2022
2025-12-04,르노코리아(주),QM6,2017
2025-12-04,폭스바겐그룹코리아 주식회사,Q4 Sportback e-tron 40,2022
2025-12-04,폭스바겐그룹코리아 주식회사,Arteon 2.0 TDI,2019
2025-12-04,비엠더블유코리아(주),BMW 740i,2010
2025-12-04,기아 주식회사,K7,2016
2025-12-04,르노코리아(주),QM6,2019
2025-12-04,르노코리아(주),QM6,2020
2025-12-04,르노코리아(주),QM6,2017
2025-12-04,르노코리아(주),QM6,2020
2025-12-04,기아 주식회사,쏘렌토 하이브리드,2023
2025-12-04,르노코리아(주),QM6,2019
2025-12-04,르노코리아(주),QM6,2018
2025-12-04,르노코리아(주),QM6,2019
2025-12-04,르노코리아(주),QM6,2018
2025-12-04,르노코리아(주),QM6,2020
2025-12-04,기아 주식회사,K5,2020
2025-12-04,현대자동차(주),그랜저 하이브리드(GRANDEUR HYBRID),2026
2025-12-04,르노코리아(주),KOLEOS Hybrid(콜레오스 하이브리드),2025
2025-12-04,현대자동차(주),그랜저 하이브리드(GRANDEUR HYBRID),2026
2025-12-04,폭스바겐그룹코리아 주식회사,Q6 e-tron performance,2025
2025-12-04,테슬라코리아 유한회사,Model 3 Long Range,2021
2025-12-04,비엠더블유코리아(주),BMW X4 xDrive20d M Sport X,2020
2025-12-04,기아 주식회사,셀토스,2023
2025-12-04,르노코리아(주),KOLEOS Hybrid(콜레오스 하이브리드),2026
2025-12-04,르노코리아(주),MASTER,2021
2025-12-04,현대자동차(주),GV70,2025
2025-12-05,비엠더블유코리아(주),BMW X7 xDrive40d,2025
2025-12-05,케이지모빌리티 주식회사(KG Mobility Corp.),렉스턴스포츠,2021
2025-12-05,현대자동차(주),포터Ⅱ (PORTERⅡ),2025
2025-12-05,기아 주식회사,쏘렌토,2018
2025-12-05,메르세데스벤츠코리아(주),Mercedes-AMG GLB35 4MATIC,2022
2025-12-05,기아 주식회사,K5 하이브리드,2023
2025-12-05,한국토요타자동차(주),토요타 Camry,2018
2025-12-05,비엠더블유코리아(주),BMW X3 20 xDrive,2025
2025-12-05,현대자동차(주),싼타페(SANTAFE),2021
2025-12-05,현대자동차(주),그랜저(GRANDEUR),2018
2025-12-05,르노코리아(주),MASTER,2020
2025-12-05,르노코리아(주),KOLEOS Hybrid(콜레오스 하이브리드),2025
2025-12-05,르노코리아(주),KOLEOS Hybrid(콜레오스 하이브리드),2025
2025-12-05,기아 주식회사,카니발,2021
2025-12-05,기아 주식회사,카니발,2021
2025-12-05,르노코리아(주),QM6,2018
2025-12-05,현대자동차(주),포터Ⅱ (PORTERⅡ),2025
2025-12-05,XGL,몬스터S,2025
2025-12-05,르노코리아(주),QM6,2022
2025-12-05,비엠더블유코리아(주),BMW M5,2020
2025-12-05,르노코리아(주),KOLEOS Hybrid(콜레오스 하이브리드),2025
2025-12-05,폴스타오토모티브코리아 유한회사,Polestar 2 Long Range Single Motor,2022
2025-12-05,르노코리아(주),QM6,2020
2025-12-05,기아 주식회사,쏘렌토,2024
2025-12-05,기아 주식회사,쏘렌토 하이브리드,2021
2025-12-05,르노코리아(주),SM6,2016
2025-12-05,르노코리아(주),KOLEOS Hybrid(콜레오스 하이브리드),2025
2025-12-05,르노코리아(주),QM6,2020
2025-12-05,포드세일즈서비스코리아(유),Ranger Raptor,2023
2025-12-05,기아 주식회사,K7 하이브리드,2021
2025-12-05,포르쉐코리아 주식회사,타이칸 4 (5인승),2026
2025-12-05,포드세일즈서비스코리아(유),Explorer 2.3,2020
2025-12-05,메르세데스벤츠코리아(주),E400 4Matic,2015
2025-12-08,현대자동차(주),그랜저(GRANDEUR),2013
2025-12-08,만트럭버스코리아(주),TGX,2021
2025-12-08,기아 주식회사,EV6,2025
2025-12-08,기아 주식회사,쏘울,2018
2025-12-08,기아 주식회사,K7,2016
2025-12-08,르노코리아(주),QM6,2018
2025-12-08,르노코리아(주),KOLEOS Hybrid(콜레오스 하이브리드),2025
2025-12-08,르노코리아(주),KOLEOS Hybrid(콜레오스 하이브리드),2025
2025-12-08,르노코리아(주),KOLEOS Hybrid(콜레오스 하이브리드),2025
2025-12-08,르노코리아(주),QM6,2020
2025-12-08,폭스바겐그룹코리아 주식회사,Golf 2.0 TDI,2011
2025-12-08,현대자동차(주),싼타페(SANTAFE),2010
2025-12-08,르노코리아(주),KOLEOS Hybrid(콜레오스 하이브리드),2025
2025-12-08,비엠더블유코리아(주),BMW 520d,2013
2025-12-08,비엠더블유코리아(주),BMW 528i,2012
2025-12-08,르노코리아(주),QM6,2019
2025-12-08,현대자동차(주),아이오닉5 (IONIQ5),2026
2025-12-08,한불모터스(주),Peugeot 508 2.0 BlueHDi,2021
2025-12-08,현대자동차(주),싼타페(SANTAFE),2024
2025-12-08,현대자동차(주),싼타페 하이브리드(SANTAFE HYBRID),2025
2025-12-08,현대자동차(주),그랜저(GRANDEUR),2022
2025-12-08,르노코리아(주),KOLEOS Hybrid(콜레오스 하이브리드),2025
2025-12-08,기아 주식회사,K5,2023
2025-12-08,기아 주식회사,카니발 하이브리드,2026
2025-12-08,한국지엠주식회사,알페온 3.0 DOHC,2014
2025-12-08,르노코리아(주),QM6,2020
2025-12-08,기아 주식회사,레이,2025
2025-12-08,르노코리아(주),QM6,2020
2025-12-08,현대자동차(주),그랜저 하이브리드,2018
2025-12-08,기아 주식회사,카니발 하이브리드,2025
2025-12-08,테슬라코리아 유한회사,Model 3 Long Range,2021
2025-12-08,한국지엠주식회사,트레일블레이저 1.35 TURBO FWD,2022
2025-12-08,폭스바겐그룹코리아 주식회사,Jetta 1.4 TSI,2020
2025-12-08,르노코리아(주),QM6,2020
2025-12-08,현대자동차(주),아반떼(AVANTE),2018
2025-12-08,현대자동차(주),제네시스(GENESIS),2013
2025-12-08,케이지모빌리티 주식회사(KG Mobility Corp.),MUSSO EV,2026
2025-12-08,폭스바겐그룹코리아 주식회사,ID.4 Pro,2023
2025-12-08,현대자동차(주),G80,2021
2025-12-09,비엠더블유코리아(주),BMW 630i xDrive,2021
2025-12-09,기아 주식회사,K5 하이브리드,2012
2025-12-09,케이지모빌리티 주식회사(KG Mobility Corp.),렉스턴,2021
2025-12-09,르노코리아(주),QM6,2017
2025-12-09,현대자동차(주),그랜저(GRANDEUR),2020
2025-12-09,기아 주식회사,K5,2021
2025-12-09,르노코리아(주),SM5 LPLi,2012
2025-12-09,폭스바겐그룹코리아 주식회사,T-ROC 2.0 TDI,2021
2025-12-09,현대자동차(주),아반떼(AVANTE),2017
2025-12-09,폭스바겐그룹코리아 주식회사,Golf 2.0 TDI BMT,2015
2025-12-09,기아 주식회사,K5,2019
2025-12-09,르노코리아(주),KOLEOS Hybrid(콜레오스 하이브리드),2025
2025-12-09,현대자동차(주),그랜저(GRANDEUR),2020
2025-12-09,포드세일즈서비스코리아(유),Explorer 2.3,2021
2025-12-09,기아 주식회사,K7,2020
2025-12-09,르노코리아(주),KOLEOS Hybrid(콜레오스 하이브리드),2025
2025-12-09,르노코리아(주),KOLEOS Hybrid(콜레오스 하이브리드),2025
2025-12-09,르노코리아(주),QM6,2017
2025-12-09,기아 주식회사,카니발,2021
2025-12-09,르노코리아(주),KOLEOS Hybrid(콜레오스 하이브리드),2025
2025-12-09,포드세일즈서비스코리아(유),Explorer 2.3,2020
2025-12-09,비엠더블유코리아(주),BMW i4 eDrive40,2022
2025-12-09,르노코리아(주),QM6,2020
2025-12-09,르노코리아(주),XM3 하이브리드,2024
2025-12-09,포드세일즈서비스코리아(유),Explorer 2.3,2020
2025-12-09,르노코리아(주),KOLEOS Hybrid(콜레오스 하이브리드),2025
2025-12-09,포드세일즈서비스코리아(유),Explorer 2.3,2020
2025-12-09,현대자동차(주),그랜저(GRANDEUR),2015
2025-12-09,현대자동차(주),아반떼(AVANTE),2018
2025-12-09,르노코리아(주),KOLEOS Hybrid(콜레오스 하이브리드),2025
2025-12-09,현대자동차(주),넥쏘 (NEXO) 수소전기차,2021
2025-12-09,기아 주식회사,K7 하이브리드,2016
2025-12-09,한국닛산(주),LEAF,2019
2025-12-09,메르세데스벤츠코리아(주),Mercedes-Benz GLC 300 4MATIC,2026
2025-12-09,현대자동차(주),아이오닉5 (IONIQ5),2022
2025-12-09,폭스바겐그룹코리아 주식회사,A7 55 TFSI quattro,2020
2025-12-09,르노코리아(주),QM6,2022
2025-12-09,폭스바겐그룹코리아 주식회사,Golf 1.4 TSI,2016
2025-12-09,현대자동차(주),아반떼 스포츠(AVANTE SPORT),2018
2025-12-09,비엠더블유코리아(주),BMW 520d,2018
2025-12-10,현대자동차(주),싼타페(SANTAFE),2021
2025-12-10,현대자동차(주),아이오닉5 (IONIQ5),2022
2025-12-10,기아 주식회사,K5 하이브리드,2012
2025-12-10,르노코리아(주),QM6,2019
2025-12-10,르노코리아(주),QM6,2020
2025-12-10,르노코리아(주),QM6,2020
2025-12-10,기아 주식회사,K8,2022
2025-12-10,르노코리아(주),KOLEOS Hybrid(콜레오스 하이브리드),2026
2025-12-10,르노코리아(주),QM6,2019
2025-12-10,현대자동차(주),그랜저(GRANDEUR),2018
2025-12-10,현대자동차(주),싼타페(SANTAFE),2021
2025-12-10,르노코리아(주),QM6,2018
2025-12-10,기아 주식회사,카니발 하이브리드,2024
2025-12-10,르노코리아(주),QM6,2017
2025-12-10,르노코리아(주),QM6,2020
2025-12-10,현대자동차(주),팰리세이드(PALISADE),2019
2025-12-10,기아 주식회사,레이,2015
2025-12-10,현대자동차(주),투싼(TUCSON),2019
2025-12-10,비엠더블유코리아(주),BMW 530i,2018
2025-12-10,케이지모빌리티 주식회사(KG Mobility Corp.),토레스,2023
2025-12-10,폭스바겐그룹코리아 주식회사,Golf 2.0 TDI BMT,2015
2025-12-10,한불모터스(주),Peugeot 5008 1.6 BlueHDi,2018
2025-12-10,현대자동차(주),아이오닉5 (IONIQ5),2022
2025-12-10,폭스바겐그룹코리아 주식회사,Tiguan 2.0 TDI,2020
2025-12-10,기아 주식회사,K5,2022
2025-12-10,비엠더블유코리아(주),BMW Gran Turismo EfficientDynamics Edition,2016
2025-12-10,메르세데스벤츠코리아(주),Mercedes-Benz E250,2021
2025-12-10,(주)한성특장,한성맥쎈8.5톤카고,2026
2025-12-11,비엠더블유코리아(주),BMW 530i xDrive,2018
2025-12-11,테슬라코리아 유한회사,Model Y Long Range,2021
2025-12-11,기아 주식회사,K7,2020
2025-12-11,기아 주식회사,K7 하이브리드,2019
2025-12-11,현대자동차(주),G70,2019
2025-12-11,르노코리아(주),QM6,2020
2025-12-11,기아 주식회사,K8,2024
2025-12-11,비엠더블유코리아(주),BMW 520i,2023
2025-12-11,르노코리아(주),QM6,2019
2025-12-11,(주)볼보자동차코리아,볼보 XC40B4 AWD,2025
2025-12-11,르노코리아(주),QM6,2017
2025-12-11,제이스모빌리티 주식회사,이티4밴 프로,2024
2025-12-11,르노코리아(주),QM6,2020
2025-12-11,비엠더블유코리아(주),BMW M550i xDrive,2021
2025-12-11,르노코리아(주),QM6,2019
2025-12-11,기아 주식회사,쏘렌토,2021
2025-12-11,현대자동차(주),아이오닉6 (IONIQ6),2023
2025-12-11,르노코리아(주),QM6,2018
2025-12-11,비엠더블유코리아(주),BMW C 400 GT,2019
2025-12-11,(주)재규어랜드로버코리아,더 뉴 레인지로버 스포츠 P400,2025
2025-12-11,르노코리아(주),QM6,2018
2025-12-11,르노코리아(주),QM6,2020
2025-12-11,르노코리아(주),QM6,2020
2025-12-11,르노코리아(주),QM6,2019
2025-12-11,르노코리아(주),QM6,2020
2025-12-11,르노코리아(주),QM6,2017
2025-12-11,르노코리아(주),QM6,2022
2025-12-11,르노코리아(주),QM6,2021
2025-12-11,르노코리아(주),QM6,2019
2025-12-11,르노코리아(주),QM6,2019
2025-12-11,기아 주식회사,스팅어,2018
2025-12-11,르노코리아(주),QM6,2017
2025-12-11,르노코리아(주),QM6,2021
2025-12-11,기아 주식회사,카니발 리무진,2017
2025-12-11,르노코리아(주),QM6,2019
2025-12-11,르노코리아(주),QM6,2021
2025-12-11,르노코리아(주),QM6,2018
2025-12-11,폭스바겐그룹코리아 주식회사,Tiguan Allspace 2.0 TDI,2020
2025-12-11,르노코리아(주),QM6,2021
2025-12-11,르노코리아(주),QM6,2022
2025-12-11,르노코리아(주),QM6,2022
2025-12-11,르노코리아(주),QM6,2019
2025-12-11,르노코리아(주),QM6,2021
2025-12-11,르노코리아(주),QM6,2018
2025-12-11,르노코리아(주),QM6,2019
2025-12-11,르노코리아(주),QM6,2019
2025-12-11,르노코리아(주),QM6,2018
2025-12-11,르노코리아(주),QM6,2017
2025-12-11,르노코리아(주),QM6,2020
2025-12-11,르노코리아(주),QM6,2021
2025-12-11,르노코리아(주),QM6,2017
2025-12-11,르노코리아(주),QM6,2020
2025-12-11,제이스모빌리티 주식회사,이티4밴 미니,2024
2025-12-11,르노코리아(주),QM6,2018
2025-12-11,르노코리아(주),QM6,2020
2025-12-11,르노코리아(주),QM6,2017
2025-12-11,르노코리아(주),QM6,2019
2025-12-11,르노코리아(주),QM6,2019
2025-12-11,폭스바겐그룹코리아 주식회사,Passat GT 2.0 TDI,2018
2025-12-11,현대자동차(주),아이오닉6 (IONIQ6),2026
2025-12-11,비엠더블유코리아(주),BMW X5 xDrive30d,2021
2025-12-11,르노코리아(주),QM6,2020
2025-12-11,르노코리아(주),QM6,2017
2025-12-11,현대자동차(주),아이오닉5 (IONIQ5),2022
2025-12-11,르노코리아(주),QM6,2017
2025-12-12,현대자동차(주),그랜저(GRANDEUR),2018
2025-12-12,(주)바이크코리아,ST TOURING,2023
2025-12-12,현대자동차(주),팰리세이드(PALISADE),2021
2025-12-12,현대자동차(주),팰리세이드(PALISADE),2021
2025-12-12,르노코리아(주),QM6,2020
2025-12-12,비엠더블유코리아(주),BMW 520d,2017
2025-12-12,현대자동차(주),그랜저(GRANDEUR),2020
2025-12-12,르노코리아(주),QM6,2020
2025-12-12,르노코리아(주),QM6,2017
2025-12-12,기아 주식회사,스포티지,2018
2025-12-12,현대자동차(주),투싼(TUCSON),2018
2025-12-12,르노코리아(주),QM6,2020
2025-12-12,한국토요타자동차(주),렉서스 RX450h,2019
2025-12-12,르노코리아(주),QM6,2017
2025-12-12,기아 주식회사,카니발,2021
2025-12-12,기아 주식회사,K8 하이브리드,2025
2025-12-12,르노코리아(주),QM6,2017
2025-12-12,르노코리아(주),QM6,2020
2025-12-12,르노코리아(주),QM6,2020
2025-12-12,기아 주식회사,K8 하이브리드,2022
2025-12-12,한불모터스(주),Peugeot 508 2.0 BlueHDi,2020
2025-12-12,폭스바겐그룹코리아 주식회사,Arteon 2.0 TDI,2019
2025-12-12,현대자동차(주),아이오닉6 (IONIQ6),2023
2025-12-12,르노코리아(주),QM6,2020
2025-12-12,르노코리아(주),QM6,2021
2025-12-12,르노코리아(주),QM6,2021
2025-12-12,르노코리아(주),QM6,2019
2025-12-12,르노코리아(주),QM6,2017
2025-12-12,르노코리아(주),QM6,2017
2025-12-12,르노코리아(주),QM6,2017
2025-12-12,르노코리아(주),QM6,2019
2025-12-12,르노코리아(주),QM6,2019
2025-12-12,현대자동차(주),G80,2025
2025-12-12,기아 주식회사,스포티지,2025
2025-12-15,케이지모빌리티 주식회사(KG Mobility Corp.),코란도 투리스모,2016
2025-12-15,르노코리아(주),QM6,2019
2025-12-15,현대자동차(주),GV80,2021
2025-12-15,폭스바겐그룹코리아 주식회사,Arteon 2.0 TDI,2019
2025-12-15,현대자동차(주),쏘나타(SONATA) 하이브리드,2014
2025-12-15,현대자동차(주),쏘나타(SONATA),2022
2025-12-15,기아 주식회사,카니발 하이리무진,2019
2025-12-15,현대자동차(주),싼타페 하이브리드(SANTAFE HYBRID),2024
2025-12-15,현대자동차(주),그랜저(GRANDEUR),2018
2025-12-15,현대자동차(주),에쿠스(EQUUS),2004
2025-12-15,르노코리아(주),QM6,2017
2025-12-15,한국지엠주식회사,트랙스 1.4,2020
2025-12-15,르노코리아(주),QM6,2020
2025-12-15,르노코리아(주),QM6,2018
2025-12-15,현대자동차(주),그랜저(GRANDEUR),2011
2025-12-15,기아 주식회사,카니발,2024
2025-12-15,스텔란티스코리아 주식회사,짚 그랜드 체로키 L,2021
2025-12-15,기아 주식회사,카니발 리무진,2023
2025-12-15,르노코리아(주),QM6,2019
2025-12-15,비와이디코리아 유한회사,BYD ATTO3,2025
2025-12-16,(주)재규어랜드로버코리아,디스커버리 TD6,2018
2025-12-16,기아 주식회사,EV6,2022
2025-12-16,케이지모빌리티 주식회사(KG Mobility Corp.),렉스턴,2021
2025-12-16,현대자동차(주),그랜저(GRANDEUR),2015
2025-12-16,현대자동차(주),그랜저 하이브리드,2018
2025-12-16,기아 주식회사,K3,2014
2025-12-16,(주)재규어랜드로버코리아,디스커버리 SD4,2019
2025-12-16,(주) 에이엠특장,에이엠4톤덤프트럭,2026
2025-12-16,기아 주식회사,카니발 리무진,2023
2025-12-16,폭스바겐그룹코리아 주식회사,Tiguan 2.0 TDI,2018
2025-12-16,현대자동차(주),G80,2022
2025-12-16,폭스바겐그룹코리아 주식회사,Q7 45 TFSI quattro,2019
2025-12-16,메르세데스벤츠코리아(주),Mercedes-Benz GLC 300 4MATIC,2026
2025-12-16,혼다코리아(주),CBR600R3,2025
2025-12-17,케이지모빌리티 주식회사(KG Mobility Corp.),토레스,2025
2025-12-17,케이지모빌리티 주식회사(KG Mobility Corp.),렉스턴스포츠 칸,2022
2025-12-17,르노코리아(주),QM6,2021
2025-12-17,메르세데스벤츠코리아(주),Mercedes-Benz GLE 450 4MATIC,2020
2025-12-17,XGL,몬스터S,2025
2025-12-17,한불모터스(주),Peugeot 3008 1.5 BlueHDi,2020
2025-12-17,현대자동차(주),투싼(TUCSON),2018
2025-12-17,기아 주식회사,PV5,2026
2025-12-17,주식회사 캄피오니,GTS 300 SUPER ABS,2017
2025-12-17,기아 주식회사,PV5,2026
2025-12-18,현대자동차(주),쏘나타(SONATA),2021
2025-12-18,기아 주식회사,EV6,2023
2025-12-18,현대자동차(주),포터Ⅱ 일렉트릭 (PORTERⅡ ELECTRIC),2020
2025-12-18,르노코리아(주),QM6,2021
2025-12-18,르노코리아(주),KOLEOS Hybrid(콜레오스 하이브리드),2025
2025-12-18,르노코리아(주),QM6,2020
2025-12-18,현대자동차(주),베뉴(VENUE),2026
2025-12-18,(주)바이크코리아,RF1 GT,2015
2025-12-18,기아 주식회사,K7,2016
2025-12-18,기아 주식회사,스포티지,2022
2025-12-18,폭스바겐그룹코리아 주식회사,Arteon 2.0 TDI,2019
2025-12-18,기아 주식회사,EV6,2022
2025-12-18,현대자동차(주),스타리아 어린이 통학차 (STARIA SCHOOL BUS),2022
2025-12-18,기아 주식회사,카니발,2017
2025-12-18,현대자동차(주),넥쏘 (NEXO) 수소전기차,2022
2025-12-18,비엠더블유코리아(주),MINI Cooper D Countryman ALL4,2021
2025-12-18,기아 주식회사,K8,2022
2025-12-19,현대자동차(주),아이오닉6 (IONIQ6),2023
2025-12-19,기아 주식회사,EV6,2025
2025-12-19,DLF,ZYLE벤츠스프린터,2023
2025-12-19,세화자동차주식회사,세화벤츠스프린터519,2025
2025-12-19,세화자동차주식회사,세화벤츠뉴스프린터디바인5,2024
2025-12-19,르노코리아(주),KOLEOS Hybrid(콜레오스 하이브리드),2025
2025-12-19,르노코리아(주),KOLEOS Hybrid(콜레오스 하이브리드),2025
2025-12-19,르노코리아(주),KOLEOS Hybrid(콜레오스 하이브리드),2025
2025-12-19,르노코리아(주),KOLEOS Hybrid(콜레오스 하이브리드),2025
2025-12-19,르노코리아(주),KOLEOS Hybrid(콜레오스 하이브리드),2025
2025-12-19,케이지모빌리티 주식회사(KG Mobility Corp.),렉스턴스포츠,2021
2025-12-19,르노코리아(주),KOLEOS Hybrid(콜레오스 하이브리드),2025
2025-12-19,르노코리아(주),KOLEOS Hybrid(콜레오스 하이브리드),2025
2025-12-19,르노코리아(주),KOLEOS Hybrid(콜레오스 하이브리드),2025
2025-12-19,르노코리아(주),KOLEOS Hybrid(콜레오스 하이브리드),2025
2025-12-19,르노코리아(주),KOLEOS Hybrid(콜레오스 하이브리드),2025
2025-12-19,르노코리아(주),KOLEOS Hybrid(콜레오스 하이브리드),2025
2025-12-19,르노코리아(주),KOLEOS Hybrid(콜레오스 하이브리드),2025
2025-12-19,기아 주식회사,쏘렌토 하이브리드,2022
2025-12-19,르노코리아(주),KOLEOS Hybrid(콜레오스 하이브리드),2025
2025-12-19,르노코리아(주),KOLEOS Hybrid(콜레오스 하이브리드),2025
2025-12-19,르노코리아(주),KOLEOS Hybrid(콜레오스 하이브리드),2025
2025-12-19,현대자동차(주),팰리세이드(PALISADE),2024
2025-12-19,르노코리아(주),KOLEOS Hybrid(콜레오스 하이브리드),2025
2025-12-19,르노코리아(주),KOLEOS Hybrid(콜레오스 하이브리드),2026
2025-12-19,르노코리아(주),KOLEOS Hybrid(콜레오스 하이브리드),2025
2025-12-19,비엠더블유코리아(주),BMW 630i xDrive,2024
2025-12-19,폴스타오토모티브코리아 유한회사,Polestar 4 Long Range Single Motor,2026
2025-12-19,현대자동차(주),아반떼(AVANTE),2022
2025-12-19,르노코리아(주),KOLEOS Hybrid(콜레오스 하이브리드),2025
2025-12-19,한국닛산(주),INFINITI M56,2011
2025-12-19,한국지엠주식회사,올란도 2.0 LPG,2013
2025-12-19,현대자동차(주),넥쏘 (NEXO) 수소전기차,2023
2025-12-19,기아 주식회사,EV6,2023
2025-12-19,메르세데스벤츠코리아(주),E300,2019
2025-12-19,르노코리아(주),QM6,2019
2025-12-19,현대자동차(주),쏘나타 (SONATA),2008
2025-12-19,현대자동차(주),그랜저(GRANDEUR),2021
2025-12-19,현대자동차(주),쏘나타(SONATA),2022
2025-12-19,현대자동차(주),그랜저(GRANDEUR) 하이브리드,2015
2025-12-19,케이지모빌리티 주식회사(KG Mobility Corp.),토레스 EVX,2024
2025-12-19,현대자동차(주),싼타페(SANTAFE),2025
2025-12-19,스텔란티스코리아 주식회사,짚그랜드체로키,2018
2025-12-19,기아 주식회사,EV6,2025
2025-12-19,현대자동차(주),아반떼(AVANTE),2017
2025-12-19,현대자동차(주),그랜저(GRANDEUR),2017
2025-12-19,르노코리아(주),QM6,2018
2025-12-19,현대자동차(주),그랜저(GRANDEUR),2018
2025-12-19,비엠더블유코리아(주),BMW i4 M50 xDrive,2025
2025-12-19,케이지모빌리티 주식회사(KG Mobility Corp.),코란도,2020
2025-12-19,르노코리아(주),QM6,2019
2025-12-19,메르세데스벤츠코리아(주),Mercedes-Benz E250,2023
2025-12-22,현대자동차(주),아이오닉 9 (IONIQ 9),2025
2025-12-22,현대자동차(주),싼타페 하이브리드(SANTAFE HYBRID),2025
2025-12-22,현대자동차(주),싼타페(SANTAFE),2021
2025-12-22,기아 주식회사,EV6,2024
2025-12-22,현대자동차(주),아이오닉 9 (IONIQ 9),2025
2025-12-22,기아 주식회사,PV5,2026
2025-12-22,기아 주식회사,쏘렌토,2026
2025-12-22,현대자동차(주),포터Ⅱ 일렉트릭 (PORTERⅡ ELECTRIC),2022
2025-12-22,한국지엠(주),CHEVROLET TRAVERSE AWD,2023
2025-12-22,현대자동차(주),G90,2021
2025-12-22,기아 주식회사,EV6,2022
2025-12-22,폭스바겐그룹코리아 주식회사,Q8 55 TFSI quattro,2021
2025-12-22,기아 주식회사,니로 EV,2023
2025-12-22,포드세일즈서비스코리아(유),Explorer 2.3,2020
2025-12-22,현대자동차(주),싼타페 하이브리드(SANTAFE HYBRID),2025
2025-12-22,르노코리아(주),KOLEOS Hybrid(콜레오스 하이브리드),2025
2025-12-22,르노코리아(주),KOLEOS Hybrid(콜레오스 하이브리드),2025
2025-12-22,르노코리아(주),KOLEOS Hybrid(콜레오스 하이브리드),2025
2025-12-22,르노코리아(주),KOLEOS Hybrid(콜레오스 하이브리드),2025
2025-12-22,르노코리아(주),KOLEOS Hybrid(콜레오스 하이브리드),2025
2025-12-22,르노코리아(주),KOLEOS Hybrid(콜레오스 하이브리드),2025
2025-12-22,르노코리아(주),KOLEOS Hybrid(콜레오스 하이브리드),2025
2025-12-22,르노코리아(주),KOLEOS Hybrid(콜레오스 하이브리드),2025
2025-12-22,(주)에스엘모터스,WIND-K2T,2025
2025-12-22,르노코리아(주),KOLEOS Hybrid(콜레오스 하이브리드),2025
2025-12-22,기아 주식회사,K8,2024
2025-12-22,기아 주식회사,K7,2019
2025-12-22,현대자동차(주),아이오닉5 (IONIQ5),2025
2025-12-22,기아 주식회사,쏘렌토 하이브리드,2021
2025-12-22,현대자동차(주),그랜저(GRANDEUR),2023
2025-12-22,한불모터스(주),Peugeot 3008 1.5 BlueHDi,2019
2025-12-22,르노코리아(주),QM6,2019
2025-12-22,기아 주식회사,스포티지,2017
2025-12-22,르노코리아(주),KOLEOS Hybrid(콜레오스 하이브리드),2025
2025-12-22,현대자동차(주),아이오닉5(IONIQ5),2023
2025-12-22,현대자동차(주),투싼(TUCSON),2021
2025-12-22,비엠더블유코리아(주),BMW i4 M50,2022
2025-12-22,비엠더블유코리아(주),BMW iX3 M Sport,2022
2025-12-22,비엠더블유코리아(주),BMW i4 eDrive40,2022
2025-12-22,현대자동차(주),투싼 하이브리드(TUCSON HYBRID),2025
2025-12-22,(주)바이크코리아,GT TOURING 140,2025
2025-12-22,스텔란티스코리아 주식회사,Peugeot e-2008 SUV,2023
2025-12-23,비엠더블유코리아(주),BMW M4 Competition M xDrive,2023
2025-12-23,현대자동차(주),아이오닉5 (IONIQ5),2022
2025-12-23,포드세일즈서비스코리아(유),Bronco 2.7,2023
2025-12-23,(주)한성특장,한성13.5톤카고,2024
2025-12-23,기아 주식회사,카니발,2023
2025-12-23,폭스바겐그룹코리아 주식회사,A7 55 TFSI quattro,2020
2025-12-23,폭스바겐그룹코리아 주식회사,A6 45 TFSI quattro,2022
2025-12-23,메르세데스벤츠코리아(주),Mercedes-Benz GLS 450 d 4MATIC,2026
2025-12-23,기아 주식회사,EV6,2023
2025-12-23,한국닛산(주),INFINITI QX50,2017
2025-12-23,포드세일즈서비스코리아(유),Lincoln MKZ 2.0 AWD,2017
2025-12-23,르노코리아(주),KOLEOS Hybrid(콜레오스 하이브리드),2025
2025-12-23,한국지엠(주),CHEVROLET TRAVERSE AWD,2021
2025-12-23,르노코리아(주),KOLEOS Hybrid(콜레오스 하이브리드),2025
2025-12-23,기아 주식회사,PV5,2026
2025-12-23,기아 주식회사,니로 하이브리드,2017
2025-12-23,메르세데스벤츠코리아(주),Mercedes-Benz E 300 4MATIC,2026
2025-12-23,기아 주식회사,EV6,2022
2025-12-23,기아 주식회사,PV5,2026
2025-12-23,폭스바겐그룹코리아 주식회사,Golf 2.0 TDI BMT,2016
2025-12-23,현대자동차(주),코나(KONA),2018
2025-12-23,현대자동차(주),팰리세이드(PALISADE),2021
2025-12-23,기아 주식회사,K7,2019
2025-12-23,르노코리아(주),KOLEOS (콜레오스),2026
2025-12-23,케이지모빌리티 주식회사(KG Mobility Corp.),코란도,2020
2025-12-23,현대자동차(주),쏘나타(SONATA),2020
2025-12-23,현대자동차(주),G80,2022
2025-12-23,비엠더블유코리아(주),BMW 520d,2018
2025-12-23,현대자동차(주),아반떼 스포츠(AVANTE SPORT),2019
2025-12-24,메르세데스벤츠코리아(주),Mercedes-Benz E 300 4MATIC,2024
2025-12-24,(주)재규어랜드로버코리아,디스커버리 TD6,2019
2025-12-24,메르세데스벤츠코리아(주),Mercedes-Benz EQE 350 +,2024
2025-12-24,폭스바겐그룹코리아 주식회사,Tiguan 2.0 TDI 4Motion,2018
2025-12-24,한국지엠주식회사,크루즈 1.6 디젤,2016
2025-12-24,폭스바겐그룹코리아 주식회사,A7 55 TFSI quattro,2020
2025-12-24,기아 주식회사,스포티지,2019
2025-12-24,기아 주식회사,스포티지,2019
2025-12-24,기아 주식회사,카니발 하이브리드,2024
2025-12-24,르노코리아(주),KOLEOS Hybrid(콜레오스 하이브리드),2025
2025-12-24,기아 주식회사,K7,2013
2025-12-24,현대자동차(주),G80,2021
2025-12-24,스카니아코리아그룹(주),스카니아트랙터,2024
2025-12-24,기아 주식회사,카니발,2021
2025-12-24,기아 주식회사,카니발,2021
2025-12-24,기아 주식회사,쏘렌토,2017
2025-12-24,비엠더블유코리아(주),BMW 520i,2024
2025-12-24,기아 주식회사,EV9,2024
2025-12-24,현대자동차(주),G80,2021
2025-12-24,현대자동차(주),GV80,2022
2025-12-24,비엠더블유코리아(주),BMW 520i Luxury,2019
2025-12-24,현대자동차(주),투싼(TUCSON),2024
2025-12-24,현대자동차(주),팰리세이드(PALISADE),2024
2025-12-24,기아 주식회사,카니발,2021
2025-12-24,대전기계공업(주),NINJA ZX-6R,2025
2025-12-24,케이지모빌리티 주식회사(KG Mobility Corp.),G4 렉스턴,2018
2025-12-24,현대자동차(주),아반떼(AVANTE),2021
2025-12-24,르노코리아(주),KOLEOS Hybrid(콜레오스 하이브리드),2025
2025-12-24,르노코리아(주),KOLEOS Hybrid(콜레오스 하이브리드),2025
2025-12-24,르노코리아(주),QM6,2020
2025-12-24,기아 주식회사,카니발,2024
2025-12-24,르노코리아(주),KOLEOS Hybrid(콜레오스 하이브리드),2025
2025-12-24,비엠더블유코리아(주),BMW 330i,2018
2025-12-24,기아 주식회사,K3,2017
2025-12-24,기아 주식회사,PV5,2026
2025-12-26,현대자동차(주),아반떼(AVANTE),2021
2025-12-26,비엠더블유코리아(주),BMW i4 M50,2022
2025-12-26,케이지모빌리티 주식회사(KG Mobility Corp.),코란도 투리스모,2019
2025-12-26,기아 주식회사,니로 EV,2022
2025-12-26,기아 주식회사,K8 하이브리드,2023
2025-12-26,(주)신일정공,신일3.9톤카고,2021
2025-12-26,기아 주식회사,쏘렌토 하이브리드,2026
2025-12-26,기아 주식회사,카니발,2021
2025-12-26,기아 주식회사,스포티지 하이브리드,2022
2025-12-26,비엠더블유코리아(주),BMW i5 eDrive40,2025
2025-12-26,기아 주식회사,스포티지 하이브리드,2022
2025-12-26,현대자동차(주),투싼 하이브리드(TUCSON HYBRID),2025
2025-12-26,메르세데스벤츠코리아(주),Mercedes-Benz E350 4MATIC,2021
2025-12-26,현대자동차(주),투싼 하이브리드(TUCSON HYBRID),2024
2025-12-26,현대자동차(주),GV70,2022
2025-12-26,기아 주식회사,스포티지 하이브리드,2026
2025-12-26,포드세일즈서비스코리아(유),Explorer 2.3,2020
2025-12-26,기아 주식회사,카니발,2021
2025-12-26,기아 주식회사,봉고Ⅲ 1톤 EV,2024
2025-12-26,폭스바겐그룹코리아 주식회사,A7 55 TFSI quattro,2020
2025-12-26,기아 주식회사,카니발 하이브리드,2024
2025-12-29,현대자동차(주),아이오닉5 (IONIQ5),2023
2025-12-29,기아 주식회사,니로 EV,2022
2025-12-29,케이지모빌리티 주식회사(KG Mobility Corp.),체어맨W 리무진,2013
2025-12-29,케이지모빌리티 주식회사(KG Mobility Corp.),렉스턴스포츠,2022
2025-12-29,기아 주식회사,K5 하이브리드,2022
2025-12-29,케이지모빌리티 주식회사(KG Mobility Corp.),렉스턴,2021
2025-12-29,기아 주식회사,쏘렌토 하이브리드,2021
2025-12-29,현대자동차(주),그랜저 하이브리드,2019
2025-12-29,비엠더블유코리아(주),BMW i4 eDrive40,2022
2025-12-29,현대자동차(주),쏘나타 하이브리드(SONATA HYBRID),2019
2025-12-29,기아 주식회사,니로 하이브리드,2022
2025-12-29,현대자동차(주),싼타페 하이브리드(SANTAFE HYBRID),2024
2025-12-29,현대자동차(주),싼타페 하이브리드(SANTAFE HYBRID),2024
2025-12-29,기아 주식회사,EV6,2025
2025-12-29,기아 주식회사,EV6,2022
2025-12-29,르노코리아(주),QM6,2017
2025-12-29,기아 주식회사,쏘렌토 하이브리드,2025
2025-12-29,기아 주식회사,쏘렌토,2021
2025-12-29,한국지엠주식회사,스파크 1.0,2016
2025-12-29,현대자동차(주),캐스퍼(CASPER),2024
2025-12-29,현대자동차(주),G80,2022
2025-12-29,케이지모빌리티 주식회사(KG Mobility Corp.),렉스턴스포츠,2023
2025-12-29,케이지모빌리티 주식회사(KG Mobility Corp.),토레스 EVX,2024
2025-12-29,메르세데스벤츠코리아(주),Mercedes-Benz C200,2020
2025-12-29,현대자동차(주),넥쏘 (NEXO) 수소전기차,2021
2025-12-30,현대자동차(주),쏘나타(SONATA),2021
2025-12-30,기아 주식회사,셀토스,2024
2025-12-30,기아 주식회사,레이,2025
2025-12-30,폭스바겐그룹코리아 주식회사,Atlas 2.0 TSI,2025
2025-12-30,기아 주식회사,카니발,2017
2025-12-30,현대자동차(주),ST1,2025
2025-12-30,현대자동차(주),GV80,2024
2025-12-30,기아 주식회사,카니발,2024
2025-12-30,비엠더블유코리아(주),BMW 420i Coupe,2023
2025-12-30,기아 주식회사,쏘렌토 하이브리드,2021
2025-12-30,한국닛산(주),LEAF,2019
2025-12-30,기아 주식회사,스포티지 하이브리드,2022
2025-12-30,한국토요타자동차(주),렉서스 RX450h,2021
2025-12-30,포드세일즈서비스코리아(유),Explorer 2.3,2020
2025-12-30,기아 주식회사,K7,2020
2025-12-30,비엠더블유코리아(주),BMW 520d,2017
2025-12-30,기아 주식회사,스포티지,2022
2025-12-30,기아 주식회사,K7 하이브리드,2014
2025-12-30,현대자동차(주),캐스퍼(CASPER),2022
2025-12-30,현대자동차(주),그랜저(GRANDEUR),2017
2025-12-30,기아 주식회사,K5,2013
2025-12-30,현대자동차(주),GV70,2021
2025-12-31,한국오토모빌얼라이언스(주),유로비전,2025
2025-12-31,기아 주식회사,봉고Ⅲ 1톤 EV,2022
2025-12-31,한불모터스(주),Peugeot 3008 GT 2.0 BlueHDi,2018
2025-12-31,현대자동차(주),i40 Saloon,2015
2025-12-31,현대자동차(주),GV70,2026
2025-12-31,현대자동차(주),그랜저(GRANDEUR),2019
2025-12-31,기아 주식회사,쏘렌토 하이브리드,2025
2025-12-31,기아 주식회사,카니발 하이리무진,2018
2025-12-31,기아 주식회사,카니발,2023
2025-12-31,현대자동차(주),아반떼(AVANTE),2018
2025-12-31,기아 주식회사,카니발,2021
2025-12-31,비엠더블유코리아(주),BMW 520d,2017
2025-12-31,비엠더블유코리아(주),BMW 530i M Sport Package,2020
2025-12-31,현대자동차(주),아반떼 (AVANTE),2014
2025-12-31,기아 주식회사,K8 하이브리드,2022
2025-12-31,기아 주식회사,쏘렌토 하이브리드,2021
2025-12-31,르노코리아(주),KOLEOS Hybrid(콜레오스 하이브리드),2025
2025-12-31,현대자동차(주),코나(KONA),2019
2025-12-31,비엠더블유코리아(주),BMW 520d,2018
2025-12-31,비엠더블유코리아(주),BMW 530i xDrive M Sport Package Plus,2019
2025-12-31,현대자동차(주),쏘나타(SONATA),2025
2025-12-31,비엠더블유코리아(주),BMW 530i xDrive,2018
2025-12-31,기아 주식회사,쏘렌토 하이브리드,2024
2025-12-31,비엠더블유코리아(주),BMW 520d xDrive,2017
2025-12-31,르노코리아(주),KOLEOS Hybrid(콜레오스 하이브리드),2025
2025-12-31,비엠더블유코리아(주),BMW 520d,2017
2025-12-31,비엠더블유코리아(주),BMW 520d xDrive,2018
2025-12-31,비엠더블유코리아(주),BMW M235i xDrive Gran Coupe,2021
2025-12-31,비엠더블유코리아(주),BMW 520d xDrive,2017
2025-12-31,기아 주식회사,EV6,2024
2025-12-31,비엠더블유코리아(주),BMW 520d,2018
2025-12-31,비엠더블유코리아(주),BMW 520d,2018
2025-12-31,기아 주식회사,쏘렌토,2021
2025-12-31,기아 주식회사,K5,2022
2025-12-31,현대자동차(주),쏠라티(SOLATI),2020
2025-12-31,현대자동차(주),쏠라티(SOLATI),2020
2025-12-31,기아 주식회사,K8,2023
2025-12-31,현대자동차(주),그랜저(GRANDEUR),2018
2025-12-31,기아 주식회사,K5 하이브리드,2022
2025-12-31,주식회사 신두리특장,신두리12.5톤윙바디트럭,2025
